company,sector,display_date,event_date,collected_at,risk_category,signal_type,final_signal_type,severity,confidence_score,ml_signal_type,ml_confidence,description,ai_summary,ai_explanation,source,source_url
Hypera,Pharmaceuticals,2026-07-02 16:16:53.446681,,2026-07-02 16:16:53.446681,FINANCIAL_SYSTEM_RISK,WEAK_SIGNAL,WEAK_SIGNAL,2,0.5,GENERAL_NEWS,0.39,The market views Hypera's capital increase with reservations. - NeoFeed,,,Google News RSS,https://news.google.com/rss/articles/CBMikwFBVV95cUxQd0FHR2pQNGFDdFpHVEMzb2pMQ2hqM2xSWGRGY2NzNThYMncyaFQ2THluSFI3VVgyaGtHQjROeHcwWWktOGhIRGRVZFpjN0xKR2xkMGZCNHB5YXFpWmNjdlowVG5GbTlqbmFNU0hqSk9JelU1TnZMWUlqYTEwN3ZWLWNDeVNQYzQ1M3RwS2NmUDFiRzg?oc=5
BRB Banco de Brasília,Banking,2026-07-02 16:16:53.446681,,2026-07-02 16:16:53.446681,FINANCIAL_SYSTEM_RISK,RISK_SIGNAL,RISK_SIGNAL,4,0.75,RISK_SIGNAL,0.67,BRB seeks credit guarantee loan while discussing capitalization - Valor International,BRB (Valor International) is seeking a credit guarantee loan to support its capitalization efforts.,"This news could represent a corporate risk for several reasons:

1. **Debt financing**: BRB is seeking a credit guarantee loan, which implies that they are relying on debt financing to support their operations or capitalization plans. High levels of debt can increase the risk of bankruptcy or default, particularly if the company's cash flow is not sufficient to meet its obligations.
2. **Lack of self-funding**: By seeking a loan with a guarantee, BRB may be indicating that they are unable to fund their own operations through internal resources, such as cash reserves or profit margins. This can be a sign of poor financial management or inadequate revenue generation.
3. **Dependence on external financing**: A credit guarantee loan implies that BRB is dependent on external financing to support its activities. If the lender were to withdraw funding or default on payments, it could have significant consequences for the company's operations and reputation.
4. **Capitalization concerns**: The fact that BRB is discussing capitalization plans suggests that they may be facing challenges in securing sufficient capital to meet their business objectives. This could indicate a lack of confidence in the company's future prospects or an inability to generate sufficient cash flow to sustain operations.
5. **Risk of increased debt obligations**: If BRB secures the loan, they will likely face increased debt obligations, including interest payments and potential penalties for non-payment. This can create a vicious cycle of debt accumulation, which can be challenging to escape.

Overall, this news suggests that BRB may be facing significant financial challenges and is relying on external financing to support its operations. This could represent a corporate risk, particularly if the company's management is unable to successfully navigate these financing arrangements or if the loan terms are unfavorable.",Google News RSS,https://news.google.com/rss/articles/CBMiygFBVV95cUxNd1BVVFFleGxhM3lQdW1nbU9Pb1JPNDVHNGVNOXd4dGxxdDhXSGRxdTRwOGZXclROX1ZXcHRvSVJSZVF3bWlrQURRZ1JoaTNMQ2R0UHdCVS1MQnNzZUpwMUZ2VXF6WGRCVjVtZVdTYzRPQ1B3SThjTXYzUVV0NnYxbks1WWcxWFdOdklfWWVBamNpZ2kxY2tBNEttMUtzU0w5QUhzOHRndFVycXlURzUzM0NtWEZ1NlQ2MG1DeHhrTGF0TzFWTE9tOTJB0gHYAUFVX3lxTE05WUVTS09XTmh2UGtKSFRzR2VhYWdmVjBzbkZsNmR6ZjQ0emgxb0hhV3M0cEx4cGVBUTJFeTVRd05tMW85RmlLNnpIUEJmamJHQmNBVUh6SnhlZUFicVo0TlprclBpRjJOcFJTN2o2cWFSVFdHamR5cXZLZU1CWU1ZR2NsTzNhUU80YlpTcno4VG1QeWZhVUhrVEtNSG83SmEteDZzSDhRM3dIczVabVg2SXhHVjRQZEg5N2ZTVG5pd0FlTGJLZGtEWkRZMnJNb1JtVUtDUWRmNg?oc=5
BRB Banco de Brasília,Banking,2026-07-02 16:16:53.446681,,2026-07-02 16:16:53.446681,FINANCIAL_SYSTEM_RISK,RISK_SIGNAL,RISK_SIGNAL,4,0.75,RISK_SIGNAL,0.57,Perfect storm at BRB: increases the risk of bank liquidation (previously unthinkable) - NeoFeed,"A ""perfect storm"" of factors has increased the risk of a bank liquidation, previously considered unthinkable.","This news article suggests that there is an increased risk of bank liquidation due to a ""perfect storm"" of factors. A perfect storm in this context likely refers to a combination of severe and unforeseen events or circumstances that have created a highly volatile situation.

In the context of BRB (Bank of Ireland), which is one of Ireland's largest banks, this could represent a corporate risk for several reasons:

1. **Financial instability**: If the bank experiences financial difficulties, it may not be able to meet its obligations, including depositors' claims, leading to a potential liquidation.
2. **Loss of investor confidence**: A bank facing liquidity issues or other problems may lead investors to lose confidence in the institution, causing a decline in share prices and potentially exacerbating the situation.
3. **Systemic risk**: The failure of one major financial institution can have far-reaching consequences for the entire financial system, including potential contagion effects on other banks and institutions.
4. **Regulatory scrutiny**: A bank facing liquidation may require immediate intervention by regulatory authorities, which could lead to costly and time-consuming procedures, potentially disrupting the bank's operations.
5. **Reputation damage**: Liquidation of a major bank can have severe consequences for the economy, leading to a loss of trust in the financial system as a whole.

In summary, the article suggests that BRB is facing an unprecedented crisis situation due to the ""perfect storm"" of factors, which could lead to a high-risk scenario for corporate stakeholders, including depositors, investors, and regulatory authorities.",Google News RSS,https://news.google.com/rss/articles/CBMiswFBVV95cUxNRWwwaW1ZUDY4dlpPb3g4VW85dENCVmlDSEFmbFg4ZjVNMlZLQ2Q4b2VpR3NDWlBpYUwtWjBSa0hRNmtFX0hkQlZaNmM1ZzN2bXJ5OURSMlJ2VC03U0xNWkh3by1rN2FWN2ZGX3Q5b2ptMzFjdEVqRElxanJXY18yZTF4N3FRMlJOeHFxQzJrUDRIWGZxd3k4eVYwMDFKdXY1TFZ0SlF5cnNCdkphaUROd3lHSQ?oc=5
BRB Banco de Brasília,Banking,2026-07-02 16:16:53.446681,,2026-07-02 16:16:53.446681,FINANCIAL_SYSTEM_RISK,RISK_SIGNAL,RISK_SIGNAL,4,0.75,RISK_SIGNAL,0.67,Brazil’s Federal District Lines Up 6 Billion Reais For BRB - Finimize,"Brazil's Federal District plans to allocate 6 billion reais for the construction of a new metro line, known as BRB.","This news could represent a corporate risk for several reasons:

1. **Increased competition**: The announcement that the Federal District is allocating 6 billion reais for the BRB project (BRB stands for ""Brazil Railway"") may increase competition in the rail transportation sector in Brazil. Other companies operating in the same market may feel pressured to invest more or raise their prices, potentially leading to a decline in market share and revenue.
2. **Regulatory risk**: The Brazilian government's involvement in the project may lead to increased regulatory scrutiny for private companies involved in the BRB project. This could result in new regulations, stricter safety standards, or even changes to the business environment, which could impact the company's operations and bottom line.
3. **Market saturation**: If multiple companies are investing heavily in rail transportation infrastructure in Brazil, it may lead to market saturation, reducing demand for services and resulting in decreased revenue for companies operating in the sector.
4. **Infrastructure spending**: The large allocation of funds for the BRB project may set a precedent for increased government investment in infrastructure projects. This could lead to higher costs for private companies operating in related industries, such as construction or maintenance services.
5. **Economic uncertainty**: The allocation of significant public funds for a large-scale infrastructure project can create economic uncertainty, which may impact investor confidence and market sentiment. This could lead to increased volatility in the markets and decreased demand for shares issued by companies involved in the BRB project.

Overall, the news suggests that the Federal District's investment in the BRB project may have far-reaching consequences for private companies operating in Brazil's rail transportation sector, creating potential corporate risks such as increased competition, regulatory uncertainty, market saturation, and economic instability.",Google News RSS,https://news.google.com/rss/articles/CBMijwFBVV95cUxPS1BPOEFVNlc4Z05aXzZIMGVCb29PWjM1U25kUU5jb3NJWmVVcnhuUGFxU096a3Z5ci1ETFVXaUdpWHl5bUNVUy01WnRUbi1vTkZwZnpDNlU0NG1Yb1pSX3NhVTZrdzJmbXkxMV95SmpVX2V6bGxIR0FDTVpNeTRWV1luRGItWVoxME5Bdm5ubw?oc=5
BRB Banco de Brasília,Banking,2026-07-02 16:16:53.446681,,2026-07-02 16:16:53.446681,FINANCIAL_SYSTEM_RISK,RISK_SIGNAL,RISK_SIGNAL,4,0.75,RISK_SIGNAL,0.57,Brazil lender BRB to seek $637 million loan from credit guarantee fund - Reuters,Brazilian bank BRB is seeking a $637 million loan from a credit guarantee fund.,"This news could represent a corporate risk for the Brazilian lender, BRB, in several ways:

1. **Debt burden**: The lender will be taking on an additional debt of $637 million through a loan from the credit guarantee fund. If the loan is not repaid or if interest rates increase, it could put a significant strain on the lender's finances and potentially lead to financial difficulties.
2. **Risk of default**: If BRB defaults on the loan, it could damage its reputation and credibility in the market, leading to a loss of confidence among investors and customers. This could result in a decline in the lender's stock price or even lead to a liquidity crisis.
3. **Credit guarantee fund risk**: The credit guarantee fund is essentially providing insurance against default by BRB. If the lender fails to repay the loan, the fund will bear the risk of losses, which could be costly for the fund and its investors.
4. **Interest rate risk**: The interest rates on the loan may increase over time, which would increase the cost of borrowing for BRB and further strain its finances.
5. **Regulatory risk**: If the loan is not properly managed or if there are regulatory issues related to the lender's business operations, it could lead to reputational damage and potential fines or penalties.

Overall, taking on an additional debt of $637 million without a clear plan for repayment or risk management increases the likelihood of financial difficulties or reputational damage for BRB.",Google News RSS,https://news.google.com/rss/articles/CBMitAFBVV95cUxPWnJwT0lKRmszdXVXZ3hiS0NRSDN3a1FQY3hreC1IWHdOZVNQV21RdTZsVFNIRWs2MkJCVjdkX3RpZHh3ZWFfRklNSHVvd2d1dTNZRWt2UVlVZzhndUs1aW8zd3Npam8yQjJqdmw4cHFQRVdKMTVVM2p5NmlQbGFwVG9tODB5LVpVc0RUN000QVk5ZDFYc19OZzlyckFHWGdhSTJUa0VSTDRadlNrczJSb0FGQ0M?oc=5
BRB Banco de Brasília,Banking,2026-07-02 16:16:53.446681,,2026-07-02 16:16:53.446681,FINANCIAL_SYSTEM_RISK,RISK_SIGNAL,RISK_SIGNAL,4,0.75,RISK_SIGNAL,0.7,Analysis: BRB rescue would shift losses to taxpayers - Valor International,A proposed rescue plan for BRB (British Racing Broadcast) could transfer the company's financial losses onto taxpayers.,"This news could represent a corporate risk for several reasons:

1. **Increased liability**: By proposing a rescue package that shifts losses to taxpayers, the company (BRB) may be passing on its financial responsibilities to others. This could lead to increased regulatory scrutiny and reputational damage if the public perceives the move as unfair or unfair burden-shifting.
2. **Reduced accountability**: If the company's management team is not held accountable for their decisions leading up to the rescue, it may create a culture of complacency and reduce incentives for responsible decision-making in the future.
3. **Potential for future financial mismanagement**: By transferring losses to taxpayers, the company may be sending a signal that it can rely on others to bail them out when things go wrong. This could embolden management to engage in riskier behavior, knowing that they won't face significant financial consequences if things don't work out.
4. **Increased regulatory scrutiny**: Governments and regulators may view this move as an attempt by the company to avoid taking responsibility for its actions. This could lead to increased oversight and stricter regulations, which could negatively impact the company's operations and profitability.
5. **Reputational damage**: If the public perceives the rescue package as unfair or exploitative, it could damage the company's reputation and erode trust among stakeholders, including investors, customers, and employees.

Overall, by shifting losses to taxpayers, BRB may be exposing itself to significant corporate risks, including reputational damage, increased regulatory scrutiny, and reduced accountability.",Google News RSS,https://news.google.com/rss/articles/CBMiuwFBVV95cUxQZksyUTc5dC1KMjNQeVlrUHlMQ2pvdGhVT1pSbHQwNVhLUXJXdkNTYWZJd21uM2VlelUxai02TlFFRGFCdXlFWC14TF9TUkVaTlpVVk9xcmpxQU1jbmtjbHpESWRlcTRSa0xudWItNVFIQ2EyWW54Uzc2WVdNRm43V2VyRkZqMnNrY2ktdG56cGlPQlZUclM0QjRQLVRDa3RrelltWTFIVlhGZm1oZWJVWFNXcTROazByYmZN0gHKAUFVX3lxTE9HYlJiaDktRlJZNlE3NHRGa0xlRFB1M0Y1Nl9zcU9oQTdVam9xaDZiMWt2MEJvRzZGRXRfN3M4dTJ2X1RHNEtBcDlJbU9rVjZOUHFKOElJOGIxNWtzRHJ5NzhFbENITWl1YUdkSkp5V2hVV0FiTGI4Tm9xdGhSdkdUV0FMYVFDZWZsMHJFbkYwb09MdEtyVkVLbkhwcGJCQnVpc2dUTHMzbHBVMjJhR09mNzctR0dIbE5XZzBfaTZkTUw2LUx1bC0tckE?oc=5
BRB Banco de Brasília,Banking,2026-07-02 16:16:53.446681,,2026-07-02 16:16:53.446681,FINANCIAL_SYSTEM_RISK,RISK_SIGNAL,RISK_SIGNAL,4,0.75,RISK_SIGNAL,0.66,The Supreme Federal Court (STF) is the light at the end of the tunnel for BRB (but the risk of liquidation still lingers) - NeoFeed,"The Brazilian Supreme Federal Court has offered hope to BRB, a troubled esports organization, but its financial stability remains uncertain.","This news can represent a corporate risk because it suggests that the company, BRB, may be nearing a turning point in its situation. The Supreme Federal Court's decision could potentially bring relief and a resolution to the company's issues, as implied by ""the light at the end of the tunnel.""

However, the phrase ""but the risk of liquidation still lingers"" indicates that there is still uncertainty and potential danger ahead for the company. This suggests that BRB may be close to a critical moment where it could either avoid collapse or face insolvency.

The lingering risk of liquidation implies several corporate risks, including:

1. **Financial instability**: The company may still struggle with cash flow or other financial challenges, putting its survival at risk.
2. **Creditworthiness**: BRB's credit score and reputation may be affected by the ongoing uncertainty, making it harder to access financing or attract investors.
3. **Operational risks**: The court's decision could have unforeseen consequences on the company's operations, leading to additional challenges and potential failures.
4. **Reputation damage**: If the court's decision does not go in BRB's favor, the company's reputation may suffer, making it harder to recover in the future.

Overall, this news highlights the need for careful monitoring of BRB's situation and potential risks that could impact its operations and financial stability.",Google News RSS,https://news.google.com/rss/articles/CBMiswFBVV95cUxQUjRQbTJpMHhrYkdQejdXell1UXpUSHd5QjIwQ0t0WmVORXVILUxiNTNuM1VicXhIRnBLeHEzU0k4aEluTDlPZFM1R2hweTJvYy1yUXVXZ25JQWVZQ2t0MlZEZ2d5QklZSjhHRF96Y3lHX2JPUG5EV3kwRTFUd1BYUGNRRU5wNnN3aDN5X1ktTEdlLVhRY2E5WEVaOHB0a3p4VFIwSWxiTDVkWm9zYnEybUVqaw?oc=5
BRB Banco de Brasília,Banking,2026-07-02 16:16:53.446681,,2026-07-02 16:16:53.446681,FINANCIAL_SYSTEM_RISK,RISK_SIGNAL,RISK_SIGNAL,4,0.75,RISK_SIGNAL,0.67,"BRB busca até R$ 8,9 bi para cobrir rombo deixado pelo Master - Bloomberg","A empresa BRB está buscando até R$ 8,9 bilhões para pagar dívidas.","Este artigo sobre a BRB (Banqueira Regional Brasileira) buscando até R$ 8,9 bilhões para cobrir o ""rombo"" deixado pelo Master pode representar um risco corporativo por várias razões:

1. **Risco de não atendimento às obrigações**: A BRB está enfrentando dificuldades financeiras significativas e precisa buscar uma grande quantia de dinheiro para cobrir suas obrigações. Isso pode indicar que a instituição não tem certeza de sua capacidade de atender às suas obrigações, o que é um fator de risco para os investidores e credores.
2. **Custo do capital**: O aumento das emissões de valores mobiliários (ações e títulos) pode ser um sinal de que a empresa precisa recorrer ao mercado para financiar suas operações, o que pode aumentar o custo do capital. Isso pode afetar negativamente a rentabilidade da instituição.
3. **Perda de confiança**: A crise financeira da BRB pode levar a uma perda de confiança entre os investidores e credores, o que pode dificultar futuras operações de financiamento e aumentar o custo do capital.
4. **Risco de liquidação**: Se a BRB não consegue cobrir suas obrigações, isso pode levar a uma liquidação da instituição, o que pode ter consequências negativas para os investidores e credores.
5. **Impacto na estabilidade financeira**: A crise financeira da BRB pode ter um impacto indireto em outros setores do sistema financeiro, como os bancos e outras instituições financeiras, se a crise não for controlada.

Em resumo, a busca da BRB por uma grande quantia de dinheiro para cobrir suas obrigações pode ser um sinal de que a instituição está enfrentando dificuldades financeiras significativas e precisa tomar medidas para garantir sua estabilidade financeira.",Google News RSS,https://news.google.com/rss/articles/CBMisAFBVV95cUxQM3l3anpJRnVIN0JIZGN5b2FYWktkQTNGRkppSkpfUWFZU3huTTQ2Z0E5dUZvNE54OUlncWdZSl9sb2lXRTM3cU43LWNld1k5V2QyZXFQTkRIQVl3N0dxNDVjSTQ3QnBMZXBWM1M5SzM4R2piVWRtMVFuVjJkRnJwdzF1NzNCcVdZYkdVam9qR09YVjdPZFBYMzY5NEU1WjlKNDd2WktVNFNkQnA0eXZ2UQ?oc=5
BRB Banco de Brasília,Banking,2026-07-02 16:16:53.446681,,2026-07-02 16:16:53.446681,FINANCIAL_SYSTEM_RISK,RISK_SIGNAL,RISK_SIGNAL,4,0.75,RISK_SIGNAL,0.68,"If BRB's plan fails, the Federal District government's contribution could reach R$ 6 billion. - NeoFeed",A planned project by BRB could result in a significant contribution of up to R$ 6 billion from the Federal District government if it fails.,"This news could represent a corporate risk for BRB (the company behind the project) because it highlights the potential financial exposure to the government if their plan fails.

Here are some reasons why this is a corporate risk:

1. **Financial liability**: If the Federal District government's contribution reaches R$ 6 billion, BRB will be liable for the full amount. This could put a significant strain on the company's finances and potentially lead to bankruptcy or financial distress.
2. **Unforeseen costs**: The article mentions that the government's contribution is contingent upon the project's success. If the project fails, BRB may need to absorb the entire cost of the government's investment, which could be unforeseen and unexpected.
3. **Reputation damage**: If BRB fails to deliver on their promises and the government's contribution is not successful, it could damage the company's reputation and credibility in the eyes of investors, stakeholders, and customers.
4. **Impact on business operations**: A large failure could also impact BRB's ability to operate effectively, potentially leading to reduced revenue, cash flow problems, or even business closure.

Overall, this news highlights the potential for significant financial risk and reputational damage if BRB's plan fails.",Google News RSS,https://news.google.com/rss/articles/CBMivwFBVV95cUxOVFUtdkhqNWxmR1M5LTJoNVdpd0FtOE43RXlBSzR4emd1ZkVpa1F6UktVc3lURXA0NndqdHZOOGlKUVFmM29kQ1dKcmNiM1V0U2pXa2RkanVwR2NkZkRmY2RrOWItODkzNjhTcHdzQ3U0Wk5kT251UWhxWDZoUFBWSHBPVTR3X0tlRnlicTNQeC1lakRFdmpWVFVVajJkMEEzTGMxc0lyY3hLSTJyOWpXZjdRWHFQVy1NMVoxWjAzRQ?oc=5
BRB Banco de Brasília,Banking,2026-07-02 16:16:53.446681,,2026-07-02 16:16:53.446681,FINANCIAL_SYSTEM_RISK,RISK_SIGNAL,RISK_SIGNAL,4,0.75,RISK_SIGNAL,0.59,Brazil Deposit Guarantor Holds Off on BRB Loan Amid Banco Master Risk - Bloomberg,"The Deposit Guarantor holding off on a BRB loan amid concerns over Banco Master's risk, according to Bloomberg.",,Google News RSS,https://news.google.com/rss/articles/CBMiqwFBVV95cUxOT2tBWFNTM0hpU0Z4eTFLUjNqUXVOLU84SHBsdk9ObWktRktYS3NSeWtSbnRiU1FSRWV6RklQNklsbnRzTWhHS1NGdDBwSTkxLXF5VmhTNHEtcHlSMTVndV9ZeERqeWRzMmtZdGFZcXpEbW9BblNHWUhRd0ctRWxLbHMxcHJDOEZjQVhULVdjaEhmblpvVnNjSTdCMmZvZVJZUF84a0h3T19OQU0?oc=5
Nubank,Fintech,2026-07-02 16:16:53.446681,,2026-07-02 16:16:53.446681,FINANCIAL_SYSTEM_RISK,WEAK_SIGNAL,WEAK_SIGNAL,2,0.6,WEAK_SIGNAL,0.36,Nubank pede desculpas por alerta de liquidação equivocado - Bloomberg,,,Google News RSS,https://news.google.com/rss/articles/CBMirAFBVV95cUxPanFOMWEzVHNzcjBmMFdHcXI4RjY0RklyNWNlbVZzZGFhZk4wekZ3cU5uR2thUVlWSmlHWHdERTdtcWlsVm5HR3VQMEE2c3JMWkxzTkZVMEpoUHlSSlZzYzhYelUwYl8zTzJyNnZIcGp4bml2TkgxLTlHNGp0bnd6R3ZEZG1sdmcwWExObW8tWWVMeDRkM1FuRmQyTjJFcERyc2tNVFRWaU1kdHR3?oc=5
Nubank,Fintech,2026-07-02 16:16:53.446681,,2026-07-02 16:16:53.446681,FINANCIAL_SYSTEM_RISK,RISK_SIGNAL,RISK_SIGNAL,4,0.75,CRITICAL_SIGNAL,0.51,"""Dude, it was bizarre"": Nubank founder admits mistake that triggered bank liquidation alert for thousands of customers and explains what really happened. - CPG Click Oil and Gas","The Nubank founder admitted to a mistake that caused a bank liquidation alert for thousands of customers, describing the incident as ""bizarre"".","This news could represent a corporate risk because it involves a high-profile mistake made by the CEO of Nubank (CPG), a Brazilian fintech company, which led to a bank liquidation alert being triggered for thousands of customers.

A potential corporate risk associated with this incident is:

1. **Reputation damage**: The CEO's admission of a mistake and the subsequent bank liquidation alert could lead to a loss of trust among Nubank's customers, investors, and stakeholders, potentially damaging the company's reputation.
2. **Regulatory scrutiny**: The incident may attract regulatory attention, which could result in fines, penalties, or other negative consequences for Nubank, depending on the nature of the mistake and any related non-compliance with financial regulations.
3. **Customer loyalty erosion**: The sudden alert and potential disruption to customers' accounts could lead to a decline in customer loyalty and retention, resulting in lost revenue and business opportunities.
4. **Financial instability**: The incident may lead to a temporary instability in Nubank's financial situation, potentially affecting its ability to meet its obligations and maintain access to credit markets or investors.
5. **Leadership accountability**: As the CEO was involved in the mistake, their accountability and willingness to own up to it could be questioned, which might impact their leadership credibility and stability within the organization.

Overall, this incident highlights the importance of risk management, regulatory compliance, and effective leadership in mitigating corporate risks and maintaining stakeholder trust.",Google News RSS,https://news.google.com/rss/articles/CBMijgJBVV95cUxOV1BES01jOG5VWmFkSUxxVlhoSDlZS0I2Z2U4bU9DbWowQnZ5dzdDOGJWSzZVdGxhRG5RenlwYkc5aTZsNmFLVlVEcUJIVzZXM3pKWG9USHlSYk4zVm1IaWZQaW95cmdNdTZncmtnMVlRaDRtZlZjckxTSldZV3dsTXJld1E0cHZ5Z0lMMF9Bd19WQXBxS0pWTjNzZ3MzWTlVQnlkVHZrdFhqQWFMS3FGN3JtSm94YTc0b3BFZHBTQ180Y01Yd2R3Q3BXUjJRTTA1SHM0cXh2RnRfVGM5Rmh1cmdZbzlZTjVHLU9JR0ZFZFRRY0tWRjN4cXZSZ2EySEk1TjR1ZVVjWExnT0kzSFE?oc=5
Nubank,Fintech,2026-07-02 16:16:53.446681,,2026-07-02 16:16:53.446681,FINANCIAL_SYSTEM_RISK,RISK_SIGNAL,RISK_SIGNAL,4,1.0,RISK_SIGNAL,0.47,Nubank diz que mensagem a clientes sobre liquidação extrajudicial foi erro operacional pontual - TradingView,Nubank afirma que uma mensagem para clientes sobre liquidação extrajudicial foi um erro operacional isolado.,"This news could represent a corporate risk for Nubank due to the following reasons:

1. **Reputation damage**: The announcement that a message about liquidity was sent to customers by mistake may lead to concerns about the bank's attention to detail, organizational processes, and ability to manage sensitive information. This could erode trust among customers and harm the bank's reputation.
2. **Loss of customer confidence**: If customers are concerned that their personal data or financial information is not being handled correctly, they may become hesitant to continue using the service, leading to a potential loss of customers and revenue.
3. **Regulatory scrutiny**: Depending on the jurisdiction, there may be regulations in place regarding the handling of sensitive customer information. A mistake like this could attract unwanted attention from regulatory bodies, potentially leading to fines or other penalties.
4. **Operational risk**: The incident highlights an operational error that could have been prevented with better processes and controls. This increases the risk of similar mistakes happening in the future, which could lead to financial losses and reputational damage.
5. **Compliance risks**: Nubank's business is built on serving financial customers, and a mistake like this could put them at risk of non-compliance with regulatory requirements, such as data protection and anti-money laundering regulations.

Overall, while the incident may have been an isolated error, it highlights the importance of robust processes and controls in place to prevent similar mistakes from happening again.",Google News RSS,https://news.google.com/rss/articles/CBMieEFVX3lxTFAxV2p0emNRREloZXpCLTBPMDRGTGw4WWV1N2xSZnlWRG0zUjVFRFA4N3gyejZQb3lXUk15Zlo2V3kxV1d4SE9QQlY5a0FuRkw1MVNOcTRydXNPYzFlNjN2R1dGanR2Yk9QUEhjSFY1TmRJcHJiLVFLMg?oc=5
Nubank,Fintech,2026-07-02 16:16:53.446681,,2026-07-02 16:16:53.446681,FINANCIAL_SYSTEM_RISK,WEAK_SIGNAL,WEAK_SIGNAL,2,0.6,WEAK_SIGNAL,0.36,Nubank investiga falso aviso de liquidação enviado a clientes - Bloomberg,,,Google News RSS,https://news.google.com/rss/articles/CBMisgFBVV95cUxPMGdsMmk2Nk4zenlqOXpKdWJJeVZPdFNVY3hRV1I5TFZTRndMWTRBUGJyQ01iQ0FQV0tZUkxEUDMxQW9td0ZMMG8xa0d1Z0txRll5d3JXUnBnbWptMHFBXzBtR2JoMm5aZlZSTHE2WU9PSVhDdDh5WnZWNnVXR3dyQkFSaDc5NGZJWG1ZemotbDNRU0J0RElEVmxqY0xrSG5TaWxpTnpueFkyT29FakVudzlB?oc=5
Nubank,Fintech,2026-07-02 16:16:53.446681,,2026-07-02 16:16:53.446681,CREDIT_LIQUIDITY,WEAK_SIGNAL,WEAK_SIGNAL,2,0.5,RISK_SIGNAL,0.38,Nubank vai ter que provar ao mercado que inadimplência não sairá do controle - Finsiders Brasil,,,Google News RSS,https://news.google.com/rss/articles/CBMizAFBVV95cUxNcDhzeHJFdzdEbndJOEQ2UnpkZ2xmY1FjS3hfOExNZ21GSm56aS0xTWZacUZYRmp5cHZEQjh3cVhJd1pYM1p2WnozYVE2Ykx0MUpoYmV0NFc0MFF6aHMxaVJUNV80ekhzRW1kaGxHdUQ2V0xhdjVwUzVzNTgzOTBZSTlOMzYtNFhwdHU3RXdsbDQxTkdDRUJsaXB0bkxoZGdFQW1JOE5XYTlLOVFsNlJEaGpHUHk0QThrNnBSWjk1MzdWakZPQVVSZGpiem4?oc=5
Nubank,Fintech,2026-07-02 16:16:53.446681,,2026-07-02 16:16:53.446681,GENERAL,GENERAL_NEWS,GENERAL_NEWS,1,0.2,GENERAL_NEWS,0.52,Nubank Ultravioleta expands fixed income shelf with yield rates up to 121% of the CDI - Nubank,,,Google News RSS,https://news.google.com/rss/articles/CBMiywFBVV95cUxQYTdEY1lIUmhRT2RlcDQ0czRZakZKY2VUZU1fQ3Ztb2xTNm1HZ2tPSDQyMTZHNEQ3TkVFZmRTSTl4N1ZERjV6WVNkZjBhVU54cUNOMGt6UE5nRHkwMWdwOGFsd0NmRDV0V2VkRS1mTlozOXF5YUh1N0s5S05IanNGTVF1c2NBeWlDbUdvNWV6TTRybDNyUGFsZUJRLWRydjVOTTdZMEV0V1hqaG83Vks3ZzBfRDFla0JHcnFQRGh6VFBYelhJQWNlbEc2cw?oc=5
Nubank,Fintech,2026-07-02 16:16:53.446681,,2026-07-02 16:16:53.446681,FINANCIAL_SYSTEM_RISK,RISK_SIGNAL,RISK_SIGNAL,4,1.0,CRITICAL_SIGNAL,0.65,"Nubank customers fear losing money after an out-of-court liquidation notice by the Central Bank, but the bank admits operational error, keeps licenses active, and the Central Bank denies intervention. - CPG Click Oil and Gas","Nubank's customers are worried about losing money due to a liquidation notice from the Central Bank, but Nubank says it was an operational error and remains licensed.","This news could represent a corporate risk for Nubank because it highlights potential regulatory issues that may impact its operations and financial stability. Here are some reasons why:

1. **Out-of-court liquidation notice**: The fact that Nubank received an out-of-court liquidation notice from the Central Bank suggests that there may be concerns about the bank's liquidity, solvency, or compliance with regulatory requirements.
2. **Operational error**: Admitting to an operational error implies that Nubank had a mistake in its internal processes, which could lead to further issues if not addressed promptly and effectively.
3. **Potential reputational damage**: The public perception of the bank's competence and reliability may be compromised by this incident, potentially affecting customer trust and loyalty.

However, it's worth noting that:

1. **Licensing remains active**: Nubank has kept its licenses active, indicating that regulatory authorities have not yet taken more drastic measures.
2. **Central Bank denies intervention**: The Central Bank denying any intervention suggests that the bank is not currently under formal investigation or enforcement action.

To mitigate this risk, Nubank should:

1. **Take swift corrective action** to address the operational error and prevent similar incidents in the future.
2. **Communicate transparently** with customers and stakeholders about the incident, providing clear explanations and updates on any actions taken.
3. **Rebuild trust** by demonstrating a strong commitment to regulatory compliance and customer safety.

Overall, while this news raises concerns, it's essential to consider the context and the bank's response to these issues.",Google News RSS,https://news.google.com/rss/articles/CBMimwJBVV95cUxQcHF4TUMzV0w2WFI4T0FRM1JHYloyOXhiN2diZnFBcnlxcjFrdDNldDJiai1NYWVGQnlkZThyOWZXalRzQVctWE5TS0RrQU54dlhXdW1NMU1IeUk0b1ZjWnZPc25VbHRNZ2tWa1lDVmZNN3VXckN5Y0t2QkFYVktKb3JDQ3hGZ0NKSTJOU28ybEFHOENCRzU0YlNiaGpIaU9yYjJ5UDd5bkx3OTBZOUVKc3Yzekx3Vm5QV2ZkY2tocHJQR19nMURoMlh2Zm5XUDNVMGlGR18wakZYbmd0dFpad01kWmhzSmptZlNaemVHQVpXcldhWUowSDBVeGJGTFlvUWZQQjZPSVpBODdOeDVLV00zalpUREhFUDRF?oc=5
BRB Banco de Brasília,Banking,2026-07-02 16:16:53.446681,,2026-07-02 16:16:53.446681,FINANCIAL_SYSTEM_RISK,RISK_SIGNAL,RISK_SIGNAL,4,0.75,RISK_SIGNAL,0.65,BRB e PicPay são alvo de investigação do DF por suposta fraude - Bloomberg,A empresa BRB e o cartão de crédito PicPay foram objeto de uma investigação do Distrito Federal acusando-os de suposta fraude.,"Este artigo sobre BRB e PicPay sendo alvos de investigação da Defensoria Pública (DF) pelo estado do Rio de Janeiro pode representar um risco corporativo por várias razões:

1. **Perda de confiança**: A notícia de que essas empresas estão sendo investigadas pela Defensoria Pública pode prejudicar a reputação das empresas e causar perda de confiança entre os clientes, investidores e parceiros.
2. **Impacto nos negócios**: Se a investigação for confirmada, é provável que as empresas enfrentem consequências legais e financeiras significativas, o que pode afetar suas receitas e lucratividade.
3. **Reputação e brand image**: A associação com uma investigação de fraude pode prejudicar a reputação das empresas e da indústria em geral, o que pode ser difícil de recuperar.
4. **Consequências legais**: Se as empresas fornerem dinheiro para pagar multas ou indenizações, isso pode afetar suas finanças e reduzir sua capacidade de investir em outras áreas.
5. **Impacto na governança corporativa**: A investigação pode levar a mudanças nas leis ou regulamentações que afetam as empresas, o que pode aumentar os custos operacionais e reduzir a eficiência.

No caso específico de BRB e PicPay, é importante notar que essas empresas são especializadas em Pagamento Eletrônico (PagSeguro) e Pagamento por Rede (BRB), respectivamente. Se uma das empresas for encontrada envolvida em fraude, isso pode ter consequências mais amplas para a indústria de pagamento eletrônico como um todo.

Em resumo, a notícia pode representar um risco corporativo para BRB e PicPay, devido à perda de confiança, impacto nos negócios, reputação, consequências legais e governança corporativa.",Google News RSS,https://news.google.com/rss/articles/CBMiswFBVV95cUxQaFFZUWhyc3lIQjZaNlVuMzU0cGxINWJ2ekh1RkkzMEppRVNQNUJNRU5uRlpmV3RzUjlBa1dEVGJwVHY0Ymlhbk43SVA5QkRHYVBRTTRsSFluUXRDSjZlVGQ2eTZ3N1RMNDJ6RXpNTGJmMTZYTkR2dXhsSnZEbHVwX3lEc0tZcldZNF9pN0Q1cmlickZBSFBVYmxSQ0dIcDdLZE1lb2pCNkZ5b3c5a3JUNEdncw?oc=5
BRB Banco de Brasília,Banking,2026-07-02 16:16:53.446681,,2026-07-02 16:16:53.446681,FINANCIAL_SYSTEM_RISK,RISK_SIGNAL,RISK_SIGNAL,4,0.75,RISK_SIGNAL,0.81,"Brazil's government, federal district agree on BRB loan deal - Reuters",Brazil and the federal district have agreed to a BRB loan deal.,"This news could represent a corporate risk because it suggests that the Brazilian government and the federal district are considering a new debt deal with the BRB (Brazil Development Bank). The BRB is a state-owned development bank that provides financing for large infrastructure projects in Brazil.

If the government agrees to this loan deal, it could potentially impose significant financial burdens on corporations operating in Brazil. Here are some reasons why:

1. **Increased borrowing costs**: If the government secures favorable loan terms through the BRB, it may pass these benefits on to consumers and businesses by reducing interest rates or offering more affordable credit options. However, if corporations operate under the assumption that government-backed loans will remain expensive, they may be caught off guard by unexpected changes.
2. **Credit risk**: If the Brazilian economy experiences a downturn or becomes less stable, the government's ability to repay debts could be compromised. This could lead to an increase in credit spreads (the difference between borrowing costs for different types of debt), making it more expensive for corporations to access credit.
3. **Regulatory risks**: The government's agreement on this loan deal may also imply a shift in regulatory priorities or policies that could affect corporate operations. For example, if the government prioritizes state-led development projects over private sector growth, it could lead to increased regulatory scrutiny and stricter compliance requirements for corporations operating in Brazil.
4. **Debt servicing**: If the government agrees to new loan terms, corporations operating in Brazil may be subject to higher debt servicing costs, which could reduce their profitability or even force them to renegotiate their own loan agreements.

In summary, this news highlights potential risks for corporations operating in Brazil, including increased borrowing costs, credit risk, regulatory uncertainty, and debt servicing obligations.",Google News RSS,https://news.google.com/rss/articles/CBMiqgFBVV95cUxNUF9mQjVfYkpfRmVuMlhTZklwbTNlNmYtVWwxeTU1Y053bUFybWVsWmtTVFZvSldDNWFuMWF6WUNmZHpqaU1XZURsSVFscXFOekoyMkN3YVdYR1huSGNwQlBQRDZXYU5pUlNzS2Q4VFRSRnI2SDNaS0hSbHdhQW9sVllOdG5tc2xmSWZOQnN5VGNIUDJpY3JSa2JmM3owZDZ3RVp6ZGN0eHM4QQ?oc=5
Nubank,Fintech,2026-07-02 16:16:53.446681,,2026-07-02 16:16:53.446681,FINANCIAL_SYSTEM_RISK,WEAK_SIGNAL,WEAK_SIGNAL,2,0.6,WEAK_SIGNAL,0.57,Nubank busca aquisição de banco pequeno para manter nome - Bloomberg,,,Google News RSS,https://news.google.com/rss/articles/CBMinAFBVV95cUxNd29ObUJ2RnNMdmEwVWJJUUowaXlRUWFRYkVfZlh0V041SHB0Sl9YUHB0bmZIdlNmaHRmR0EwME9Ta3NHd0Y5N09BcVRSTzNfY2hSRnY3V25PRkl1bkgwSUtPbHVGTDBzWlRKcC04bjJ2YXdoRllhY0NxT0VtSHNscVBvZ0lrN2lkYzJjeG9EVW9wd0pFSGcyRGg3eDU?oc=5
Banco Master,Banking,2026-07-02 16:16:53.446681,,2026-07-02 16:16:53.446681,FINANCIAL_SYSTEM_RISK,WEAK_SIGNAL,WEAK_SIGNAL,2,0.6,WEAK_SIGNAL,0.36,Brazil judge considers blocking asset sales in Banco Master case - Reuters,,,Google News RSS,https://news.google.com/rss/articles/CBMitAFBVV95cUxOcUk5OGk5S0ZOSW5NdGlSbHIyMW0tbmtzbmFqRUlNN2djekVKeHhrZkl6V2JyTkxDS3RXc2xJTG9ETDBEQnkxNk9uUE55Y0hLTVFzaDZEVlh0Y0JSZTQ4NVdmNFhKMEg2TGpDakRrVkJVVXdIWVh5Zmk0Uy1na1prX255UTFxbG1VM3VwQkJra2dqN2N2NjFtU2hfaXhLVFZUSFV0LWQwaUk1MkNMc3Z5MGVxbnc?oc=5
Ambipar,Environmental Services,2026-07-02 16:16:53.446681,,2026-07-02 16:16:53.446681,CREDIT_LIQUIDITY,RISK_SIGNAL,RISK_SIGNAL,4,0.7999999999999999,RISK_SIGNAL,0.43,Ambipar's recovery plan calls for more investments in the company - but they forgot to consult with creditors - NeoFeed,"Ambipar's recovery plan proposes increased investment, but ignores consultation with creditors.","This news represents a corporate risk because it suggests that Ambipar's recovery plan, which is likely intended to help the company overcome its financial difficulties, may be flawed or unsustainable due to several key issues:

1. **Lack of creditor consultation**: By not consulting with their creditors, Ambipar has potentially ignored the interests and concerns of their lenders, who may have significant stakes in the company's recovery plan. This could lead to a power imbalance, where creditors are left without a seat at the table or a meaningful say in how the company is restructured.
2. **Insufficient investment**: If the recovery plan calls for more investments, but Ambipar has not consulted with its creditors about the terms of these investments, it's likely that creditors will not be on board with the plan. This could lead to reduced investor confidence, decreased funding, and ultimately, a higher risk of the company failing.
3. **Potential creditor pushback**: Creditors may view Ambipar's recovery plan as unfair or inadequate, leading them to refuse to participate in the plan or even take legal action against the company. This could result in a loss of trust among investors, further destabilizing the company's financial situation.

Overall, this news highlights a critical oversight that could have significant consequences for Ambipar's financial health and stability.",Google News RSS,https://news.google.com/rss/articles/CBMizwFBVV95cUxNS003R3daRVVZc0hJSmptbUxjV3c1Wll6TThGSXVCcVc1VHVsenVJRzYwWWI5MUFtZGt6SDRwTFhEZmVfU05rdVFoT01CY3kwX1I0R1dKZjVwUFI5c2lvMjhlMGJYUVFXWjNOSlduSGlOVk5TQlN3cG02cGx4cDdIUWVXRjVJV2hJMC16b3BLLVVSdTFwYzFHUzdvNXNmdWNnMmpfR0JBNFhLeEhlaU0yQ1NDV2ZBM0N6NEJJOVlEY1EtSFB3S3N4TWlCS2ZMNzQ?oc=5
Ambipar,Environmental Services,2026-07-02 16:16:53.446681,,2026-07-02 16:16:53.446681,REPUTATIONAL,WEAK_SIGNAL,WEAK_SIGNAL,2,0.6,WEAK_SIGNAL,0.59,Ambipar rally aided Banco Master before both fell into crisis - Valor International,,,Google News RSS,https://news.google.com/rss/articles/CBMixwFBVV95cUxOWWE4cE1yT0ticFpwTXZ6dnVzUEJTRGZVVkI5M2RqeTRTbndxUmcxdmNxZXk0NEMwQXUtT095NWFFd1lkai1yMkRNVW9kdjRsMTZDb2s0amhJSUh5N2syOTFzWGF5aEZ1Qm5zSEhwQWVlUHFqYnJMUVpWc2lTSUZ6dExZMjkyc0QtSi1EbkdfaTFiM1RSYUNuUDYtRWltTDFlcG1BbUtqREx5SXlMQnU5a2VlN01kZHh4VHppanVNOHZPUTFYRk400gHWAUFVX3lxTE9fS0lZZ0U2QVJtVnlWazB4Zy00QW9UcklydElGQkt3VDliUmI3RW9fZTJQRFNvdzMxbFJtNXlMMVFMZ0NRd0VzQ3E0MC1yVVZvTWxaYmV4LVFuVGN0OFpoZ0U3SjJEZmJLeHptTEExcUhLdk8xWlU2YXBvdjVNWUg4Y0NMQTdPRW55UUZkdndFQTFoQjJab1hWeUIxcEpVa0VwdTN5XzZGNnNkTGZUYS04cV8xNExtcW03bGd4ZWwwQWFadkxnX0R5emo2Y1pSeDZ1LWVvSXc?oc=5
Ambipar,Environmental Services,2026-07-02 16:16:53.446681,,2026-07-02 16:16:53.446681,CREDIT_LIQUIDITY,RISK_SIGNAL,RISK_SIGNAL,4,0.7999999999999999,RISK_SIGNAL,0.46,"Ambipar in Ruins: How the Company Symbolizing ""Green Capitalism"" Sank Into Debt, Investigations, and Billions in Losses - CPG Click Oil and Gas","The Ambipar energy company, touted as a pioneer of ""green capitalism,"" has faced financial struggles, investigations, and massive losses.","This news article could represent a corporate risk for several reasons:

1. **Financial instability**: The fact that Ambipar has sunk into debt indicates financial instability, which can have far-reaching consequences for the company's ability to pay its bills, invest in research and development, and reward shareholders.
2. **Investigations**: The mention of investigations suggests that there may be regulatory or legal issues at play, which could lead to costly fines, penalties, or even lawsuits. This adds an element of risk to Ambipar's reputation and financial health.
3. **Billions in losses**: The significant losses reported ($billions) imply a substantial decline in the company's value, which can have a ripple effect on its stakeholders, including investors, employees, and customers.
4. **Reputation damage**: The fact that Ambipar was once seen as a symbol of ""green capitalism"" suggests that it had a strong brand image and reputation. The current situation may damage this reputation, making it harder for the company to attract new investments, talent, or customers in the future.
5. **Potential impact on employees**: A decline in financial health can lead to job cuts, layoffs, or other negative consequences for Ambipar's employees, which could negatively impact their morale and overall well-being.

Overall, this news article highlights a significant corporate risk due to Ambipar's financial instability, regulatory issues, and potential reputation damage. This information is essential for investors, analysts, and other stakeholders to consider when evaluating the company's future prospects.",Google News RSS,https://news.google.com/rss/articles/CBMi8wFBVV95cUxQdjgtRE9RQ3MyWmZhbVVHQ3dJNEZjanVoa3Y5YllhZ3dTMm5MZ3JaSVBfanpBdGxkdUZ6Q1NyVExxUTdySElnWWxSTVRrSDlMYjhDeXBfY1lROWFveEhLTmlkZjhrakVwVDJGZmNLTml5OHIxVm1TV3RVNEJieXVnQTRTT1NIeVUtT0JUODJIeEJHeEVHaXZTZ3JXQ053Y3pMMTdpR2s2VzVuS1VLeTFZcGJuT21KUS1zQVNOYW5OTlVfcHBHcWdQYUlhX1BvbnBrSEtaQVB5aTRjQUxrN3NNRl9DQWJ4UlhZTHJtZkhEaGVOQTA?oc=5
Banco Master,Banking,2026-07-02 16:16:53.446681,,2026-07-02 16:16:53.446681,FINANCIAL_SYSTEM_RISK,CRITICAL_SIGNAL,CRITICAL_SIGNAL,5,1.0,CRITICAL_SIGNAL,0.81,Brazil rocked by probe of central bankers aiding failed Banco Master - Reuters,Brazil's central bankers are under investigation for allegedly facilitating the collapse of failed bank Banco Master.,,Google News RSS,https://news.google.com/rss/articles/CBMitwFBVV95cUxQeDVub0N0cFFFbmVLbEZWZmd5TUhBRjRKNmJXRDdLcFdEb2F0MXlHT2FzN2czc25EZVc5dGdHSTZZd2JzTmZmX251OHBYMmRxNUZDc0ttcVlhWTVyUDNMS0RVUU5LMHdRa0NfcFc5WnVyODcxTmx5cUVEcEVoelVvRnpTQzVQS2FuWVdfQkswUDBBU3FCNDhCcDYtVWlIWHlpMVUtSjlhQWpOWDBBR0puQ0RIREVaTDQ?oc=5
Banco Master,Banking,2026-07-02 16:16:53.446681,,2026-07-02 16:16:53.446681,CREDIT_LIQUIDITY,RISK_SIGNAL,RISK_SIGNAL,4,0.7999999999999999,RISK_SIGNAL,0.43,Brazil Regulator Liquidates Bank With Ties to Banco Master - Bloomberg,"A Brazilian regulator has liquidated a bank with ties to the country's largest bank, Banco Santander's affiliate, Banco Master.","This news could represent a corporate risk for several reasons:

1. **Banking system instability**: The liquidation of a bank with ties to Banco Master, which is a well-established institution in Brazil, suggests that the banking system may be facing difficulties or vulnerabilities. This could lead to a loss of confidence in the entire financial sector, potentially triggering a broader economic crisis.
2. **Systemic risk**: As a result of its connections to Banco Master, other banks and financial institutions in Brazil might also face challenges or even collapse due to the ripple effect of instability in the banking system. This would increase the overall systemic risk for the economy.
3. **Global contagion risks**: The Brazilian banking crisis could spread to other countries with similar economic conditions, potentially causing a global downturn in financial markets and economies.
4. **Loss of investor confidence**: The failure of Banco Master's affiliate bank could lead to a loss of investor confidence in Brazil's financial sector, making it more challenging for companies to access capital through the bond market or at favorable interest rates.
5. **Economic growth slowdown**: A crisis in the Brazilian banking system could slow down economic growth in the region, as investors become risk-averse and reduce their investments in emerging markets.

Overall, this news highlights the importance of the interconnectedness of financial institutions and the potential for systemic risks to spread beyond individual banks.",Google News RSS,https://news.google.com/rss/articles/CBMisgFBVV95cUxONkFGQS1vc2xlMEVjd0lZbi1fZG5nQXdpREd1RnlvblFrQkotZW9EaFRaTVBQcjZ4STR3dUtZalNfNmNnc0NPbWZUbnFqZWlIRFljUDNTeWt6NjRpb0gySUpMcGtXMGtJUEhNUzBvLVhBMzRla25RRG0wYmdyU3RJdndEbTMwWEZUWTFIamYwUkRtY3pUcnhrMmVDVGtuaUxEN045RFJ4S1A4X1JaU0RIYW1B?oc=5
Banco Master,Banking,2026-07-02 16:16:53.446681,,2026-07-02 16:16:53.446681,LEGAL_REGULATORY,WEAK_SIGNAL,WEAK_SIGNAL,2,0.6,WEAK_SIGNAL,0.55,Brazilian police target Rio pension fund as Banco Master probe grows - Pensions & Investments,,,Google News RSS,https://news.google.com/rss/articles/CBMirwFBVV95cUxPMkk1MUlFMlNHbjhDczNLUUlRdEZMNkozUkI4dmNYVDVWcWpFOW9jeHlQOXZUbzNkZnY2dzBjU25QbWJVbllrdE0xMUw1bWJqcVVLWHVzUl9HTW1RcU5TeFJXbE1JZjIwRUFSZUdZVTFXZU52WXduQVRrTjdBVmhJNVdvMVU4elpHQ0tZNFZYalBibXhFaFNRaHNqRThrZW1hRDdHY1M0WXB6cFI2TVZv?oc=5
Banco Master,Banking,2026-07-02 16:16:53.446681,,2026-07-02 16:16:53.446681,LEGAL_REGULATORY,WEAK_SIGNAL,WEAK_SIGNAL,2,0.6,WEAK_SIGNAL,0.52,"Brazil police serve warrants on businessmen in Banco Master probe, sources say - Yahoo Finance",,,Google News RSS,https://news.google.com/rss/articles/CBMihwFBVV95cUxOVjFuRXdOQkRwWHBtWEhtVXhRaUVfOHF2eWg1bG8yTml3dnlrVnkzN3JDSjJ4bUExT1l0Qm1aYjQ2Mk1ZamRtMURjWF9qT2M4a1lLZXk5bEwycTd1TFRrUUJxMjJGWUdLbWFwdmtZQjdocUNHV1VNcmVFcHFMOUlWQnZOUk42ems?oc=5
Banco Master,Banking,2026-07-02 16:16:53.446681,,2026-07-02 16:16:53.446681,FINANCIAL_SYSTEM_RISK,CRITICAL_SIGNAL,CRITICAL_SIGNAL,5,1.0,CRITICAL_SIGNAL,0.91,Brazil’s Central Bank orders liquidation of Will Financeira after Banco Master collapse - TradingView,"Brazil's Central Bank ordered the liquidation of Will Financeira due to its close ties with Banco Master, which collapsed recently.","This news could represent a corporate risk for several reasons:

1. **Systemic risk**: The collapse of Banco Master, which was a major bank in Brazil, has triggered the liquidation of another financial institution, Will Financeira. This can lead to a ripple effect throughout the entire financial system, potentially causing widespread instability and panic among investors.
2. **Lack of confidence**: The liquidation of Will Financeira may erode trust in the Brazilian banking system, making it more challenging for other banks to attract deposits, loans, and investments.
3. **Regulatory intervention**: The Central Bank's decision to liquidate Will Financeira suggests that regulatory oversight was inadequate or ineffective in preventing the collapse of Banco Master. This could lead to concerns about the effectiveness of Brazil's banking regulator and the ability of regulators to prevent future crises.
4. **Systemic vulnerabilities**: The news highlights potential systemic vulnerabilities in the Brazilian financial system, including weaknesses in risk management, capital adequacy, and oversight.
5. **Potential contagion effect**: The collapse of Banco Master and the subsequent liquidation of Will Financeira may have a contagious effect on other financial institutions, leading to further instability and potentially triggering additional crises.

Overall, this news could represent a corporate risk for investors, lenders, and other stakeholders in Brazil's banking sector due to concerns about systemic stability, regulatory effectiveness, and potential contagion effects.",Google News RSS,https://news.google.com/rss/articles/CBMi3AFBVV95cUxOYTFzS1ZvUjFDQkliN0JkbTVnQXRKTEZjTGc2dWh1bGg5RVgwUml5dG9GLXdrRzdpR2NLclpyNVhnSUlwRFNibFEtQndjTkpOY3NjSFNaWGFTY0tKX3hZazhzTmJab2I3cTN5REFhRDBHakhwNmV1TkcyZnB2akYyd2tDaEpQYWFhVUNQcVB1ZU55aEd6SEtyelB0dGVwN0FEU1o5SlNPd3otQTBpTXJlTjN1dUZkc2V6cGxuWFJNQ2NZZkdUS2lFVk1IRDZIOGIxa1pFWTN1RkhEWWg3?oc=5
Banco Master,Banking,2026-07-02 16:16:53.446681,,2026-07-02 16:16:53.446681,FINANCIAL_SYSTEM_RISK,CRITICAL_SIGNAL,CRITICAL_SIGNAL,5,1.0,CRITICAL_SIGNAL,0.82,Will Bank liquidation increases scope of Banco Master crisis - Valor International,A bank's liquidation is escalating concerns about the Banco Master crisis.,"This news could represent a corporate risk for several reasons:

1. **Systemic Risk**: The potential collapse or significant impairment of one bank (Banco Master) can have a ripple effect on the entire financial system, leading to a loss of confidence in other banks and potentially triggering a broader crisis.
2. **Banking Sector Concentration**: If Banco Master is a large player in the banking sector, its failure could disproportionately impact the overall health of the industry, exacerbating systemic risks and making it more challenging for other banks to recover.
3. **Systemic Contagion**: The news that Bank liquidation increases the scope of the Banco Master crisis implies that there may be interconnectedness between Banco Master and other financial institutions. This can lead to a situation where one bank's failure creates a ""domino effect,"" causing other banks to become embroiled in the crisis as well.
4. **Market Volatility**: The potential for widespread banking sector instability could lead to increased market volatility, making it more challenging for investors to assess the value of Banco Master's assets and potentially leading to a sharp decline in its stock price or even a complete loss of investor confidence.
5. **Regulatory and Operational Risks**: A bank failure can also raise concerns about regulatory and operational risks, as it may indicate weaknesses in a bank's risk management practices, capital adequacy, or ability to withstand stressors.
6. **Loss of Investor Confidence**: The perception that Banco Master is facing significant difficulties could lead to a loss of investor confidence, making it more challenging for the bank to raise new capital, access markets, and conduct business operations effectively.

In summary, the potential collapse of Banco Master has far-reaching implications for the banking sector as a whole, highlighting the need for vigilance, monitoring, and proactive risk management strategies from regulators, investors, and other stakeholders.",Google News RSS,https://news.google.com/rss/articles/CBMiuwFBVV95cUxPTmdfMUt3MzhGczJLeXRmMm1UZVQyemhCQThDZlRWcnFpU0dpMkl6ajlRUkY4NUwyVXN1REpjZFc0aDhycDVQdHVlQjZwWW5HMWUzY3l5RjhSc0ZYYkxVdDN4S3V6bWpCQnZoSDZiRXhmMTBtVy1zWS1JUHRtQ0Z2UFRKWTVXUEptSWYxR1A3NkwzRVRoZC1OVDczZDduZDctRVdQWkdQLV91Zzk1YW1TZ3FoUi1rbk0tdXdF0gHKAUFVX3lxTE11Vlc5Nm1kRFVmU20zUUxzSWNmQnFYTldvSUJyVnlGZUI5SnBESmRWaENXMDBpRlhLNGNEQTNuNVM4R0d3eTdTNXRuZWIzNTAxUktFQ1FYdkJTcnFha1NidFl2Vy1weFBFUmRXNGNldVhHZkVVQmhtWl9kZUtrblRiUTBoUTdVWDgyR1Y4RXJ4MGpma0V3SkhESWZRWHVzWDBhbkQxRW1FWjFwZEh6a3ZoZThnZHdteVBiX0ZObmt2bXh4Q1Vqa3BvbUE?oc=5
Banco Master,Banking,2026-07-02 16:16:53.446681,,2026-07-02 16:16:53.446681,FINANCIAL_SYSTEM_RISK,CRITICAL_SIGNAL,CRITICAL_SIGNAL,5,1.0,CRITICAL_SIGNAL,0.82,Brazil central bank liquidates Banco Master's Will as Mastercard suspends cards - Reuters,"Brazil's central bank has seized and frozen Banco Master's assets, following the suspension of Mastercard-branded credit cards by the bank.","This news could represent a corporate risk for several reasons:

1. **Banking crisis**: The liquidation of a major Brazilian bank, Banco Master's Will, suggests that there may be underlying banking system issues in Brazil. This could lead to a broader banking crisis, affecting not only the bank but also other financial institutions and potentially the entire economy.
2. **Mastercard brand damage**: The suspension of cards by Mastercard due to the liquidation of a partner bank could harm the reputation of the Mastercard brand. If customers perceive that Mastercard is not able to support its partners, it may lead to a loss of trust and confidence in the brand.
3. **Payment processing disruptions**: The liquidity crisis at Banco Master's Will could disrupt payment processing services, potentially affecting businesses that rely on these services. This could lead to financial losses for these businesses, particularly those with complex payment structures.
4. **Systemic risk**: The failure of a major bank and its partner card issuer like Mastercard raises concerns about systemic risk in the global financial system. Other banks and financial institutions may be at risk due to interconnectedness, leading to potential cascading failures.
5. **Regulatory scrutiny**: The news could attract regulatory attention, potentially leading to increased oversight and stricter regulations on banks and payment processors. This could result in higher compliance costs for Mastercard and other affected parties.

Overall, the liquidation of a major Brazilian bank and the suspension of cards by Mastercard indicate potential corporate risks related to banking system stability, brand reputation, payment processing disruptions, systemic risk, and regulatory scrutiny.",Google News RSS,https://news.google.com/rss/articles/CBMixAFBVV95cUxQbi01b05tWjUyRXh3YWpMdXpvNVVjQ1BmWDlGN3BFOEl2ZEVqQ2ZBdUoxSXRHSW02eXV3c0dqMWljYmtuU2ZweWpDVXo0Zmw2V1hFTmdEUEExWU9HN2xqTEtnNG8zNDhGNnNxX0VxYmhBYjhpRm1MaWJDVlJGYkdzczdGTmRSZ1VGanpwS2l5WVNOX2t1MEUwdXBnZml6UU5FUkZ3RlpvbHZmaVpzUlhWT29pQ0FKa0dOSkI4MUxXcjlWSVRj?oc=5
Banco Master,Banking,2026-07-02 16:16:53.446681,,2026-07-02 16:16:53.446681,FINANCIAL_SYSTEM_RISK,WEAK_SIGNAL,WEAK_SIGNAL,2,0.6,WEAK_SIGNAL,0.43,Mastercard sofre impacto da liquidação do Banco Master - Bloomberg,,,Google News RSS,https://news.google.com/rss/articles/CBMiqAFBVV95cUxOOWhfUWFFdHhqNTRTMW43aV9yWkhibDJSdnAtUWI5UnItMkZjQ1prSUx1QnBUcXVVSWJ1c3IwbTBFTkNkUktMQk1mRDlPTVBuUmFERVRRSF9UR3FJQk9nbWhhOEtZQXZnMGRZUlBJUDduQndnTHZXbWc1a0NObHVKUEJITEZkNURneTU2R3VDTWY0VnZveU1tQ1E0c1NrTHhpT2dITUJqSnA?oc=5
Banco Master,Banking,2026-07-02 16:16:53.446681,,2026-07-02 16:16:53.446681,LEGAL_REGULATORY,WEAK_SIGNAL,WEAK_SIGNAL,2,0.5,CRITICAL_SIGNAL,0.34,"Ioannis Alexopoulos, Duncan Grieve, Pietro Grassi and Nikara Rangesh examine the Banco Master fallout in Thomson Reuters Regulatory Intelligence - Signature Litigation",,,Google News RSS,https://news.google.com/rss/articles/CBMihgJBVV95cUxQaHNCM3lrUzlxOS1Bb3pNd0g2NUVKTTlDRmU3SlRwV0ozZ3V2YUZNd0tOOXk3ZVU3cVVVc3VTRVItbnZZTy0zMGczc3JqVXNON1RjeW8xTUNMWUh2SHJ2eldVSzNjOHNhYkYzNjE2cFYxOWhhWUc3Q0RIczRrUEhFMnYwbUwwckFHbFZPNjQ5TDBUa3hjSzdvMjJQNTk5cG90eVdRM3VGc3JpUEI2ZGhaMndEU1p0VWRtMnM1V00xR0VLQWtJeWNaOGhyZVN4dlg5dFp2Nm9pY2R3bWRyQ09aWWV1czBtMDEtTHdVNlktWGxhXzRUZV9FckZvSW4taVZrQm40NHlB?oc=5
Banco Master,Banking,2026-07-02 16:16:53.446681,,2026-07-02 16:16:53.446681,LEGAL_REGULATORY,WEAK_SIGNAL,WEAK_SIGNAL,2,0.6,WEAK_SIGNAL,0.45,Brazil police serve warrants on businessmen in Banco Master probe - Reuters,,,Google News RSS,https://news.google.com/rss/articles/CBMiugFBVV95cUxOQkdQdm5xRzVEWXBkRUlsclNpOEJlcE9ZdHg1NE1EX2tnMmF1UVRIc1JqSlMxUTNCVV9MNDVnOFlJQ1pEUnBrRV9kb1ZKN1ZIQVgweFFXejVWTlNzUVd4TUdHR25GQU1BdG9PWjRXYmp1SGd0cXpPWDg3Sk91R08tc1lQdC1TM1U5NjhhN242THdva3NuZmg5T2l0NW1KN0huTDVaaDlqNzB2WGxTY2QwNDg2T1JXRGdpOHc?oc=5
Banco Master,Banking,2026-07-02 16:16:53.446681,,2026-07-02 16:16:53.446681,FINANCIAL_SYSTEM_RISK,CRITICAL_SIGNAL,CRITICAL_SIGNAL,5,0.9,RISK_SIGNAL,0.6,"BRAZIL FEDERAL POLICE FOUND THAT WAGNER ACTED IN FAVOR OF BANCO MASTER IN MATTERS RELATED TO THE FGC CREDIT FUND, PAYROLL LOANS, AND THE ACQUISITION OF LENDER BRB - SUPREME COURT DECISION - news.cgtn.com",Brazil's federal police found evidence that Wagner acted in favor of Banco Master in various matters related to the FGC credit fund and other financial deals.,,Google News RSS,https://news.google.com/rss/articles/CBMibkFVX3lxTFAxLVVyWVpNVUFvQmNBeElRNDVqdnN6MW5fbDJsUE9kdjNEZnpjamFyUVVzbFFmSnhZdFlVM0pfdmlHdWFJdlVqUy1TOTUyamdXVzAzWFQtMHVCU2JGUG54RXdTUE9LOHBlYUhUQXRR?oc=5
Banco Master,Banking,2026-07-02 16:16:53.446681,,2026-07-02 16:16:53.446681,CREDIT_LIQUIDITY,WEAK_SIGNAL,WEAK_SIGNAL,2,0.6,WEAK_SIGNAL,0.61,Banco Master scrambles for liquidity - Valor International,,,Google News RSS,https://news.google.com/rss/articles/CBMipgFBVV95cUxOdnJURDNqN2pickF4dUE1X3ZLQkw2N3RjNGpqdE1vVUFXTGJUWXdHazlRWUo0S2tMVWVOWjRZSzZ1S2VDVGIxeFNWaXBLZmYzWEZndHhPeVNqV2lxd1cyZVJtYlZDVjYzcTVUdjZQdndVR0dBVmRycmFNUXBOMGMyQ3lzWmRmeXFFeFJjZGJwX2x0Ukpza0xVbHB2cUMtOWtTU0ZrZU5B0gG0AUFVX3lxTE9QZGR3czZnV0REbDBFS1Q0a3dwbGFVTXh4X1BLQ19URkdIdmJQbGVrT1lRc2NUTURqYTdBZGhrd2FkNnhlWVhUaWRqSERiREMtMndsSDB1ZnhCR2RRakFsRmVJWEZLWkE3ZF94RnRlcmEtUWNkQ2ZOYUFCS2hDLWZZTC1Pc0lZYjJBLUdoUFFPcTFUeGxFNEtsTEUzREZTNFl6Zmg2R2NvUm9aNHpYOVRWUk56bg?oc=5
Nubank,Fintech,2026-07-02 16:16:53.446681,,2026-07-02 16:16:53.446681,GOVERNANCE,WEAK_SIGNAL,WEAK_SIGNAL,2,0.6,WEAK_SIGNAL,0.49,"À CNN, CEO do Nubank não descarta comprar banco para ter licença bancária - CNN Brasil",,,Google News RSS,https://news.google.com/rss/articles/CBMivAFBVV95cUxPRzY5c3VUUnZGSFc4UTNFdGNVT1FDQTNQczJZbE42TzdLLWpjci1vcVFLb2VORC1MMG94RHdHSUVIUjRPb3Z2U3dOdzNBVXAwaVRxUnI3Nl9ndUREVHJ2MDNfak9oM0tVV3lIQkMzUUlvN0NsTnhjdlE1MEVfNW5XdjdIaDJSZFp5bDB5TWd6Vkh6OWJ3dmF6ZTd1Qm1OZ0JZWE5hLVpKbFowVFJKN3FHbVhVdnNjNVJWamFTXw?oc=5
Nubank,Fintech,2026-07-02 16:16:53.446681,,2026-07-02 16:16:53.446681,FINANCIAL_SYSTEM_RISK,WEAK_SIGNAL,WEAK_SIGNAL,2,0.6,WEAK_SIGNAL,0.41,"Following BofA, Citi downgrades Nubank due to risk in its loan portfolio. - NeoFeed",,,Google News RSS,https://news.google.com/rss/articles/CBMinwFBVV95cUxNZElsY1RaM0pfOFFBckg5NFF3UGhNYW9iRnFUS202SnVCNTFmcHpuU1FoNVBUMnJid0pfcmZfSl9HMlNKdWl0MUFCWF9CSnNNTXZibFZzYWRHRExiWVZNY3d3eXZnTGJvLU5GaEJXLV9obDBXTDNhdmFBN05IdXF6eFFMUjhsYV9lR3lhU1h4RGZFLTE0X3daWXltLVpEN2c?oc=5
Nubank,Fintech,2026-07-02 16:16:53.446681,,2026-07-02 16:16:53.446681,GENERAL,GENERAL_NEWS,GENERAL_NEWS,1,0.2,GENERAL_NEWS,0.47,"Nubank launches payroll loan portability with competitive rates, transparency, speed, and security - Nubank",,,Google News RSS,https://news.google.com/rss/articles/CBMi2gFBVV95cUxORHo5WHgzQTMxeXRtLW12eVdIcE9WVzRnT3Q5blhTWmdseWt4bHE3blJRZmUxbFNaRjJCN29qeG94ek1vWDhEU1VkRXRzT29GNzlkdWhsX0FJTUNDTTd3X05RaVZERG9ScnVkVjFaNTRGRk9tcTRHNjZ5NTVnNGVYWmNpLXFPSmFFN2JrS2g4TXY0MkZpTkhCNzRIXzV1SVBnSnRmM2ZjMGhYRWYzSXc0MHpCQUh3bG1NazlqeEVqX285bllLcVZoWmxWa0dlb2tFcmRDNFZhTUlSQQ?oc=5
Petrobras,Energy,2026-07-02 16:16:53.446681,,2026-07-02 16:16:53.446681,GENERAL,GENERAL_NEWS,GENERAL_NEWS,1,0.2,GENERAL_NEWS,0.47,ETFs que Investem em Ações de Petroleo Brasileiro SA Sponsored ADR - TradingView,,,Google News RSS,https://news.google.com/rss/articles/CBMiXkFVX3lxTE5hWkZqeGFLaUlQd0F2dGl0TGVUN1ZMUU80SlBodTY0bTF1Nnc2a0txTDV1UDNLYUFZdHlMcll0RWo4cE5KZE5UZWdBWEN4QjdnZUU1YXUyX3g5VEY1d3c?oc=5
Eletrobras,Utilities,2026-07-02 16:16:53.446681,,2026-07-02 16:16:53.446681,GENERAL,GENERAL_NEWS,GENERAL_NEWS,1,0.2,GENERAL_NEWS,0.45,Lava-Jato investiga Eletrobras e 15 empresas do setor elétrico - O GLOBO,,,Google News RSS,https://news.google.com/rss/articles/CBMipgFBVV95cUxNT2RNUDhqR01mNFd2cEVfU3c1eGNaYUplcl95bk1SQnh5c084TTZULWh5cHhpc0NRREMtT1VJLVVFN0dhaEFxeDd2elpfOEQ4b2pfMDdySnZHVTE1OEMyTlFXSzFSRGJoTnFMbWwyelQ0MFBTM1JNRWFwTnU5UklmcTNsUXlDcU56VVlfRWR3WVdnM1Z2d1BUNnJlTldjZWxRMk1PakF30gG0AUFVX3lxTFBaRjJ4S1dhc1Q3V1M3aHp0dzBHN1FMMVhjUm41bUMtMlo5MUJCRkhaemJYT0FYRzVQT05FY3BvdkhyQlo2b0VlMk9kcnJJV3I5UGRhb1RzcFRtcWViZXBBaVpaRXc2aVgxXzlTMVBXZWpTcVhzYS1ESTlzOWctRmMzRndRR3Z3R01IYk5wbG1Td1N2eWZzYm1fSEpTcWJESVpsSjlSMEd1aldJN2Q3UTl5eHhGbg?oc=5
Braskem,Chemicals,2026-07-02 16:16:53.446681,,2026-07-02 16:16:53.446681,GENERAL,GENERAL_NEWS,GENERAL_NEWS,1,0.2,GENERAL_NEWS,0.4,Crise de caixa impede ganhos da Braskem Idesa com petróleo - Bloomberg,,,Google News RSS,https://news.google.com/rss/articles/CBMirgFBVV95cUxON1NnWmZnek9FR0c2VnlkQUEyalc0X1IxLWZwRGZSM3RkUkFGS2l5Y2s5M192VGh2SEJRNGhUMTN4Zzg0TGh5MkZJZEdkTHZwaFB0MGdxZFNiZnVlc2VDRWNjUmxIM0tmVDZRWS1SX25waHpQWkVDbFdDTVJtY0RVYlVjZU9rMjFmWldkeWJ4SXMxaWxkNUlsZ3pWcE5KM015cGI5bmY1bzVhNWkxQ1E?oc=5
Braskem,Chemicals,2026-07-02 16:16:53.446681,,2026-07-02 16:16:53.446681,GENERAL,GENERAL_NEWS,GENERAL_NEWS,1,0.2,GENERAL_NEWS,0.44,"Braskem negocia recuperação extrajudicial antes de julho, dizem fontes - Bloomberg",,,Google News RSS,https://news.google.com/rss/articles/CBMivAFBVV95cUxORXB4djhpR09VcnBFYjdXUnRRY0liRXNzUmk0ZEZWcWo2a0hkeVl3c3hBM3JYNVp2cU1WbGF0VjA2TGxUY21hcXdsaEpxclY3U2cwMXVYN280dXhaMFlWZnhqNm0xTTNuaFBFZ0syMHlVaHBwdllaUUhEemplcUlqYzk1LVpLbm80ZGlPNEwzQkV6b0sxYjNZSzg3OVFwM2E4N05BQmR4TXBjMXU4VWlLVVJqa2h2U0Vqa3gzWg?oc=5
Braskem,Chemicals,2026-07-02 16:16:53.446681,,2026-07-02 16:16:53.446681,CREDIT_LIQUIDITY,WEAK_SIGNAL,WEAK_SIGNAL,2,0.6,WEAK_SIGNAL,0.42,Braskem recorre à cautelar com impasse nas negociações da dívida - Bloomberg,,,Google News RSS,https://news.google.com/rss/articles/CBMitgFBVV95cUxQaHpLNnpMZ2dNZE54SVFtZjMzOUFTcDlmVmhqUi1NdHVyMnRnWndFSUxZU0Nza3JpbjFpYXM5NnpuUWFsZ0Itbk1pR3BqMjZjTV95OTR0cExyZU5qckRrZlNWUGtZZV9tVDJJYzJyRGpSY2hoMkJsS1J2T3k0dm9XcVBoMzZRSVZJOEF4QWtyX2JMVUZwRS0wQ0NiM2ZaTU9zbXFsZVI0OHF5RWs0SjNRemJaVEoxdw?oc=5
Braskem,Chemicals,2026-07-02 16:16:53.446681,,2026-07-02 16:16:53.446681,FINANCIAL_SYSTEM_RISK,WEAK_SIGNAL,WEAK_SIGNAL,2,0.6,WEAK_SIGNAL,0.58,Braskem tem execuções suspensas por 60 dias após decisão judicial - Valor Econômico,,,Google News RSS,https://news.google.com/rss/articles/CBMiuwFBVV95cUxOU1FXS29QQlhvWk9McWhFT25KR0tyYXYxQU4yaTB6a3h3SzJWTUpvSmhoa1R1ZzNLek1FcXFvMTdTZTQ1RURIQTd2cWsxbDRDQ3hPaHNadndlTEJkS2ZkYnZURGZfSlY0SnZra1F3VFpVX25hd20tMGo3dGdfWk9wZUZqUS1lNnQtampFcnNseVhBNF9MZF9FMlpLeVppOGJEal9VY0d1TzRpam5yT2F2QVFHOVo5dDV0ZXFJ0gHKAUFVX3lxTE8zcWg0NWNBU0wtZUZDNGxlem93UDJfbDNyM09Sa05EUW1GVFJ2RjdUbHo3eDhIc2dwUkw0b19EdV84cWJ5MGFMcnhRdDIwUFFpRHlqRGtVVjI0VENQMTg5ay1RNHBKS1BCSGF5OGZNNXQyNjFJc24tQzZ5TS1wQ2xONjJ4MTQxRnBNS3pZb1FGSzByYXBFRURYa2dtMW1YLWNOaEhZeHNWRHRXUmtfSFEydFl4b0JYX3BuMnExLVdHVVRlQlFrSndhbVE?oc=5
Braskem,Chemicals,2026-07-02 16:16:53.446681,,2026-07-02 16:16:53.446681,CREDIT_LIQUIDITY,CRITICAL_SIGNAL,CRITICAL_SIGNAL,5,1.0,WEAK_SIGNAL,0.34,Crise de liquidez na Braskem Idesa deixa credores em alerta - Bloomberg,A liquidity crisis at the Brazilian company Braskem Idesa has left creditors on high alert.,"The article from Bloomberg reports on a liquidity crisis at Braskem Idesa, a Brazilian chemical company. Here's why this news can be considered a corporate risk:

1. **Cash flow issues**: A liquidity crisis indicates that the company is struggling to meet its short-term financial obligations, such as paying bills and suppliers. This could lead to delayed or missed payments, damaging relationships with creditors.
2. **Creditors on alert**: The fact that creditors are now ""on alert"" suggests that they are taking notice of the company's financial struggles. This increased scrutiny can be intimidating for the company, leading to a loss of investor confidence and potential liquidity crisis exacerbation.
3. **Potential insolvency risks**: A prolonged liquidity crisis can increase the risk of insolvency or bankruptcy. If Braskem Idesa is unable to resolve its cash flow issues, it may need to seek protection under Brazilian bankruptcy laws, which could have significant consequences for stakeholders, including employees, creditors, and shareholders.
4. **Operational disruption**: A liquidity crisis can lead to operational disruptions, such as reduced production or shutdowns of facilities. This can impact the company's ability to meet customer demand, leading to lost sales and revenue.
5. **Reputation damage**: The news of a liquidity crisis can harm Braskem Idesa's reputation, affecting its brand value and making it harder to attract investors, customers, and top talent in the future.

Overall, a liquidity crisis at Braskem Idesa poses significant corporate risks, including financial instability, operational disruption, and reputational damage.",Google News RSS,https://news.google.com/rss/articles/CBMirwFBVV95cUxOWjUxS2VqcXRZbDdOb1V3R2s0MXJ1Z3VYRjFfMFU5MnhINDB6S2o0WjF1Z3I2emRhQlQxQ3ZhMDJCdm8yN05CeDhERFcxRmhoY0Y4azQxRXFldWdqdVotYTBFLXd5NW5JN2dKVWFHS0hWbWV6WDNMSjhPTS1McElnVDVpVWFlbE1idmFwVWdkaVRpNDF5bGx2NG9mWkFSeUtnbGpOZHdEYlZvVFBLb2dF?oc=5
Braskem,Chemicals,2026-07-02 16:16:53.446681,,2026-07-02 16:16:53.446681,CREDIT_LIQUIDITY,RISK_SIGNAL,RISK_SIGNAL,4,0.7,WEAK_SIGNAL,0.36,Braskem inicia processo de mediação e pede cautelar para proteção contra credores financeiros - TradingView,Braskem has initiated a mediation process and requested a protective measure to protect itself against financial creditors.,,Google News RSS,https://news.google.com/rss/articles/CBMieEFVX3lxTFBKdUpnZEQzZkhNOFhWMFRJSkVxVl93MjdLOTlaMTBpWmNocmZDeWRRRXFlb2NYWHN6c2VIZkpBamc5MTQzSlVVTFlRTDNYT0ZwWkxKd1V3bl9xZGt5TVY4bXEtZUZvY3ZkMWx3X1llWVp6UnlnRHAxbg?oc=5
Braskem,Chemicals,2026-07-02 16:16:53.446681,,2026-07-02 16:16:53.446681,FINANCIAL_SYSTEM_RISK,WEAK_SIGNAL,WEAK_SIGNAL,2,0.6,WEAK_SIGNAL,0.51,"Braskem alerta sobre risco de continuidade, e prejuízo aumenta - Bloomberg",,,Google News RSS,https://news.google.com/rss/articles/CBMisgFBVV95cUxQc2duYmFuaW5KdjV6eXRESWx1Nzh1WDdkZVhvOHhmR1hYOTVqVjZnWk9qYnpvNEFOcGZfV0RQVV9pVzBBcG1LR2t3cDdMU3dmeTlKTEdPTm1kLXd3djA5cy00cEluaXJTYXNLdFhEc2tiQ1JMWkQtMVhmQ3lqb3FaTTNPTFdBOE1TOC11RGI2LVY0UjJHallIZV9BVXdrYkNkbUZ5dnRQcmFvd0VtcEVJUWdB?oc=5
PagBank,Payments,2026-07-02 16:16:53.446681,,2026-07-02 16:16:53.446681,GENERAL,GENERAL_NEWS,GENERAL_NEWS,1,0.2,GENERAL_NEWS,0.41,Jota recruta ex-Nubank e PagBank como líderes em duas áreas - Finsiders Brasil,,,Google News RSS,https://news.google.com/rss/articles/CBMirgFBVV95cUxQbk93N3ZpTEVqRWo3WFROWk5zUWc3eGJCWHhUdzJPZktZcEQ4QVBlMVViaU1weTJoMF9scVVuWGRYVEt1dGxyNFNSN3RpajFxdHFITUV0QXhock9ZN0VTOHFIdlUtbnl5YXkyYVdPR2VsNF9LQTBId2FGV2owU1BGaWlQUkxPdDNWUjJzNlgtQlpJY0xXUEs0R0ZxaV9zZ2NuNVZvckRhbWZCaXRYSkE?oc=5
Braskem,Chemicals,2026-07-02 16:16:53.446681,,2026-07-02 16:16:53.446681,CREDIT_LIQUIDITY,RISK_SIGNAL,RISK_SIGNAL,4,0.7,WEAK_SIGNAL,0.4,Justiça suspende execuções de credores contra a Braskem por um prazo de 60 dias - O GLOBO,A Justiça brasileira suspendeu as execuções de crédito contra a empresa petroquímica Braskem por 60 dias.,"This news could represent a corporate risk for Braskem, a Brazilian petrochemical company, due to the following reasons:

1. **Uncertainty and unpredictability**: The suspension of creditor executions by a court judge creates uncertainty and unpredictability in the company's financial management. This can lead to difficulties in managing cash flow, making investments, and planning for the future.
2. **Potential for extended periods of debt collection**: A 60-day suspension of creditor executions may not be enough time for Braskem to resolve its debt issues or implement restructuring plans. If this period is prolonged, it could impact the company's ability to service its debts, leading to increased risk of default or bankruptcy.
3. **Increased scrutiny and reputational damage**: The court's decision to suspend creditor executions suggests that there may be concerns about Braskem's financial stability or governance practices. This can lead to increased media attention, investor scrutiny, and potential reputational damage if the company is unable to demonstrate its ability to manage its debt burden.
4. **Impact on access to credit markets**: A prolonged suspension of creditor executions could make it more challenging for Braskem to access credit markets in the future. Investors and lenders may view the company as higher risk, leading to reduced access to capital and increased borrowing costs.
5. **Potential for longer-term structural issues**: The root causes of Braskem's financial difficulties are likely to be more complex and systemic than a simple court decision. A 60-day suspension may not address underlying structural issues, such as over-capacity production, lack of competitiveness, or poor governance practices.

Overall, the news highlights the potential risks associated with Braskem's debt burden and financial stability, which could have significant implications for the company's operations, investors, and stakeholders.",Google News RSS,https://news.google.com/rss/articles/CBMi4AFBVV95cUxPdVdQNHVFZUhBVF9sRFU4ZnMxLWw2N3dRbS1IMXA0SGpyU0tkODJ5dnBNWVUxa1dDMHFhYmZGaFdFR3hxQ2hwV1dJY0dSMFU3eGVjZ2VfNXpyODZPYjhYbnJuWS1NdVoweVN5TWE5OHNtT1haeU1QZVpxal9fM3ZmVHpFR2Z0WWJEaGlHZmRfcTlmRklCNDQ4MzNJSnNZQlFuZ3h2VEstaXZwLURDVUtBQXdhcy1Kdk1iU3NiaEhCVlNfZW5ONGJfenZxd2ZuWnRFSUtVd1kySmFiYjFDTHRMVNIB7wFBVV95cUxOOGFPbXJRbzRSVTNyUVlWMG9yTk9NWHRrdUVGdUlqOW52WVF3WEZ3UWl0UDhLU2dEOGtBWl81TzlsLS0zdXowVi0yRXJLcDhnV1REYUhhZUdlTWxFcjVNLUg4Vi10SkpxczVWS09oVjdORlBqRzd1aXZIbTVvYW5xUjIxYm1xN0V3ZUVSR3hhODlNSmNRbEZBMGJfdnZUbHVqYkFNY3BtaTltcTJkdHpKMWZmQnE2c1pRaHY1aHROUU5hd0psc2pRM25KbnBwenB6dURkZ0NDQm1NZHlsT21ZUmhod0ZmMWVJYm9nb3lSYw?oc=5
Braskem,Chemicals,2026-07-02 16:16:53.446681,,2026-07-02 16:16:53.446681,CREDIT_LIQUIDITY,WEAK_SIGNAL,WEAK_SIGNAL,2,0.6,WEAK_SIGNAL,0.38,"Braskem pede alongamento de prazo da dívida e juro menor, diz fonte - Bloomberg",,,Google News RSS,https://news.google.com/rss/articles/CBMiuAFBVV95cUxNVzNveHFIVDBqNmxVZmVTbG5JTXVnQlJaNTNHWFktVUlVYTA2dk1wV1MwMW1JYmZERWFwQThFdGtKRFppaXd5WUVud2EwS0ZSTEN4X0I0Q3gyaXhOYXpBUHlVRkFFRlc5ZGV1VVBWYTk0ejRUdzRMMU5Sa1BHdkoxRktpUU04QlV5ZjlDWERienhHczNoQmtFMXBvZW5MTmNpWDVoVE82SHdrUGpKYnAxc0gxWFRFMXdR?oc=5
Braskem,Chemicals,2026-07-02 16:16:53.446681,,2026-07-02 16:16:53.446681,CREDIT_LIQUIDITY,RISK_SIGNAL,RISK_SIGNAL,4,0.7,GENERAL_NEWS,0.4,"Braskem planeja pedir proteção judicial contra credores, dizem fontes - Bloomberg",Braskem está planejando pedir proteção judicial contra seus credores devido a problemas financeiros.,"This news could represent a corporate risk for several reasons:

1. **Financial Distress**: The fact that Braskem is considering seeking judicial protection from creditors suggests that the company may be experiencing financial difficulties or debt crisis. This can be a sign of underlying financial problems, such as high levels of debt, declining revenues, or decreased profitability.
2. **Creditor Risk**: If Braskem is unable to pay its debts, it could lead to a situation where creditors are left with little to no recourse, potentially resulting in significant losses for them. This can be a risk not only for the company's stakeholders but also for other businesses that may have invested in or done business with Braskem.
3. **Regulatory Risks**: Seeking judicial protection from creditors may indicate that Braskem is struggling to comply with regulatory requirements, such as debt obligations or capital adequacy standards. If the company is unable to meet these requirements, it could face penalties, fines, or even be forced to shut down.
4. **Loss of Reputation**: A situation where a major company like Braskem is forced to seek judicial protection from creditors can have significant negative consequences for its reputation and brand value. This could lead to a loss of customer trust, decreased market share, and reduced access to credit and investment in the future.
5. **Systemic Risk**: In some cases, corporate failures can have systemic implications, such as disrupting supply chains or causing economic instability. If Braskem's financial difficulties are significant enough, it could potentially affect not only its own operations but also those of other companies that rely on its products or services.

Overall, the news highlights the potential risks associated with Braskem's financial situation and suggests that the company may be facing significant challenges in meeting its debt obligations.",Google News RSS,https://news.google.com/rss/articles/CBMiuwFBVV95cUxQTTAwRUpndks5dURMelJLVjNpcmxNeS04SjdqazA3NjVFZFBiSUZrMjFJOWJ1UVAySVRaRFdqV2lNR0dSQjNpVW1kUXVJUG9pd2ZjQlhvdXdkY2hfbUQxNVF5bkJMSDA1Sk8xbkc2VjgtSkxEOVkwLTVBUVR4Nmdub2FHOVA0QUNVM3RKMl9GNmdFZ0ZpSlktTVJNMktwc0xYVG9yODk2RW1heVJsNllmMW5NVC1VaVlpNUYw?oc=5
Petrobras,Energy,2026-07-02 16:16:53.446681,,2026-07-02 16:16:53.446681,LEGAL_REGULATORY,WEAK_SIGNAL,WEAK_SIGNAL,2,0.6,WEAK_SIGNAL,0.52,CGU multa empresa em mais de 500 milhões de reais por fraude em contrato com a Petrobras - GOV.BR,,,Google News RSS,https://news.google.com/rss/articles/CBMi2wFBVV95cUxPTzhZVnJ0SG11TkpZWFZIZElJYVdKMUd0bWlSU09HYzFsbEsxd3JFemVWTHg1UC1GQzJIZ2lBS0NDS29COUJ4azc5VjUyQVBSR0IxMm1IamQyQXEzYWJjQUtBVm1nRzdCaTdXUi10ZzN5cHVDQmIxZ1NWVXd6ZGpOXzNsd1dMUkU0cFVTLXZqWEJObUh3Z3dxSEpvbF9oemQwUXFSVmUtWmc3MmpURVFpdHh6cFRTaTZDcTFJWXNOdm9EeDdQaUFyU0hlYWltTExCU0FISG1YY2s4WGc?oc=5
Petrobras,Energy,2026-07-02 16:16:53.446681,,2026-07-02 16:16:53.446681,REPUTATIONAL,WEAK_SIGNAL,WEAK_SIGNAL,2,0.5,GENERAL_NEWS,0.39,Brazil elite profit from $3bn Petrobras scandal as laid-off workers pay the price - The Guardian,,,Google News RSS,https://news.google.com/rss/articles/CBMimAFBVV95cUxNYXFXUEtTUHh5WjhuX01XdDVoeFN4VEpOTkpmanNPNzN2LWJIWUROWVVhcGNYdG83QVRsSW92V0xNZUFwNlE0bHVWZXNXU1l1dF9lLXZqRzNQa1MwNFV6aEdFQm1kck4tdXl2NUt4Wmw0WWNLamdCMlF4TlVORlg4NUFSTXU1aXIyZFJTSFRlV09QeWJaSHVidQ?oc=5
Stone,Payments,2026-07-02 16:16:53.446681,,2026-07-02 16:16:53.446681,GENERAL,GENERAL_NEWS,GENERAL_NEWS,1,0.2,GENERAL_NEWS,0.6,StoneCo Stock: Credit Portfolio Growth Flashbacks Of 2021 But It's Different (NASDAQ:STNE) - Seeking Alpha,,,Google News RSS,https://news.google.com/rss/articles/CBMiwwFBVV95cUxQMWdQdmFiNWdNSEthYjhfUFQyWXk5eXBDQ29LdnJXcWMzcFVLTTRWQVFDbk9seC0xenlYMkdLdkZmMlRUeEtFOVVLeDREd2VWYjBFZDZzWUo5NTFTaHJEQnpaM1EwLTEyREhBWWd2R0p1cTRTNkdNdllwU3QyQVUzVWpzTUZZcjFld28tRmVQT3pNWjdhdVNITmFlUjd6ODlRTFR1SG01LUtERXE2RjZYdEtxek5LeXB1SXB5dlFwSndwZmM?oc=5
Petrobras,Energy,2026-07-02 16:16:53.446681,,2026-07-02 16:16:53.446681,GENERAL,GENERAL_NEWS,GENERAL_NEWS,1,0.2,GENERAL_NEWS,0.49,"Does Brazil Need to Send Oil to Help Cuba? Brazilian Social Movements Demand Humanitarian Aid, Claiming That Petrobras Has Enough Resources to Prevent Cubans from Suffering Due to Trump’s Sanctions - CPG Click Oil and Gas",,,Google News RSS,https://news.google.com/rss/articles/CBMi1gJBVV95cUxNTXJlZjMwaHpTeTRrWHRPdzVybUxVQXJwamFCTmY3OHlrZFI2U1g2MXFDSmRSbFEwWXlnVmhDaThGZGZTUFVtVlpZV0pLeEJ6SUM3amh0aENzbVBSaTc4WE85NWVnbkdTZ0V3dzg1ZEItazhQMHAyc2hOX3hTR3FrZHhOenVpU3o2LTVuTFlfMDhKSU1WM0p6ZERXQTlOQ0FCNE5mX085ZzhBdEttRmQ0UXZrQXpMOGJBN2FyV0t0WXNPV1p6Z1k2Ml9PaXprR2ZTNl9YNlp6VXo3Y0pWeG9WN0Y5Vk1QaV9TQkJsSjBfMlZ0SFduTEJhOGhWcFBpVUI0ZmM1ZjRhVXNkeTYwTlU2aUxrV2JJanA5cjRSR29DajFUMGFueTcxY0pZamR4Z1RNRUFGdUVvY2ljbnl5Nzc0R2U4QUl5VDVBVUpndFJjNXM4eHlnZnc?oc=5
XP Inc,Financial Services,2026-07-02 16:16:53.446681,,2026-07-02 16:16:53.446681,GENERAL,GENERAL_NEWS,GENERAL_NEWS,1,0.2,GENERAL_NEWS,0.5,General Atlantic Completes Investment in XP Investimentos - General Atlantic,,,Google News RSS,https://news.google.com/rss/articles/CBMiowFBVV95cUxNTWV3cGNUV2N6MERCc2l2Y0tMS3g0VkZYUGt0bUE3SkNNR09WcWdUSjRnSDJodkhaVDBBOHFWdzBiWHJnSnZfaEhGMTdVREtzNUJVbzNpNWJPc0tBS1psQUVVNFo3WlFRcEhJR3N2U1JoYjl2MkJfUlMzbXcxc0FzZjZ6SXdTZ0lmQjFxU3ltMXJ4T3dfZG1tem9EX1ZoLWV1ZnBJ?oc=5
XP Inc,Financial Services,2026-07-02 16:16:53.446681,,2026-07-02 16:16:53.446681,GENERAL,GENERAL_NEWS,GENERAL_NEWS,1,0.2,GENERAL_NEWS,0.53,"XP Inc.: Growth Is Improving, But Retail Flows Are Still Missing (NASDAQ:XP) - Seeking Alpha",,,Google News RSS,https://news.google.com/rss/articles/CBMinwFBVV95cUxNb2E1S2o5by1nMzRxYlk5dHUtLVZSUXIzVWdrUGJ2R3VaNS0tc29lNlVoUlhrSUp0bXoxN2E2Uk15VTFIN01ENlZtZWRFQU9mZUpRbmoxRC00R3NLY01NUUZ0dTNiRFhjMHNnaEtVX3dnWHNrNkFBdEVid2gzM2lBSExXUHVjZWhIZUZBYS1HWUozd3Fua3hEU3dXYS1mNFE?oc=5
Petrobras,Energy,2026-07-02 16:16:53.446681,,2026-07-02 16:16:53.446681,GENERAL,GENERAL_NEWS,GENERAL_NEWS,1,0.2,GENERAL_NEWS,0.51,BR Partners avança para assessorar Petrobras na Braskem: Fontes - Bloomberg,,,Google News RSS,https://news.google.com/rss/articles/CBMiswFBVV95cUxPeFdmR1hhT2JieHZmVlRIbGo0VUpLNl9Cd3BUa000RDZUNzJtcEhWaXh4ZkM1Z2tzUEc5NDZkRXhtZG9Ya09CUGNxejVlTnZKYzQ1OExIUXVDSEZ1a1E4ZUtnOTFzaXAyMDFvR1pTT1JqbXNxRGtORW5VdUgtY0FDXzB2QWxMWG5Gd2ZBQmpheF9fVjBTTGU0QXNWbUV4VFppZ2U2Z3Q1bDl6M1NtZkZRel9BYw?oc=5
Petrobras,Energy,2026-07-02 16:16:53.446681,,2026-07-02 16:16:53.446681,FINANCIAL_SYSTEM_RISK,WEAK_SIGNAL,WEAK_SIGNAL,2,0.6,WEAK_SIGNAL,0.49,Petrobras comercializa primeiro lote de SAF produzido a partir de óleo de soja com certificação CORSIA fornecido pela Bunge - Agência Petrobras de Notícias,,,Google News RSS,https://news.google.com/rss/articles/CBMijgJBVV95cUxQdkVzS1lpZkhRcGYxd0dyVUdabGlacVNjalJTQTVpN2Rfb0tqTGItUzAzTTBGcDR5azA0R1podFF0U3RVOFRvRE00dzM4N3diVkxmT1htMi1VT3dQZGNHYzI0NUpKeTJ0NExZT2hGTUVsQzVCZ2VzampBS1lQSWduUDlpRy1KQmRva052WlZXck1vazZVdVhnRjZIZzFsU2JxNTRfSldGN1pDVEpab2o5UEdINzVBcDFncUE0cmpsMEg0S1FMMmdQbnp1VEl6V2I2dmhyaGxRZkkyNE9NU0pXWVFlY1VMazVGRXFnVHV5enJ0NVdVYUNqYmFjaFZ0aXFGSGd6Y3FhRjdQa2JoOEE?oc=5
Petrobras,Energy,2026-07-02 16:16:53.446681,,2026-07-02 16:16:53.446681,FINANCIAL_SYSTEM_RISK,WEAK_SIGNAL,WEAK_SIGNAL,2,0.6,WEAK_SIGNAL,0.51,Petrobras informa sobre liquidação financeira referente à redeterminação da Jazida Compartilhada de Tupi - Agência Petrobras de Notícias,,,Google News RSS,https://news.google.com/rss/articles/CBMiigJBVV95cUxORy1uTnd1b3ZIdl9FcUlkTlFGam4tRkYwd1VCak5yb2pqa0VHMEJPaWg2bmNxZ1k1WHFrak5qdjRVaTdwOWRIUU45QXE3R1VpZ0hyWTJIMkVHMWxZRkZka3g1RVpmejBOb3pyeXF3OTlaVmJRME9CaGpKUHphUWlEdzZvUHlDM1VGaU1XVXdKMnZVTU1JSnUtN05KVWVZSGFUOXM3U2JfLWlxVXNzYWwzX3lkd1JmMW1xSHE5a1kybmY2VjFXLXZWeTFWWHdzc3UtamtUWktaTUstXzZsQnh3UWcwQTI4MHlGYzJCN1BnbGFNOW1OUkkzNkc5Z2hYVlk3VnYtODAzREdrdw?oc=5
XP Inc,Financial Services,2026-07-02 16:16:53.446681,,2026-07-02 16:16:53.446681,GOVERNANCE,WEAK_SIGNAL,WEAK_SIGNAL,2,0.6,WEAK_SIGNAL,0.71,XP Inc. announces board changes ahead of annual shareholder meeting - Investing.com,,,Google News RSS,https://news.google.com/rss/articles/CBMivwFBVV95cUxOMGo1dkl0UTVwVlhQV2t0RUg2UlVZVVBNR3d5VHVWVFYtSk96RGNTYWVxbkFLVnpfY0sweWUwREVWazZfcGd0Mko5YmppZjJweHdfbWEydHFDemE2S1ZBbWFxTlJpOTNnYXYzUmNaOTNoUkcybzllME1nQXFYdzZLNjJTVnA0WFJQVUszRE5PSHNOakxPNzdEMHBsVzBWbTV3eTVnckFLbTZIcUtYOGIySHc5bnZzaUV6emhnMllPVQ?oc=5
Nubank,Fintech,2026-07-01 03:33:14.071724,,2026-07-01 03:33:14.071724,FINANCIAL_SYSTEM_RISK,RISK_SIGNAL,RISK_SIGNAL,4,0.75,CRITICAL_SIGNAL,0.66,"Nubank Rushes To Become A Real Bank, Pay Far More Taxes, Face Strict Central Bank Regulations, And Remain 100% Digital With No Physical Branches, Changing The Lives Of Brazilian Customers - CPG Click Petróleo e Gás","Nubank is transitioning to become a fully licensed bank in Brazil, requiring it to pay higher taxes and adhere to stricter regulations while remaining a fully digital company.",,Google News RSS,https://news.google.com/rss/articles/CBMi4AFBVV95cUxQaDZoREl3ZGppejFjV2laSGpLTDVQc2pzenNvU08ydjI4Q0ZpdnJtTldTTWZ1LUdMSnNDc1JLSG1jcU9Nal9qVXY4SjZIWUh6cWc1T2kxX3RTUHJFSE9XTTBkNjZQRm5jRnU3Z2tOdW9CbnNLaEw2aG9EbkJCR2Jycmp1WTVRNEVQaTFoa2cxelg5QmNQX1BjQ3dZOGxSS1lDOFJzbkswWk1VLWhFdWQxa1V4RW5XNHBSbU9XRkRIOGZjWnZmTEoza0Z6Y3NGZWRsMDRtVGp3MksxUjJELU1DSQ?oc=5
BRB Banco de Brasília,Banking,2026-07-01 03:33:14.071724,,2026-07-01 03:33:14.071724,FINANCIAL_SYSTEM_RISK,RISK_SIGNAL,RISK_SIGNAL,4,0.75,RISK_SIGNAL,0.71,BRB busca repor caixa após fiasco do Master - Bloomberg.com,The Brazilian bank BRB is struggling to recover from a recent scandal involving the Mastercard payment processing system.,"Based on the article title, ""BRB busca repor caixa após fiasco do Master"", it appears that Brazilian bank BRB is facing financial difficulties after a major failure of its Mastercard partnership. This could represent a corporate risk for several reasons:

1. **Reputation damage**: A high-profile failure like this can erode trust in the bank's ability to manage complex transactions and protect customer funds, potentially harming its reputation and damaging its brand.
2. **Financial instability**: If BRB is unable to recover from the Mastercard partnership failure, it may struggle with financial instability, including reduced revenue, increased debt, or even bankruptcy.
3. **Regulatory scrutiny**: Banks are heavily regulated, and a significant failure like this could attract unwanted attention from regulatory bodies, potentially leading to fines, penalties, or even changes in banking regulations.
4. **Compliance risks**: To recover from the Mastercard partnership failure, BRB may need to implement additional compliance measures, which can be costly and time-consuming, potentially disrupting business operations.
5. **Credibility risk for investors**: If BRB's financial situation remains uncertain, it may affect investor confidence, leading to a decline in stock prices or reduced access to capital.

Overall, the news suggests that BRB is facing significant corporate risks due to its inability to manage a major partnership, which could have far-reaching consequences for the bank's operations, reputation, and long-term success.",Google News RSS,https://news.google.com/rss/articles/CBMimgFBVV95cUxPc212M0k1UEhSb3ZaZERaMGE4Zm45b3B4OVFqSDV3UGZWU3dFVk9GSkF5ZkxIR1ktT0dRRWQzbVloNlMyTkVURkM2aUxLOThacEtZSTJDVG9nUUtfOTZoa3RZZjlKUDRyYnhib0Z3ZzBJcHlRMHZmS2dwYjZHZlhoZHpqY255cVRzdWYwTENOUHhlWnEwU1pEUjhR?oc=5
Banco Master,Banking,2026-07-01 03:33:14.071724,,2026-07-01 03:33:14.071724,FINANCIAL_SYSTEM_RISK,WEAK_SIGNAL,WEAK_SIGNAL,2,0.6,WEAK_SIGNAL,0.28,Sefer é liquidada em meio ao caso Banco Master - Finsiders Brasil,,,Google News RSS,https://news.google.com/rss/articles/CBMimAFBVV95cUxPQUxiQTQyZm9HUGJFbkpLRTFhVS1OMHF2dEtWcGh0YncwVzU4ZHZCNlBiY2ZaVVBQLVVqOU0yN2I5NWp6NHlwM0RlYjJfeHZrNTBqNTBiS1gtSmg1M0ViV3c3Tl9mYnJWeVZadEI2YmhEdGFRSk9sUmJsd28zNVZCM2pEN3cySzJtelVCc0IxWkNfU3VwNEk2OA?oc=5
Braskem,Chemicals,2026-07-01 03:33:14.071724,,2026-07-01 03:33:14.071724,CREDIT_LIQUIDITY,CRITICAL_SIGNAL,CRITICAL_SIGNAL,5,0.9,GENERAL_NEWS,0.37,"Credores resistem à proposta para dívida da Braskem, dizem fontes - Bloomberg.com",Credores da empresa petroquímica brasileira Braskem se recusam a aceitar uma proposta de reestruturação de dívida.,"This news article suggests that creditors of the Brazilian petrochemical company Braskem are resisting a proposal to restructure its debt. Here are some reasons why this could represent a corporate risk:

1. **Debt restructuring challenges**: Debt restructuring can be a complex and time-consuming process, especially when faced with resistance from creditors. If creditors are unable to agree on a plan, it may lead to delays or even abandonment of the proposal.
2. **Credit rating implications**: A failed debt restructuring attempt could negatively impact Braskem's credit rating, making it more expensive for the company to borrow money in the future.
3. **Financial instability**: Resistance from creditors can indicate that the company is facing financial difficulties, which could lead to a loss of investor confidence and decreased market value.
4. **Operational disruptions**: If the debt restructuring proposal fails, Braskem may need to take more drastic measures to address its financial woes, such as reducing production or laying off employees, which could disrupt its operations and impact customer relationships.
5. **Regulatory scrutiny**: The Brazilian government or regulatory bodies may be monitoring Braskem's debt situation closely, and failure to agree on a restructuring plan could lead to increased scrutiny or even intervention.

Overall, the news suggests that Braskem is facing significant challenges in addressing its debt obligations, which could have far-reaching consequences for the company's financial stability and operational performance.",Google News RSS,https://news.google.com/rss/articles/CBMisgFBVV95cUxOWk9VQ2ZheEVoNGo3Rk9BMGhWQ0JWdmNWdEZEXzdqVzRZNW0zN29nbjh6OXI2WElQT0VnV3JYZW1DYVdPdXl4Mlp0Ui0waF9UaE9MNWdFcmFQdmd2bHFDZDRhRGF0RW9uUjUxT0JabGtkV09ZY25sbFhQRXc0RHR4azk3SlF6ZDZ3OGZTYzRUdi1JTEZwVEYwVGFzRWdLeGYzeWFOZ0d5SW9VM1BPRHlBQldn?oc=5
Braskem,Chemicals,2026-07-01 03:33:14.071724,,2026-07-01 03:33:14.071724,CREDIT_LIQUIDITY,RISK_SIGNAL,RISK_SIGNAL,4,0.7999999999999999,RISK_SIGNAL,0.46,"Braskem entra ainda nesta quarta com cautelar para se proteger de cobranças de credores, diz Valor Econômico - TradingView",Braskem entrou em cautelaria para se proteger de possíveis cobranças de credores.,,Google News RSS,https://news.google.com/rss/articles/CBMieEFVX3lxTE8tV1VuUGNsVFE5cHVodjdSMWpGYVZOc2hURXRuS1ZydFBRVXJXNUxyTHBOTmFMT284d3Z5X2p6c3FsR1hWaGdTU283VlZ0UzZ1YjBlNm81YWdYc2lCYlhNMllOZmxzZExMVVduVXRHZElCdnBldUhtYw?oc=5
Braskem,Chemicals,2026-07-01 03:33:14.071724,,2026-07-01 03:33:14.071724,FINANCIAL_SYSTEM_RISK,WEAK_SIGNAL,WEAK_SIGNAL,2,0.6,WEAK_SIGNAL,0.5,Novonor avança para venda de participação na Braskem (BRKM5) para IG4 - Bloomberg.com,,,Google News RSS,https://news.google.com/rss/articles/CBMisgFBVV95cUxPVUtaTHRidVFkMmNMMEhCZmwxQnlvcXRwaDI5N3NrRVQ0S2M0YkZ3c21TZ3BNUnBCTmVBQzk1bHNKZnJkQk1fRy1HWTY5cUY1eDdrRHVMOUZ4MDBISjdUcE5CbnZFS1RqZk5pN3BlalBqUlNmRXREa2piVW5yU2xMZFZxdnB0ajdTcjJUd0JUeVNxOGI5S2trTUk0UjN2VTh4Tk9FNk1pMF9NcC1xNlBEOGdR?oc=5
Ambipar,Environmental Services,2026-07-01 03:33:14.071724,,2026-07-01 03:33:14.071724,CREDIT_LIQUIDITY,RISK_SIGNAL,RISK_SIGNAL,4,0.7,WEAK_SIGNAL,0.51,Ambipar debt restructuring gets go-ahead - Valor International,"Ambipar, a Portuguese company, has received approval for its debt restructuring plan.","This news could represent a corporate risk because it involves ""debt restructuring"", which can have significant implications for the company's financial health and stability.

Ambipar is likely a debt-laden entity (as indicated by its name, suggesting ""ambi-par"" or ""both-par""), meaning that it may be facing financial difficulties. Debt restructuring refers to the process of renegotiating the terms of existing debts, often in an attempt to reduce the burden on the company's finances.

A successful debt restructuring can help Ambipar avoid bankruptcy or severe financial penalties, but a failed one could lead to:

1. Increased costs: The costs associated with restructuring, such as legal fees and consulting expenses, may be passed on to shareholders or other stakeholders.
2. Reduced investor confidence: If the restructuring is seen as a sign of financial distress, investors may lose confidence in Ambipar's ability to manage its debt, leading to decreased stock prices or reduced access to capital.
3. Changes in contractual terms: Debt restructuring often involves modifying existing contracts, which can lead to changes in payment schedules, interest rates, or other conditions that may negatively impact the company's operations.

Therefore, while a debt restructuring approval may seem like good news at first, it could potentially signal underlying financial vulnerabilities or increased risk for Ambipar.",Google News RSS,https://news.google.com/rss/articles/CBMirAFBVV95cUxPWExreFQweldNVVpPeWZVN0h3RzE3bWRmUTVwMV9pWjAxc1ZCeko1ZFhIOTdNUlRnd3o3dFdSYnUzLUd1cm0xcUJGYU5lVk5TNkp3c0hTTW9keGtad3U1NDB6RmJrZFlnYlNobDgyblgyWkE1ZUx4cVBwNFhpOGVfcy1CazhLMTUzTVVHTTY2NXNHWThqN0E4ZzE3bU1Ed0hwb1M3OUFmczVQUmNh0gG7AUFVX3lxTE04RmZtYXdINVVRbURCeGNyNVhiNHJ5MGtCQmRrOHloZktMSF9EYjk2SUtYdlhUS0V1eGZOSmtaaG9fNExPeFNHTDRuYTRTMXhHdFJGT21lVzdfR1pTWjFwY0cyU1I3OU5XdXJDSDFnWTNqTEFLWXUxaU1heG1YNGdJSzlMa0lQU3NIZFUyeF9GUlYwbmZJRUI3WXJiRDdudVZQbl9nVk1BeWoyaE1KV3ZCSnFTeWhJVFQ4UDQ?oc=5
BRB Banco de Brasília,Banking,2026-07-01 03:33:14.071724,,2026-07-01 03:33:14.071724,FINANCIAL_SYSTEM_RISK,RISK_SIGNAL,RISK_SIGNAL,4,0.75,RISK_SIGNAL,0.62,"BRB is racing against the clock, and privatization is already on the menu to save the bank. - NeoFeed","The BRB bank may be facing financial difficulties, with privatization considered as a potential solution.","This news article suggests that BRB (Bank of Russia) may be considering privatization in an attempt to address its financial challenges. Privatization can pose a corporate risk for several reasons:

1. **Loss of government backing**: If the Bank of Russia is privatized, it may lose the implicit guarantee of the Russian government's support and stability, which has historically helped to maintain confidence in the bank.
2. **Regulatory uncertainty**: The new private ownership may lead to changes in regulatory frameworks, which could be beneficial for some investors but detrimental for others.
3. **Private interests vs. public goals**: Private owners may prioritize their own interests over the public's needs, potentially leading to decisions that benefit shareholders at the expense of depositors or other stakeholders.
4. **Lack of transparency and accountability**: Privatization can lead to reduced transparency and accountability, as private owners may be less inclined to disclose sensitive information or comply with regulatory requirements.
5. **Systemic risks**: If a bank is privatized without sufficient safeguards in place, it could become a systemic risk if its failure impacts the entire financial system.

In this case, the news article suggests that BRB is under pressure to address its financial challenges, which may be linked to the country's broader economic conditions. The decision to privatize the bank could have significant implications for stakeholders, including depositors, investors, and the broader Russian economy.",Google News RSS,https://news.google.com/rss/articles/CBMisgFBVV95cUxPNThyX2lJZmd2dTlKSUZkTUI2OXI1Wi1kMENGeFF2Y1dqU2hMNkNkTFp0b3gweDVtMmxiYm4yUS03S216ZEl5UTBiRVVBVlFjQkg1NDZydU9Day05MzVpU0lSLXp6cjcxY3U2azNOa1JjaTg2N1FBa192SkxmNGlWcjZGOENqWHppanNBajB3anA5M1FBYkh3bmFWellCcHJEZ3lKUUlPT3dlci10YURYLUF3?oc=5
Braskem,Chemicals,2026-06-30 03:31:59.685863,,2026-06-30 03:31:59.685863,CREDIT_LIQUIDITY,WEAK_SIGNAL,WEAK_SIGNAL,2,0.6,WEAK_SIGNAL,0.56,"Brazil’s Braskem boosted by petrochemical prices, but debt problem looms By Reuters - Investing.com",,,Google News RSS,https://news.google.com/rss/articles/CBMixgFBVV95cUxOd1A3empfeUYtVlMxRHdrejhyS1RtbWhLZktvbmFmTXNPblI4dVU4WS1wWFkzQ0h1ekZuM2pJYVExRHhuM1RmZUYxVHhOV3BkZ21naXlwcmxEWWFLSGFuOWUxMUIxNmFZRmo4VjRVSGVsMVE0Vm5OVkNLa0JkWjAyaFl1Nmw4bk1TU1VNS0N3RjVvM3U4ZFc3X1dselVjbGxkcnNXRUo5eFdQUS0ybTN0OXpzN2RtV21BNHgwTFZ1WFZQa0hZaWc?oc=5
Braskem,Chemicals,2026-06-30 03:31:59.685863,,2026-06-30 03:31:59.685863,GENERAL,GENERAL_NEWS,GENERAL_NEWS,1,0.2,GENERAL_NEWS,0.37,"Braskem Idesa negocia DIP para possível Chapter 11, dizem fontes - Bloomberg.com",,,Google News RSS,https://news.google.com/rss/articles/CBMitAFBVV95cUxQR0EtWDg2SHNkMWM3enFOV3dzSHYxY3VDYlJYVDd1Wm1idnBTTVpJR1pnc1Q2SU5OLXFNWEFmMHNnQXFGYkVhUEJRS054ekNqdXRHVG9lU3BfVFNHcHZRVHRGS29BR2dNZXdkRk9RQ2lQUjJQcGhocEFWOGNVQVdEOHRGYjB4NXoxQ29nakl5X1hlSzNxU0g5T01WQWg4cTNLdkRnN1RaZlBkbmd0aXJ6SFhwNEg?oc=5
Braskem,Chemicals,2026-06-30 03:31:59.685863,,2026-06-30 03:31:59.685863,CREDIT_LIQUIDITY,RISK_SIGNAL,RISK_SIGNAL,4,0.7,WEAK_SIGNAL,0.48,Braskem afunda com temor por crédito após notícia de calote - Bloomberg.com,Braskem está preocupado com seu crédito após uma notícia sobre calotes.,,Google News RSS,https://news.google.com/rss/articles/CBMirwFBVV95cUxPX1Y3MTRtUmpfWWxxWFRMWTF4ZEFqbFRzZnIzcUdxYkw0MWRoajVRS0djcFp2dWtyTFFYNm5KX3hFdUlsbC05U3B1SXphMnctd2ZvVy1paDBobVNyTEJ5VW5EWVQ0cmx5QklHM3RObzVwNVJHRFcwa3JTOGlZbXB4VlVnQV9CR2tYeTFGVzFsUmVUbWdrQlNGUFEyazJxNzI5V016Z2hpZThqQzJEbVdZ?oc=5
Nubank,Fintech,2026-06-30 03:31:59.685863,,2026-06-30 03:31:59.685863,GENERAL,GENERAL_NEWS,GENERAL_NEWS,1,0.1,WEAK_SIGNAL,0.38,"Prestes a ter licença de banco, Nubank se associa à Febraban - Finsiders Brasil",,,Google News RSS,https://news.google.com/rss/articles/CBMiqwFBVV95cUxOaXlXdnBBT0RiMWcyRWFtWnRfQ2p0SDNTMS1VYXFSS3BWZjZmb2xaMWRWbXNoX2FudDcxZTMtVFZtQWJlVVliTXNOZ3JEZDZDVG1LNzUxenNCeF91X1E4X0lsZXlRNG4zNVNRNmtoS19iYVZENzNPeGVYYXpfVDZfR2xrU2NycndjMXc2ZVJwbm0zbHo2bFlPYmZ5RDk4MGU3eFpJdHZUdHVqMkU?oc=5
BRB Banco de Brasília,Banking,2026-06-30 03:31:59.685863,,2026-06-30 03:31:59.685863,FINANCIAL_SYSTEM_RISK,RISK_SIGNAL,RISK_SIGNAL,4,0.75,RISK_SIGNAL,0.81,"Brazil’s government, federal district agree on BRB loan deal - WKZO",Brazil's government and the federal district have agreed on a BRB loan deal.,"This news could represent a corporate risk for several reasons:

1. **Government Guarantee**: A BRB (Brazilian Reais Bond) loan deal often involves the Brazilian government guaranteeing the repayment of the loan. If the government defaults, it could have significant implications for lenders and investors.
2. **Credit Risk**: Brazil has faced economic challenges in recent years, including high inflation, a large public debt, and a history of currency fluctuations. A BRB loan deal increases the credit risk for lenders, as there is a chance that Brazil might not be able to repay the loan or meet its debt obligations.
3. **Inflation Risk**: The Brazilian government's agreement on the BRB loan deal may be seen as increasing inflation expectations. If inflation rises, it could lead to a devaluation of the currency, making the loan more expensive for lenders and potentially impacting the repayment terms.
4. **Market Sentiment**: A positive reaction to the BRB loan deal could be influenced by market sentiment, which can be volatile. If investors become overly optimistic about Brazil's economic prospects or government policies, they may overestimate the likelihood of a successful repayment, leading to unrealistic expectations and potential market corrections.
5. **Regulatory Risks**: The agreement on the BRB loan deal may involve regulatory risks, such as changes in interest rates, tax laws, or labor regulations. Any significant changes could negatively impact lenders or investors who have taken on debt or invested in Brazil.

Overall, a corporate risk associated with this news could be that investors or lenders are taking on excessive credit risk due to an overly optimistic view of the Brazilian economy and government's ability to repay loans.",Google News RSS,https://news.google.com/rss/articles/CBMikAFBVV95cUxNVjd6c3ZIalZETmpiZ1V5SkVCSXZyelZXdktkTy03aDZaUktaYzV1dkRsaG1qMGhpNFpCemZzZW5VQ1ROOUhoZXk4eGpYRWtCM1gzNTM2MmNWbnBaQV9oQWJZVkxUVjNlRUFTZFJna2JJelJtbXFJbEpORXNxZjRiUWpiUk5jV2hZbl9GODdXRjY?oc=5
Banco Master,Banking,2026-06-30 03:31:59.685863,,2026-06-30 03:31:59.685863,CREDIT_LIQUIDITY,WEAK_SIGNAL,WEAK_SIGNAL,2,0.6,WEAK_SIGNAL,0.46,Reimbursement of Banco Master CDBs injects extra liquidity in market - Valor International,,,Google News RSS,https://news.google.com/rss/articles/CBMi0AFBVV95cUxQZzJwbmpjejFWRE11VXI3TG1lWmRuX1U2aW4yb3UxN25NVU9ZQzNYUXRjMElfcW9qWkxTWjVNdTJoMDJLSVBsOXRiVFZRWDhHZldkQkRCb2RkV2hHdjFDNWJ5UkxJWWJZVUpSMlRtNkhWZXB1OEt0SmlQVlE3N3o2aFE2NjNjNlEyN3hVWXQyUHMyYk9mX2NZX1FIekJTV0pXSlBtcEttWXcxLXVXNVc0X3dqaTc5SkVGR1JNQzZzR1E5bEEyalRBUVZPRVNfeERR0gHfAUFVX3lxTE1MdXI3S1VKZDB0X1NFT1FhYXF3dHAyTWN2Nk5ZSG5QYTNPdjVYUEhrTzRqWmo5TWg3bmtzNW13eFIxTEZWZTlTWmwwdDNaUTNjMmw2cWVFVkRtdDlYRHdENmptbjF2aDkzU0NKcE1XOUQ4ZmZScWZ2cm41eXZ4YXpLUXZSVDR4elQtMmVkdDlLTThnSjVKLTJONkdNenZaUEV4WHZ5VzAtNWg3MVBEODR5TEJMeDRMNWltRkJmU1RhZVRtcGxCSXVzOFExcUNyc0Z0Y2lyaFh0TUROckVBTTA?oc=5
Braskem,Chemicals,2026-06-30 03:31:59.685863,,2026-06-30 03:31:59.685863,GENERAL,GENERAL_NEWS,GENERAL_NEWS,1,0.1,WEAK_SIGNAL,0.44,Braskem Principal - braskem.com.br,,,Google News RSS,https://news.google.com/rss/articles/CBMiYEFVX3lxTE84c2hXLXY4emstejN0U25DSHBOR2RMeHVnRDZFdmJyaDBBMDVVME0zWVN1b3A1eGlWOHY3aksxa0hmVTZWdzg2RFdXRm0tUF9KOFEyRjk5QjVrTENkY1BRQQ?oc=5
Braskem,Chemicals,2026-06-29 03:32:16.219785,,2026-06-29 03:32:16.219785,GENERAL,GENERAL_NEWS,GENERAL_NEWS,1,0.2,GENERAL_NEWS,0.5,BR Partners avança para assessorar Petrobras na Braskem: Fontes - Bloomberg.com,,,Google News RSS,https://news.google.com/rss/articles/CBMiswFBVV95cUxPeFdmR1hhT2JieHZmVlRIbGo0VUpLNl9Cd3BUa000RDZUNzJtcEhWaXh4ZkM1Z2tzUEc5NDZkRXhtZG9Ya09CUGNxejVlTnZKYzQ1OExIUXVDSEZ1a1E4ZUtnOTFzaXAyMDFvR1pTT1JqbXNxRGtORW5VdUgtY0FDXzB2QWxMWG5Gd2ZBQmpheF9fVjBTTGU0QXNWbUV4VFppZ2U2Z3Q1bDl6M1NtZkZRel9BYw?oc=5
Braskem,Chemicals,2026-06-29 03:32:16.219785,,2026-06-29 03:32:16.219785,GENERAL,GENERAL_NEWS,GENERAL_NEWS,1,0.2,GENERAL_NEWS,0.48,Maceió: o crime ambiental oculto da Braskem - Outras Palavras,,,Google News RSS,https://news.google.com/rss/articles/CBMiigFBVV95cUxOQnVxSmFHWGpjQWYyWFh4Ri14S01iUVM5Q2hNUTVNU2xfdDFoRTFtbXU1NnhPakpWQjFlZENUNE1RSWo5WlRRLWlaTmd4ODhZaU4yVDNqLWNMOTVmWERnT19PTjUtYlJpVEVkOTZ2ZWM2M3pUSjQ0NkJySm90bHdqVEVqMlFlUU9lM1E?oc=5
Braskem,Chemicals,2026-06-29 03:32:16.219785,,2026-06-29 03:32:16.219785,GENERAL,GENERAL_NEWS,GENERAL_NEWS,1,0.2,GENERAL_NEWS,0.42,"Brazil: Braskem's inappropriate mining in Maceió displaced 55,000 people, compromised housing and now repairs generate potential real estate profit for the company, says organisation - Business and Human Rights Centre",,,Google News RSS,https://news.google.com/rss/articles/CBMihANBVV95cUxNVGRKR2hvS2VNeWZwVVpMa2tKbzQxV0xwZElyYmxtVUZKX2ZuQnZsZnlfUG41TkJuMmNMZzNqcU1QUmZ0X3RSa2dVby1wdi1uN1Jxc29DX3NZZzRJZFZvVVJ2WF8yQURTWXdJellyajFzSXRGY1NxTGJpQ3N5Um9WNWtyb2cwVWVvSGxEVTRma3R1TjQ3V3Z3QXhSRkQwMl9xWUpiV2RfMHpGVWFFMFAyMFk4ZjNFWTFPYjA2TmozMlA1Z1ZKc1VuZzU3dG1nUjVTUEV0dVhBV1JLbEszYmVUY3RkXzk5UlF6V1dHbk1rUnRpOFVfQlc2TzRYUTlqaWhzNXoxYTduMml4ZVZVMDhKUWd4dVFNRlEwNVVBVVBMTXpjQmE0dndMLU1vOGRrVzRWTzZfWmJwTWpITFJzaVlFcTVuLUVhUG94OVYxNlJ3NjRTUHpyQlVzcFZCbkZkZlpnTGNEcG5CZnY1YkZIUHRjLVlkRC11NEw5eldxdnhsbW55UE03?oc=5
Banco Master,Banking,2026-06-29 03:32:16.219785,,2026-06-29 03:32:16.219785,FINANCIAL_SYSTEM_RISK,CRITICAL_SIGNAL,CRITICAL_SIGNAL,5,1.0,CRITICAL_SIGNAL,0.91,Central Bank orders liquidation of Banco Master as owner faces arrest - Valor International,Brazil's central bank has ordered the liquidation of Banco Master after its owner was set to face arrest.,"This news represents a significant corporate risk for several reasons:

1. **Loss of confidence**: The liquidation order by the central bank indicates a severe loss of trust in the bank's management and operations, which can lead to a decline in customer deposits and credit availability.
2. **Regulatory intervention**: The fact that the central bank has intervened to take control of the bank suggests that there are serious regulatory issues that need to be addressed. This could lead to significant costs for the bank, including fines or penalties.
3. **Reputation damage**: The arrest of the bank's owner raises concerns about the bank's governance and risk management practices. This can lead to reputational damage, making it difficult for the bank to attract customers, investors, or talent in the future.
4. **Operational disruption**: Liquidation can disrupt the bank's operations, leading to potential losses in revenue and profitability. This could also impact the bank's ability to meet its obligations, such as paying depositors or honoring loans.
5. **Potential asset seizure**: As a result of the liquidation order, the central bank may seize assets belonging to the bank's owner, which can lead to significant financial losses for the individual.

Overall, this news suggests that the corporate governance and risk management practices of Banco Master have failed, leading to regulatory intervention, reputational damage, operational disruption, and potential financial losses. This can represent a significant corporate risk for stakeholders, including depositors, creditors, and investors.",Google News RSS,https://news.google.com/rss/articles/CBMi0gFBVV95cUxObVJNZEJrTGxvaFNjTGtPRnhmSFQ5aDA0ZldZZjkyZFRhaUwwX3N6azJBSUdpc3VXRjRnWHg5cy1RVGlDSkRXaURtRWl5TDhqR1F6T0w3ejh0TE8xNUZuUTU3ZzdKOGVzVlZmNVdlVlM4UmNwWWdZXzFEdHhVRlFPbHc1Nlpoa3RaX3QxNVlzR3VQdEoycllKMnExalVXMmx6Qko3SklxZ1BOWUhZaDcwMk1jU2pZdHRpSEVPUzFlRlZvUkhSUzc0ejRxY2Q4NGxMVEHSAeABQVVfeXFMUHFwQzFmOG9iWDNNd1NVUGhZSDdVbkZMT3MxNnVhVDJQdEhHZHBuYzFXWDc4VFFLeEJGSjVySXRLLXFMUkFQdVdVVGQ3WFZHQ1VPR3A2VnhvTjl2UVg4UkVwMHVHbEhPcWVTUDFVNGN6UTJ0dk5hcjgtTzZuejBYeDg2QUhJbkxVbElwQnYyd205czVPcmpfSDdPQnFuTTNGLWhXWjF2Tnd6ckVZWkc1Y2xJTDdBNHAzaEZLVnZUc3J5SDJmaS16VGZOZXpNbllHc2JQVVVSOUZlbTBxeXl3eXU?oc=5
Banco Master,Banking,2026-06-29 03:32:16.219785,,2026-06-29 03:32:16.219785,FINANCIAL_SYSTEM_RISK,CRITICAL_SIGNAL,CRITICAL_SIGNAL,5,1.0,CRITICAL_SIGNAL,0.54,Investors dump Banco Master notes amid liquidation fears - Valor International,Investors are selling Banco Master bonds due to concerns over the bank's potential for liquidation.,"This news could represent a corporate risk for Banco Master because it suggests that investors are losing confidence in the bank's ability to manage its assets and pay its debts. The fact that they are ""dumping"" or selling their notes, which implies a loss of faith in the bank's creditworthiness, indicates a potential risk of default.

There are several reasons why this could be a corporate risk:

1. **Liquidity crisis**: If investors lose confidence in Banco Master, it may lead to a liquidity crisis, where the bank struggles to meet its short-term funding needs.
2. **Credit rating downgrade**: A loss of investor confidence can result in a credit rating downgrade, which would increase the cost of borrowing for the bank and make it more difficult to access capital markets.
3. **Loss of deposit base**: If investors lose trust in Banco Master, they may withdraw their deposits, leading to a loss of liquidity and potentially even a bank run.
4. **Increased risk of insolvency**: A decline in investor confidence can increase the risk of insolvency for Banco Master, which could lead to a range of negative consequences, including asset sales, job losses, and potential nationalization.

Overall, this news suggests that Banco Master is facing a significant corporate risk, one that could have far-reaching consequences for the bank's financial health and stability.",Google News RSS,https://news.google.com/rss/articles/CBMiwAFBVV95cUxOcWlrWk1xaFFwOXh3cFlyUWpDZklRdGc2dE03dDdTbXctQ3JoNmliUjVweXRMNXAyeXlyY3AxMUlsQ01JTTdGQmN4WW1zdzhPZWpsNGdYOW0yVWN3RGN6RXpCcTJSaGZxQTlSZkt0M0cyUjhHb3pPcGx1M01rV013MHhhX2E4azNFdkU2VHRfcmtVNmphVjVvRnQ1dm1fR0NhZnROSVFERFFrRTB4UHNPQ3BINC1CcnVValZncEduN1rSAc8BQVVfeXFMUFJwdGg4aVNjcmlmZjJoQ1RrNUQ3VDBSamJHTm1DS3BCSmpveGFRYWk5NjBzUHlMa2t6MGdWbUc3Qm5Ba2tscFlydjRZaWRjVWFpRjg1VkEwRmdqcDhJNlZJTkY2QUkxd3JoNXNuWG5pWjVFQ21fbWVUc3VHVFVaRzlUVXdRdzI0RzJacXlCUUFoN3dmRy1nNklMcDdYWGhwcC1adVJhOWRZWVZFYjRwUUFKM0tXVTJ1MWktbzJ0cEgwN3lyUXVDcFM5cTZPdndz?oc=5
Eletrobras,Utilities,2026-06-28 03:34:58.950922,,2026-06-28 03:34:58.950922,GENERAL,GENERAL_NEWS,GENERAL_NEWS,1,0.2,GENERAL_NEWS,0.44,Eletrobras inaugura via para novos bonds de infraestrutura - Valor Econômico,,,Google News RSS,https://news.google.com/rss/articles/CBMitwFBVV95cUxPa0M0X3JmTGs5SmtNLUpQT3ZTdjVqeW93Y0c0ZU1TVi12WDdIay1NTkc1R1dSc3o5Nms2ZWhlRERSaXZKc3d6UjJDS1ZyQUNpRU5Nc21QVUNwcjFJTm9JVWZpR2Rnb3FFYld2UGdrellaY1BoOHFnVFo2eVlOdkN2bXp4bFI4U21iOUtVLUVCak4yYVpkZlA2am9ZMXRoakt2bTVNblRiSEpHb3dQeUZWWW5MdHY2QjTSAcYBQVVfeXFMT25pMU45QlliYUgxcHZGX1FFX2I1TGlIaFhaTE5vSFJjT2FpQmhRdmF0ZTVEcmRNNGpaaUlPbGUzTXVtYXdENVdGRlVnOEJxb3hacFFzd3plSnl0Q3dMMkk1TG5iOG5ZNHAyV1E5dWVwWTlnel9BR2F3OXJQcjNad0JEZm9oaElXMnRFdElCWi1KcjRvWl9LWnEwS09FbU93SjBDd0o0SGc4YlI1T1BJRUxNSng1RHA2bkhTc2Q5S2txOXhhX29n?oc=5
Petrobras,Energy,2026-06-28 03:34:58.950922,,2026-06-28 03:34:58.950922,CREDIT_LIQUIDITY,WEAK_SIGNAL,WEAK_SIGNAL,2,0.5,RISK_SIGNAL,0.27,Rio wants to use Petrobras' billion-dollar credit to reduce its R$ 203 billion debt with the Union and cut monthly payments by more than R$ 300 million. - CPG Click Petróleo e Gás,,,Google News RSS,https://news.google.com/rss/articles/CBMikAJBVV95cUxQd2ZZbGd2TXpaNWpFcm1BY1htdUlUTDEtNzlHWVd0bWlmTWFRbHZKTmRidDdhajdENmpUakZpZFUtSzRUMnpWSUV5ZDlYRXBMaGpEMUNUQVZUSlNGLTJZeWFTdDlyRThyMkdPUm9Rcy0yYWdPRm5Cc2ZsNGNHbFF2eTBZTmw2MkJmNEVjenhxT2ZvMXgweHJJdlRrZU4xZHRmZmNTOVUyVEZPTk1oRE1YMFUwblQ2OXpCRkE4dXZtNG8xYWF1QkxRMlJnU1dHX2szV2pTWktGbzM2cGlCN0ZRLWFFU3ZIVXNtSGZDNTNJOEpDSjFnZXhwU0lJaWxxYkc2UzlFWmVqVmpabUNUMWpyOA?oc=5
Banco Master,Banking,2026-06-28 03:34:58.950922,,2026-06-28 03:34:58.950922,GENERAL,GENERAL_NEWS,GENERAL_NEWS,1,0.1,RISK_SIGNAL,0.26,Brazilian Banks to Pay $6 Billion After Banco Master Failure - Bloomberg,,,Google News RSS,https://news.google.com/rss/articles/CBMirwFBVV95cUxQQU9mcVlNVkQ0aHRzWnVUQWxSaHRodkNqVm1HWWJKZ3FNRWIyQWZ3Z2lZRUpOMUIzWExic3o4SlZQalN3OUJJVUttTzVaeXZSRG9ZX0xab3MxSEF0NnBtMUtoUnJ0WElKdnEwX2JrdkdrTUhITFU1TU5ZZUdFc1hSUXYwSVUwai1JVnhjZ3plSzFrS2pCVUx6LXNUTTBQVDZKYnFDSldTVjBGelg4Q3BN?oc=5
Banco Master,Banking,2026-06-28 03:34:58.950922,,2026-06-28 03:34:58.950922,FINANCIAL_SYSTEM_RISK,CRITICAL_SIGNAL,CRITICAL_SIGNAL,5,1.0,CRITICAL_SIGNAL,0.88,Brazil's Galipolo defends central bank's role in Banco Master liquidation - Reuters,"Brazil's Galipolo defended the central bank's role in liquidating Banco Master, a failed bank.","This news article suggests that the central bank, likely the Brazilian Central Bank (BCB), was involved in the liquidation of Banco Master, a major bank in Brazil. A possible corporate risk presented by this news could be:

1. Regulatory scrutiny: The fact that the central bank was involved in the liquidation may raise questions about its regulatory powers and actions. This could lead to increased scrutiny from regulators, lawmakers, or stakeholders, potentially affecting the bank's reputation, stock price, or even its license to operate.
2. Reputation damage: If it is perceived that the central bank prioritized its own interests over those of Banco Master, this could damage the bank's reputation and erode trust among depositors, investors, and other stakeholders.
3. Potential for future conflicts: The involvement of the central bank in the liquidation may create tensions or conflicts with other parties, such as Banco Master's management, shareholders, or regulators, which could lead to costly disputes, investigations, or even lawsuits.
4. Impact on banking system stability: The liquidation of a major bank can have significant implications for the overall stability of the financial system. If the central bank is seen as having contributed to this outcome, it may raise concerns about its ability to maintain financial stability and protect depositors' funds.

Overall, the involvement of the central bank in Banco Master's liquidation suggests that there may be corporate risks associated with regulatory decisions, reputation management, and potential conflicts with other stakeholders.",Google News RSS,https://news.google.com/rss/articles/CBMixwFBVV95cUxPblFfdDdNU1gtS3piSXNwTnhma1BqY0dKXzNZTXFQNzVaek9QRXV1aTRiNVRfbUl6akY0Z1FqWXZjNnF0Sk9ndnNsbHpDajc3cXZsUlpNZ0xoUEYtRFRkNUtyMXBwb2J3VTQyRTR4SjJrZFg3YWNZcUlrLVAtbW1YVlR5RzM3QjVzcFlCNGdVdXg0ZHR6VU45Q1JsQ2hKV0d0SDBXQm9FTllaQXp5eGk0V3Y2VGVUUE1YVDZ0NEV4WVJEMnM0WU40?oc=5
Petrobras,Energy,2026-06-27 03:32:59.524516,,2026-06-27 03:32:59.524516,GENERAL,GENERAL_NEWS,GENERAL_NEWS,1,0.1,WEAK_SIGNAL,0.34,Cosan compra distribuidoras de gás da Petrobras por R$ 2 bilhões - Folha de S.Paulo,,,Google News RSS,https://news.google.com/rss/articles/CBMixAFBVV95cUxOdHowbHR5OHdWLWZVb3FwZGVLRHVaRkZhWDJibktTQ2pSSDRDdENkYmdZVlNIb1lhN0JnNWRUSVFaeEs5ZmtOUTdPZTNmbWxyT0FuRjcwUFBYZEhpcHNzTk13Y0dqNG1wTnlZM2IyVDc2M3c1TXFNeEM5MXVEUDl6X1BMN2E5cVctYVRwUkpzN1k4R3dNT25RdmZEWFgxczJMdEVWUENVeENiYzg4ZzJRWDZyYTBKRV9NSVdRSFhHb0dHOU9i0gHKAUFVX3lxTE56SzdIRlpaM3pGa0hNbl96ZE9EWHBBYWtjOER3VXE0YzJrd0hCamlRcGN0cGozdFpxSmFZT2RVa1U0RjRuWTNWamxONEJTbnlxRTlpTl9JRGU3QTVucm1obTNtRXE2UTJrZ2w0MjNrbWdYYld0ZW9CM09WdDVPVFAtODVtWE82N3JDX04xbHhQWnB2M2RpaUs1LUk0Z1JDTm1kQy1wdnkwWG1GR1llWXdENnhwQjI2aHNEZ0ZWdXZUcEY0Vm1yUnFyZ1E?oc=5
BRB Banco de Brasília,Banking,2026-06-27 03:32:59.524516,,2026-06-27 03:32:59.524516,FINANCIAL_SYSTEM_RISK,RISK_SIGNAL,RISK_SIGNAL,4,0.7999999999999999,RISK_SIGNAL,0.55,"Brazil’s Central Bank blocks BRB deal, Master’s fate unclear - Valor International",Brazil's Central Bank blocked a major deal involving the Brazilian retail bank BRB.,,Google News RSS,https://news.google.com/rss/articles/CBMiwwFBVV95cUxNY3RGc25tSFFIWmoxUVZ5VjlfRWdCOTMtLWlmRnUyUVpSekRBUGRJTHJqSDM2c0hmaVZmQ3N3aVVnbkM3bXVPQVFhamE4M3NCeEpfU0ZHM2ZVLTVURXRidDNaaV9iX0F2TUlRZ2U4VVc3ZHN2VzFrSE45S0QyRDFaV2ZBcHp3aDJ3OWNwZmE2Nlc0c1hmRU1OVjVKZ0dmby1tOWJqWE1qYlRYNllLRmY3SVNKRmc0OXBqWkMzOWFRc08taHPSAdIBQVVfeXFMTm02b1V4ODdjNEM3V21CWmNZZ3dmcFF0empkZ1ZtM0lYaWR5VzZma1NXVTJqb3RxcHQyWFRGRHN5ZlF5VkhRa29wdjZ1LUhULWp2TndTODlNQjdXRGNhQ0ljUWIyLV9hZElkRThEZ1NoUnkyMFBhdUJDVC1YWFV1N3V2cmZfcnh5YjR4N3ZBSGkzSjhJcTlCcmZsczVpWENVMjAzUEhmWUNkWEhtc3gzY2lLVWNvcjI1eFdyR0FGWUNmTEc5c0VLUWVoTTB6ME1LS3hR?oc=5
BRB Banco de Brasília,Banking,2026-06-27 03:32:59.524516,,2026-06-27 03:32:59.524516,FINANCIAL_SYSTEM_RISK,RISK_SIGNAL,RISK_SIGNAL,4,0.75,RISK_SIGNAL,0.73,Caso do Master levanta dúvidas sobre capital e liquidez do BRB - Bloomberg.com,The Master case has raised questions about the financial health of Banco do Brasil (BRB).,"This news article appears to be about a potential issue with the Brazilian banking group Banco Regional Brasileiro (BRB), which is now part of the Master Group. The article suggests that there may be doubts or concerns raised by Master about BRB's capital and liquidity.

Based on this information, here are some possible corporate risks:

1. **Reputation risk**: If the concerns raised by Master are true, it could negatively impact the reputation of BRB and potentially lead to a loss of investor confidence, which could result in a decline in the bank's stock price.
2. **Financial stability risk**: If BRB is found to be lacking in capital or liquidity, it may not have sufficient resources to meet its financial obligations, which could put the entire banking system at risk.
3. **Regulatory risk**: The issue raised by Master may attract attention from regulators, who could take action to address the concerns and potentially impose stricter controls on BRB's operations.
4. **Systemic risk**: A failure of a major bank like BRB could have systemic implications for the entire financial system in Brazil, leading to broader economic instability.

Overall, this news suggests that there may be underlying issues with BRB's capital and liquidity, which could pose significant risks to its stability and reputation, as well as potentially impact the broader financial system.",Google News RSS,https://news.google.com/rss/articles/CBMiswFBVV95cUxPbW1mWUhKZ19jcndvWlkwd09feHZiQkVjME01ZlVXM1ctdmhxVTRQdnEwTExpdUlibU1vUzA5bGJlNXg5SUFNeGFsS2lrWm16QlJPM18tcVdBM0REcnlWNkJYcHpJR1VmejJSWkZfbGFlTlFCYTVhY3BlTDRleTZDS3lJem1rSmlJMDh1OS1OWnBwWjRYYWpsc09tczV1a1JoaWhXS3Nqd0VNT3kwaTVoWE5ISQ?oc=5
Nubank,Fintech,2026-06-26 03:33:14.917575,,2026-06-26 03:33:14.917575,FINANCIAL_SYSTEM_RISK,RISK_SIGNAL,RISK_SIGNAL,4,0.85,RISK_SIGNAL,0.49,"Nubank Races To Become A Real Bank By 2026, Seeks Official License From The Central Bank After New CMN Rule, Promises To Keep Everything The Same For 110 Million Customers While Aiming To Join The Club Of Major Regulated Brazilian Banks - CPG Click Petróleo e Gás",Nubank aims to become a fully regulated bank in Brazil by 2026 and has applied for an official license from the Central Bank.,"This news could represent a corporate risk for Nubank because it indicates that the company is taking a significant step towards becoming a fully-fledged bank, which comes with increased regulatory scrutiny and potential risks.

Here are some specific reasons why this news could be seen as a corporate risk:

1. **Regulatory uncertainty**: The Central Bank's approval process can be unpredictable, and Nubank may face delays or obstacles in obtaining the necessary license. This could impact the company's operations and growth plans.
2. **Compliance requirements**: As a major regulated bank, Nubank will need to comply with new rules and regulations, such as those introduced by CMN (Central Bank of Brazil). Failure to meet these requirements could result in fines, penalties, or even loss of license.
3. **Increased capital requirements**: To become a licensed bank, Nubank may need to increase its capital reserves, which could be costly and potentially strain the company's balance sheet.
4. **Risk management implications**: As a regulated bank, Nubank will need to take on more risk, including credit risk, market risk, and operational risk. This could require significant investments in risk management systems, processes, and personnel.
5. **Competitive landscape**: Joining the club of major regulated Brazilian banks will put Nubank in direct competition with established financial institutions. This could lead to increased competition for customers, revenue, and market share.

However, it's also worth noting that becoming a fully-fledged bank could bring significant benefits to Nubank, such as:

* Increased stability and growth potential
* Access to new markets and customers
* Ability to offer a wider range of financial services

Ultimately, the decision to pursue this strategy will depend on Nubank's management team's assessment of the potential risks and rewards.",Google News RSS,https://news.google.com/rss/articles/CBMi0gFBVV95cUxQQUlwWmk1dUJqQjRkYlN5QVE0d2xZaU96a2FURXhRcWdGSlZOWndZaGwzc0ZxT0NHSmZjTnp4bGExQy10YWlHRW9VdXBjOV9GQTFWV1FONTEzTHZueUpKLVV4NnJDZ01pZWZET0Q2QjY3V3RYTHZfbTQtYVVKa2YwZkQ0VW1IeE43ZFR4eDRvYWxWbFEyM2hxVV9OQUhrRUo1RC1zVlBmQVc1WGJYR3cyM1J2dThDZzdmWXZadU9lajhoQ0tVeFQ0X2RYTFdsU2hfZlE?oc=5
Banco Master,Banking,2026-06-26 03:33:14.917575,,2026-06-26 03:33:14.917575,GENERAL,GENERAL_NEWS,GENERAL_NEWS,1,0.1,RISK_SIGNAL,0.35,Banco Master has until end of month to find solution - Valor International,,,Google News RSS,https://news.google.com/rss/articles/CBMiuwFBVV95cUxQaW91YXRXU2VuZzZkNl82MmFydDdsSWM0d1AtUkpHZkh6VVdDYVRkS1NURjltOVFvVFo2SDNkeWVlQk5UR3IyWW1QRzFCRXBuNFNsLWF1T002enZ5VG5hdllUZ2hzT3dSTmFQNHpULUlmNlJwRzRTQnpSMDJ0UmxWMmVOQ2p4SXRsX2tBaVFJY2NhX1djQzV2UXp5ckZaaW5TZldkQkcwZjBaSzBLa29PRnp4QXh0N2M0QV9F0gHKAUFVX3lxTFA4T2NnUmlhWjhva1FvU1NkTFRtWnFYcXcxT0xIOTk0Smd5SWFVVWl1UW8tSUtkblhkME5hbF91YjhpLXZEQW05REtQR0ZtcUpmaEFvdmhNSDJHb2t3Rzh2TzllWTg5bER3OHlFTjRwMWNZSUM1UUxVLVhqLVdQbVRuQ04yTnJNa1pLTVBkSjNxb015YzVMUWxmNzh5SmJhdTJnUzRmZzhUWkNOeTUzVXFRR0NzN1UxRE9fYkhxWVJmeW9JUWZjbFFwV0E?oc=5
Petrobras,Energy,2026-06-26 03:33:14.917575,,2026-06-26 03:33:14.917575,GENERAL,GENERAL_NEWS,GENERAL_NEWS,1,0.2,GENERAL_NEWS,0.42,Petrobras aumenta em 42% o investimento em transição energética justa - Valor Econômico,,,Google News RSS,https://news.google.com/rss/articles/CBMi5wFBVV95cUxPVEV2VEtMaEtHNnVIUTBJMi1JSnpBZGpIdHdjZXRvOFhkSHVMNmpEb01UWVgwZXNCVlpIMmd1RGVSbE1YM1N5ZnZONmxGbmdjeUlJTWktalk2TTVLZktna0M0V3B2dnU5Xy1YMy1IYmNJYS1sTFVNYVYwTDcwMThvRXk0YlR1Qm9XYlV4OFdIbHVLMWJ4RlJNQ0xTaTVIaXFpNm9hRGx1WU04U1B3SEJtTjRiemZmSDZRaHEyS016U2twRUhhUnNZWV92bFlIcW0tRDNQdHVRQVlCQkhxYU01YjhPLXdhWW_SAfYBQVVfeXFMT0xIeWlkRlctVHMwakU2MjNCVkV6RGttUnpEd0UxNzRmZVp3TUQ5Sk96UHR2S1JrWC1COGNJT2VCX1N0VXFveGVzWGNDWmxfb2pPcnctUkI4NUVueDQ3cnZRd0dQdVhhNFdJckQxUUdhaUZUNktwU2FnTm5RWTdQRlRFX1dISnVnZ25rdkZ6czN6QUFRR1pTUXVtYnpwaFJUX0hyVUFfMGlHTFUxZUxPVFJYVjlSUEg3UDJSQnJUTWZBY0hMblBwM2tlaDZ0TF9JVWtPUzFZTy1vSzFvV0IzRlJIRHFPWFFWRXdpNlNWeFBiYkFXV1Vn?oc=5
Banco Master,Banking,2026-06-26 03:33:14.917575,,2026-06-26 03:33:14.917575,FINANCIAL_SYSTEM_RISK,CRITICAL_SIGNAL,CRITICAL_SIGNAL,5,1.0,CRITICAL_SIGNAL,0.82,Master Bank: Federal Police Uncovers R$ 12 Billion Fraud and Risk for Investors - CPG Click Petróleo e Gás,"Brazilian federal police have uncovered a massive R$ 12 billion fraud scheme by Master Bank, posing significant risks to investors.","This news could represent a significant corporate risk for several reasons:

1. **Regulatory scrutiny**: The involvement of the Federal Police suggests that there may be a large-scale investigation into Master Bank's financial dealings, which could lead to severe penalties, fines, or even criminal charges against senior management and executives.
2. **Loss of investor confidence**: A fraud scheme of this magnitude (R$ 12 billion) could erode trust among investors, potentially leading to a loss of market value, reduced share prices, and difficulty in raising capital in the future.
3. **Reputation damage**: The revelation of such a significant fraud scandal can irreparably damage Master Bank's reputation, making it challenging for the bank to recover from the negative publicity and maintain a stable business environment.
4. **Financial stability risks**: The discovery of a massive fraud scheme could compromise Master Bank's financial stability, as investors may question the bank's ability to manage its assets, liabilities, and risks effectively.
5. **Systemic risk concerns**: If Master Bank is found to have engaged in widespread fraudulent activities, it could pose systemic risks to the entire financial system, potentially leading to a loss of confidence in banks and other financial institutions.
6. **Potential for lawsuits and settlements**: Investors may file lawsuits against Master Bank, its management, and directors, which could result in significant financial settlements or judgments, further straining the bank's resources and financial stability.

Overall, this news highlights the potential risks associated with corporate governance, financial management, and regulatory compliance, underscoring the need for effective risk management strategies to mitigate such exposure.",Google News RSS,https://news.google.com/rss/articles/CBMiwwFBVV95cUxPeFpkUmpaT2NpdnotYWN3bldIejJ3dnE1aWVqRmpoMjZ5NTlIQ3h6LTNkSnBESTgyaGk5SU1IamlBVnZxalYyYlpxbnpuX2lhc2ZjVmkwaUFQeVBLamE5cEpWQmVvZktwV3hzdWhJY1RmczF1WHJSNW5uR2NmcFpxbkE4MHM5NHlGcWJZNUdRZEVQcEZWMDM5TV9QbTduak9PTUYwWmVZVnQxOGQ0N29wTUwyUGk0eUl5b3dYeUpUaFZnRnM?oc=5
XP Inc,Financial Services,2026-06-25 03:30:22.947983,,2026-06-25 03:30:22.947983,GENERAL,GENERAL_NEWS,GENERAL_NEWS,1,0.2,GENERAL_NEWS,0.53,XP Inc (NASDAQ: XP) lifts Q1 2026 profit to R$1.32B on higher revenue - Stock Titan,,,Google News RSS,https://news.google.com/rss/articles/CBMiogFBVV95cUxNdGVPbWhDdGlVSDFPbVVMZ2NOa1VSVGJQLTY5eTViVWlSWHo4TWd5NjlzcUU4aVNwWVJjb3JzaTE1bVdteUZtbWxhcVZpaWxrcC1uNmJtcUNYWEZLdWhyWkRIUHFWRkkzd3Z2YVBxRC15YkFKU2toNkJJVWtKQTRNUEtMMG11M3lUMDZzQ3NkV000dkM4UlQtaDJSNS1zS0NiNnc?oc=5
Petrobras,Energy,2026-06-25 03:30:22.947983,,2026-06-25 03:30:22.947983,GENERAL,GENERAL_NEWS,GENERAL_NEWS,1,0.2,GENERAL_NEWS,0.37,Descomissionamento de Sistemas de Produção de Óleo e Gás Offshore - Petrobras,,,Google News RSS,https://news.google.com/rss/articles/CBMieEFVX3lxTE9ieW9CMkw2cXhWZW5IWEpwU1FyZm5OQVBPT0NSaVR3WmdqZDk5aVctQUFXNUNOZE0tTmxkVVRKUGR4OWhOclNjZ2kwRHNTZ2Q0WU41a1NhRnBoVkpqcjhSdHFObFZKclJTN3E0RW5BMlFxd2xVX0FfbA?oc=5
Banco Master,Banking,2026-06-25 03:30:22.947983,,2026-06-25 03:30:22.947983,FINANCIAL_SYSTEM_RISK,CRITICAL_SIGNAL,CRITICAL_SIGNAL,5,1.0,CRITICAL_SIGNAL,0.45,Banco Master Fraud: Daniel Vorcaro’s Most Powerful Brazil Connections - Bloomberg,"A Bloomberg article reveals that Brazilian businessman Daniel Vorcaro, behind the Banco Master fraud, has extensive connections within the country's powerful elite.","The news article ""Banco Master Fraud: Daniel Vorcaro's Most Powerful Brazil Connections"" from Bloomberg appears to suggest that the Brazilian bank Banco Master is involved in a significant fraud scandal. Here are some reasons why this news could represent a corporate risk for Banco Master:

1. **Reputation damage**: A major fraud scandal can severely damage a company's reputation, leading to a loss of public trust and confidence in the institution. This can result in decreased customer loyalty, reduced business, and increased regulatory scrutiny.
2. **Regulatory repercussions**: Banks are heavily regulated by government agencies, such as the Brazilian Central Bank and the Securities Commission (CVM). A significant fraud scandal could lead to regulatory fines, penalties, or even a freeze on bank operations, which can have long-term consequences for the company's financial stability.
3. **Financial losses**: A major fraud scandal can result in significant financial losses for the bank, including potential losses from damaged reputation, settlements with regulators or investors, and costs associated with rectifying the issue.
4. **Potential impact on investor confidence**: Investors may lose confidence in Banco Master's ability to manage risk and operate with integrity, leading to a decline in share price and potentially even a loss of investment.
5. **Systemic risks**: In Brazil, banks are critical components of the financial system, providing essential services such as lending and deposit-taking. A significant fraud scandal at Banco Master could pose systemic risks to the entire banking system, including potential contagion effects on other banks or even the broader economy.

In terms of specific corporate risk factors, this news may represent a risk for Banco Master in areas such as:

* Risk management: The bank's ability to identify and mitigate risks may have been compromised by the fraud scandal.
* Governance: Poor governance practices or inadequate oversight may have contributed to the fraud, which could lead to calls for greater accountability from regulators and investors.
* Compliance: Banco Master must ensure compliance with relevant laws and regulations, including anti-money laundering (AML) and know-your-customer (KYC) requirements. The fraud scandal highlights potential weaknesses in these areas.

Overall, the news article suggests that Banco Master faces significant corporate risks related to reputation, regulatory repercussions, financial losses, investor confidence, and systemic impacts on the banking system.",Google News RSS,https://news.google.com/rss/articles/CBMickFVX3lxTE1FU0h4MExrQVN2dl9kcnhQOFFFemlSd3RtYW15ZFUtZXVsa1VnN0RnU3E1SmU5T3RpUTVzUHg0MHJxbnVTalBKRzk4WUZla2wwdlBqN1pMRjNsa205ZEQ4OWtXYXhCR0lQMDdZVjNqTzhhQQ?oc=5
BRB Banco de Brasília,Banking,2026-06-25 03:30:22.947983,,2026-06-25 03:30:22.947983,FINANCIAL_SYSTEM_RISK,RISK_SIGNAL,RISK_SIGNAL,4,0.7999999999999999,RISK_SIGNAL,0.79,"Eventual liquidação do BRB teria impacto de R$17 bi no FGC, diz Durigan ao Valor - TradingView",A liquidação do BRB (Brasil Rugby Bola) poderia causar uma perda estimada de R$ 17 bilhões para o Fórum dos Jogos de Cadeira (FGC).,"This news could represent a corporate risk for the Brazilian railway company Ferrovia Centro-Oeste (FGC) due to the following reasons:

1. **Financial Impact**: The event of BRB's liquidation would result in an impact of R$17 billion on FGC, as mentioned by Durigan. This significant financial loss could strain FGC's resources, affect its credit rating, and potentially lead to increased borrowing costs or reduced access to capital.
2. **Operational Disruption**: The closure or significant reduction of BRB's operations could lead to a decrease in demand for FGC's services, as customers may seek alternative transportation options. This disruption could impact FGC's revenue and profitability.
3. **Supply Chain Disruptions**: BRB's liquidation could also affect the supply chain, leading to delays or cancellations of shipments. As a result, FGC might face challenges in meeting its contractual obligations, potentially impacting its relationships with customers and partners.
4. **Reputation Damage**: The association between BRB's liquidation and FGC's financial performance could lead to concerns about the company's stability and reliability. This could negatively impact investor confidence, leading to a decline in stock price or reduced access to capital markets.
5. **Potential Lawsuits**: In the event of BRB's liquidation, there is a risk that customers, suppliers, or other stakeholders might initiate lawsuits against FGC, alleging damages or losses resulting from the disruption caused by BRB's closure.

Overall, the potential impact on FGC's financials, operations, and reputation makes this news a corporate risk that warrants attention and careful analysis.",Google News RSS,https://news.google.com/rss/articles/CBMieEFVX3lxTE5Fb2ZOb25PaFA1ZzdCRTFyb1d5SjB4ZWs5bS1fQ2YyX0d0SklZRWF0dktNaGQteXp5LWw2RnB0dTZmMndZX0hoTktVQlhUOVNuN1BmdmZuR05FZlhFSHBTeFRMMWg0QnhGR3V0UVNxU294LTJRcTBMdg?oc=5
BRB Banco de Brasília,Banking,2026-06-25 03:30:22.947983,,2026-06-25 03:30:22.947983,FINANCIAL_SYSTEM_RISK,RISK_SIGNAL,RISK_SIGNAL,4,0.75,RISK_SIGNAL,0.78,"Brazil's government, federal district agree on BRB loan deal - Yahoo Finance",Brazil and the Federal District have agreed to a BRB (Brazilian Reais Bond) loan deal.,,Google News RSS,https://news.google.com/rss/articles/CBMiqgFBVV95cUxPSkdJbXFwS25hcjR4RTZrUS16ZzU2a3k3bXVMVWVVTDN2ZWVDLXBYaERBVDM0NzlVUjdkNE1QdEhoTDNkR1lsSkFGQk8wa2FZTnZjSklzOGdPRkFUeHUwM240NG5hRFBNNk8tMnJTTm10Rkc5clMyQnRoSnJFVW9MNDNyVUpCNTR5WXQyTDJQMEhNYXAyNDVCSXM2QmRkWHk4c2QycVdBUHNBdw?oc=5
XP Inc,Financial Services,2026-06-25 03:30:22.947983,,2026-06-25 03:30:22.947983,GOVERNANCE,WEAK_SIGNAL,WEAK_SIGNAL,2,0.6,WEAK_SIGNAL,0.51,XP Inc. (XP) trims 2026 AGM board slate and adds new independent director - Stock Titan,,,Google News RSS,https://news.google.com/rss/articles/CBMiogFBVV95cUxQbUQzWTFrSVd5UHF4U3FuRzNJUVowZWgyTHdZRDFNalFPcGxRT0o2d2gxNUtEM3k4TmxJQnZVRlVGdlNxcTNWNDUySk1LRV8zVlhKeUVkQ2c0d3o2cWxZbUZrTUloZkZGbmt3bDk0RF8wLXNrc1NQMFRrdTNtMk5RUldDSFIzeXdTZkdKbG5Vd3R0dEpqbjhJcjhna3dNeVEwa2c?oc=5
Petrobras,Energy,2026-06-25 03:30:22.947983,,2026-06-25 03:30:22.947983,GENERAL,GENERAL_NEWS,GENERAL_NEWS,1,0.1,WEAK_SIGNAL,0.35,Petrobras escolhe Vallourec para apoiar suas operações em contrato de US$ 1 bi - InfoMoney,,,Google News RSS,https://news.google.com/rss/articles/CBMitwFBVV95cUxOSkNweTdDdTlKOWZuelNaNjBkVnRiRGtHNWUyMjlJUHByb05aaXNsRFdQSkdsX1JnYU9DM3NOd2ItQmFTN1RZc1NjNXJMR2FQNUhjMGdoOHNlMld2T2t2NlFRZS1GWjdiRTVUTkZmdk80WUNnRk1CMkRUYjFmcXRYSUdPanoydmpGQUktMXptckd2c1pJQkJmbm5ueWthYjdUa1FPOHBxNm91Qmo4dnp0NHhIYmlVaU3SAbwBQVVfeXFMT05PVTF3T29tZzRiN19YZ05CaDh1clpWUjJBMjEyc3lVUjN5MmJhVUhsdkZvME92SW9wTGNYVGNCNW1OWDFTWE9LY21TZnF6bW5icWtqeER4S0ZZc2tmeTZhMmc2d2swUFRKVXQ3YThRd3lpall4VWg5WkozVmNGdzNkWVhnaFNRMzBzMTh2NUhYX3B4S200c2s2TG5hZ0ZlNGhtX24ycU9Lc1JtT2FMWmNnTTVTajBqS1lLU1Q?oc=5
Banco Master,Banking,2026-06-24 03:30:23.763502,,2026-06-24 03:30:23.763502,GENERAL,GENERAL_NEWS,GENERAL_NEWS,1,0.1,CRITICAL_SIGNAL,0.28,Flávio Bolsonaro mentiu sobre o Banco Master duas vezes no mesmo dia - Intercept Brasil,,,Google News RSS,https://news.google.com/rss/articles/CBMikgFBVV95cUxPZ3JVdjRtQzhUN3RYbXFEYmI1OEptX04tUXdLaHlaQ2xuZGt6YVlkMUlocXdXWHpvUThEeU1zTklYMlNMaVlCWnZQYUN2UVZ4Mm1rYUpkRjFBR3ZlRWVubm8wUjUwLWZ6UW54UVlSNDQzSmR4bHg1bmx5c0NYaWNJbjltSTVYR0ZPZlFHZkRqdGpRZw?oc=5
BRB Banco de Brasília,Banking,2026-06-24 03:30:23.763502,,2026-06-24 03:30:23.763502,FINANCIAL_SYSTEM_RISK,RISK_SIGNAL,RISK_SIGNAL,4,0.75,RISK_SIGNAL,0.65,BRB to begin offloading Banco Master assets - Valor International,"BRB (Banco del Río) will start unloading its assets, specifically those of Banco Master, as part of a debt restructuring process.","This news could represent a corporate risk for BRB Bank (BRB) due to the following reasons:

1. **Asset impairment**: By announcing plans to offload Banco Master assets, BRB is likely indicating that these assets are no longer generating sufficient returns or are carrying significant losses. This could lead to non-operating loss recognition, which can negatively impact the bank's financial performance and overall creditworthiness.
2. **Potential asset sale at a discount**: If BRB decides to sell Banco Master assets, it may do so at a discounted price, which could result in a loss for the bank. This could be due to various factors such as a decrease in market value or difficulties in finding buyers.
3. **Redundancy and overlap**: If BRB is offloading Banco Master assets, it may also indicate that these assets are redundant or overlapping with other business lines within the group. This redundancy could lead to redundancies among employees, increased costs, and decreased competitiveness.
4. **Regulatory scrutiny**: Depending on the nature of the asset offload, regulatory bodies (such as the Financial Sector Supervision Commission in Lithuania) may scrutinize BRB's decision, potentially leading to additional compliance costs, reputational damage, or even fines.
5. **Impact on group-wide financial performance**: The offloading of Banco Master assets could have a ripple effect on BRB's overall financial performance, particularly if these assets were significant contributors to the bank's profitability. This could lead to concerns about the bank's ability to meet its financial obligations and maintain its credit ratings.

Overall, the news suggests that BRB is facing challenges with one of its business lines, which could have far-reaching implications for the bank's overall strategy, operations, and financial performance.",Google News RSS,https://news.google.com/rss/articles/CBMirwFBVV95cUxPdVh2RWxrV1hsMEhuR2NqWEs0Rk96bWJYUUVrRFVkWUNjd0RuUDA0RndFNUNGTWdyQzJWWUNpRVgwLTJnaVNCTFVmaVJRdl8yUGRnYU1weG9GV0RZbWt1SmdFalEtcm9KV2EwUGJlc0VsS1VpaEZfRTFOWXFZTXpmZ1c5MXFNd2U4ZDdUN2pYcnhBZm9HdDRrN015NlMtQkVlbmtSVWNFR0ttSzNUMDUw0gG-AUFVX3lxTE1YRXVyaThHZk1pbU5tSDVrbkZremtHcTZiRFNHb1JTZi03cENEVVpVdTBHY1FGLVJwd2hjbHZwTHlEcWs1VUhUT0dJak9qVVduRENLN0hTUTctUm1NTDIyWTE3NzhqdEdLcUxDTldNNzVsNERRWlQzb3g2ZVZmTGJmUDFlRmNPWDBSWU1CTmw1WWVaeFdLcWhMTHdSbTJsUVBKeDZrR1BINlFsNVI3b185aTZmbU5iVVo2bTF2anc?oc=5
Banco Master,Banking,2026-06-23 03:31:44.398770,,2026-06-23 03:31:44.398770,FINANCIAL_SYSTEM_RISK,CRITICAL_SIGNAL,CRITICAL_SIGNAL,5,1.0,CRITICAL_SIGNAL,0.83,How Central Bank unraveled Banco Master fraud - Valor International,"I couldn't find any information on the news article ""How Central Bank unraveled Banco Master fraud"" by Valor International. Can you provide more context or details about the article? I'll do my best to summarize it in one sentence.","This news article suggests that there may have been a significant corporate risk involved in the Banco Master case, specifically related to financial fraud. Here's why:

1. **Insider involvement**: The fact that central bank officials were able to unravel the fraud implies that someone within the organization (Banco Master) had knowledge of the scheme and was complicit in it.
2. **Scale of deception**: The article likely reveals a significant level of financial deceit, which could have resulted from poor corporate governance, inadequate internal controls, or lack of oversight.
3. **Regulatory non-compliance**: If the central bank investigation found that Banco Master had breached regulatory requirements, this would suggest a failure in corporate risk management and compliance policies.
4. **Systemic risk**: The article may indicate that the fraud had far-reaching consequences, potentially affecting not only the bank but also other financial institutions or even the broader economy.

As a result of these factors, potential risks for Banco Master's corporate stakeholders, including investors, customers, and employees, could include:

1. **Reputation damage**: The revelation of corporate wrongdoing can lead to loss of public trust, damaging the bank's reputation.
2. **Financial penalties**: Regulatory fines or penalties imposed by central banks could result in significant financial losses for Banco Master.
3. **Operational disruption**: Investigation and cleanup efforts might disrupt normal business operations, affecting customer relationships and market confidence.
4. **Strategic risks**: Poor corporate governance and risk management practices may lead to strategic missteps, impacting the bank's long-term competitiveness.

Overall, this news article highlights a significant corporate risk associated with financial fraud, regulatory non-compliance, and poor governance, which could have far-reaching consequences for Banco Master's stakeholders.",Google News RSS,https://news.google.com/rss/articles/CBMisgFBVV95cUxOM1p4a2tfdk1sSU1fQjAwcV9oZWxZVm0yU0VLaVlVb2RHWXhWLS1jR0V0ZnMyMkZheFBsYy03RzJsWk9SRTVDVV9SOUU5ZEk2ZlVtMzhxSzAyYmhVSGxtTkJsNlVjbmVrS1NaLVNaYUNuWVJUSzdXSDlPemVJUnlnazhkS3BHeXh6MU5qc0RKMEIwaVRhZFVRaGZ3UF82LWpiQTJsZi1TS1pFLWVhb3FyaWlR0gHAAUFVX3lxTE1hbm5fcFJsSTN1Ui0zRGZxRmRiaE9JLXFfamgzaGh5VmVJekJHc0J6ZlRpLVJmdU44TF8zVF9zdzcxdmNpMjM0ZmNGdGZFalJDTl9tOVYtS1FTQzhGTFZfWWo0NEtDMjZaY3MtbllQTzF6N0tiTnViRmRaa29XZHNaWUxOU2h4TXc4eFNHZW1DZnlkcm9pLVNLX19keGtoUTVjMVBFYlBJMnN1dGZCVVlMaC1ldlpOb1A1eTlaQ2Z4WQ?oc=5
Banco Master,Banking,2026-06-23 03:31:44.398770,,2026-06-23 03:31:44.398770,FINANCIAL_SYSTEM_RISK,CRITICAL_SIGNAL,CRITICAL_SIGNAL,5,1.0,CRITICAL_SIGNAL,0.78,Brazil central bank shuts Banco Master as police detain top investor - Reuters,"Brazil's central bank shut down Banco Master, a troubled lender, following the detention of its top investor by police.","This news can represent a corporate risk for several reasons:

1. **Regulatory action**: The Brazilian central bank's decision to shut down Banco Master (a bank) suggests that the regulator has identified significant issues with the institution, such as financial instability, non-compliance with regulations, or potential safety and soundness risks. This type of regulatory action can have far-reaching consequences for the bank, its customers, and its stakeholders.
2. **Investor detention**: The police detaining a top investor implies that there are suspicions of financial irregularities or misconduct related to Banco Master's operations. This could lead to further investigations, potential lawsuits, and reputational damage to the bank, its management, and its investors.
3. **Systemic risk**: As a bank, Banco Master plays a critical role in the Brazilian financial system. The collapse or significant weakness of this institution could have a ripple effect on the entire banking sector, potentially leading to systemic instability and losses for other banks, depositors, and the economy as a whole.
4. **Reputation and brand damage**: The actions taken by the Brazilian central bank and the police detention of a top investor can severely damage Banco Master's reputation, eroding trust among customers, investors, and regulators. This could lead to a loss of business, market value decline, and difficulty attracting new customers or investors.
5. **Potential for further regulatory scrutiny**: The shutdown of Banco Master may indicate that there are more systemic issues within the bank or the broader Brazilian financial system. Regulatory bodies may launch additional investigations, which could lead to further corporate risks, such as increased compliance costs, reputational damage, and potential fines or penalties.

In summary, the news highlights a combination of regulatory concerns, investor detention, systemic risk, reputation damage, and potential for further scrutiny, all of which can pose significant corporate risks for Banco Master.",Google News RSS,https://news.google.com/rss/articles/CBMisAFBVV95cUxPZG8yOXdCaUNIOHB6Ylc1d3pLYTNrcW1BbXJ6Sm1LZFpEM2lMUUdKQjBPa2dodW9hYXBQYnBzNVpOOElhcHlDdnVoZkFXSTJ6aGc4RW1rVmRmaFptcGk4UmxSOURsQS1xUk1ibmxaZ2tnejFPU09BSTBTVEQ5M3VWUG1OVXBZcWtwNHBZN2l6R1ptc0dzbUxuOVZkNTUwUTZGZzJzMXVkNGxLRjhYVUNzcA?oc=5
Nubank,Fintech,2026-06-23 03:31:44.398770,,2026-06-23 03:31:44.398770,GENERAL,GENERAL_NEWS,GENERAL_NEWS,1,0.1,WEAK_SIGNAL,0.33,Nubank buscará licença bancária após mudança de regulamentação - Bloomberg.com,,,Google News RSS,https://news.google.com/rss/articles/CBMiswFBVV95cUxPN1lXWFQ0Y0N0WUZzcDdsVGZmOWhYR3c3WFVNLTZHczVQWGZ3VEg5SkNqUGhsenlSSzVyNUNjczhtWEtNbzFNUFp2UXl1TjBfU1pwcmNUN2dOdVg5Ni1ndEszdzFXa01SR0RlUWZzbjNWaFhqdGdDaDhBZlg2ck5uSHAwMmRPX21JU3plc3d1UjRyMWVqcVhrczk2REJCY1I1UlVHOXk0S1FLbExZVzBWWENoSQ?oc=5
Nubank,Fintech,2026-06-23 03:31:44.398770,,2026-06-23 03:31:44.398770,FINANCIAL_SYSTEM_RISK,RISK_SIGNAL,RISK_SIGNAL,4,1.0,RISK_SIGNAL,0.61,BC diz que informação sobre liquidação extrajudicial do Nubank não procede - Extra online,The Bank of Canada has stated that information about the liquidation of Nubank through an out-of-court process does not align with its regulations.,"This news article suggests that the Brazilian government's claim that information about Nubank's out-of-court liquidation plan does not comply with the regulations could represent a corporate risk for several reasons:

1. **Regulatory non-compliance**: If the information does not comply with the relevant regulatory requirements, it may indicate a breach of laws or regulations governing banking in Brazil. This could lead to fines, penalties, and reputational damage.
2. **Liquidity crisis**: An out-of-court liquidation plan may be seen as a sign of financial distress or liquidity issues, which could impact investors' confidence in the bank's ability to manage its finances.
3. **Loss of investor trust**: If the government claims that the information does not meet regulatory requirements, it may indicate a lack of transparency or accountability from Nubank's management team. This could lead to a loss of investor trust and confidence in the bank's leadership.
4. **Reputational damage**: The controversy surrounding the liquidation plan and regulatory non-compliance could damage Nubank's reputation, making it harder for the bank to attract customers, investors, or talent.
5. **Financial consequences**: Depending on the severity of the regulatory issues, Nubank may face financial penalties, fines, or even be forced to cease operations.

Overall, this news article suggests that Nubank faces a corporate risk related to its out-of-court liquidation plan and regulatory non-compliance, which could have significant implications for the bank's reputation, investor confidence, and financial stability.",Google News RSS,https://news.google.com/rss/articles/CBMiyAFBVV95cUxQYVY4VWVYUmZPdGRXejFOVzI1bFRWdmxUdU9sNXUxM25GNHN4OVdwcTEtdHdXa0RaNjg4RkdpT3N0RFJtSXJMdnp1VXNJc3BiOWlBTkc1Mm92TUQ5U0h6WWpobWJ0RXR3bDBCNDFCRnVMVUppbTdoMXpXcDVoVWFjcmJ2Z0l3cDJabC1Lc2tMUm1hT1p5b3kzQ0RIRzBwZDBTdkVNTGhNNkhMd25JOVctNDFqdDdYZ1V5MFdOTHYyaGhUX29KcEIyVNIB1wFBVV95cUxPQlpZeTd0cXo4RG9fcnRvXzNRUm5mYk1VQXAwcjdtTUlmLXBCM01IZWQ1SHdlWnY1SERkajAtMkd2T0dJbGdzS0NVZURja2Nyd2F1b21ZdFFtMzBCclZXQ3Y0aU9aRHJsMFdHb2hoNGZFMlYyTGFKSVdzOTBPX0cwRTdydVUtdWlhTGNLaXR2Q0hobGlyNTNkVWFORm9oQUhJY1UtRXNnbHZ2TXdJVnFJNGZ1OG5Xcm1OQVI0V0VMRXE5Nl9SdElSSy1WX3BzRjVkRXdydUxvWQ?oc=5
BRB Banco de Brasília,Banking,2026-06-22 03:32:18.880260,,2026-06-22 03:32:18.880260,FINANCIAL_SYSTEM_RISK,RISK_SIGNAL,RISK_SIGNAL,4,0.75,RISK_SIGNAL,0.64,Brazil will loosen fiscal rules so Banco de Brasília can obtain financing from the FGC - Demócrata,Brazil is relaxing fiscal rules to help Banco de Brasília secure financing.,"This news could represent a corporate risk for several reasons:

1. **Loss of independence**: By loosening fiscal rules, the government may be exerting undue influence over the bank's operations, potentially compromising its independence and ability to make decisions in the best interest of its shareholders.
2. **Increased debt burden**: Banco de Brasília may take on more debt than it can afford, which could lead to financial instability and increased risk of default, impacting not only the bank but also its depositors and the broader economy.
3. **Fiscal risks**: Loosening fiscal rules could create a culture of fiscal irresponsibility among banks, leading to a surge in excessive lending and borrowing, which may ultimately lead to economic instability and even crisis.
4. **Credit rating implications**: If the government's actions are perceived as overly favorable or coercive, it could negatively impact Banco de Brasília's credit rating, making it more expensive for the bank to borrow funds in the future.
5. **Systemic risk**: By allowing a large bank to take on excessive debt and loosen fiscal rules, the government may be contributing to systemic risk, which can have far-reaching consequences for the entire financial system.

Overall, this news could represent a corporate risk due to the potential loss of independence, increased debt burden, fiscal risks, credit rating implications, and systemic risk associated with loosening fiscal rules.",Google News RSS,https://news.google.com/rss/articles/CBMiwAFBVV95cUxPUzV1X1JrbngzU0x3QURheFNNRjNKRGd0SjlDZzNzdFdkVUYxb1RuazhvdU0wVHIteUlHMldLQVhYVndmQU53RkplcEMzV3RNcFVVVGtJUlgwX3ItVWhxcko0NFlGdXNSMEZ1X3FWNEUyMDZ5aWRPal9yRnVjRzh0ZmRpTXZmWXYwc2oxS2c0V2tzYWFPVnJreDVWODc4aGJibmVra1NacXg2T3RvaVhESXkweDJMN05CQ1N1Uko3XznSAcYBQVVfeXFMT2JXUV80Z2l4WnVhQ3ZIUHdBdUlhbHB3RWFPNzk1eVRuRFZmTkdpUWpDTk43bDR3SDdWRHRXemZOYzdaVXptSjZUSkhuNUYzcTBDM21BZWtpQTdBMW10SXhJeXNFNXhiLThDY1lnYjZrNGM5TUJzWk1HQVhqbmFlN1RwdHl2LVBvUDczVG9Pdjd2VVJzZ3FrYk1YbGtZbjBreHNFNWxfQ1NfUlQxb28wZHkyUDlJbkdycnFQSjZvZm16aV9mMFNB?oc=5
BRB Banco de Brasília,Banking,2026-06-22 03:32:18.880260,,2026-06-22 03:32:18.880260,FINANCIAL_SYSTEM_RISK,RISK_SIGNAL,RISK_SIGNAL,4,0.75,RISK_SIGNAL,0.73,Brasília government appeals suspension of BRB bailout - Valor International,The Brasília government has appealed the suspension of a €500 million bailout for the Brazilian Railway Company (BRB).,"This news could represent a corporate risk for several reasons:

1. **Reversal of a previously agreed-upon payment**: If the Brazilian government is appealing the suspension of the BRB (Banco do Brasil) bailout, it implies that there was a previous agreement in place regarding the payment terms. A reversal of this agreement could lead to financial difficulties for BRB or its investors.
2. **Potential credit rating downgrade**: The suspension of the bailout may have already affected BRB's credit rating, and an appeal by the government could further exacerbate any negative impact on its rating. This would make it more expensive for BRB to access capital in the future.
3. **Financial instability**: If the Brazilian government is appealing the suspension, it may indicate that there are concerns about the country's financial stability or the viability of certain investments. This could lead to a broader credit crisis, affecting not just BRB but other companies and investors as well.
4. **Regulatory risks**: The appeal by the government may also involve regulatory challenges, which could impact BRB's ability to operate or make decisions about its future strategy. Regulatory uncertainty can be a significant risk for any company.

Overall, this news suggests that there are potential risks associated with BRB's financial situation and its relationship with the Brazilian government, which could have broader implications for investors and other stakeholders.",Google News RSS,https://news.google.com/rss/articles/CBMivAFBVV95cUxOSjE5VXg5SjJQZmlWanlkX0hHdUNEMFlud0R5UHY5dW1Zazc2RkpDRmhRNnlQZ1gxbUV0R002ZFJCcWhYYzVrTFhZa01RQTg5Q2s0LWI4T0d4NHc5YlczY0ZjR2I0U2xjSDFobHpURi1UUUpWRDBJeHptTlB5Q3BueGEyX2J4UlF2aGtxOG1MMXBWOHEwWWJMeGRwWDB6U002ZFllLVJVcTZXeXJzeVFqU0lTRFRuTk9vTngtRdIBywFBVV95cUxNUkRhNUxXRURfclVCUE9JenJVRi1lLU8yYzNjQnBLWUJBVnpESVppSm8zeVZFWWpvNGhJZFEzMGFQbkFWa09nVW9Zb0pyZVZlRHNaUWtVYTVXRGtMSkVualFHcmF5b1JYU3ZfRHVILUJkUVlBQTFmYmkwU2YyMXBMQnpWMGlFRlNpNWFSNU5SbWFXd3RzS1dJSkNQclpFSHZ5WEMxZEVKMi1nazNJUmRUTWk5bDZTVy05SlBQRDF5QWtDcmdrVGc1N1NMYw?oc=5
Nubank,Fintech,2026-06-22 03:32:18.880260,,2026-06-22 03:32:18.880260,GENERAL,GENERAL_NEWS,GENERAL_NEWS,1,0.1,RISK_SIGNAL,0.38,Notificação por engano do Nubank assusta clientes; instituição permanece funcionando - CBN,,,Google News RSS,https://news.google.com/rss/articles/CBMi1gFBVV95cUxOcm5JemR6N0c0UDE5dFpRVGxTMktGN2ZKYU5xamlIc1oyYUEwZzlUbWdlUFRjVVZPV2NvSjhaRFo2a2RHZm1CLWRwT1ZrZE9tWDdUZkxiSHAyM09weEVIRFI2NVlYN3U1MmN2bDBhcE0wQUdzWjQ3azhhejJVN2NUVHc3bDZ1U2kybXZyc0VobjZJX0dsNkNkdHdSWjZoSVJ3Sk52VmxFbkVrUC1rUkdUald3N3M3YzZSX2p4UWJad2wtY2tPZ0lvX3R3Umd3bGFIdHFYZVRR0gHkAUFVX3lxTFB2a1BKeC1iWjFWbURIQURSekFkLUdkNXZsUVJ2QnQ1LVNmQkpUaVJZNlhVdGZDd2dVRWM0MlE1VUM5N2o1TjBKVjU1bGNBZEJLcVJ2OE5welNGeGwxdThwaDNCbm9kUnFiU1pNSVl3QlBXdk1yS0xfNXdyTkJMcExtUWlzQVJMTk5EUnpGUlBDWnZSZ2lacDNZUjB4NDR6NGVqZExidm5MeE9jQ1YtT2dlUDhnZFJoUmZDeVY5b3VIVXZyd1dYanNUUWNGakNZS3pRLThwZVhUVDZGZVY1YS1lcGFrOA?oc=5
Petrobras,Energy,2026-06-22 03:32:18.880260,,2026-06-22 03:32:18.880260,GENERAL,GENERAL_NEWS,GENERAL_NEWS,1,0.2,GENERAL_NEWS,0.44,P-68 paralisa após incêndio: vidas e meio ambiente em risco por culpa da intransigência da Petrobras e do governo - Esquerda Diário,,,Google News RSS,https://news.google.com/rss/articles/CBMizgFBVV95cUxOQ1dnblZXSWtXa1pmLVlPQkltNUFSWmZnclo4bklKdU04SmhBZnFocnZOc1FFVkVsTW9zTGpIZWc0Q1RiVTRIRHRYVlJpTmIyQ1A3V1pjMkx2STdaZ0VSTTFZWTJBMVFKQk9POWR6ZjdlNkhaYXhoSjU1S2ZtQ3hCWXA2c2Z3Qmtqam1MdWdNNE9NNUFPVUJwYks5ZjlIOXJkZGZUbXhTMFB4TlN1WHVlbVhXQ3BicmRKbS1GRFQ1SG9KZWE4bm5zMlEwYXplQdIB1gFBVV95cUxNUEVnbDZ0NFhvN0ZteHM1QzhNX1dvQ0ducUJna0R2MW96RjhLTDU2TjI1eWxyXy0yTzhKbFVPd1hxS2FNNk9mRWR5MXc4X2hCZ3FhQV9wUXYxVHNBWEhUcW1ycnRja3FYdGNWNzhpQnQyTmJxaDZUZjhkRC03WXVxQkE0aXhEUl90M0QtRVpUbmxHaG5taG5Oc2V6NG51N0NYbkl2dXJqUDRtRy01U2pkTXFpVWFKYWtMZ3d0RGd4UHN1WFdPVUhCQkM3bm1PN1F1WFlHdEh3?oc=5
Nubank,Fintech,2026-06-20 03:31:10.574043,,2026-06-20 03:31:10.574043,FINANCIAL_SYSTEM_RISK,WEAK_SIGNAL,WEAK_SIGNAL,2,0.6,WEAK_SIGNAL,0.53,"Em meio a polêmica, Campos Neto começa no Nubank seis meses após deixar presidência do BC - Valor Econômico",,,Google News RSS,https://news.google.com/rss/articles/CBMi3wFBVV95cUxPLTlXdUt2Njk2VmtRRld3dEZBVnY4NWgzeV9TcjctMmhZNlpPcDBhSFZHeGRaRVZQUXVMb0JCUjlVWTdsZFdvR3NfdjZobVdsQUx4N0pQMmpJcWx1LXdLY1Q0ZFA4WWZ3a1ZNaWRqRHF1YXdfUk4yaG5uMXBJOHpIT2RpUGhORzZSNVdFY3pScXEya2s5dWdoZmdQWHlXZzZ1d0lIdXBYQWpieERRTzZhRm5yXzNDZG4zYU1SMFM1S2R2dUh4ME54X3ZPVGFjQkRqaVJhV010azJIaUJlY0tV0gHuAUFVX3lxTE9LdEJUSDdvM2Z5QWdFYk1fdW1tbndWbTJrR0NKZ2dNbXZCRlBfSEt4UUI0MGVZa3JhZExleFpjazJzS3RLNW1vbFFzbHBxNGVVaWdwR3MxV1RNTVZpNHZBa3dRVEtuV1ROODhxell1bVBWb29KRjRSSDdNaGdwUXlvYkhyaTZvVl9qX1R1Rmd2NTB1R2lydjBueGZsTThrTFZVWDgxaWdJRFJzM1RYZ04yckpvdThBdkFiZnlHN2haMUVGTGE2YTJ2SXNZVFJ3LVFEam5YS0x4bTlZTTQ4NEtDenIxZ0l0amRFbnRDWEE?oc=5
Banco Master,Banking,2026-06-20 03:31:10.574043,,2026-06-20 03:31:10.574043,FINANCIAL_SYSTEM_RISK,CRITICAL_SIGNAL,CRITICAL_SIGNAL,5,1.0,CRITICAL_SIGNAL,0.86,FGC Begins Payments to Investors After Liquidation of Banco Master - CPG Click Petróleo e Gás,The Financial Group (FGC) has started making payments to investors after the liquidation of Banco Master.,"This news could represent a corporate risk for several reasons:

1. **Potential for increased debt repayment**: By starting payments to investors after the liquidation of Banco Master, FGC may be taking on significant debt obligations. If the company is not able to generate sufficient cash flow or manage its expenses effectively, it may struggle to meet these debt repayments, which could lead to a credit rating downgrade, higher interest rates, and increased borrowing costs.
2. **Loss of control over asset disposal**: By liquidating Banco Master, FGC has likely relinquished control over the sale of assets, which could result in lower-than-expected returns on investment or even losses if the company is unable to recover its full investment in the liquidated entity.
3. **Dependence on investor payments**: If FGC relies heavily on payments from investors to meet its financial obligations, it may be vulnerable to disruptions in these payments, such as default or bankruptcy by one of the investors. This could lead to a liquidity crisis and impact the company's ability to pay other creditors.
4. **Potential for increased regulatory scrutiny**: The liquidation of Banco Master and subsequent payment of investor claims may attract attention from regulators, who may scrutinize FGC's financial dealings, management practices, and governance structure to ensure compliance with laws and regulations.

Overall, this news highlights potential risks associated with corporate restructuring, asset disposal, debt repayment, and investor relations.",Google News RSS,https://news.google.com/rss/articles/CBMisAFBVV95cUxPcmFoVFc2Y3FrVFRrTFp3YW5WVDNOM2pEbndMYUxNUlFpcWgyNG5RUXYtOUlRNkN2aVhwOC0zNmlKNlNHU195QnRiSmhCajVlNk80MEdpMHBLdmdmVDBIZE9aRnJ1aTd2dGY2MWxBaDZISU1LNHNaaGVCQkRJMXR6cUc4Q1Z6akcxZno2aXJ2X29BQm5vT1NJT3BuaGxwUS0weGtKV29KN05CZVQ3bE04TA?oc=5
Petrobras,Energy,2026-06-20 03:31:10.574043,,2026-06-20 03:31:10.574043,GENERAL,GENERAL_NEWS,GENERAL_NEWS,1,0.2,GENERAL_NEWS,0.45,"Petrobras Could Shine Again in Venezuela, Now That the Country Is More Open to Foreign Initiatives; President Lula May Be Negotiating With Trump for Petrobras' Return to Oil Exploration in the Neighboring Country - CPG Click Petróleo e Gás",,,Google News RSS,https://news.google.com/rss/articles/CBMi1gJBVV95cUxNZ3N3QkpmcDlTRmxMb2FaWlppQkxvR2RZUE10MEFSUFBjV3N0RUw2VzJtaVVrY2tSQUxScW42amh3azhFLVo1XzNpeUJaUnVXbGtuT1dfN0ZCcUZLRGZNdkNrY01rNTlwVnhPZmQxYzFSczk5Q2ltSVVQMGFpckt4ZnItSEhSUmZ2cVBxb3BhV21iU1dzV2dFTTFJNkxMNXFMLXdGSE1oMnFzWHRxeS16cmZ5U1pqVWp2LVItbExCdWM0RGpVamFVZXZLeng0OFdxNlpadGtzaWtab3BlSnJCdlNEeXJEZU5fbkM4b2JRUGtUYUh1MVhjSk9sdE14Z3hGZHVmUUQ2ZlpVRmt1ci11RlVNVW9TbktaMG45OV9jendrOFYzaEdVNGNuYjE5Y2RlWF83SzdfU0tWTnJGWGJyS2xXRWRfZzNHajJ4NXhlVlBSZk1lRHc?oc=5
Nubank,Fintech,2026-06-20 03:31:10.574043,,2026-06-20 03:31:10.574043,GENERAL,GENERAL_NEWS,GENERAL_NEWS,1,0.1,WEAK_SIGNAL,0.27,Nubank finalmente vira um bank - Tecnoblog,,,Google News RSS,https://news.google.com/rss/articles/CBMia0FVX3lxTE5fSEhSUE95cktJZS0zNUhyZ3NtaDRwWmNqX3JzZ1lGbmVaZUFvN3JKc1lUY2VpdGk2eG1meGV5V1R1UUVyNVVGa0UzaWFKMGZ1Tmt2Q3NDSVdoenozeWlMZ0Z6a255eXNaaXRV?oc=5
Nubank,Fintech,2026-06-20 03:31:10.574043,,2026-06-20 03:31:10.574043,GOVERNANCE,WEAK_SIGNAL,WEAK_SIGNAL,2,0.6,WEAK_SIGNAL,0.32,Nubank libera consignado para aposentados e pensionistas do INSS. Veja - Estadão,,,Google News RSS,https://news.google.com/rss/articles/CBMiuAFBVV95cUxQaXc5SzU3ZDR3a0tid1dFd0daY0dZbEtBWm1pSFZsa0I5cGI2YVpqZldlY1lfT3hPSmRCRjBfNnNtLWtNQzA1REZ5Z29DZWJuWDdSU2xJX09xWV8xdDdnUWZub0ZOcHRtYjQzMUpCS2tDVTVEUk12elpCTkZpeHdrckRJY2l6MXpINjlqNVYxOGpfWWpJMnZsQ0hhNER0aTBKclRudS1aWTV5d1h2bHVDaGNKd3RzcEoz0gG-AUFVX3lxTFBfZVY2dVNYUDA3MUhPSUpzRlk2QVlEMUJ6SHJpTFpuZzk4RGR5YU9RODQxSnllZFllZ3UyWXVaRDVoVEpYd1Y2YjlfOGowWFoxNGp1dE5RNWd0MnY2VVBXZWRYYlFoU3YzOHhyUERfN2JobXF6QVRRQnl3bEVJNHpOdG43ZTZ5ZE9MQTFqVzgyd0JHeEhJNXZFNGF1LXU3aHZmNkRsR2NkTk9LNldOVDZuT2k3WnZRTDRTVTJaNEE?oc=5
Nubank,Fintech,2026-06-20 03:31:10.574043,,2026-06-20 03:31:10.574043,GENERAL,GENERAL_NEWS,GENERAL_NEWS,1,0.1,WEAK_SIGNAL,0.34,"Nubank tem lucro de US$ 783 milhões no 3º tri, com alta de 39% em um ano - Valor Econômico",,,Google News RSS,https://news.google.com/rss/articles/CBMi3AFBVV95cUxOOGpqZ0NNcVpkY3BwaW9rT0tTQ2d3SV81RDNvRmh5NXYtRWJYZVEyYjcycmloUlNtTklCRDJleWwzcHczWkJkWkEyYUtIRFh2UTlWUmpoVDRpZEQ4Tk9aLUQ3X2RhbFZoSVd2Q1VlUVVKRkdkeDk3aUJPcHFtd05vNnpCUkY2Yk1pWGR2ekdmUWU4YzdPZ1dZeEdMdTJHdG1qOTRyTVdEbkhIRnlLdGhHd3lyOTlvd2pBQWVMWWJaMlY2ZHlwd2pDZF83UDdfTlVxT1V2UkpRTGk2b2VU0gHrAUFVX3lxTE9fNnd0c25xS0FJNTVoNl9CSkh0OXdZUmRLXzZJUVVzSHJJd0x4M0lyRDBpTTR1bG9taXVKUzhyS05ObUtqSDBzS0RZWGt2ZnVzSmptdEJ3VXFCX2dfTWdqYm8xVzh6aF9GUDZQQUxYWExKQkhwRC1fc2hZT1YwX2lTazZBd29MNHZFZF9XV05wZlU3cnowOVdqSzk5ZGNidEZ4YWx2aUViWVZVdno2ZDZnVkd5cWNfTWRCSmIxR1owZnpqeEY4VDhSbTd4SXZaQ09vblZmX3JTQUFILXVDeE1ueWJKV3FDc0V0YzA?oc=5
BRB Banco de Brasília,Banking,2026-06-19 03:31:09.222043,,2026-06-19 03:31:09.222043,FINANCIAL_SYSTEM_RISK,RISK_SIGNAL,RISK_SIGNAL,4,0.75,RISK_SIGNAL,0.82,"Solução para BRB envolverá empréstimo do FGC com fiança de sindicato de bancos, diz Durigan - TradingView","A solução para o problema do ""BRB"" (falha no pagamento de contas) envolverá um empréstimo do Fundo Garantidor de Créditos (FGC) com fiança do sindicato de bancos.","This news could represent a corporate risk for BRB (Brazilian Railway Group) because it involves taking on debt from the Federal Government of China (FGC), which may pose several challenges:

1. **Debt obligation**: Taking on significant debt increases the company's financial obligations and reduces its liquidity, making it more vulnerable to market fluctuations or changes in the economy.
2. **Interest rates and repayment terms**: The interest rates and repayment terms of the loan might be unfavorable, increasing the company's costs and potentially affecting its profitability.
3. **Credit rating impact**: If the company defaults on the loan or fails to meet repayment obligations, it may negatively affect its credit rating, making it more expensive for BRB to access capital markets in the future.
4. **Dependence on a single lender**: Relying on a single lender, especially one from another country (China), might limit BRB's negotiating power and create potential risks if the relationship deteriorates or becomes strained.
5. **Regulatory risks**: The deal may require regulatory approvals that could be delayed or denied, which would impact the project's timeline and potentially its viability.
6. **Opportunity cost**: The funds used to repay this loan might limit BRB's ability to invest in other strategic initiatives or projects that could drive growth and returns for shareholders.

To mitigate these risks, BRB may need to consider factors such as:

* Carefully evaluating the terms of the loan, including interest rates and repayment schedules
* Building a diversified funding mix to reduce dependence on a single lender
* Maintaining strong credit relationships and credit ratings
* Regularly monitoring regulatory developments and compliance requirements

By understanding these potential risks, BRB can take proactive steps to manage its finances and mitigate the impact of this loan on its overall corporate health.",Google News RSS,https://news.google.com/rss/articles/CBMieEFVX3lxTE14TUlRbnhwWEdUTDVuOTJUWWRtM3RpZEp2SUJGNmNkTmlHOEZpSkx1Um5ubDZSTzE3WkNrcXdYWlhFZ2ktaENvUjdWWGp6eXp2TERicGJfLWVYMTMwdksxdUhzaWpTc3VucWJTUzV0TVpxbWVuTWlSNw?oc=5
BRB Banco de Brasília,Banking,2026-06-19 03:31:09.222043,,2026-06-19 03:31:09.222043,FINANCIAL_SYSTEM_RISK,RISK_SIGNAL,RISK_SIGNAL,4,0.75,RISK_SIGNAL,0.66,BRB Banco de Brasília stock (BRBSLIACNOR5): DF governor signals FGC rescue loan is on track - AD HOC NEWS,The governor of the Federal District in Brazil signaled that a rescue loan for the troubled FGC company is progressing.,,Google News RSS,https://news.google.com/rss/articles/CBMiwAFBVV95cUxPNmNWcUNGb01xSVEtSlc3ZVJ2eDRhdkduT3BZNlR4STJIMzhGVE1EbFFZMjQ4ZTNrX1ItWlM3b3ZqUDJOR200bVhTdUVsZkhVeEZmeUtITTQwX0xJQ2FERlhNNjVJUmJDY3huNUZ1b1A2Tlpid0VicXF2Rm9SVDN4dk1WbXhYdFNWeW5GZnJpYy1QbzVZSVpMalZwNGlrNnIwSEM1NkUyMDFBTVVzWlE4aUtzR1dFUmlnWXA5QlNyS1E?oc=5
Nubank,Fintech,2026-06-19 03:31:09.222043,,2026-06-19 03:31:09.222043,FINANCIAL_SYSTEM_RISK,WEAK_SIGNAL,WEAK_SIGNAL,2,0.6,WEAK_SIGNAL,0.45,Nu Holdings stock rises after UBS upgrade as Brazil rate cut lifts Nubank outlook - TechStock²,,,Google News RSS,https://news.google.com/rss/articles/CBMipAFBVV95cUxOUDM5UEhEX2htM1YyVkV3WGtLZk5jUDJtenZyRUtucEcyNzdRYVRqcHFLNDM5bFRpYWR6RzZyU1NOWlpzeVJfVFU0MXBCMkNXcTIyOFo2OERIWkMyRnNoOWlFUHg1dGxBaEMtVEZTTnBWdHRpZXgxVnQ5YkFDd2FyWDRPODBGMU1Qb3lDRTU2SE1VWG5YSEp5cXF6clFzendDYi1sRQ?oc=5
XP Inc,Financial Services,2026-06-19 03:31:09.222043,,2026-06-19 03:31:09.222043,FINANCIAL_SYSTEM_RISK,WEAK_SIGNAL,WEAK_SIGNAL,2,0.6,WEAK_SIGNAL,0.62,[6-K] XP Inc. Current Report (Foreign Issuer) | XP SEC Filing - Form 6-K - Stock Titan,,,Google News RSS,https://news.google.com/rss/articles/CBMiogFBVV95cUxQcEFjQVBWMTJUOVRpMlNTZXBRa0pCak1fdENGZmV3U3dxSE5ENi0wa3Vsa25YelhMUjVxcW85QVdhRDlzOUhRZi01MW5TekZoV0psX3lQMVppcHozdTNDZTRXS05lQ3FiNDQ3dWhXY21WOU9YbFpFSU5WWEk4RmpzNHgyZmNRbTlkYU5zRFgzV3NQNjZCSHVfSlBCUzh3aWJpV0E?oc=5
XP Inc,Financial Services,2026-06-19 03:31:09.222043,,2026-06-19 03:31:09.222043,GOVERNANCE,WEAK_SIGNAL,WEAK_SIGNAL,2,0.6,WEAK_SIGNAL,0.71,XP Inc. announces board changes ahead of annual shareholder meeting By Investing.com - Investing.com Australia,,,Google News RSS,https://news.google.com/rss/articles/CBMivgFBVV95cUxPeDNxZkZqZUVCT2pLaHAtYUdFYmtMZzZjeU11SUV6SzVzekNMNmhDS0pUcnhlZ2RxbTVjakhNSURxMWJ3UnpoaDdYbG5tNE5ubzVjVzE0V3dITEhTNlBrdm9hWTVvUXJYTmlXY1NjWjdmbzhScGdvMzJBOFBRSzFWeTNyY3ZYSjdJbmJ2U2tqZnd5VkpyNU9WOG9ZQ1psOUFPSGsyUEQ2bVRHa2JDN1FvV1MtTWRQdWdteUtfa0xB?oc=5
Braskem,Chemicals,2026-06-19 03:31:09.222043,,2026-06-19 03:31:09.222043,LEGAL_REGULATORY,RISK_SIGNAL,RISK_SIGNAL,4,0.7999999999999999,RISK_SIGNAL,0.51,Brazil: Braskem faces new lawsuit over damages that its salt mines have caused sinking ground in the city of Maceio and forced evacuations - Business and Human Rights Centre,Brazil's Braskem is facing a new lawsuit alleging damage to the city of Maceio due to its salt mine operations.,"This news can represent a corporate risk for several reasons:

1. **Reputation damage**: If Braskem is found liable for the damages caused by its salt mines, it could lead to significant reputational damage. The negative publicity and potential loss of public trust could impact the company's brand value, sales, and future business prospects.
2. **Financial liability**: As a result of the lawsuit, Braskem may be required to pay substantial damages or compensation to the affected residents. This could lead to financial losses for the company, potentially impacting its profitability and bottom line.
3. **Regulatory risks**: The fact that evacuations were forced due to the sinking ground suggests that environmental regulations may have been breached. If proven, Braskem may face regulatory penalties, fines, or even criminal charges, which could result in significant financial penalties and reputational damage.
4. **Human rights concerns**: The lawsuit highlights human rights issues related to environmental degradation and displacement of residents. If Braskem is found responsible, it may be held accountable for violating human rights standards, leading to potential changes in its business practices and increased regulatory scrutiny.
5. **Litigation costs**: Engaging with a lawsuit can be expensive and time-consuming, diverting resources away from core operations and potentially impacting the company's competitiveness.

To mitigate these risks, Braskem may need to:

1. Cooperate fully with the investigation and litigation process
2. Develop and implement effective environmental management systems and practices
3. Engage with local stakeholders and communities to address concerns and prevent similar incidents
4. Review and update its corporate governance structures and policies to ensure compliance with relevant regulations and standards

By addressing these risks, Braskem can minimize the potential impact of this lawsuit on its operations, reputation, and bottom line.",Google News RSS,https://news.google.com/rss/articles/CBMimgJBVV95cUxQUTBRaXR0cVFCbjBzODRNNmFjSlhkRjBJOUFJTnFwLVZuZ0pvNmZPczhDU25Vam1xMU83RGdYaFpQYWlpeTYxU1dhSFhQeHZ1SzVTdzNsLU9RQ2JxOGNNT2FaNjh6SldkUzlndmJCWEFSR2lMU21sWUFOOVJDV0JDX2lHenp3dWVObnFEbzFqTlREWmNSeUJPZC1ib2E5cnhzS3Fxb2hpTVU4SF9tcUpXZ1gycmlybC1ZbnFtZ0FEWUFDSG1hcjFlVmVQem4yc0Z0aHNFY1ZRSVNDUUNDdlk4X3pfOTdqcm5tUENDU1NSandCbVFCY01uWWFDQ2Y4VlNNanlhTnB3RzJBUkJVcDAyekFyS2NyS3pMeFE?oc=5
XP Inc,Financial Services,2026-06-18 03:31:51.970321,,2026-06-18 03:31:51.970321,GENERAL,GENERAL_NEWS,GENERAL_NEWS,1,0.2,GENERAL_NEWS,0.43,Actis concludes partial exit from XP Investimentos - act.is,,,Google News RSS,https://news.google.com/rss/articles/CBMiiAFBVV95cUxNTUtsTXRCSWwtUkhnRWZXNF8ycGZrODJrWGdyY1Fia2NzUWFqdVhmNVF6Z1MzRUlCUVhmekVoS014cUZQTkxKcWpEckVKTzJzWUZMX3Vrb2tkZVN4NWRSaXVDLUhPcEx4bmFRSktGS0RRTG9vSFR2SXJDR2ZXMUhXVjJrMHJwd0h0?oc=5
BRB Banco de Brasília,Banking,2026-06-18 03:31:51.970321,,2026-06-18 03:31:51.970321,FINANCIAL_SYSTEM_RISK,RISK_SIGNAL,RISK_SIGNAL,4,0.75,RISK_SIGNAL,0.61,"Brazil lender BRB barred from taking federally guaranteed loans, Treasury says - WTVB",The US Treasury has barred Brazilian lender BRB from participating in federally guaranteed loan programs.,"This news could represent a corporate risk for several reasons:

1. **Access to financing**: BRB's inability to take federally guaranteed loans may limit its access to affordable and attractive financing options, potentially leading to increased borrowing costs or reduced credit capacity.
2. **Increased borrowing costs**: If BRB is unable to secure favorable loan terms through the federal guarantee program, it may need to rely on alternative funding sources with more stringent terms, such as higher interest rates or stricter repayment conditions. This could increase its borrowing costs and reduce its profitability.
3. **Reduced ability to invest**: Federally guaranteed loans can provide a lower-cost source of capital for banks and other lenders. If BRB is unable to access this funding, it may need to allocate more resources to alternative investments, which could divert funds away from more strategic or growth-oriented activities.
4. **Potential impact on business operations**: The loss of access to federally guaranteed loans could disrupt BRB's business operations, particularly if the company relies heavily on these loans to finance its lending activities or invest in new markets.
5. **Regulatory implications**: As a Brazilian lender, BRB is subject to regulations and oversight by local authorities. The Treasury Department's decision may also have implications for BRB's relationship with other regulators or financial institutions.

Overall, the news suggests that BRB faces significant challenges in securing affordable financing options, which could have far-reaching consequences for its business operations and financial performance.",Google News RSS,https://news.google.com/rss/articles/CBMirAFBVV95cUxOOFlwSVd1OExmLWxYemdIdjYxRm9Uemd1bjNCUEtOQm5yMWFidDRONkVMYUVnZ3p3dzliNGJuMi1zQmdJZTNJeWw4TWwyUmhucmpLWU5IZkZrblVMbFplOGFJaFkyMmdFUHdmQ1FPQzZoN1dUcHNFMVEyNkxmcmloLUhTUENMamgxd1FmV0pkZ2tkb0x4NnFwT01UeFNrdE9JYlNxUnplWlFraTNm?oc=5
Nubank,Fintech,2026-06-18 03:31:51.970321,,2026-06-18 03:31:51.970321,GENERAL,GENERAL_NEWS,GENERAL_NEWS,1,0.2,GENERAL_NEWS,0.42,"Nubank, Visa, Mastercard to join Brazil’s CBDC pilot - Forkast News",,,Google News RSS,https://news.google.com/rss/articles/CBMicEFVX3lxTFBic0tpcldVTEQydlZ6UUdQTnVzTHBreWtYQnZOUG11MGc0aGVjcE9IeWFBM1d2UDJjQ0ZTdXprS3pIcmhnRV84VzhPR2NNYTI0eXM1SlVRa28tRkZXT0dhZUpKM250NXpuZ1k5SzlaRFLSAXZBVV95cUxQVnFJQTFOS1hJTi1ob1JuNDI2dmI2YzRIOUU3Z1RIU1BnRHNxdWJ4alZQcjlpd0V4YkZjSHRrbF9EZXh4RVBHakgyVEFTMklEX0lJa2t6QWUtcVh3OHI5MFVmd3NOTkxsVEdHWGRNOUUyaWJROTF3?oc=5
Petrobras,Energy,2026-06-17 03:31:44.181181,,2026-06-17 03:31:44.181181,GENERAL,GENERAL_NEWS,GENERAL_NEWS,1,0.2,GENERAL_NEWS,0.37,"Vídeo: trabalhador brasileiro da Petrobras morre após queda no mar durante teste de carga da plataforma FPSO P-79; estrutura na Coreia do Sul colapsou e vítima foi resgatada em parada cardiorrespiratória, segundo informações - CPG Click Petróleo e Gás",,,Google News RSS,https://news.google.com/rss/articles/CBMi2AJBVV95cUxQQTVuV2gxekZ6VU5xc2dWUzR3TU9pTWMtM0xvTW5sRXVRQWZfSHpQb0I0SFpzdGxoT3NFLUVuTzU1V2ROT2czLVhqaWZGNEFsblBxX3c2dnlpNFliZUUxcGwxYmRlbUlOR1JwanByNnAwR3VyM2lLVDZ0dG94bDZiOGhQMEJfdFFzQjYyWXI5bHNTVDlxYm5XOVRpZzB6YXpQMEZKUTV5RExyamRVUVZqdmlHTXQ2VW5reHpDRXJqRy15RHRmaTRwakhCT2ZsNHFMSGZab0ppRHdnczIyazdVRWFsNFBMT2dpcUxhQVo5SUl6c0xBRG9LaFQxNGhYSThqY0l3dGFGRHkwMDF5TkVTS0pEZDY0TXRKSklpNzNXZUhMaWRwaGVvMHlJZWs0aG1MZ21EcUNhYkNCTm1xOERqb09hMDFZV2dpMHdhS25QRmJUZERJejNudg?oc=5
Banco Master,Banking,2026-06-17 03:31:44.181181,,2026-06-17 03:31:44.181181,GENERAL,GENERAL_NEWS,GENERAL_NEWS,1,0.1,RISK_SIGNAL,0.31,Banco Master creates ‘urgent’ need to rebuild Credit Guarantee Fund - Valor International,,,Google News RSS,https://news.google.com/rss/articles/CBMizgFBVV95cUxOWTJMaHVMeHVLaW5uU21HWWdQS05aSDlVZmhPQ01IX1Z5ckVQNzFvUGUwMjhkN1QtRVhWNU5JbXhtUGwwUzh1eXlkWjhrRVJXR3lPc2kxT1FqOG0waTlxeHNFOTRTU2RMbzljTlNPMTFqdVZ6ak54bjB2WXVQcUNiaHVFMkVTTWl4eW1UdDhoRC1zbUhjSXBjM1VpdnpfenZnSDZ0T0NLSEg3bWpJM0Nwd000VjlmMkRLVTd0WFhFRFA1d0s5dDc5NjhhcnRNUdIB3AFBVV95cUxQRi1mZjR0SV80MlpGa0pBNUJxSGQ4aFpSUVZZa2RNbmhIdjJCZGNSQXd2bThnZjViWVNCdzJzcl8zdzM4R09DalpmSHRpQUMyR1hHMWxkeVBsUmo0WEFhM296cmZoaEI2VEQwNWtpWGxBaURyd2JyV0xMb1ZIOVo1UGhmdVhPWG1qM3Jpb3BEZjBaSHhCcUpBLXpDTzdBUXZyTXFZRTctUFdPamF6MWxhMVJJLVJ0LTVRdzQ5UnF6dkFCUXhMZUk0VGZnXzQ3cTBKZVdTV3oyRnhxZ19Q?oc=5
BRB Banco de Brasília,Banking,2026-06-17 03:31:44.181181,,2026-06-17 03:31:44.181181,FINANCIAL_SYSTEM_RISK,RISK_SIGNAL,RISK_SIGNAL,4,0.75,RISK_SIGNAL,0.82,"Brazil’s government, federal district agree on BRB loan deal - WTVB",Brazil's government and the federal district have reached a deal on a BRB (Brazil Reais Bond) loan.,"This news article does not necessarily indicate a corporate risk. However, there are some potential implications that could be considered as risks for companies operating in Brazil or with significant business interests in the country.

Here are a few possible reasons why this news could represent a corporate risk:

1. **Exchange rate fluctuations**: The agreement on the BRB loan deal may lead to changes in interest rates or exchange rates, which could impact companies' financial performance and profitability.
2. **Economic instability**: A significant loan deal between the government and the federal district could indicate an increase in government spending or borrowing, potentially leading to increased inflation, currency devaluation, or economic instability, all of which could negatively affect businesses operating in Brazil.
3. **Regulatory changes**: The agreement may lead to regulatory changes that could impact companies' operations, such as changes to tax laws, labor regulations, or environmental policies.
4. **Investor confidence**: If the government's financial situation is perceived as unstable, it could lead to a decrease in investor confidence, causing stock prices to fall and making it more expensive for companies to raise capital.

However, without more context or information about the specifics of the loan deal, these potential risks are speculative, and there may be other factors at play that would mitigate any negative impact.",Google News RSS,https://news.google.com/rss/articles/CBMikwFBVV95cUxPWU1UanNKb0MyNDEwdHNSNHQ2Qi15Sy1Ub2x3SjM1X3NlM3JMMnNZci1RRkh2TTRyMzRFbUpQbGxPejM3R2VnX0RwcjY1dkQwWGxuWHRCOW02X2lEQjlKR2tBbnNXSnBHc1pGM3VSSVV0ZVBtTEx4VklyZTYxMFFUNUIzamMxVmNNbVFYek4xVmUzSjA?oc=5
Petrobras,Energy,2026-06-17 03:31:44.181181,,2026-06-17 03:31:44.181181,FINANCIAL_SYSTEM_RISK,WEAK_SIGNAL,WEAK_SIGNAL,2,0.6,WEAK_SIGNAL,0.56,"Escândalo da Petrobras 'engoliu 2,5% da economia em 2015' - BBC",,,Google News RSS,https://news.google.com/rss/articles/CBMidEFVX3lxTE85b0dMZ1djcVA4b2hQcGt1eGJ6WENGSHhPcEl5cl9yd3lzbkZzdGF0dUJtajZ5UkREODU1LVczenh2QVl2SjdpbHhPelliTFZwTm5nLTZtRlFLdTM2ZDZuS0VjNUJaWnRxWkF5MUdhYnZxS05u?oc=5
XP Inc,Financial Services,2026-06-16 03:31:51.966607,,2026-06-16 03:31:51.966607,GENERAL,GENERAL_NEWS,GENERAL_NEWS,1,0.2,GENERAL_NEWS,0.45,Itau BBA Raises PT on XP Inc. (XP) - Insider Monkey,,,Google News RSS,https://news.google.com/rss/articles/CBMigAFBVV95cUxNNk04Z2ZZbDlocTJmWDFHeWl4SldqWXhnY1hMUVI5MzBuQ0lpV3ViaGs1ZWFpcmd1NkFaWktTQ3VyNXMxdkIyNWItTFBidG9iMUVOQXlMT0RxbWM5LVVwazBubkpKYTZGeE9UYW11d09JTnVzMGxLTXpaem5JNmYyWdIBiAFBVV95cUxNb0t1T0s4TTI1Vi01X252WkVZc0dFLTJYOTBJc3V3RHFOaGhvM3g2aE5RSnRJVXFZdlQ5QjZ3LUhucEdRYnlCUG1RdkFvWHp6ejdtbEtMamQzcmpkRjFVeERoeVVlVFVJaS0xY0dSbEpoLUFOdHFpelM1SDUwdkxfS0tZaktMVHB6?oc=5
Nubank,Fintech,2026-06-16 03:31:51.966607,,2026-06-16 03:31:51.966607,FINANCIAL_SYSTEM_RISK,RISK_SIGNAL,RISK_SIGNAL,4,1.0,RISK_SIGNAL,0.65,Banco Central: 'não procede a informação sobre liquidação extrajudicial do Nubank' - O Globo,"The Brazilian central bank, Banco Central, has denied providing information about the liquidation of digital bank Nubank.","This news article suggests that the Brazilian central bank, Banco Central (BC), has refused to provide information about Nubank's potential liquidation through an out-of-court process. Here are some reasons why this could represent a corporate risk for Nubank:

1. **Loss of investor confidence**: The refusal by Banco Central to disclose information on Nubank's liquidation plans could lead to concerns among investors, potentially causing a loss of confidence in the bank's financial health and stability.
2. **Regulatory scrutiny**: As one of Brazil's largest private banks, Nubank is subject to strict regulatory oversight. If the BC refuses to provide details about its financial situation or potential restructuring plans, it could lead to increased regulatory scrutiny, fines, or even a ban on operations.
3. **Impact on lending and deposit business**: The uncertainty surrounding Nubank's future could affect its ability to maintain its large customer base and attract new customers, potentially impacting its lending and deposit business.
4. **Reputation and brand damage**: A perceived lack of transparency from Banco Central could harm Nubank's reputation and brand image, making it harder for the bank to maintain a positive relationship with its stakeholders.
5. **Potential for further investigation or intervention**: The BC's refusal to provide information might lead to further investigations or even intervention by regulatory bodies, which could have significant consequences for Nubank's operations and management.

Overall, this news article suggests that the situation could pose significant risks to Nubank's corporate reputation, financial stability, and ability to operate effectively.",Google News RSS,https://news.google.com/rss/articles/CBMi4AFBVV95cUxPQlhWRTBzZk1PaWlkVkR0QmFUNl9icHBDaHV5ZnJlTWFJSko5OVJHc2FtZXd1RzhBTFRIQzY4aXRHSm9fMlJDR2lRT05VdFpwZWphbzVKNEVxeWI0RXZZV0lROXpoNGItT2tDRmZCazh0S2hORmlpMFhfNEhZQmE0NXZtblByV21kYW5HTWg0M0lBaE5oTjQ1anhGX3FZZW9XMlR6TGYzUDJVU20zUWUzTWZuYUFYQ0lMSEJKa0M2bG1jbDhEV3pxWWwzTjhEY2hUYkFYWDA2NDhtd2o2dG5SVNIB7wFBVV95cUxOM1R0dTE5eUFpSURweWFYbXJUdjZkcHJIQ3BlZjIzTUFDOS1DaExuckUwMTdIWlhmVGdXc2J6RlUwQUMteFZHV2ZDZnk3Q1dtU3lHa2dYaTUxNGlVY3kxRWZHSWItTlQ0UG4xRVJsUGpvTjVUN0theTdlWHVoc1l2dzZBMEVDYndtNWtRZlFXWGdBNzB1aENSR3ViOGdUbVUteDlCN3VPeUdyWnY4TEdSQThhLUpQSDFUVldVUVcwdTJWY1paQ0k0TE82RERPdFhuUWY2WVRWbzB5QkxiN3VjdU10N2dMV2FNdnA3aldKdw?oc=5
Banco Master,Banking,2026-06-16 03:31:51.966607,,2026-06-16 03:31:51.966607,LEGAL_REGULATORY,RISK_SIGNAL,RISK_SIGNAL,4,0.7,WEAK_SIGNAL,0.48,Brazil senator targeted with search warrant as Banco Master probe widens - Reuters,A Brazilian senator has been served with a search warrant related to the ongoing Banco Master investigation.,"This news could represent a corporate risk for several reasons:

1. **Investigations and Scrutiny**: The fact that a senator has been targeted by a search warrant suggests that the investigation into Banco Master is expanding, potentially uncovering more wrongdoing or irregularities within the bank. This increased scrutiny can lead to reputational damage, regulatory fines, and even legal action against executives.
2. **Regulatory Overreach**: If the investigation is being led by Brazilian authorities, it could indicate a concern about non-compliance with regulations or laws. Regulatory overreach can be a significant risk for companies, as excessive or unjustified regulatory actions can lead to financial penalties, lost business, and damage to their reputation.
3. **Reputational Damage**: The involvement of a high-profile politician like a senator suggests that the investigation is gaining momentum, which could negatively impact Banco Master's reputation among customers, investors, and business partners. A damaged reputation can be difficult to recover from and may lead to long-term consequences for the company.
4. **Potential for Government Intervention**: If the Brazilian government decides to take action against Banco Master, it could involve nationalization, fines, or other forms of intervention. Such actions can have significant financial and operational impacts on the company, potentially leading to a loss of business, customer loyalty, and market share.

Overall, this news suggests that Banco Master is facing increasing pressure from regulatory authorities, which could lead to a range of corporate risks, including reputational damage, regulatory fines, and potential government intervention.",Google News RSS,https://news.google.com/rss/articles/CBMivAFBVV95cUxOYmNqVWlkdkhfZHNNZVhwS0ljNTdpbUZ5THhPSWY3YVN1cXVVcGgwR3ZDMFZXZDY1NTJSUGJtWDVoclEzQXhkcFItT0ZDNEFMR0FOUFFJZDdGM1ljZWotUkVsOHNHVkxXVlROekhvOVYwemdNR2VkTFk4eWxOcFMzMGlqYXUxRFh0b2JsUnJMU0ZoNFhnR0hab2hKc1Fqd0NQYklBcTI4NmZ5Rk11YVh6UTdyNlRyMjJpV1FESw?oc=5
Nubank,Fintech,2026-06-15 03:34:55.369900,,2026-06-15 03:34:55.369900,GOVERNANCE,RISK_SIGNAL,WEAK_SIGNAL,2,0.77,WEAK_SIGNAL,0.77,"Nubank contrata Rob Livingston, da Visa, como CFO - Bloomberg","Nubank has appointed Rob Livingston, a former executive at Visa, as its new Chief Financial Officer (CFO).","This news could represent a corporate risk for several reasons:

1. **Industry Competition**: As Nubank is a fintech company in the banking and payments industry, its appointment of a former senior executive from a major player like Visa (Rob Livingston) as CFO may be seen as an attempt to poach talent and gain strategic insights. This could be perceived as an indication that Nubank plans to aggressively expand into new markets or compete more directly with established players.

2. **Regulatory Scrutiny**: As a fintech company, Nubank is subject to various regulatory requirements, particularly in terms of anti-money laundering (AML) and know-your-customer (KYC) regulations. With Rob Livingston on board as CFO, there may be increased scrutiny from regulators due to his background with Visa.

3. **Integration Risks**: If Nubank decides to expand its operations or partnerships through the insights and expertise gained by Rob Livingston, this could lead to integration risks. The company might face challenges in harmonizing its existing systems and processes with those of its new partners or acquisitions.

4. **Brand Perception**: Depending on how the appointment is perceived by stakeholders, it could affect Nubank's brand reputation. If seen as an attempt to ""borrow"" from a competitor, this could lead to perceptions that Nubank lacks originality or vision in its own strategy.

5. **Talent Attraction and Retention**: The appointment of Rob Livingston may also indicate that Nubank is willing to invest in top talent and provide attractive compensation packages to attract skilled professionals. This could be seen as a positive move for the company, but it also means that Nubank will need to carefully manage its finances and ensure that it can retain key personnel.

6. **Strategic Direction**: The appointment of Rob Livingston as CFO may signal a shift in Nubank's strategic direction. If he brings significant expertise or experience from Visa, this could indicate changes in the company's priorities or approach to business development.",Google News RSS,https://news.google.com/rss/articles/CBMinwFBVV95cUxQeXVhSVlNbC1iZ1o5RTBnVEN5TUZ1WjhuV3N6N1F3Ul83NWozUVdDSHhhOXpZWklISHhJb3owUU85cjhoYjVnSjBkX3hGTU1NaVgwUmVVUUUxSUZ3cDEyN1FBUWpwOGtXU09rbENIVExKWFpNano4UEEya0dGY3NZTTVIMF9iMU1BTWZMcHAwa2E0NXFsSFU4czBWa09CbU0?oc=5
Nubank,Fintech,2026-06-14 03:31:13.464166,,2026-06-14 03:31:13.464166,GENERAL,GENERAL_NEWS,GENERAL_NEWS,1,0.2,GENERAL_NEWS,0.31,"Nubank's Savings Boxes vs. Mercado Pago's Piggy Bank: Comparison Reveals Which Yields More, Who Has Protection, Limits, Terms, and How Much R$ 5,000 Grows in 12 Months - CPG Click Petróleo e Gás",,,Google News RSS,https://news.google.com/rss/articles/CBMinAJBVV95cUxPWktrSm5XekgxOGtwRzJ2NXdTbUd0aG9PSl9oemdqeS1xc1RqME43THZVR2pPUHlmNGhsU3BvREEyNFdhRnpZNUhZTlgwdzlOUkNvcUxSdG5mX0lDd3pvTldKQlBqbHRUdDBzSFhGbmhCNTQ3enlBYWc1NV9DV0VwRWtUUHE4cmRiYVpFX2hkaVVGeUhqakZRMXRzbk1kZWhVTGViYm90bWpCbXU4b2RidHV4VTdyNG1tZ3F0NC1DYnEyODVZcGZ4TXRvZWlVNEd3eDZ3WVR4aUYwdXhMem05VUpaLXlMcV9YWl9TNDhnekY2MGR4M1Bfcjd3cWFNLVlUbnB3VDF0VGNid2o3a2RtR3hPSWY0MDNzTjhKVw?oc=5
BRB Banco de Brasília,Banking,2026-06-14 03:31:13.464166,,2026-06-14 03:31:13.464166,FINANCIAL_SYSTEM_RISK,RISK_SIGNAL,RISK_SIGNAL,4,0.75,RISK_SIGNAL,0.63,BRB negocia venda de carteira de quase R$ 1 bilhão em empréstimos garantidos pela União - Valor Econômico,"A empresa BRB está negociando a venda da sua carteira de empréstimos para cerca de R$ 1 bilhão, com garantia da União.","This news could represent a corporate risk for several reasons:

1. **High level of debt**: The fact that the company is negotiating a loan of almost R$ 1 bilhão (approximately US$ 200 million) suggests that it has significant financial leverage, which can be a concern if the company struggles to repay the debt.
2. **Government guarantees**: The use of empréstimos garantidos pela União (loans guaranteed by the Union) implies that the government is taking on some level of risk, which could lead to increased scrutiny and potential changes in policy or regulations affecting the company.
3. **Dependence on public funding**: If the company relies heavily on public funding, it may be vulnerable to changes in government policies or priorities, which could impact its access to funding in the future.
4. **Risk of reputational damage**: The fact that the company is seeking a large loan, especially with government guarantees, could raise concerns about its financial health and management practices, potentially damaging its reputation.
5. **Liquidity risks**: If the company is unable to repay the loan or has difficulty accessing new funding, it may face liquidity problems, which can have far-reaching consequences for its operations and stakeholders.

Overall, while borrowing money from the government can provide short-term benefits, such as access to capital, it also carries significant risks that must be carefully managed by the company.",Google News RSS,https://news.google.com/rss/articles/CBMi2AFBVV95cUxPeUd3ZTd5ekItQ05tWGt4V1Bld1RjbzRYU291RzQwV243MEExMFVnSHJUNWgySElBU2ljY3VGclZwSGtsNFhKMjF1ZlU4Z1NCQUN0bnhnN1hLVXZ6T05JWk95bVZpbG1TX1BOOUFOS19HMXZqODlVdnFKdU5SMWRHeWJKUGFYM1M1M0l0cXplU1pwOVV1RHlsLWRyczh6U3hueFBPV21KVm9uTjFxZ2JuNVk1YzQzZ2FLd1lheHBrNzgtckNtTGktRDliTEZDRDJGdHhXNmtxYTPSAecBQVVfeXFMTkM4MDlmeG56aERFOEpqanhxeGw5YzNOZ19Pc0tMNnVZWHNRZm9Da3VvNlB2ZUZISHhCYWk0ZnEwU1o5eFFnWjg3aVpvbmd4X1VtT25RRU9GdnpQQ0hoeEdxNUpSeXZDY2FRS1JTeXpVeFhYdi1UME92MnMtZy1WdUw2NURRQ2Jsb3ptd0JVUEVOVkVBSWNDTFZYTzRCdXhkMG4zZ1lOc3hmNjJ5eF9tU0dHMnZOcnB1NE83RGVyc3FSOExEbWVjc2ZfMnpYUkFLVzNhOVBUR3BEdVBsT2RHMnc0d3hQbWw4?oc=5
BRB Banco de Brasília,Banking,2026-06-14 03:31:13.464166,,2026-06-14 03:31:13.464166,FINANCIAL_SYSTEM_RISK,RISK_SIGNAL,RISK_SIGNAL,4,0.75,RISK_SIGNAL,0.63,BRB tenta se reestruturar após parceria desastrada com Master - Valor Econômico,"Brazilian newspaper BRB is reorganizing itself after a disastrous partnership with Master, according to reports.","This news suggests that the Brazilian retailer BRB may be at risk due to a failed partnership with Master (Valor Econômico).

In this context, a corporate risk is being posed by several factors:

1. **Partnership failure**: The collapse of a strategic partnership can lead to significant financial and reputational losses for BRB.
2. **Loss of control or influence**: If the partnership was a key component of BRB's business strategy, its failure may leave the company without a vital partner or supplier, leading to operational disruptions.
3. **Financial implications**: The partnership's failure could result in financial penalties, reduced revenue, or increased costs for BRB.
4. **Reputation and brand damage**: A failed partnership can harm BRB's reputation and erode customer trust, potentially affecting its market position and sales.
5. **Operational challenges**: Restructuring after a partnership failure may require significant investments of time, resources, and capital, which could divert attention from other business priorities.

Overall, the news highlights potential risks to BRB's financial stability, operational efficiency, and reputation due to the collapse of a key partnership.",Google News RSS,https://news.google.com/rss/articles/CBMiuwFBVV95cUxQNnBZVmtGUXVBLW5DY09mUXRfVnBKUXY0dUZqRVRHU0Flbm9ySTRMN3BoTFlfMmE1cGlFX2IxS3JCTnVXel96ckFDZkxiZDk4dVhhX1l5cXZCUF9VT1NnMzFndHJvT1FJWmQ3d0hOS3JSWE9PQ3R6U3M3TVNmcTNQZ3hZeU1EYVBWQktzazF5bHI2MG5VNmNWV1BoZDdFcEVZY1VMV3RHVlBGdi1FckpkTEZaVDlPOXdSdXRN0gHKAUFVX3lxTE9aZWxINmk2YXlqSW5nOGpidWxmQzlydlFsSWFhRzg1U1hQdDBQZWVzUDR4cjNEdE5ESm5LMGk4WWM4bjhEWVd4dFJkb3J1c0puZDAzTXZybEhjMmtySGtHeWdGY18wb0s0d0tGVzRyN0RPSDI1UjFtMkl6ZVQ2ZWstSWNUeUV0REt2MV83eXlZNTZrc0VMUC1CSUxEZHdHR3N4T3BzZVhFZGdIRDlFX1R5TERQVDltWDZ0OGhpdzBIbzU2cTNmSElhN3c?oc=5
BRB Banco de Brasília,Banking,2026-06-13 17:01:40.086111,,2026-06-13 17:01:40.086111,FINANCIAL_SYSTEM_RISK,RISK_SIGNAL,RISK_SIGNAL,4,0.75,RISK_SIGNAL,0.64,Brazil's BRB raises $604 million in FGC‑backed bond sale - TradingView,Brazil's BRB raised $604 million through a bond sale backed by private equity firm FGC.,"This news could represent a corporate risk for Brazilian bank BRB (Banco Bradesco) due to several reasons:

1. **High reliance on FGC backing**: The fact that BRB raised $604 million through a bond sale backed by the Brazilian Development Bank (FGC, or Banco Nacional de Desenvolvimento Econômico e Social) suggests that the bank's creditworthiness is heavily reliant on government support. If the government fails to honor its obligations to the FGC, it could negatively impact BRB's ability to pay back investors.

2. **Market volatility and risk of investor flight**: A large bond sale can lead to increased market volatility, particularly if investors become concerned about the creditworthiness of the borrower (BRB) or the underlying collateral (FGC backing). If investors lose confidence in BRB, they may withdraw their funds, leading to a liquidity crisis.

3. **Potential for rating downgrade**: The fact that FGC is providing backing for the bond sale could lead to concerns among rating agencies about BRB's creditworthiness. A potential rating downgrade would increase the cost of borrowing and debt servicing for BRB, potentially leading to increased corporate risk.

4. **Dependence on government policies and economic conditions**: As a bank heavily reliant on FGC backing, BRB's fortunes are closely tied to government policies and economic conditions in Brazil. Changes in these areas could negatively impact BRB's creditworthiness and the bank's ability to service its debt.

Overall, while the bond sale may provide short-term benefits for BRB, it also increases the corporate risk due to its reliance on FGC backing, potential market volatility, and dependence on government policies and economic conditions.",Google News RSS,https://news.google.com/rss/articles/CBMiwwFBVV95cUxQRFhJX0RNTTZmWVNhc0JmM3hBMl9nU2FCdUh2eEpyRlNxLTMyY2VVSk9vLTRZMUk3clJPaXRSeXRjN2RjSm5BNl9oQ01LTU4yNldwR1JGQkRtN1lxQy16VDZkaVdVNy1tajY5OGxlek5BejlCb0x2UU1IZE9DVjZqUnNFNDRCU2RuTTUydVJoa2gzdFVkZ2cxVEE2eXV1RFYyTExGWEZhOEQ4cndGQVhwMHRJSUtfSTRRZDA4SzNvZ010eWc?oc=5
Vivo,Telecom,2026-06-13 03:30:26.125265,,2026-06-13 03:30:26.125265,GENERAL,GENERAL_NEWS,GENERAL_NEWS,1,0.2,GENERAL_NEWS,0.53,Telefonica Brasil (VIV) Slides 2.66% as Stock Tests Key Support Levels - Naked POC - newsline.com,,,Google News RSS,https://news.google.com/rss/articles/CBMiqAFBVV95cUxQMzZjOHlLNUlaejVueVBTREpsT0lCN19lNUZkbGMxSnMtNjhiZHhtWTZkNGJtNjJjTnVWNUpaeVZrNGt1MTR2dTU0a2RQbWh2Y0liRFN3XzU4eVN3S2FnTWxyd3h3eXdyWXZ5QlROOTFXVEtESFJiY09na0hIXzZ2blFtUHNGZWw0ZWZJNmZiZ1lWaTdFeE5wSTFaTUk2dzlWRFdXSUdjOXo?oc=5
Locaweb,Technology,2026-06-13 03:30:26.125265,,2026-06-13 03:30:26.125265,GENERAL,GENERAL_NEWS,GENERAL_NEWS,1,0.2,GENERAL_NEWS,0.53,Locaweb Serviços de Internet Stock (BRLWSAACNOR8): Brazilian digital infrastructure player in focus - AD HOC NEWS,,,Google News RSS,https://news.google.com/rss/articles/CBMiwgFBVV95cUxQWjdSRGlIWkd2QndDQUoyNzNiY3ZMd3g4ekY2cUxiOW5JSlUyUTZGN0QzQnRrcWxjbjJkeHk5WVBsSUtvUDUxU185UjhqYWJ3MHhaUWpWeE9wUDN6MFJORFNUdTFXVkYtRFdrNzRCRDNFMEVDeEJVWkRxWVhlQ2c3NnI0UjRkbkhBYVBqeV9pV3V3ck4wdWNEWm5IS2JYOXhZTHRhYWxjSndlSTdSVkZjVVRqT2xOdDhfeHpLRnIzb3ZyZw?oc=5
Vivo,Telecom,2026-06-13 03:30:26.125265,,2026-06-13 03:30:26.125265,GENERAL,GENERAL_NEWS,GENERAL_NEWS,1,0.2,GENERAL_NEWS,0.52,Telefonica Brasil (VIV) Holds Steady at $12.81 as Shares Trade Flat - BPI Bear Confirmed - newsline.com,,,Google News RSS,https://news.google.com/rss/articles/CBMipgFBVV95cUxQcWRPZnBOOUdnSTNDUS1SQWNCVC0zZlgxNFZuWlJlektUamtEZDh6Vl9tejN5VTBUVXl3Z0VCT1k4Y2dmNHU2V0wyeTFfc0Jpa05ib1E2WVZwYWx5MFdBZkV3THlBV3RaVnhYZVVycWhyaU1CWGFRcC00cWNwTDFmTkhTWWNOeGI1aDBNV3BDVjBFdE9KcGd6blpUakZlRGh4N1BUYnVR?oc=5
Americanas SA,Retail,2026-06-13 03:30:26.125265,,2026-06-13 03:30:26.125265,GENERAL,GENERAL_NEWS,GENERAL_NEWS,1,0.2,GENERAL_NEWS,0.37,"O mundo não é para todos: para investidores, startups latino-americanas precisam se preparar para a internacionalização - O Globo",,,Google News RSS,https://news.google.com/rss/articles/CBMilAJBVV95cUxNWXcxVkFEYWVuaEdGaWlKQm45MW12NlFaWU5FLVJNekcxTGtqR3VJVTZCVzBqVHY1Mi16ejN2cHRrV3dEOWpIRjkyc09zd1NVQXdGMnlmYUpiOG5kUmc5Q1drQTlKMVNna01adDdnVGE1Q0twU0tXQVM0VTZZdjBFYlJMNWZKOWxRRmxpOXhWRHVuZ0RQazBfQkt4Y2h1bTBTMzlwTHFqU2YxellFVHEwNFoyeWZIaGd4VU9PUlN0b1pmeHQ4Q212TjdmclVwWmItR2JYT2N5R052QzhDcUYxSTJvTzRGWGJXUVJ6SndYbFhxNmlSUDRNX3U4VnVwTmlXZS1rTFZFc1IxazFxbUQ1UGcwaTXSAaMCQVVfeXFMUDRVM2RoOVRjNlVXaUZhTEo3S1FLX250QnoyNHFUM2h0eGE3Wk9HR0VEd3BRazlVSEtKc1h3aGlnLW1jWDNvUWVPSS1CMGhpZWN0X3dYMHB1aVpPa2hUcFZxWGRkYnFDQUthS25QWjZKTUlTZzVCbEx1R205bkwtWDhhVEJrQW00M2p0cERqa2FKdDFEdS1xcmZ5MGt6c0otMzVja0FZSzFlaHI4YmJiTmlNb0NIUE1WdlBpbUdXRmU0bVFPV29YV0NWaWVrdWNOSXd5bGVRWjFqdUl4UnZLYXBWSkw0ekxnYkx0SXk2V1RKVlBwQ0VEeUJxbnNVRkJ6R05ZREdiYWtpM3ktaU0zemJHN1dfN1FxdjNvUDg1ZkJvdTJZ?oc=5
Ambipar,Environmental Services,2026-06-13 03:30:26.125265,,2026-06-13 03:30:26.125265,GENERAL,GENERAL_NEWS,GENERAL_NEWS,1,0.2,GENERAL_NEWS,0.38,"The Ambipar effect, new rules, and high interest rates are reshaping the COE market. - NeoFeed",,,Google News RSS,https://news.google.com/rss/articles/CBMiqgFBVV95cUxQcnZLM0NmS19mM1Y4OUdsMnMzek5hRk1OX1VBMnRFY3hMQWFCMlRpZ1NhMlZYVW9OdVJhOXZQMTlCQjJ1Zmc1cy1aY0hZaDQzZW1BX1pNUkhOUDBpMUt0TkVDNDMwVFZzTlgzRVc3NkVkQXdBRldUMkdxb3l2YXpJMU5NLUdNNTdkQ3hvMG9WdUx0MTZUbDJBTFJzZWdYSExnMkdMalpDQkd3UQ?oc=5
Ambipar,Environmental Services,2026-06-13 03:30:26.125265,,2026-06-13 03:30:26.125265,GENERAL,GENERAL_NEWS,GENERAL_NEWS,1,0.2,GENERAL_NEWS,0.56,Ambipar Participações e Empreendimentos Stock (BRAMBPACNOR6): Fundamentals and valuation in focus - AD HOC NEWS,,,Google News RSS,https://news.google.com/rss/articles/CBMiuAFBVV95cUxNOFk3T1FqWDZrajFWczhmWTNLdnJXZVRULThheHB6TkZ2UmlHNFJ4VzRyZ2RVbUNhNHVZSmVPbXBoSWg2NTg3REpsaXVhcnp3ckNXREViUFktRmNmM09PMFZoQUY2WGxBWlFQLU1YYXY2cFVJWnlqTUtkZUEzMnpMWkxvM1NwUTZCZG9nT2hpa0NfUkpoY2QycGZSYWJqTGJFSWR3alF6S2dJMmlXMTRsaDZJTk9mamxh?oc=5
Nubank,Fintech,2026-06-13 03:30:26.125265,,2026-06-13 03:30:26.125265,GENERAL,GENERAL_NEWS,GENERAL_NEWS,1,0.2,GENERAL_NEWS,0.48,NU Stock is Down 30.5% in the Past 6 Months: Should You Buy the Dip? - TradingView,,,Google News RSS,https://news.google.com/rss/articles/CBMivgFBVV95cUxNUmRSVy1aNGI5akw2cG4xLXNCbXprN2JNUGlmdUdaNXhtSVZaVUVKTUp5U0d0YjBBaW0xc1JIbnczYlhpemM3YlRoMXVYcmtSSzlQZ1Q0aWN3TURaRHc2R3hQUG5tTlpDb1BwMFJMQkM2a1k5d0RXZnk4dW9mODJPRkZ2REp5TFA1eEZCZy15RUlsLXpFZlFPQ2hhaHFha2E2ZTRkR3V3S0lhZkxFclVuZjAyMVNWLUpPa1FTRl93?oc=5
Vale,Mining,2026-06-13 03:30:26.125265,,2026-06-13 03:30:26.125265,GENERAL,GENERAL_NEWS,GENERAL_NEWS,1,0.2,GENERAL_NEWS,0.47,"Vale (VALE3) Investor Relations, Earnings Summary & Outlook - Quartr",,,Google News RSS,https://news.google.com/rss/articles/CBMiVEFVX3lxTE44ZW9SZDd2dEZnTE02TjZEZHJHR1FOdTFMbXlIbmk3dlRUdjA1eDdHclFaaDYxUndqaUx4Q1VjcjFsMUN1UFNnNHBRczJOTzBpQmRHaA?oc=5
Braskem,Chemicals,2026-06-13 03:30:26.125265,,2026-06-13 03:30:26.125265,LEGAL_REGULATORY,WEAK_SIGNAL,WEAK_SIGNAL,2,0.6,WEAK_SIGNAL,0.36,"Federal Police launches operation, advances in investigation on Braskem - Valor International",,,Google News RSS,https://news.google.com/rss/articles/CBMi1AFBVV95cUxNQm9ienk2bVJBd2I3TmhUV1VUUXkwaDhMMURTWHBKazE5SFp5WlpyQmV6TGhiWDJKYkdkbmlVQ3JqblU3c28zSDZ4SDJGLVVtODZ4OVVnd1c5eFlxaFJKbURiVzJKZDE1TVhuaDd5LXlteFdwaUJSZ0swZFlmaTE4M3pKanZiX3lqVU1CLTZaX2VpX0dXZW5ZTldpQXBOWjJwTTdXWk5WaHJiSnEwVEVwWWlQQXVVN282VmJ5X3pUMkswa04xc2RfWWR6eWNEemtvalBKR9IB4wFBVV95cUxOVmZwYnpsSFlPRVRqSGVFWnl5dGlXRlZGLXRJendmdEtDN0NkNUJmcFBFMlJVR3hoczZZRHJfcWNBNDVjcWVWODY4dlNrVVhSM2F4MUJhSThndGhOQnA0N2ZoRkx0dEtjYXFSSHpySDRiS0pQM0w1LVlZdUQ5eHJLb3d2VUpHMlNMWUFEWnZGci1WU21VV0ZCdkhvX3U0UmdaOXYtSDlDTzNzZ0hpZ28yanBlcU5ZeTNpcUVUQUxxbE01b1dvQ0YzWlgtS3Fvc2tCOURXU1Y2aXNoSGpMcVBtZEdhYw?oc=5
Vivo,Telecom,2026-06-13 03:30:26.125265,,2026-06-13 03:30:26.125265,GENERAL,GENERAL_NEWS,GENERAL_NEWS,1,0.2,GENERAL_NEWS,0.66,Telefonica Brasil (ADR) Stock (US92662Q1058): Earnings trends and valuation in focus for VIV - AD HOC NEWS,,,Google News RSS,https://news.google.com/rss/articles/CBMiuwFBVV95cUxQNk5kLVZpWTVya3RnbGtUS0ZTZ3J0M3VtaDdGTHFoZWN0bk80dFFSaTE3UVVhUGFDZ0lrWWtGbXZmVzJaTUhGLWgyUC13ZHRXMFhjRFQ4cnhtZWR1OTQ0UUF2Zm1UYVJRVHY1OEZ4UTFTMEt6WlRoODVaY29IaFRvaTk5MjVBRDBRdFVOaEJOeEc2T0p0S1N4NWlnLVF0MVM1dUNhOG1sSGNEd0hVbVFqd1A5d21sZ0paVUZz?oc=5
Vale,Mining,2026-06-13 01:18:41.964262,,2026-06-13 01:18:41.964262,GENERAL,GENERAL_NEWS,GENERAL_NEWS,1,0.2,GENERAL_NEWS,0.51,Where is Vale S.A. (VALE) Headed According to Analysts? - Insider Monkey,,,Google News RSS,https://news.google.com/rss/articles/CBMimwFBVV95cUxOcDBHa0V0TkUtSEQxMWNDX0tfVGRMR0NsbERnZGdSNXUxQ0VUeXFiNXUtX1ZhZktWSm1EYnRrVEMtRnZGdE5kbW9meUNsdGpEUm5HVTVxbm93TG1EZUp3RWxzSFVDRjAyNms3cU1wLUxBdGZjMk1FeUEza2NOSGRRZjJ5aTg1QlFnSGl3VVlDd0x0YXA1NnItU19OY9IBowFBVV95cUxOOUV2bXdOS05PaVoyanJ0SlJCanhGUWdNTDhWMkd6aWM1WkJpZ1NmRl9qelU4ejFRRXZ0Z1ZHM0Ywa0Q2NHhNM0xnWnhKV0w0cGluME9FRmg2Xzd2RDJQMVZXWjZxV2dwTWQxT2NWOXo4MDAwSVhiZDQ0NmNkT1dpSS0tOXdaSXNnajBjOWx4YjRLUEpnLWRBWjVEOHh5b01VMWNn?oc=5
Banco Inter,Fintech,2026-06-12 03:30:29.029912,,2026-06-12 03:30:29.029912,GENERAL,GENERAL_NEWS,GENERAL_NEWS,1,0.2,GENERAL_NEWS,0.46,Banco Inter gets Fed approval for US digital branch - American Banker,,,Google News RSS,https://news.google.com/rss/articles/CBMikgFBVV95cUxQNHhTS3o1X0RuUkhYNWdoNDFuemdqSzlOQkdDNTA5MHhnb2xHb1lNSXFzNVZDWGlKcVZWbUxJREhReE5GWmstdkNkUG5OUXpxS3VNanh5dTJyQnQ3WGVBUUJKZTRqcWM3NGtuTi02YkVZdWQzakRGRDJEZ1RqVm9hVWtpbHN4STJJRy05Q01Mb2Y1dw?oc=5
PagBank,Payments,2026-06-12 03:30:29.029912,,2026-06-12 03:30:29.029912,GENERAL,GENERAL_NEWS,GENERAL_NEWS,1,0.2,GENERAL_NEWS,0.61,PagSeguro (NYSE: PAGS) 2025 results with R$2.1B profit and strong cash - Stock Titan,,,Google News RSS,https://news.google.com/rss/articles/CBMixgFBVV95cUxPbERQYmNOZjV3aXBlSjZhVTZWVHJuclY4RFVWZlFWLXVzcUdleHBESUlSUW5pWmx2TUxWT2VSZGwzNjB0YU9yXzgtVXl0MjNRa3BFejJLQ1gxVmdKYWJwMlBZdFBHRlNBT1FKb3dYcDdHejRWRzdqX3V0RTEyOUpscnhhS0RPSEsxckl6bWJZQlZ3MDBJVzNZd011T2lLU1g0UUJOVV9mTk83dFgwX2h6M3hOLVpnd3E4d3JwbEVVMlpnLVJOSlE?oc=5
Banco Inter,Fintech,2026-06-12 03:30:29.029912,,2026-06-12 03:30:29.029912,GENERAL,GENERAL_NEWS,GENERAL_NEWS,1,0.2,GENERAL_NEWS,0.44,Brazil’s Banco Inter agrees deal to acquire US fintech USEND - FinTech Futures,,,Google News RSS,https://news.google.com/rss/articles/CBMimwFBVV95cUxOX2ZEaGluWnhJNGdPTXlGMlZaNzdIRU53TmRLNllGaENTVGFfTmRGb0Vxcms2NnltSlVXQ2E2OGRDbUdnRFJORkQ5X3pDLVFjZlhkRG5rOWJlampLLTdsRWJtSXR2YlRqbkRJRGFfYVpLY0EtRlY0RHdmZHctbXlhLUtyVnFkT0lIUnlzMl9XeWZWNVg3R1ppc2VSTQ?oc=5
Banco Inter,Fintech,2026-06-12 03:30:29.029912,,2026-06-12 03:30:29.029912,GENERAL,GENERAL_NEWS,GENERAL_NEWS,1,0.2,GENERAL_NEWS,0.63,"INTR SEC Filings - Inter & Co 10-K, 10-Q, 8-K Forms - Stock Titan",,,Google News RSS,https://news.google.com/rss/articles/CBMiV0FVX3lxTFBMZWgzUERNcjNYcGhHSUg0T3BsQ25kdVFmU05VNThNT0U3eDZkU3U3U3lRRk84R0MySjNuMk51bW03NHZGaUEzai15TEJCRGhYQWl4QnV6dw?oc=5
Banco Inter,Fintech,2026-06-12 03:30:29.029912,,2026-06-12 03:30:29.029912,GENERAL,GENERAL_NEWS,GENERAL_NEWS,1,0.2,GENERAL_NEWS,0.41,Brazil: Could Banco Inter’s super app break banking? - Euromoney,,,Google News RSS,https://news.google.com/rss/articles/CBMitAFBVV95cUxNTXlRSU9jYmdpcDdlZUJCeDFVdjZzcDc5ZTdhdl8tQTJNcEtSLWJOWTk0bTJHUnZ2c3VDX1NmOGY5NXhZN0VfaVBNNlVnV09ETFUtY25vU2FHa2hFXzJEUDQxRUZ6UThyR2F5clJCSV9HUUJ5MG1TMVk0clN3SHJzNE1DNWtOUmc2ajJNQ0k3elNkSzFRM0xjR3lwYzZ3MFhnVFRwWklRWFdDa01rSmFBWVRJd2E?oc=5
Banco Inter,Fintech,2026-06-12 03:30:29.029912,,2026-06-12 03:30:29.029912,GENERAL,GENERAL_NEWS,GENERAL_NEWS,1,0.2,GENERAL_NEWS,0.47,Brazil's Banco Inter secures approval for US banking branch - FinTech Futures,,,Google News RSS,https://news.google.com/rss/articles/CBMiogFBVV95cUxNRXFteEFidkhqVmhid0k1Ym1oQnM1WDlfNWgwMjR5QmRIdVRFLW9mb0c3S0FURWNLTEZFbTZSQWtDZnRlZEt3d2lBM0xob25GU0c3UjlodTBjeWpqMU42VWw1RUVTcWtFTXFGSjFkWDE2Nm04VnB1U1JqeUFGS1d4enFmVEYxTTU0YVNpRXgyZzI5UFhpYWVPOENFZ1FwMzE0X1E?oc=5
Banco Inter,Fintech,2026-06-12 03:30:29.029912,,2026-06-12 03:30:29.029912,GENERAL,GENERAL_NEWS,GENERAL_NEWS,1,0.2,GENERAL_NEWS,0.48,Banco Inter to Gain Full Ownership of Merchant Acquirer Granito - PYMNTS.com,,,Google News RSS,https://news.google.com/rss/articles/CBMiqAFBVV95cUxNbm5CWjh5c1ROc0w3bkRqN21lZ19yWVU4dlFBRHN4WVBFNDVyMnl3T3F5cVlIU0tyUEtKWnl3MzlZTnZoVmRyMEFpSHlRWnVFUWp5aGhfb2pjTUxEZ25SVndOZGtEMEs2aUJzZlBhNE1FS3Z6cGhuUHJmUW95cXM0MG1WT2hsYXc4LU85VVVvMUwzS3pvbTQ0SFh5bUF6ajUzMEFWVVlSbTM?oc=5
Nubank,Fintech,2026-06-12 03:30:29.029912,,2026-06-12 03:30:29.029912,GENERAL,GENERAL_NEWS,GENERAL_NEWS,1,0.2,GENERAL_NEWS,0.44,"Nubank's AI-Fueled Growth Hits $5B Revenue, But Risks Mount - BriefGlance",,,Google News RSS,https://news.google.com/rss/articles/CBMikwFBVV95cUxNaFNTRDBoU1AxTHFFRTYxOHBIazZIQkpkc2lLSzRMeHFBS0VvQ2pjY0wtZDZlWDFFQ0hQZHB4dGdnZXBwVzNUV2dERjRPWU1PNE1zTmtRTV9DTFIwMFo5STdJQllzTFN4MllVcnpHQ3dHSWhocFBzbW82QWdRWnJlS0N0YlBmZm9pRmcxU01RaHp5ek0?oc=5
Banco Inter,Fintech,2026-06-12 03:30:29.029912,,2026-06-12 03:30:29.029912,GENERAL,GENERAL_NEWS,GENERAL_NEWS,1,0.2,GENERAL_NEWS,0.48,"Chainlink joins Banco Inter, Microsoft and 7Comm consortium to support trade finance use case in phase 2 of Drex pilot - PR Newswire",,,Google News RSS,https://news.google.com/rss/articles/CBMigwJBVV95cUxQX05PaWdqRVlTcGRCMmVqV0sxWFExR2xKcDJfQ2hJRU4yd2ZmM3ptUENuSU5vUk90YVFxZ2NqdnJWQ0FWbkJoXzVWSndFY0JULUtTdWkwX2Z3cFBoVGlCVUUtTFdIVWVHOVhOdnF1a3N4MlJmM1IzdHh3UldpM1hQc3BsdFItbjE3aVFsTnBNVy1OWExZS3hkMzRiRlZTWmpmMXlic0l4TnluZk04aVhNRFZTYy1kZkI1eFhrVkVIWXNxMjhfX0I0eTNrWWJKQmExWXp5UlJGcFBkeXFRSmt5Nk91YmxfN2xqU1ZubzFreEx4d2lWX3hPQXZPXzh4NmgxWm9v?oc=5
Banco Inter,Fintech,2026-06-12 03:30:29.029912,,2026-06-12 03:30:29.029912,GENERAL,GENERAL_NEWS,GENERAL_NEWS,1,0.2,GENERAL_NEWS,0.43,"Banco Inter, Chainlink Power Real-Time CBDC Trade Settlement Between Brazil and Hong Kong - Yahoo Finance Singapore",,,Google News RSS,https://news.google.com/rss/articles/CBMiiAFBVV95cUxPZFgtUGdvbHhMdUFZX09lRUF4ZHlHelZEZE5mSERITzY1ZGxyTkNQVnZmM1FOazZvRUJWajQtbWRrUDlWN3VDa1ZUbTBvZjZtdVI0WGJOOTRqME11S2YtMTV2M2IxbW5FeTg1Z2t4UXppWmhidlVGbmFRUjUtdUdONlZ6WGpjMzNN?oc=5
Nubank,Fintech,2026-06-12 03:30:29.029912,,2026-06-12 03:30:29.029912,GENERAL,GENERAL_NEWS,GENERAL_NEWS,1,0.2,GENERAL_NEWS,0.5,Are energy drinks like Alani Nu Witch's Brew linked to stroke-like symptoms? What we know - Snopes,,,Google News RSS,https://news.google.com/rss/articles/CBMiggFBVV95cUxPZ0tSU2IwakJYM1hJNHk3UGRkVWNXR0hkQmlJSXNQTWhtT0x2V3dtbU5Xc0xRNWU0MThQeVR4WTFVQ1UxOVIxbENOVUFYaFE1QWhyWHZaVGFPOE81UThUZ2JFTTRaZE83aXMyUmpsX0hnc2pEQ0hMNG5KS3NVX09LMy1n?oc=5
PagBank,Payments,2026-06-12 03:30:29.029912,,2026-06-12 03:30:29.029912,GENERAL,GENERAL_NEWS,GENERAL_NEWS,1,0.2,GENERAL_NEWS,0.56,Stronger Q1 Results And Completed Buyback Could Be A Game Changer For PagSeguro Digital (PAGS) - Sahm,,,Google News RSS,https://news.google.com/rss/articles/CBMi3AFBVV95cUxPcXJzNk1BTHhNMGlWWFlBOVd5SWdrZldLWXZlSlZCM3dLQlE1TDhxTThlemlRX0ZGZ2poOXVQQ2R0S21ETGpwRlFnbXNxblZweklLMHRVMFAtd0xHd0preW5UejZWRktyVFoxTmhXYkJOeFRtcm1rVnFXRlo5Q0wzU2xMM2hjTHRvTTNjVTgzMTQ1TjIwTm9WTEtCYmg0ZE55cXVPa3p5UjNkSTdRWTJXbWU3MV9YSndra2s5bGJaRmYwVjZnMEFQRmhyTzhWY0Y2dXpQQl9ZUDEwelR1?oc=5
Nubank,Fintech,2026-06-12 03:30:29.029912,,2026-06-12 03:30:29.029912,GENERAL,GENERAL_NEWS,GENERAL_NEWS,1,0.2,GENERAL_NEWS,0.48,Nu-World Holdings (JSE:NWL) Could Be At Risk Of Shrinking As A Company - simplywall.st,,,Google News RSS,https://news.google.com/rss/articles/CBMi4AFBVV95cUxNWS1oQjhEalFFdnVGeHlmMWthOHRJam9nYTd4RE1SWG1fSzVHNUNiRkpXeEJUS0hTRENPWHMydy00U3lZUEVUVHFqV09NMWNiaWZxLUZBTHBMZE50QlRwZ3g5QlI2Z1oxNVpHNy1MTlFSejdaY3hjZUxzVUJGcU9TVmRpc0xhUFVMa0hrRlNYLXdFeDZHUF90S29DVU1MbnhKSThVMmJiRk00S280SFR5SldRZ3JyNUNaN0xJalo1cmQyaW9zbkxiRU5OR2lhdlBPanNjWXNJbWRseDBTdjBmWdIB5gFBVV95cUxQa0M1Skk2T2FVc2FLREdiQzdxQzdXZ2JHQUZvaFBjcnoxTElpUWhjR192U1Q2c20zNEdKcExGN1pQYzVXdUFCaFJubWtfSEhmbzlpTTF6TWZVZWJ6aVlOb3RZbTdkMHVsbWhlR0tPUW5JbldXX1pLb29aQ0dfN2RmZEk5c1dBbE1YZ0ZYOEdhNVJkQ3laOWtsOENlZFhhNl93d0M3NXpyTV9hbkNaTGZSeFZVSmU4ZFZMaGNVTFVXWTFnSG1sRDRkM0VWTWNrNnZMdGZDRzgzajBOOTQ0V2h1ZlN0Nmxldw?oc=5
Nubank,Fintech,2026-06-12 03:30:29.029912,,2026-06-12 03:30:29.029912,GENERAL,GENERAL_NEWS,GENERAL_NEWS,1,0.2,GENERAL_NEWS,0.48,NU E Power: Standardizing risk to unlock disciplined power development | 2026-05-04 | Investing News - Stockhouse,,,Google News RSS,https://news.google.com/rss/articles/CBMiuAFBVV95cUxQSEZKaTdkUW5ydENpRU94NmlycFUwNUxoUTB3UEV4dV9kWTExcG9fUHlvVkRxUUxsdGY4QXNKazA0UHN1RjJRb3Z2Z3BldGlhVkxvTi1reWdsOG1QWm9KQ0RtWW1NWjg5RGpiR1IwUlJvd3NmTlBKSk01NnJtN1V5UnYzOUFkUW9fUGlHV3ZheWR3bENIM3JhVEZvVjF5LW1JUDdhY0pQMWFmaDgtRV9tY2w3Y051SG1J?oc=5
PagBank,Payments,2026-06-12 03:30:29.029912,,2026-06-12 03:30:29.029912,GENERAL,GENERAL_NEWS,GENERAL_NEWS,1,0.2,GENERAL_NEWS,0.57,Discipline and Rules-Based Execution in PAGS Response - Stock Traders Daily,,,Google News RSS,https://news.google.com/rss/articles/CBMizwFBVV95cUxOaTJoNlRnMXpCUDhsUXlCb0NwOVVYZ0c1SkNSbDNqVlRUWWlQNTlMeWZSWS1SWkFmUHFRXzRHVEZEc0trMm1YQTl1QXFrMGwzd0oyZm9TbjFpdHRkY3huUjJ3T2VFX3FFeTh6QWhCU0ZxY0M4Uy1nS2lmOTBPUVBpNUQ3Ul94RkE1U1p3LTJjZUZGVlAyOE4xeFNGZnFyRTl4a3JQcFUxaTRScDlkaXlyZWx3R2FBWTJVTkE1ZVQyTU50WGdIZDktdXNFVXVCYVE?oc=5
Stone,Payments,2026-06-12 03:30:29.029912,,2026-06-12 03:30:29.029912,GENERAL,GENERAL_NEWS,GENERAL_NEWS,1,0.2,GENERAL_NEWS,0.56,StoneCo (STNE) Is Up 6.9% After Q1 Earnings Surge and Extraordinary Dividend - What's Changed - Sahm,,,Google News RSS,https://news.google.com/rss/articles/CBMi1AFBVV95cUxQbzdwZDVaZDZ0dl9oaENrOGo1SnotOHNzb1ZsZXZ1OF9nNWRybl9DVVpycXl0UnRJRy1jTG1wamxZYmp6T1FQQW9VbkNYV0JvNVJueDJuWTBFaUhsYkhsRTByM0VVVXdhVnFlNVJCUTVDaDhrcnNjbXpWU01acnlPLWphSGhzUUx5MVZ2YWhFSzNJb1RlaTRUVE5Cc2RsYWN4MEcweTVlelZzVVdGYVNQcndwbm5Mcld3dXBpU1BXaFhBTExJcXE5cVVweTJBMW9lS05MeA?oc=5
PagBank,Payments,2026-06-12 03:30:29.029912,,2026-06-12 03:30:29.029912,GENERAL,GENERAL_NEWS,GENERAL_NEWS,1,0.2,GENERAL_NEWS,0.59,PagSeguro Digital Ltd. (PAGS) Reports Q1 2026 Results - Insider Monkey,,,Google News RSS,https://news.google.com/rss/articles/CBMimgFBVV95cUxOVTY2MnQ1NndQekZYVzRLaGthdVN2Zk90X3hpTkZhNERyYTVoc1NZa3kzTnhjOGxyN3dpLVBJQjVhQnEtU0FqY0x1bWdFUFE3M3FraHpNRkdfUmVFN2hIUzVxenhQcmZWbjdUSS1wUjgwZmExcVpvcHdkQzVDZTZXOHNkNDRrc3c0eHVmXzE2dmVvV01TOXlSTmFB0gGiAUFVX3lxTE5OdDdXZ1U4UkVtakhsMEdERHZKOWFkbWVFNUJMeHdjS3V3YXgwcWFyTk1LV2tXSFYzSFRHMUc3WWd3WFVPOUwwMFZ0Z0tPNzRxU3BtbVFTZE5FOE5razNJbklvUWhsWVlZRDRFbndyVUhrdjFzeWZKQmtrUWkwdG04WVBGWkYyTHY0TW9ESWtLak1XMXlHTHdMbHMxckxSTVFrQQ?oc=5
PagBank,Payments,2026-06-12 03:30:29.029912,,2026-06-12 03:30:29.029912,FINANCIAL_SYSTEM_RISK,WEAK_SIGNAL,WEAK_SIGNAL,2,0.6,WEAK_SIGNAL,0.5,(PAGS) Movement Within Algorithmic Entry Frameworks - Stock Traders Daily,,,Google News RSS,https://news.google.com/rss/articles/CBMixwFBVV95cUxQQV90TEI2MGM5WEtObnB2X0NHRmJ4X0tCQVNSQTBialF0ZnhQWFVyN2NUbjU4YzVHZFBHS2lNbFBBcl9UYlM5UmxpcEZlQTdOeGhEc0pQRlpKS2dDczJ5cTBjMWJKMEt2RGFFYmZ4Qlh3RlpCS2x5UlN3eEk2R1lpLTh4VHMxT090TFJ5djllMWNoX2lJcExPYW5tVHhwZ2c2NUhQZVk4aEtWSjlfaWlFNVJFb0ZkMF92VXQzLVJUSUdBdlVoY1lF?oc=5
PagBank,Payments,2026-06-12 03:30:29.029912,,2026-06-12 03:30:29.029912,GENERAL,GENERAL_NEWS,GENERAL_NEWS,1,0.2,GENERAL_NEWS,0.45,Is It Time To Reassess PagSeguro Digital (PAGS) After Its Sharp Five Year Share Price Drop - simplywall.st,,,Google News RSS,https://news.google.com/rss/articles/CBMi4gFBVV95cUxQTVMtZW93Q1hxZWlQeGF3SzR6MU1FR2RPZHVTZDlmWkZ5aHVQZENCWWJPQjV4WElVdU52WFJ1dmZRdFJoemR5SHdGUFY5cW54NXpwOHg5eTFTbEFMVUpZTm10YkYzbjVCNmRpZmI5b1ozSjktRm9PU3lJWDR1NWFtMjBOOFdwbjFoTUlVU3R1R2FrQTdhX0V3bm5BeVBUbVJWTk1qalNqc1JrOTdqZXkteDQtVTdfMGpaeVFlSWJxNlpqbTVuQm5jc1FkZE5tSkMwSzkzVWJuV3VMZVZWNW52c19B0gHnAUFVX3lxTE9mNWYwcWsxajlTMllzVkl2c1drSGNyaWs1TU1sVWNNUXdsY2Q0azlTRlA5czNHV1BUTEk0OUY1UzN3TlBYODdwN2o0Rk1iTkhpUlljOGR3YjJxQlhUdU5oUERyOTczX0U3MlV3MW0zeXlGX1JuY21pcXdjY1N3UG4xWGxuX0ppang4MDZ0M1B6dXkweU5HcXRiSkhiVkJ2Tm1Ra0VISEh6NktadkJhMG4tVXJRWktIblozcTFraHRWa3paMVgteFlyM0lWbDFZV3ltN2hFNEJHOHNubEJtNWdpUURULWF0SQ?oc=5
Stone,Payments,2026-06-12 03:30:29.029912,,2026-06-12 03:30:29.029912,GENERAL,GENERAL_NEWS,GENERAL_NEWS,1,0.2,GENERAL_NEWS,0.44,StoneCo (NasdaqGS:STNE) Valuation Check After Recent Share Price Weakness - simplywall.st,,,Google News RSS,https://news.google.com/rss/articles/CBMi1wFBVV95cUxNRFpKNkk3RE0xQWttQzZLNVE0QWhhTnhMTzh6OHR4NFVobnNLR25oYTktXzZ1QXhtUG9ZM0FwR1lDQnZ2Tzl1ZnJnVlVxLTNneHVNNEZmSkREZUx1VTc0Qk1WT0pPVUZ2NDBKVUZjRzVlXzBjcVpSV01YbzVWeDBVS0ZiNzFTWVdjb2VQV3I5QlpHNzRHLXY3MVZRTkNqYmpjbGpoUms0MHVVTFBIYzU0cEJqOVJkWVpITERHcHMydjBrR2JrNm5udjNER3VFak45Vk93SU9Jc9IB3AFBVV95cUxPd0xFRDlkNzQtT2p4OXZpb1RaQUk4YkF5R2tCYng4Q0EwRzd1NC00NGo4MjdoM3VSLUtSSEtVX3dpYm5rcDkyRURTOXB1aS1HYkFHczN2eWo3OXUwcS1fOVh5dzJBVklLOFJKcjZ5dVFWUkNMVXNrM0pnNTlDbWJWMDZsQmtUZTZTcXBSTjF5RDJKZDBoYm82UWo5YkFqMHp2QTd0d3c1RnN5NXhhNFBUN1RYVEwzNzd3WFZBNGhiYmdqTmplS1lrazNzZjM2SXNvYjNLM19PLXo3TzNi?oc=5
Stone,Payments,2026-06-12 03:30:29.029912,,2026-06-12 03:30:29.029912,GENERAL,GENERAL_NEWS,GENERAL_NEWS,1,0.2,GENERAL_NEWS,0.47,"STNE: Revenue and EPS rose year-over-year, but credit risk and provisions increased; Linx sale drove dividend - TradingView",,,Google News RSS,https://news.google.com/rss/articles/CBMimAJBVV95cUxOYXotTHpzcWhYbDZVRDVlVTVrTVVoVUEyTVNjU05wWnZRZ1lTc2NaNWEwX0NBdC1UamY0bUZUUmx3YW5IeGNaRE5TRFR2RU1zSFhFR1pzUk5qbW5XcENVRkQxbTN2LXdJeFNxbXVmaVJUVVVxT0ZrV0Y1azZIZDJVSkFiVmpPYXMxeWRhTXhfd0FINzhjR01URTNYdGxxdDVOVVo5dzA3VlBvUFRDczkyLU56TTZHQXJUcms2WlR4Sk9GeHJxQV91TWRRR2ZWRkNHdDMwSHhEeFhzLWlsZkc1aVJBd3lhemNLMFJXNUtPLUpZOGdxTS1ucnNJLTNhVE8tZDMtZVNmOFRqazg4alhlYkdjUmRmY3E2?oc=5
Stone,Payments,2026-06-12 03:30:29.029912,,2026-06-12 03:30:29.029912,GENERAL,GENERAL_NEWS,GENERAL_NEWS,1,0.2,GENERAL_NEWS,0.54,StoneCo: Fear Is Creating A Massive Valuation Disconnect (NASDAQ:STNE) - Seeking Alpha,,,Google News RSS,https://news.google.com/rss/articles/CBMinAFBVV95cUxNMDBDZ0VtNmZfVktGUjJaUEVUQlJmQjJYQ0JqVTBseWw5NDRucTZxZlpwbWpqSTJHdEFfcGJtQ2RDTW1JeFk4SjFYdGpKS0dWbUJaQWUwRVp2RTgxSmxMemQyYnpDSjhlYXZkVnhpRkUtY2lUbHVwa2hiaTVIM0F2Y0dZOTdWLTBFMWRLeVg3ZUh4OWlTOXEweEFIT0k?oc=5
Stone,Payments,2026-06-12 03:30:29.029912,,2026-06-12 03:30:29.029912,GENERAL,GENERAL_NEWS,GENERAL_NEWS,1,0.2,GENERAL_NEWS,0.54,StoneCo Balances Buybacks Banking Expansion And AI To Shape Outlook - Yahoo Finance,,,Google News RSS,https://news.google.com/rss/articles/CBMikwFBVV95cUxPaWNaOFpJRTI1Q2FDdEtMNnFKSnhoM0Z5enNmSi1EUjg0bVpaVUt1UzNUVHhNU3E5dEluUEZjdWY3WU8wTEFPS2NCVzJjamJSVDNsbU8wc1owUFNEWWtrOHNhT1dxWkdtYUxvM1gxa3BqWThYYVpfUXYxRGc5VEpDbGJCM21wYXBRdVZveHRDSURjZjA?oc=5
Stone,Payments,2026-06-12 03:30:29.029912,,2026-06-12 03:30:29.029912,GENERAL,GENERAL_NEWS,GENERAL_NEWS,1,0.2,GENERAL_NEWS,0.55,"StoneCo (Nasdaq: STNE) posts Q1 2026 results, unveils big cash dividend - Stock Titan",,,Google News RSS,https://news.google.com/rss/articles/CBMirAFBVV95cUxNb0Z2R2RYZE81cXVRMWQ2ZmpQQm1TZXg3SEpncDNDbFMwZFNSbE1RUHNtV0ZWUlRJQjFoa3dZOEktLVIxN0d5MlVyXzdpdkxrWmhVYldzMVg4UmQwQldvUDd5NWtZOXE3dFczUmdDUm5xem9vZEFHT3lqa2Ixdy1Cb2R2UEUweGx4Q0VIcjg1UXZJeW8xZVltcGNTUlRDbFFMZktwdUxMQThXVzdu?oc=5
Stone,Payments,2026-06-12 03:30:29.029912,,2026-06-12 03:30:29.029912,GENERAL,GENERAL_NEWS,GENERAL_NEWS,1,0.2,GENERAL_NEWS,0.49,Why Did a Major Fund Dump StoneCo (STNE) Despite Its Recent Rally - Kavout,,,Google News RSS,https://news.google.com/rss/articles/CBMinwFBVV95cUxNNU1RcGp6dHRkQTdUd2ZyR3BXMWdMOUp0cklkQllNVUVDWURGZkZwNVg2MWF0bS03Zm05aVRJQXNJSnhDMHhITUoxSmswVjJucGFicDZlQXV3c2ctTXBObHc0MDdSU2RvSmd0REFNRHNUWGpLU2tTZGtCRWp5X2VvemNBeUxER0d6Tkx6ejZobVV1eS1tSGRYY0NhdjZQSDg?oc=5
Stone,Payments,2026-06-12 03:30:29.029912,,2026-06-12 03:30:29.029912,GENERAL,GENERAL_NEWS,GENERAL_NEWS,1,0.2,GENERAL_NEWS,0.55,StoneCo Q1 Earnings Call Highlights - TradingView,,,Google News RSS,https://news.google.com/rss/articles/CBMinAFBVV95cUxNYjhpdGRpRmY5SmxZR1YwalNSTFZwNkxkeW9aRkUxNGlyMlJpLV92c29mSEVPX0ZjZzVaTEMwd21aTDBnaWJRZGljMFpCd1BuUjF1cnl1cFd5YlJ2endwaHBsMVFYQVBDb0NBQUFGSm9CcW80TXdPT21POS10UkRka09xMU4tUk1hc1pYT3NCbnhaTVMxRS1VQUtYVi0?oc=5
Stone,Payments,2026-06-12 03:30:29.029912,,2026-06-12 03:30:29.029912,GENERAL,GENERAL_NEWS,GENERAL_NEWS,1,0.2,GENERAL_NEWS,0.53,"Fintech to Power MercadoLibre, StoneCo Growth: Moody’s - Mexico Business News",,,Google News RSS,https://news.google.com/rss/articles/CBMikwFBVV95cUxNU0tSbDdSZWNZaTA1c2lVU2dxUnIzSmFMZ18wbGhUOW1aOGNWY0dyMFdWUGxUQzdzVE1KcVZDWTZmU2xSaFA2d2M5bTkxRlBGVDdHUkplVURWT0dSZTZDWnpBYWZFZG1pRVM3S2RyeWJmRzlMSy1VWk9tQ2JKeDVCN3FmcW9xX0x4TjJVdEhBZy1oRVU?oc=5
Stone,Payments,2026-06-12 03:30:29.029912,,2026-06-12 03:30:29.029912,GENERAL,GENERAL_NEWS,GENERAL_NEWS,1,0.2,GENERAL_NEWS,0.54,How (STNE) Movements Inform Risk Allocation Models - Stock Traders Daily,,,Google News RSS,https://news.google.com/rss/articles/CBMixwFBVV95cUxOd1pWcVdVaDA5REhINEFWNWV0SzlwcXZyTWVXYlVXV3dHWklVd01qTTRSRG9EdjN0Nkx5VnFuWWtnN3FaNzNHd3FRR1gtd1FIeEUzbENhZC00eXZvV1kxQnhRMHhZUmtzUlc3VWRoTEdnR0FNNjFUUy1DbTAtZFlockhYaDB5dlVHV3Q2TkxUVW1KcE1nVlpLQVhMeGdNZ0xiaG52allNWTQwUVZQZTlldjdSeG9YTlFPQmFTU3hXUGZwOElsaGtr?oc=5
Stone,Payments,2026-06-12 03:30:29.029912,,2026-06-12 03:30:29.029912,GENERAL,GENERAL_NEWS,GENERAL_NEWS,1,0.2,GENERAL_NEWS,0.62,"StoneCo Earnings Call: Profits Up, Risks in Focus - The Globe and Mail",,,Google News RSS,https://news.google.com/rss/articles/CBMiywFBVV95cUxPQlZJZi1YTXNpbVBLQ3dMUEpUcGI5eUNUR3RkTHZaeW9RRWdQWnhRbzhNcGJfZ29GczVOc2ZCdEtJanhaVFEzb29qaEl6c1plNUlRRDNJYldlU1VfN2NOeVNjNURGRnI5aG5iTW42aGJJSHd6UnlqVE9ETDJiUUY5M2EwbWlUaHpJNEkzR3RPSWxFNk9wWDlWN3B0b25LVXJQTFNTbGw4TTZaMHlUc3BlVC1xelRkbV9YWkhNSnNxdjBPR2g2SnNsWXgxaw?oc=5
Nubank,Fintech,2026-06-12 03:30:29.029912,,2026-06-12 03:30:29.029912,GENERAL,GENERAL_NEWS,GENERAL_NEWS,1,0.2,GENERAL_NEWS,0.44,Nu Holdings Ltd. Reports Third Quarter 2025 Financial Results - Nubank,,,Google News RSS,https://news.google.com/rss/articles/CBMiqAFBVV95cUxQNnk0NWtLWkZnZzJZbnM4ZXdKbHhBU1hldmRwOGlvYXJkdkwwT3ZIaXBXRGRSZjZTYXFkX0VJTkE3OG9faFlCQjVOcXZjTDVLRzN4Q1JtQzRIR2FUOGFEa0Y4WEloS0RiTndDek5tbUJoNkFuRGlxWUNBREplUncwZ012bVVnNlB4WjVIUXo0dE8weXE0a1JYWEdWdF9QR3lLQUg4X0JwdUk?oc=5
Americanas SA,Retail,2026-06-12 03:30:29.029912,,2026-06-12 03:30:29.029912,GENERAL,GENERAL_NEWS,GENERAL_NEWS,1,0.2,GENERAL_NEWS,0.4,Investors brace for domino effect in retail after Americanas collapse - Valor International,,,Google News RSS,https://news.google.com/rss/articles/CBMi0wFBVV95cUxQdEZiT2dqWE51VHY2ak5CU0g2cHR3WXFKQkhlcDlkNXFhNUhDZXZ1SlpUc3JqbmdkeHFZdlo5c3dTci1EYVdtbXA1Wkh3UWdFNWllTHFpZ2llS05aMUVNblQ2b3Z2NDhsUjV6QWFad0w4UkRLVzdvbVNqeUlwMEpveEhfNUpnQkFMdUNGOWRjY29hR01TcnE4cTRKcTlLVE53RTV4cnVGeGRLQVJTNFAzd2ZXd3l0WUM4d1c2TDFCR1VqbTFwd0VQWE0zaDVvUGJKem9z0gHiAUFVX3lxTE1XR0p6bDlPM0lYeWo0UV8wMDNMOU1IblN5OVE2R2NNeUFyQk1aNThBM0RLR0RxdWE4RlZlaXY0eEtHZUpNdVJBX1pJeTdXLUsxcUc1d0xKYjV5T3Y4cVdNYkNaWFNWazc1c19ENG5RR2VSN2lMZDJmQ052eGNCdkVqeEVRRWEwWVBoRW5nTlZmN1ZQTEtIZmZrTjVGMEVnUzF5RldUQXlzaHM5QkxScmthQnpUTk9tMTh6X2x3dFMxR21JdWxlZGhxNEpXa3JjLVdueGFlemd6cnRQcThLd0dHZVE?oc=5
Nubank,Fintech,2026-06-12 03:30:29.029912,,2026-06-12 03:30:29.029912,LEGAL_REGULATORY,WEAK_SIGNAL,WEAK_SIGNAL,2,0.5,GENERAL_NEWS,0.4,Celsius Stock Drops With Investors Eyeing Texas Alani Nu Probe - TechStock²,,,Google News RSS,https://news.google.com/rss/articles/CBMiiwFBVV95cUxNYUNETzN0cWFaMGlYZjdxTUFMZjVZRjFiNHU0NnhpRmQ2Rkg2WkhVQnptZ1FCSndaLXRPRlYyTmtveWFjUERfaGJYemVhWk9hd2RyanBQYmwwdXV0SU1KZ3Z3TlFrWmNsZGZKdWZwRXBPVWJtaFNNLTE0Q2lpcDdnYUU5bXFoTXhVTXBr?oc=5
Nubank,Fintech,2026-06-12 03:30:29.029912,,2026-06-12 03:30:29.029912,GENERAL,GENERAL_NEWS,GENERAL_NEWS,1,0.2,GENERAL_NEWS,0.46,Morgan Stanley weighs risk transfer to cut AI data centre exposure; Nubank seeks Brazilian banking licence - TheBanker.com,,,Google News RSS,https://news.google.com/rss/articles/CBMiekFVX3lxTE5DVHpmUHRhR3JYSG9yQmxzSWtGWWVlZjhrZTAtWUduVENTVmRObW50dzREQmhGYVZKbk8xZFU1NHU4X0d3OGJ1UTJqOGRuTHpoeFlUSXNlbjQtYjI1cWdjNUI0QWpPRXpvU0VTcml4SnZ4NGpuNWh3YV9n?oc=5
Stone,Payments,2026-06-12 03:30:29.029912,,2026-06-12 03:30:29.029912,GENERAL,GENERAL_NEWS,GENERAL_NEWS,1,0.2,GENERAL_NEWS,0.59,StoneCo Ltd stock (KYG855241032): Brazil fintech growth stays in focus - AD HOC NEWS,,,Google News RSS,https://news.google.com/rss/articles/CBMixAFBVV95cUxOVkhmdUNMWWRfdUMybEtCR29Rc2dGQy14X2R5ZTVRR015RXAzODlRQV9sWWFiY0RVMG1PQ1RPcmhfT19PQl9RZ3dXaWhKNEF3alpkV3cyQmp0SGM1U3RIYm5qdVdKeU9wNWdpbDc0bkx4R3pNbG1JRllCdjh2Yi1IMTF4Umc1Z2JNSFl1Y2IyeDYxYU9wb3RyT0tYWV9DNFVCcFRYbWk2c1V5a0pDQ1FOeHVVYTllSGVxNzl5Zkxra0Ixa1U1?oc=5
Americanas SA,Retail,2026-06-12 03:30:29.029912,,2026-06-12 03:30:29.029912,GENERAL,GENERAL_NEWS,GENERAL_NEWS,1,0.2,GENERAL_NEWS,0.42,"Credit risk made tangible by Americanas case, Allianz Trade says - Valor International",,,Google News RSS,https://news.google.com/rss/articles/CBMiywFBVV95cUxPb0lsV0c3Rmtwem5lY3ZBaDlQSUZuMkdkd28xVHNHNEZQdEx3QTAzdXBlUG5wYTh4czh1MkhzQVJtQkNxSjgwVVQ3ME1wWmE0N0htNkNfSGMxSHRjYTdFRlBIeVJaM2RfX1FMTDdEMTZqLVpySmQ3SlVETE51Uy1oX2pOY1huWjV0NVRrR28zTXM1bkY1UGwxZ3JsMWlXQlEwcG9Cc2dyMWstNlQ5amcwWHNkR0V4WVNTUm1UdEVzR01OcmhGdy11M0lQSdIB2gFBVV95cUxNS2FpajM5OXoxY1RCaDZTT0oyRV9PeDVsR1VIZ294QzRHOXVZMm1Dc01qOHJDdTlWazJVbmcwbmNLS1ptcnBuU3B0YmxjYnZlbnZJRWU4TTQxM2J2bkk5ZHQ3WlM5WnM1c0duOE43UXo3aWpVMlRiUHhrT3RlZ3hqR3FJYjZEbWd5aTI4S2xpM3I1ckRCRmM1MXhNLXh5S3FJYzN5M3dPcVAzSnVCMmhWNEpKdlJYUEJhXy0xcGxQLThTTHFiT3paYWZaV0ZkYThJaXFrbnF0WDRsQQ?oc=5
Americanas SA,Retail,2026-06-12 03:30:29.029912,,2026-06-12 03:30:29.029912,FINANCIAL_SYSTEM_RISK,WEAK_SIGNAL,WEAK_SIGNAL,2,0.6,WEAK_SIGNAL,0.41,Americanas S.A. stock (BRAMERACNOR6): Brazilian retailer trades near recent lows amid volatile price - AD HOC NEWS,,,Google News RSS,https://news.google.com/rss/articles/CBMiwAFBVV95cUxQbl9naTdNUWdJYm5IOXVvNlE4bXYyUTlIOXB6dFU2MHdvV2FTTFFwWHJpX1g4QlFEdGZPVktuNjVhU3o0YnB4cW9UbzZuRUlKWEk4MzlJQWswMTNwUFBFbkt4aldmZTUyNlVBcUJORnlmdUJaQmU5ZFpPNkhFR3pPajVJOG5qTlhTMGZxT2JyTmlDcUhHcUlxeUU2UkZhSW9QWHM0TUpnbGw3TDk5NjAyMW5MRlhHNklHaW9td3Raam8?oc=5
Americanas SA,Retail,2026-06-12 03:30:29.029912,,2026-06-12 03:30:29.029912,GENERAL,GENERAL_NEWS,GENERAL_NEWS,1,0.2,GENERAL_NEWS,0.47,"Americanas case start battle among Brazil’s wealthiest men, but may harm the poorest people - Brasil de Fato",,,Google News RSS,https://news.google.com/rss/articles/CBMizwFBVV95cUxQRnlUWU9EUkU5V0p3Y1BjamxMLUZOckdQQlZSdktzaG1VaXQyTDNxelZfNnBEekJ5QmFLR1BXeU9RYVJjYzNVLUl5d3QyZjdEbjhRSGU5c01mS1RkRjBrNWFzejdpc3h2b1NEYmZMVU9NNDhlRERWaVB6YjNzRzJRb3pkM2V0RmV1REx1ZjdfT25vQ1pFZWw2dVdrb19UOVUzbTdDcWlLb3FxZmkzeUthekwydVVXbTF0dmRxVUNselVpcEdjclJhazdYYlFCblk?oc=5
Americanas SA,Retail,2026-06-12 03:30:29.029912,,2026-06-12 03:30:29.029912,FINANCIAL_SYSTEM_RISK,WEAK_SIGNAL,WEAK_SIGNAL,2,0.6,WEAK_SIGNAL,0.56,O que está em jogo na Venezuela? Feministas latino-americanas respondem - Portal Catarinas,,,Google News RSS,https://news.google.com/rss/articles/CBMimgFBVV95cUxOSmJBaUxfMG80RzdYYThYUDlaaDNabzY1QzNnWmdUdUZZNmZDZmNORE9fekE1UnBlUi1uVFMxcXp1aWxkSGhDUXU0WDhrdGxST1BxX2N3cnNBcl9leFVHRlFDR3JrZVlMNjN4dkFVWTdFU3dkZnRXMGhBdU1XSURSV1plVE1NN29sem5CVFhwZ1VESEdhdXl1eHNB?oc=5
Ambipar,Environmental Services,2026-06-12 03:30:29.029912,,2026-06-12 03:30:29.029912,CREDIT_LIQUIDITY,CRITICAL_SIGNAL,CRITICAL_SIGNAL,5,0.9,RISK_SIGNAL,0.37,Ambipar's complex situation could take creditors to the cleaners — Restructuring QuickTake - 9fin,Ambipar is facing a complex financial situation that may leave its creditors with significant losses if not resolved.,"This news suggests that Ambipar is facing significant financial difficulties, and its restructuring efforts may not be sufficient to protect its creditors from potential losses. This could represent a corporate risk in several ways:

1. **Financial instability**: The fact that creditors are at risk of being ""taken to the cleaners"" implies that Ambipar's financial situation is precarious. If creditors are not adequately protected, it could lead to a loss of confidence in the company's ability to manage its finances.
2. **Reputation damage**: A failure to successfully restructure debt or address financial difficulties can have a negative impact on a company's reputation. This could make it harder for Ambipar to attract investors, customers, and talent in the future.
3. **Credit rating downgrade**: If creditors are not protected, the company's credit rating may be downgraded, which would increase borrowing costs and reduce access to capital. This could limit Ambipar's ability to invest in its business or respond to changing market conditions.
4. **Asset sale or liquidation**: In extreme cases, a company facing significant financial difficulties may be forced to sell off assets or undergo liquidation. This can lead to a loss of control and value for stakeholders, including employees, customers, and shareholders.
5. **Increased risk of bankruptcy**: If Ambipar is unable to successfully restructure its debt, it may be at risk of bankruptcy. This would have significant consequences, including the loss of jobs, disruption to business operations, and potential liability for creditors.

Overall, this news suggests that Ambipar's financial situation is fragile, and there are concerns about its ability to navigate the complex restructuring process. This could represent a corporate risk for investors, customers, employees, and other stakeholders who have a vested interest in the company's success.",Google News RSS,https://news.google.com/rss/articles/CBMifEFVX3lxTE1rd3pJbEw3QVlaTEc4WTNjZ0l1RXEwM25Db1B2Z2RoeGRZOXVOc2E2TUpBbDhoaGNjVVJJemo5V3h0Y3hpSVhIcVIzTXlCTVFGd2dTNTliZlA2R2JYYzJwQW91R3RjOFl3NGVPSlQ3SmZ3UVJBVVBfMkF6V0M?oc=5
Ambipar,Environmental Services,2026-06-12 03:30:29.029912,,2026-06-12 03:30:29.029912,CREDIT_LIQUIDITY,WEAK_SIGNAL,WEAK_SIGNAL,2,0.6,WEAK_SIGNAL,0.52,Brazil's Ambipar files for bankruptcy amid growing credit market unease - Reuters,,,Google News RSS,https://news.google.com/rss/articles/CBMiogFBVV95cUxNT1ZPZXNkRHJtdUMwTWNMQW5aemNjRzFTSTJzejhRRnowV1U0Qmg2T3dUMVBUaUpNSEhiUWoxRmY0M213amVZVmpDODdja2U2NE1vSGxLb1RfYWhvQ1I0Vy1ORjZCQ2g5NV9fZ0c5RXNIelJvT3JyakxlNkFQVk5ObUV4M0xqXzV1VWg5anZYaTRqa1M0YklUc2JEc3lxMWpneEE?oc=5
Ambipar,Environmental Services,2026-06-12 03:30:29.029912,,2026-06-12 03:30:29.029912,GENERAL,GENERAL_NEWS,GENERAL_NEWS,1,0.2,GENERAL_NEWS,0.55,Ambipar Participações e Empreendimentos stock (BRAMBPACNOR6): environmental services group updates - AD HOC NEWS,,,Google News RSS,https://news.google.com/rss/articles/CBMiuAFBVV95cUxQME0xY2NGaE14NTBmcl9DdG1nTFhRcUVkMmplQUpvWTNqR2N4c0d3U1FhSE5wV1FDZzhGenBVakVjYVE0dWFPYWFYRlFaS2RzTm9fRnB5aUN6YjlrR2RoTWk0aVdrRzZhMW1tRzZWOHQ5U3NfcUowSnU3RlFFN1FmMGJMYkFyTnltSkFhOHJiVnpwZFNDZFB2MXdwSm1NZnFveGVhOUtRLWZoQmQzYkV6SVFpdzcyeHhT?oc=5
Ambipar,Environmental Services,2026-06-12 03:30:29.029912,,2026-06-12 03:30:29.029912,GENERAL,GENERAL_NEWS,GENERAL_NEWS,1,0.2,GENERAL_NEWS,0.43,Tense weeks preceded Ambipar’s collapse - Valor International,,,Google News RSS,https://news.google.com/rss/articles/CBMiqgFBVV95cUxQNU5RY0ROYVE3WUJSc29MRjRCOFpBUENMWWRaSGJUREFtUEdKczJtbU1UNXNxMlEtWTJLOFU3WVE0NjJYam9OUG8xYkRHMUNGNjdQUDZCNmU3UTBJZkVvUFJhZFlWZEpDdjdlUFRfbXhVeFkxMjhTSi1tOFItUk5xY3FPM1cxTlF2SG9iUWRHWXJTVXFqTWxlcGgzYmVJd3R0dzlqWlV6M3U4d9IBuAFBVV95cUxOWERUR1ppRTJjbjNvWTNEM3JCUkU3Q05DUmVUV2I5Tk53WkRRdVowOWJDTHFUbFk2cVAtQXVLQWMxYTNUamxPeEJHNkliaXFmb21iWUx2RHZfM0VyejhyVk1haHRCYjVYcE1GR1ZNb1FjZVhuRGt3dTdnOWxHdW9YeXRrVnJSQ1BqYUIwdVJXQTUwbXZ1dWNISElsSW9zazdMVDRlZDRGSlYwZ1JmQmt6T3Joc0hIOXU5?oc=5
Ambipar,Environmental Services,2026-06-12 03:30:29.029912,,2026-06-12 03:30:29.029912,GENERAL,GENERAL_NEWS,GENERAL_NEWS,1,0.2,GENERAL_NEWS,0.5,CNOOC and Ambipar sign agreement to accelerate oil and gas innovation in Brazil - Global Times,,,Google News RSS,https://news.google.com/rss/articles/CBMiYkFVX3lxTE8yU1RaOUd2QTFDejdjSERLYy00U0tEbzk2YjlXZnAtX2h0Wi1GX3FERkw2Y3JBb29IN3NCNUZjOXdqRmNFNC1faEFzSEEydUxYLUU2ZjNiRXZ6Q0R6enBjTGFB?oc=5
Ambipar,Environmental Services,2026-06-12 03:30:29.029912,,2026-06-12 03:30:29.029912,GENERAL,GENERAL_NEWS,GENERAL_NEWS,1,0.2,GENERAL_NEWS,0.46,XP launches recovery fund for retail investors hit by Ambipar losses - Valor International,,,Google News RSS,https://news.google.com/rss/articles/CBMi0AFBVV95cUxQc2tCdThSa3JNT3IyZlFxbW1oVFBncHNmdFY0WnpYOWl5a3g1UG5SN0RpNXgwdXFHeTRrYXJ4TExURHE0dFFhZktNVmNLQ1NuRDQ0bmlhbFlhWjdBaXMtbXo4RnlPV2hKblAtMEtZTlFGSlBMV2NDUzBjX1VsbHh6THNXaERkUThlSy0yMU9CNWgwN3cwcW96Z3FrVzVsVjFBQTNwZUVER0Q5Sld0V1VEQVJnV0kxeU05UmlmcVBsUmJBMHdlajd5V0U0bUNOWGxa0gHfAUFVX3lxTFBDWlBib19ZeUhWUF96WFVJN1l5OF9YcjZ5UEVZSTBZWmRhSS1CLWVBREN0U2ppR0txcmRoMFg3WGNiYVVTMmVsamxhdEVmOUxVNTRfUGJyaHBGUTlNbTRTQ0gzZTdnVEc0T29JSFRKSHl0dnNoWGhZdm5Hb1NXbmFURUZnLVRGWXE4bkZwZnptczE3blVEMzYxWUN0Z29DSGo2ZWNnRlB5czlkVGNOTC1DMEFieHV5eFVCUXJJVXdHZ3VCTzlIVDFmLUh6R25yQVZ4RlROMWd4cDRlMS1OWEk?oc=5
Ambipar,Environmental Services,2026-06-12 03:30:29.029912,,2026-06-12 03:30:29.029912,CREDIT_LIQUIDITY,RISK_SIGNAL,RISK_SIGNAL,4,0.7999999999999999,RISK_SIGNAL,0.42,Ambipar creditors warn of conflict between U.S. and Brazil court cases - Valor International,Ambipar creditors are warning of potential conflict between court cases in the US and Brazil regarding the company's financial issues.,"This news could represent a corporate risk for several reasons:

1. **Cross-border litigation**: The fact that there are multiple court cases involving Ambipar creditors, one in the US and another in Brazil, suggests that the company may be facing complex and potentially conflicting legal challenges. This can increase the risk of costly and time-consuming disputes, which could impact the company's finances and reputation.
2. **Litigation costs**: Cross-border litigation often involves higher costs due to differences in legal systems, language, and jurisdictional requirements. The added complexity of navigating both US and Brazilian laws could lead to increased legal fees, which could be a significant burden for the company.
3. **Reputation risk**: Disputes between creditors can damage a company's reputation, particularly if it is perceived as unfair or biased towards one party over another. This could impact the company's relationships with stakeholders, customers, and investors, ultimately affecting its bottom line.
4. **Financial implications**: The outcome of these court cases could have significant financial implications for Ambipar, including potential losses, debt restructuring, or even bankruptcy. If the company is unable to resolve these disputes efficiently, it may struggle to maintain liquidity or access capital in the future.
5. **Regulatory risks**: Depending on the nature of the disputes, there may be regulatory considerations at play, such as compliance with local laws and regulations. Failure to comply could result in additional fines, penalties, or even suspension of operations.

Overall, this news highlights the potential for Ambipar to face significant corporate risks associated with cross-border litigation, including increased costs, reputational damage, financial implications, and regulatory concerns.",Google News RSS,https://news.google.com/rss/articles/CBMi0gFBVV95cUxQdVRqTEEzNGNxLXEtSEVIT2NBX0ZKNmVpVTlwSjhQM2NwQ1A0SXFQVkw2a0JubGhyZl8wNi1ZcjI0bzRrNXdHSWJGdWpyczNnRnlIRHhzVmdnVFdoRGtWTUN0Q2tBaTRVQ2xyTlFWa0Z3Q0FPQnhZdEZVSUp6Q2VKdHZQalM0c1BTZ1dLcVlYUEZaNWFsVGNqNE1rbVI5ZXptQ1o0ei14aHlTUUNBeVJJRk1iX1AwTjN0ZlBQeWVuVEJHT1hkenB2N3drNm5VMDZJeVHSAeABQVVfeXFMT2VNamNZRVhybFMxRlZpdHVIdGtGaUIzeVRQbnZVWUNQSWhFUEdkS0xZRnlRUllnbXB2NXV5Y2VyMWI0Q1dlZGllYy1vR040dXgzSHVCX0QtaWNlNGJpYUphc1oyVUVkSTYxQ3JHQkRTXzhTRUp3Y1RTT1d0VkZvM2theVhIemdDbklkX3o0YnVrNDNFa0dlb0hvLVU2QTlUWFJXRTRZdXVxTjRNZkNrM2t5RlB0MGpqUDA5dDRBRlI5YkxoVWw5cEJSbndibmxjZTcxUzY3SlJwdnZ1WThfTXk?oc=5
Ambipar,Environmental Services,2026-06-12 03:30:29.029912,,2026-06-12 03:30:29.029912,GENERAL,GENERAL_NEWS,GENERAL_NEWS,1,0.2,GENERAL_NEWS,0.42,Ambipar raises concern amid FX swap dispute with Deutsche Bank - Valor International,,,Google News RSS,https://news.google.com/rss/articles/CBMiygFBVV95cUxNc0hqR0w0dTRpRXhRbGtsMnJpbjhqaWN1MF9XVmI0Ykt2cmpyWlhmMTM0M184R0duRm9xUlh1MXJXTkR5dDlheWs2Q0wwUlRneE1EOXZMSXotemdqYWtuQVcwRXB1RkZEYldXUGNhRVlZcTRURExyTGczWDVoWXNPVjdzWW1PZDdnbzB4QWREX2tsUk9tWW1qY085Y0hSV2JlM1RJV2RTM3N2OVdiRXFhNTdsQU5vR2ZrN01CMmhqZlhUV1JLakQ5WGdn0gHYAUFVX3lxTFBQcWdqS1VvNW1mcEd1M0Z5UjNMQUZlVDV3Qk42VjVXTnphR3RMdXZKNDdHYzhoTEEwXzhtNEQ0WFlDQWMxdlNNa2VwN0F3YkwxTWFCN24yVjhQSXlNT1RwUV9uNmQ3MTFITTByMTQtZlM5RDFiUzlJdTFRZkFJYnozVjBhbFlrZ1Y3TWR6enprNmE2OVh2TWc1d0YzNEZ1bGtPVWpyTFhlUXdNY2JqUENFLURmWUVnRHAxUWRqLXN1SGtCUFlPRkN4SEdSS0xrX056UzJvdkc5SQ?oc=5
Banco Master,Banking,2026-06-12 03:30:29.029912,,2026-06-12 03:30:29.029912,FINANCIAL_SYSTEM_RISK,CRITICAL_SIGNAL,CRITICAL_SIGNAL,5,1.0,CRITICAL_SIGNAL,0.71,The Banco Master case: The $2 billion fraud probe that is shaking Brazil - EL PAÍS English,"A massive $2 billion fraud probe, known as the Banco Master case, is currently underway in Brazil.","This news article could represent a corporate risk for several reasons:

1. **Regulatory scrutiny**: The article mentions a $2 billion fraud probe, which suggests that the Brazilian authorities are investigating the bank's financial dealings. This level of regulatory attention can lead to increased scrutiny, fines, and reputational damage, all of which can impact the bank's bottom line.

2. **Reputation damage**: A large-scale fraud investigation like this one can tarnish a bank's reputation, making it harder for them to attract customers, investors, and talent in the future.

3. **Financial penalties**: If found guilty, Banco Master could face significant financial penalties, including fines, restitution, or even dissolution of the bank. These costs could be substantial and would likely have a negative impact on the bank's profitability.

4. **Impact on lending business**: A fraud probe can also raise questions about the bank's lending practices, which could lead to reduced lending volumes or stricter lending standards. This could negatively affect the bank's revenue and growth prospects.

5. **Investor confidence**: The news of a large-scale fraud investigation may impact investor confidence in Banco Master, leading to decreased stock prices, higher borrowing costs, or even a loss of investment.

6. **Systemic risk**: In Brazil, banks play a critical role in the country's financial system. A major bank like Banco Master is at the center of this investigation, which could have systemic implications for the entire financial sector, affecting the stability and confidence in the Brazilian economy.

Overall, the news article highlights the potential risks associated with corporate malfeasance, regulatory scrutiny, and reputational damage, all of which can impact a company's bottom line, growth prospects, and overall success.",Google News RSS,https://news.google.com/rss/articles/CBMixgFBVV95cUxPeWpsUWVaZVFCenlmZjNPcU92aWxvQkVIS1NQRS02SzIyY3lnQnVHd2tpS2t1N0JQZ2VGZnJlY0lsVTdBaEFsRnJWWVhmUy1NUENkbWhMekt1cWp5alpxRzF4RUtjbkNsbkZRdzNTcGxSREJBTGQ5WHh1M0QwbHQtblNaTzRTcm15U0ZkaUgxVkxaYkNGUVZzbmNHSVBVSXBVWGN2YUpROVFHdEl3N1RZWVQxZlNOMmJWTW5jY1dhd1M1dWlqLUHSAdoBQVVfeXFMTmlRMVJzdHhYRDg1aTE1dWJVcUFWcVpycm80Z3BBQkJRZXFZQ0tGTGlyR3NzbFoyMms1SjN3ZzdqcHJuWU9tdVJETXdxRllINkpyUm80WG9RZjhhazRWVHJzUEtuQngzSzFycXRHa2RoTThoUVlKbDVqRzdkNUpWRkF6RGhXcW1TS3Jxdk1pRXhhZUUxQ09uRzRIanFOaVFjZG5nandRamtEb0lDdDlJRFRnakNta1RqSmVjVUg3dHdMay1PdGJxZmt5LV93aVVMM3RrQm5UVTNIeWc?oc=5
Banco Master,Banking,2026-06-12 03:30:29.029912,,2026-06-12 03:30:29.029912,REPUTATIONAL,RISK_SIGNAL,RISK_SIGNAL,4,0.7999999999999999,RISK_SIGNAL,0.56,Banco Master: The Scandal Shaking Up the Lula Sphere Ahead of Brazil Elections - ColombiaOne.com,"A scandal involving Banco Master is causing a stir in Brazil ahead of the country's upcoming elections, potentially affecting President Luiz Inácio Lula da Silva's campaign.","This news article appears to suggest that Banco Master, a Brazilian bank, is embroiled in a scandal related to President Luiz Inácio Lula da Silva's (Lula) financial dealings. Given this context, here are some reasons why this news could represent a corporate risk:

1. **Reputational Damage**: A scandal surrounding a high-profile politician like Lula could reflect poorly on Banco Master, damaging its reputation and potentially deterring customers, investors, or business partners.
2. **Election Interference**: If the scandal involves allegations of corruption or impropriety related to campaign financing or influence peddling, it could raise concerns about the bank's independence and impartiality, particularly in a country where politics is closely tied to finance.
3. **Regulatory Scrutiny**: Brazilian regulators may launch an investigation into Banco Master's role in the scandal, which could lead to increased scrutiny, fines, or even sanctions. This could impact the bank's ability to operate normally and maintain its licensing status.
4. **Loss of Confidence**: Investors, customers, and other stakeholders may lose confidence in Banco Master due to the perceived link to corruption or impropriety, leading to a decline in share prices, deposits, or loan applications.
5. **Global Reputation Impact**: As a major financial institution, Banco Master's actions (or lack thereof) may be viewed as representative of the broader Brazilian banking sector, potentially harming its global reputation and relationships with international clients and partners.

Overall, this news could represent a corporate risk for Banco Master due to its potential impact on the bank's reputation, regulatory compliance, and stakeholder confidence.",Google News RSS,https://news.google.com/rss/articles/CBMiigFBVV95cUxNR2NETklteEU1NEVmUjdUM0lRcmpxYXUteVAwelhGTWVxSF93NHdEaWVoaWhabDMxNGRJOWtpY3JBdWZwMU1BclB0S0FGUkZzVngweFVrZndMZHVBbmt0U1lLODY5dXJvbVBqT3dFYlhlLW5raDd4UEw3WDRpQ3U5ZWxuYUhnSUJoNGc?oc=5
Banco Master,Banking,2026-06-12 03:30:29.029912,,2026-06-12 03:30:29.029912,GENERAL,GENERAL_NEWS,GENERAL_NEWS,1,0.2,GENERAL_NEWS,0.35,Business empire linked to Banco Master unravels - Valor International,,,Google News RSS,https://news.google.com/rss/articles/CBMitgFBVV95cUxOeVpZdWlpSFhvTVNxSjYwNjJ3Tmt3eDFFX0ItSHY3QzRkUG91V2xLUUZfTFFZWmJWbmN2MDdIeExBeEVxVFZ2OU9SVDhMVFVLOFR2V0t5QUJvSDJqMk5LV2FzS3BQZ2NjSlhaNFM2WnFpUk42b0FBU3BxcjR3UG1qR2lmdUxfeHNjMWtydGtoQzU2d3ZEb0pOX3dDU0tFWkwxVTBxSS1qUGlrR0RDVEhfZURpb0ZFQdIBxAFBVV95cUxPeTZMU3N4czBBVzBMT3h3QW40OUt5VE5qeXBnQXBtTExFU0lMXzNsaFJrX3ZrS1lPZGQ0T1oxcHpOenlwTzdCMFRLVV83R0o4ZlUtYUNjQ2dOY1Fzek1KWVZsVFU5Z3d2QmpGdXpIOFlDUDkxbzMyWUJZVmlqcHFPWFprbnpWbDRqWGJHR2QtOTN3elRZZEV0S0JjR1dPOE8zamFaejVHaWdvd2ZlLTRoeExraFBmOVhBV05YdGJLSU92dzU1?oc=5
Banco Master,Banking,2026-06-12 03:30:29.029912,,2026-06-12 03:30:29.029912,GENERAL,GENERAL_NEWS,GENERAL_NEWS,1,0.1,RISK_SIGNAL,0.65,Brazil Deposit Guarantor Holds Off on BRB Loan Amid Banco Master Risk - Bloomberg.com,,,Google News RSS,https://news.google.com/rss/articles/CBMiqwFBVV95cUxOT2tBWFNTM0hpU0Z4eTFLUjNqUXVOLU84SHBsdk9ObWktRktYS3NSeWtSbnRiU1FSRWV6RklQNklsbnRzTWhHS1NGdDBwSTkxLXF5VmhTNHEtcHlSMTVndV9ZeERqeWRzMmtZdGFZcXpEbW9BblNHWUhRd0ctRWxLbHMxcHJDOEZjQVhULVdjaEhmblpvVnNjSTdCMmZvZVJZUF84a0h3T19OQU0?oc=5
BRB Banco de Brasília,Banking,2026-06-12 03:30:29.029912,,2026-06-12 03:30:29.029912,FINANCIAL_SYSTEM_RISK,RISK_SIGNAL,RISK_SIGNAL,4,0.75,RISK_SIGNAL,0.41,Banco de Brasília rescue clears Supreme Court hurdle - Valor International,The Banco de Brasília rescue plan has cleared a major hurdle with the approval of the Brazilian Supreme Court.,"This news could represent a corporate risk for several reasons:

1. **Increased government control**: The fact that the Supreme Court has cleared the way for the Banco de Brasília rescue plan may suggest that the government is willing to exert more control over the bank, potentially leading to increased regulatory scrutiny and oversight.
2. **Risk of nationalization**: If the government is able to successfully implement the rescue plan, it could be seen as a model for future interventions in other banks or financial institutions, potentially paving the way for nationalization or state-owned enterprise policies.
3. **Impact on investor confidence**: The rescue plan's success may boost investor confidence in Brazil's banking sector, but it also risks creating uncertainty and volatility in the market if similar interventions become more frequent or severe.
4. **Systemic risk concerns**: If the Banco de Brasília rescue plan is seen as a successful model for addressing systemic bank failures, it could raise concerns about the ability of regulators to prevent future crises or effectively respond to them.
5. **Regulatory implications**: The Supreme Court's clearance of the rescue plan may also have broader regulatory implications, such as increased scrutiny of banks' capital buffers, risk management practices, or governance structures.

In general, this news could indicate a more active role for government in the banking sector, which could lead to various corporate risks and challenges.",Google News RSS,https://news.google.com/rss/articles/CBMivAFBVV95cUxNUEZxaFZ2TExPTHR4NW9CSnJYcTk5M2tiZ01Wa0NMS3ZrbXI5dFJVcDZZZnZTQzRhd2VEYmJSQ3FoOUw2TTdMSzN0U3BGVFg2QzduVE5Tbk4xUkZDRzBNSC1OZDZIbVdUczRUdkNWRXBhOWhJUmx3c0VfV3hUNmxYcDhGY3g0MkhyVk5fS3NCRWNvVnhPaFNkZGVyWC1RcGo2M2VoRDhjODZuUWdEVThCRi1qU2g0ZzZiWTdQVdIBywFBVV95cUxNcTRjQUJvWUMxajNjamcyQ00ybEdXQWE1Q05xMzZ5d3kxZl95eTR4WlVvS0NwX3pPUDdiejBtZGQwVHU5SUh1emNEWl9PdWx3SXNGQUVUZ242QTFDSUhIQjZpU1dfTGlvb2xpc2xVd1pIeEthQXM5UW1lMm1heHRycTUxa1c3R202SjEtSUNfa0V5b2x1T1MxNDZVbF91dy1mMGh4Mld2WnlSTkxHT2VRQ3NzbzNsZnpqZ05fTGRHc0xKRTIxanJ2by1XYw?oc=5
BRB Banco de Brasília,Banking,2026-06-12 03:30:29.029912,,2026-06-12 03:30:29.029912,FINANCIAL_SYSTEM_RISK,RISK_SIGNAL,RISK_SIGNAL,4,0.75,RISK_SIGNAL,0.46,Durigan says BRB liquidation would cost deposit fund R$17bn - Valor International,"The liquidation of Brazilian football club Corinthians SC's reserve team, BRB, is expected to result in a loss of approximately R$17 billion from the deposit fund.","This news could represent a corporate risk for Banco Regional Brasileiro (BRB) due to the potential liquidity crisis it may face if it were to liquidate its assets. Here are some reasons why:

1. **Significant financial impact**: The estimated R$17 billion loss from deposit fund liquidation would be a substantial burden for BRB, potentially straining its capital position and reducing its ability to meet its obligations.
2. **Loss of customer trust**: A large-scale liquidation of assets could erode customer confidence in the bank's ability to manage their deposits safely, leading to a potential exodus of customers and a decline in deposit base.
3. **Systemic risk**: As a significant player in the Brazilian banking system, BRB's financial struggles could have far-reaching consequences for the entire financial sector, potentially affecting other banks and the broader economy.
4. **Regulatory scrutiny**: A large loss due to liquidation may attract regulatory attention, which could lead to increased oversight, stricter capital requirements, or even intervention by regulatory bodies, such as the Central Bank of Brazil (BCB).
5. **Reputation damage**: The failure of BRB's deposit fund could severely damage its reputation, making it harder for the bank to recover and potentially affecting its ability to attract new customers, investors, and talent.
6. **Potential systemic instability**: In a worst-case scenario, BRB's collapse could lead to a domino effect in the financial system, causing a broader crisis that affects other banks, markets, or even the entire economy.

Overall, this news suggests that BRB is facing significant corporate risks, including liquidity challenges, reputation damage, and potential regulatory scrutiny. These risks highlight the need for immediate action to address the bank's capital position, operational stability, and customer confidence.",Google News RSS,https://news.google.com/rss/articles/CBMiwwFBVV95cUxQOG9JSHdjaUYzcmlJa0NjREFWV052MVpUYzh1aTF6UWRqdy1NZTQ1TVBIM3l1THQ0bG9faXpWRVJZZF9PdjBlUHNhZzJrdnJRNzhGOU9VR080TTl5SjVwNUJNZEJaQmwyQU1DcXFWYXFybXVzTjRCWnNRR1JJaF9CbUVrd1VtenVudE1vOS1CaTdHQndNSkt5RGZQY3kzUXBXczJQNUVfTmk0aGpCRGE2cFhtRUtmeV9OdlNXbXRqZ0c0bzjSAdIBQVVfeXFMTjJXX1FOeG9rZ2xuZEs2SnlEc01vbDNmZ3oxaFltb05xOVBrTXk5QVpNQjZIcXR6SjZOb21aWENveEw5VWlzaVNfRk5XV0NPb3NyVU9oSHE0bFpHTDR3NGpJTGRCUGpwX0hmZGlFSGtSejBZRGlOQjBfVHJEeXRybXI3RXRkeWpxTTdJdXp1WHk1cTlGZlZsM2E5RmxFVk5oR3BQaVRFeEQ2dHBrYmRJUmNPcFNiVXhTVlZIbE0weWVCQ1NzZzB2YktHMG5SYmp1WUh3?oc=5
Nubank,Fintech,2026-06-12 03:30:29.029912,,2026-06-12 03:30:29.029912,GENERAL,GENERAL_NEWS,GENERAL_NEWS,1,0.2,GENERAL_NEWS,0.61,Nu Holdings: ARPAC Growth And Valuation Outweigh Credit Risks (NYSE:NU) - Seeking Alpha,,,Google News RSS,https://news.google.com/rss/articles/CBMiowFBVV95cUxQVHFTR0U2TUVPR3pjLW1LSi1UU0NxQy1LTGYtekxyX0M2UXBTVnlpcFJKYjdrTUxjalVSMWNCOEVvcVk4VVFzZEFwQlpnbEtIamF5cnN4ckhselV0el9EeV9FZk9ZN1JNRDRIM2wxNjJUMnZFUXhmREZOY1NJMXAydjd3UTFlT3JoYjlqelg5azllUkVxXzJaRVRIMXpGNGc1UFBj?oc=5
Nubank,Fintech,2026-06-12 03:30:29.029912,,2026-06-12 03:30:29.029912,FINANCIAL_SYSTEM_RISK,WEAK_SIGNAL,WEAK_SIGNAL,2,0.6,WEAK_SIGNAL,0.56,Nu Holdings Weighs U.S. Bank Charter Against Mexico Credit Risk - Yahoo Finance,,,Google News RSS,https://news.google.com/rss/articles/CBMilAFBVV95cUxNTWgxdlV3anVjN190bGxXck91cTZ1VEY1bHV2QTRqQzl0REJYbzBCdHRKaGdkdUxTTmR5TVBhTzFRRElVLXRwRUJlbkh0MndJRW92M2lxUmc1ekV6U3h6bE9SMlpHbUxyS0JTRGNmdzNsNldLRHgwSmJKbU56UjY3R0tkUzhHQURUTEhKdkl4blczS1FX?oc=5
Nubank,Fintech,2026-06-12 03:30:29.029912,,2026-06-12 03:30:29.029912,GENERAL,GENERAL_NEWS,GENERAL_NEWS,1,0.2,GENERAL_NEWS,0.41,"Is Alani Nu Healthy? A Dietitian Weighs in on Caffeine Content, Adaptogen Ingredients - TODAY.com",,,Google News RSS,https://news.google.com/rss/articles/CBMijwFBVV95cUxOWEMxMnpoUmZtTFgtYlZ3S0VZLWlsUWp2cVJZYmw3aldnWUdiR2NINmg2MUZwbDdoTlpNdUo5Y2JNMVpyWGVCbVFYSjVaUWkxSnBIRkVBa2NfRTM1bVJ2em0tTzVQYWljUms5WnlRTlpLNDNTNzQ0ZWktbU9MV052Tmt0UzZQN0tqb3N0anZlYw?oc=5
Nubank,Fintech,2026-06-12 03:30:29.029912,,2026-06-12 03:30:29.029912,GENERAL,GENERAL_NEWS,GENERAL_NEWS,1,0.2,GENERAL_NEWS,0.52,Nu Holdings (NU) slides as investors digest Q4 results and focus on credit-risk and margin signals - Quiver Quantitative,,,Google News RSS,https://news.google.com/rss/articles/CBMi0AFBVV95cUxPNmx5X0x0R1NHSmdXRlNYRE9qWlM4dDVfbjEyeU1ERU81V3QtbU1LTjlsS2hJS2pBel9tTk9jb1FlMDM5eDB2U1lReHVOMDF4Z216OHJPLVQwZkUzY1RVd2JwbjFlY3lPUFljVW96VnBSeFE0SGtqQ1l6Qm50Q0ROcWg4Q1FkNU9ReDVEb1ctVkRkblZldmhsZmFLemZGaHBkV2VlRm1qbm9rWnFNOVJzZnlkd1pNRnNZcHFYeHFHUGFlTVlKRFMtUkVoN3ZUcGJS?oc=5
Nubank,Fintech,2026-06-12 03:30:29.029912,,2026-06-12 03:30:29.029912,GENERAL,GENERAL_NEWS,GENERAL_NEWS,1,0.2,GENERAL_NEWS,0.51,1 Unstoppable Fintech Stock Is Up 196% in 3 Years: Here's the Single Biggest Risk With Investing in It Right Now. - The Motley Fool,,,Google News RSS,https://news.google.com/rss/articles/CBMikAFBVV95cUxNSjVkUWQ1VEJkWG9uRGtjWmhEQVlUeENTbnRJekFpNFQ1Q0lDc0wyUkV3WGZCYy0xaUgtcVdaR09rODJ6WUZ1MTJRSVNEUlJ4NUpEdU1rSnl1NHZxbm1tb0RGMjVlNzN2MEZHX09seHM0N04zMktmN3lRQjVRTmU0TEZWSk1lWExvNlN3ajB1SjM?oc=5
Nubank,Fintech,2026-06-12 03:30:29.029912,,2026-06-12 03:30:29.029912,GENERAL,GENERAL_NEWS,GENERAL_NEWS,1,0.2,GENERAL_NEWS,0.59,Understanding the Setup: (NU) and Scalable Risk - Stock Traders Daily,,,Google News RSS,https://news.google.com/rss/articles/CBMiwgFBVV95cUxNOUZENGRvbmxNNHJPM2publFvSU5lNVlteHhLY183UTVhS2NOY2tZLWgzQmJLV0MxZXdYbUJzSG5hSURzclZ2bTBSckNwaTItZ3hqVnR6Wk5UVWlIZnBMa2FfZUZiMy1rZ2hRdG9ZemFaQWNBWHZPRXBTNXNwd2d0ekFmNEhjU1BkbjlUTFJQSzBUbzBMZDJxYVEybVJ3TGpHek1kV3NacmNWeWVGYzVMM0JZZTlveXN6OEE1OEV3OWFWZw?oc=5
Nubank,Fintech,2026-06-12 03:30:29.029912,,2026-06-12 03:30:29.029912,GOVERNANCE,WEAK_SIGNAL,WEAK_SIGNAL,2,0.6,WEAK_SIGNAL,0.42,Nu Holdings: Analyzing The New CFO And Credit Risk - Seeking Alpha,,,Google News RSS,https://news.google.com/rss/articles/CBMilAFBVV95cUxPQ0hzczBudkZ1OHktRGFoV21GN0VRZ08tTW1XU3BZT2dlSWNxS2E3T0FVS0c4Y1VYQW43TzBUQzlEdGVPOXZPY1BsUUhQSmhYV3BDVzdwZ3dia2R0amltNDNEVnVSNkJuV2p0UG9ha2tOUjdnUG4xdVlraW0zemhpNFZYN1ZwcUhxMHdYdU1UMmdPTF9K?oc=5
Nubank,Fintech,2026-06-12 03:30:29.029912,,2026-06-12 03:30:29.029912,GENERAL,GENERAL_NEWS,GENERAL_NEWS,1,0.2,GENERAL_NEWS,0.49,NU Medicine study reveals early menopause linked to significantly higher heart disease risk - Evanston RoundTable,,,Google News RSS,https://news.google.com/rss/articles/CBMizwFBVV95cUxPb29KLXZRV1Z2cm9zMEhlc3MzWXptTFV5YnVDWXFQMjJkMFZOSkxGbVY3Z0FCWkFMek41TmtlRTFKaVJRMFdhVjBmZzhueU95aDFTRUxyYWJsakFnRDV6Z1V3R05VRG1yRUo0YnN2Z1RKaUZTYTY4UVhiV2h3U2hEYjVXeFcxTldzejV1bkZibHotSG94VWZWS0h3eHhHZ0JzZ2lETVlfR3hqbF9FMmNrZThPSmx4T0FrTzdUbi1Qa1VXdjlZNldSV2E0MzFOS2c?oc=5
Stone,Payments,2026-06-12 03:30:29.029912,,2026-06-12 03:30:29.029912,GENERAL,GENERAL_NEWS,GENERAL_NEWS,1,0.2,GENERAL_NEWS,0.55,"StoneCo Enters 2026 Cheap, With Credit Set To Drive The Next Leg Of Earnings (NASDAQ:STNE) - Seeking Alpha",,,Google News RSS,https://news.google.com/rss/articles/CBMiugFBVV95cUxPanpWM1FVRkNoR0ZVSVVXQTM1czlTdHZya2w0TXFkY1VHam9XdVlLYXROeVNuckdUQzFzYlphbXJCV1AzdHNpV0VDT0QzR3Z2QWJubkIwa2I2SFlJUG9wRXZINUkzaHZxV2d1aURuWnVOWjNubXRIUkptTFplTENpQWk0YWxldGY1b2dncHdJTmdkTW1jNVlZdHNCTVF6Mzh4S3J0Y1FPR3g3TmlzS09uYzVvN0RyUVh1U2c?oc=5
Eletrobras,Utilities,2026-06-12 03:30:29.029912,,2026-06-12 03:30:29.029912,GENERAL,GENERAL_NEWS,GENERAL_NEWS,1,0.2,GENERAL_NEWS,0.49,"Eletrobras Q3 2025 slides: Net income dips, dividends rise amid portfolio shift - Investing.com",,,Google News RSS,https://news.google.com/rss/articles/CBMizwFBVV95cUxNRkJ4aHpmNFBEMlY2Q2Y4N3ZrTjduTllrQ0hrRFpSYlI2SVlkejdRQ0NqVGJ6ZFB5czlNdG54YzRzcVZXYXlfVUUxNG9uRk1xUzhrb2ZVUUdLbWZwNDd6V1o4MDFSenNaTEpsV05VZXpabnRSTUxaakZiRHpxREthbmh2WS1UOXh3bndnY2hFVTdGbWt1TllYOXVGZjhLVFllTnMxUDJ0dTNEQ3RYMHBuOUdLUUJRcGZrZXVZYmE0VHZSMFE2dU5nNWM5RUhaOGs?oc=5
Stone,Payments,2026-06-12 03:30:29.029912,,2026-06-12 03:30:29.029912,GENERAL,GENERAL_NEWS,GENERAL_NEWS,1,0.2,GENERAL_NEWS,0.55,StoneCo: The Bull Case Just Got Less Predictable (Rating Downgrade) - Seeking Alpha,,,Google News RSS,https://news.google.com/rss/articles/CBMiqAFBVV95cUxQQlUycjRwaDl4SUFGSFpXeWtXdGhsaGlNMEEtdFcyN2pUMEs1akR3TDB3dUp2Y2xKUGNLckJqQkVFOXFxRE5RbWhYdWhnNUlNSE5jRlNpQ21ISDNtc1RxSTMzQWZNaWNaWkhCWkdmOWZheDItQkFXa3k1bzJnTHc5QktCczljc3dJYmwtTlZ6T0k1VG04UkpxOWJ2THBjTHlJaDBZWVZMWkc?oc=5
Vivo,Telecom,2026-06-12 03:30:29.029912,,2026-06-12 03:30:29.029912,FINANCIAL_SYSTEM_RISK,WEAK_SIGNAL,WEAK_SIGNAL,2,0.5,GENERAL_NEWS,0.44,Telefonica Brasil (NYSE:VIV) Passes Quality-Focused Caviar Cruise Screen with Strong Fundamentals - ChartMill,,,Google News RSS,https://news.google.com/rss/articles/CBMi3gFBVV95cUxOOU41cnJQcjE3bkM0NERISnY5R3BqUDEtamp4TkNFcnJEQkx4Rmt4b0IyaFBlMl9sUER5cjMyM3pDbFdxb19zSHlSS0llTmRtTlRGV251ZmROX09jc0xkQ2drQmJqZ0Q0cEtFMkllMFVvVUp5Vm5tSFpyYVc4X3VtdUhRZ0tiUUMtUWJtSjdWNU1JeV9MYzRUaEpaUDZYeWxIaDhROFdEWFNKNUNCVFJnOTdOdHY0MG1KbTJPY1owZjNmT1BCQ1BQdHVHV1VSNml6aFI5RE1rSWo3cjdJV2c?oc=5
Eletrobras,Utilities,2026-06-12 03:30:29.029912,,2026-06-12 03:30:29.029912,FINANCIAL_SYSTEM_RISK,WEAK_SIGNAL,WEAK_SIGNAL,2,0.6,WEAK_SIGNAL,0.4,Eletrobras Dumps Nuclear Baggage -- Batista Brothers Snatch It Up in $98M Power Play - Yahoo Finance,,,Google News RSS,https://news.google.com/rss/articles/CBMijwFBVV95cUxOdFFXRC1aXzJ0aTA3R1ZsTldBcEV4VU1sbGgwMkdtQlBNNjRqSldScVRmd1NXQ0d0T3Y5a2h5QW1sdlhFTjFDRkJnblNTNktXZ2NGSThKZG1jQkNfX1lOeHdfNmdaSlA1MEV5LUZmZXFRMGFzY3hIczNfNUZZdUFnRmFsQUNtQW04MnJJZFFQNA?oc=5
Eletrobras,Utilities,2026-06-12 03:30:29.029912,,2026-06-12 03:30:29.029912,GENERAL,GENERAL_NEWS,GENERAL_NEWS,1,0.2,GENERAL_NEWS,0.38,Brazil's Eletrobras files for sale of Isa Cteep shares - Reuters,,,Google News RSS,https://news.google.com/rss/articles/CBMilgFBVV95cUxPMlV5Z3pDWnJCb01kNVJyUC1qU0VBejZydlJTN0JjaDU4OVhYWjhhQUNDUnhFRTNFbWg5bTVha2RTQWVzVEdpYjBKV01JWUktdkpBNF9zR2xPNnVFOS16VXlzYkI1dzlWNURILUZpUi1uMGI2UGx1UzdKTU9QeEFwZlNCUkN6NlJ2dzlTSG9ib2QtUlVQdGc?oc=5
Eletrobras,Utilities,2026-06-12 03:30:29.029912,,2026-06-12 03:30:29.029912,GENERAL,GENERAL_NEWS,GENERAL_NEWS,1,0.2,GENERAL_NEWS,0.51,Centrais Elétricas Brasileiras S.a. - Eletrobras Stock Price Forecast. Should You Buy EBR? - StockInvest.us,,,Google News RSS,https://news.google.com/rss/articles/CBMiR0FVX3lxTE1ybnJaeDRQZGdCcWNoeXc5R09aVWtiTW1lN2hrSDFpRTJnR2t5NUFUYTVSSzVodS05TWJBNl92d1BHb3V3WHpF?oc=5
Oi,Telecom,2026-06-12 03:30:29.029912,,2026-06-12 03:30:29.029912,GENERAL,GENERAL_NEWS,GENERAL_NEWS,1,0.2,GENERAL_NEWS,0.48,Earnings call transcript: Oi S.A. focuses on innovation in Q2 2025 - Investing.com,,,Google News RSS,https://news.google.com/rss/articles/CBMiuwFBVV95cUxON2FraTg4NkhrZDRDRl9vU1lKMGxUYkI3T1BseDVYeFBycXU2WDBHcHg2SWpCM0tqWmRrOW92RkNfdGo5dlZ5YkxDa0RISml2bTZPZWNfc0tjQzZkaUZ0X3R1OU1ZUXNMT01uaDJlUzdKMG5ZZHVBaFQwVG01azhLd2sxMXZHaXpQcWlCMkd3dEc5ak5jajc4dkdzVmFpSVF5em00cWxGR0hjemZTaE1XVk1rdUR0Q19YV0Rr?oc=5
Oi,Telecom,2026-06-12 03:30:29.029912,,2026-06-12 03:30:29.029912,FINANCIAL_SYSTEM_RISK,WEAK_SIGNAL,WEAK_SIGNAL,2,0.6,WEAK_SIGNAL,0.41,Oi S.A. stock (BROIBRACNOR1): Shares rise on latest market update - AD HOC NEWS,,,Google News RSS,https://news.google.com/rss/articles/CBMivAFBVV95cUxNM2JVQmdrVWwtQUpvSHNyWnEyTXZLd2ZjV3NIeElZYU95TVpXTGktd1o5aUJVeTF4VlBfNEZ3dnFtd2t5VmlmSHN0aXhxQlBQRHROVnpnTVZNVVRVY21uQy1RNC1aZ2dPbWlIb3AtV3h4TmlIMnlmZFQtMFV1eDdHREpBcHFJN3diWnh4RDU2MWM4aGtDUXcyV19zaHgwVm82cXJLRjBrTEg1WHNac0xTcW5zeTVpdWUtSWZnaw?oc=5
Oi,Telecom,2026-06-12 03:30:29.029912,,2026-06-12 03:30:29.029912,GENERAL,GENERAL_NEWS,GENERAL_NEWS,1,0.2,GENERAL_NEWS,0.54,Oi SA (OIBZQ) Q2 2025 Earnings Call Highlights: Strategic Shifts and Financial Challenges - Yahoo! Finance Canada,,,Google News RSS,https://news.google.com/rss/articles/CBMid0FVX3lxTE9HZjh5NnZlNHVUYUcwU1MzX01HcHhKZ3pNcjVJOUxpSjM4VEppUkFJM0JiQXVFX01TbFRyUUlGUkllTzRWbmFJN0s4UVYyeXVyLTFMeGNWWnhfSHpMVGhwczk0ODA0bmx0aDh3MnB0SW5VbFMzS0NZ?oc=5
Oi,Telecom,2026-06-12 03:30:29.029912,,2026-06-12 03:30:29.029912,CREDIT_LIQUIDITY,WEAK_SIGNAL,WEAK_SIGNAL,2,0.6,WEAK_SIGNAL,0.44,Oi S.A. stock (BROIBRACNOR1): restructuring advances as Brazilian telecom navigates court-supervised - AD HOC NEWS,,,Google News RSS,https://news.google.com/rss/articles/CBMixwFBVV95cUxPLU1ENm5BeHpfczVRUlM2ZWtQbS1ScVZwd1cwMXQ0eVE5NXJhOGJfaGo3UVFfemhrR1JILVZfcmtVbEhMUmZuQVlIS3RXc0ctOTFtbE5WeGw2QUV4V0pKcTNQdXhDVEg0UWJ0OUlDVENRQnFkMGtyNkJIOU9DbVpVb20ydEd2Yl9QelAzVkJFTnJnZkdMbW12cER5LXdyQWt2T0ZWbFlGU1RkX0N0bkM5TENidk9OWm1YNUJZRnN1WkxkakFGWDhB?oc=5
Oi,Telecom,2026-06-12 03:30:29.029912,,2026-06-12 03:30:29.029912,GENERAL,GENERAL_NEWS,GENERAL_NEWS,1,0.2,GENERAL_NEWS,0.49,OIBR3 Stock Price and Chart — BMFBOVESPA:OIBR3 - TradingView,,,Google News RSS,https://news.google.com/rss/articles/CBMiY0FVX3lxTE5RVnVnbk55TkczQ3o0WGdRNENRTVRTaDA4R0ZISkprbUNHdXhWYjJFSHFJWmpEOE1tRUpFODhPcmMtTU9YZ3JLbGFyYVhOVWxwbGRiakpTcE1kRmNtZmR6R3Raaw?oc=5
Oi,Telecom,2026-06-12 03:30:29.029912,,2026-06-12 03:30:29.029912,CREDIT_LIQUIDITY,RISK_SIGNAL,RISK_SIGNAL,4,0.7,WEAK_SIGNAL,0.46,Oi S.A. stock (BROIBRACNOR1): restructuring progress and delisting shift focus to debt and strategy - AD HOC NEWS,Oi S.A.'s restructuring efforts are shifting focus from delisting to addressing its debt and overall strategy.,,Google News RSS,https://news.google.com/rss/articles/CBMixgFBVV95cUxPWExRclliOURKWmx1d3l0NzRfZXV2eWdVUGl6MHlyU3R3OUhPVFF1WnJwSWpmZnBNMVJucTdWMDdmdWxfQ0VQT2F1TmZ2RkNROXJJbHdoQUpnZk9kSXFvb3E1czExWGN1dUVYbkVwekF4QXV2RHJPMUhuNGptalpIMWtkdmt4VXBIYng2bzhUVlNkOUd0SHg1TW1yblJyMHN2VWF6NDRKT29hNDZaS19QUXZoc3hYTnVFY3Z1blh5Y3B4M01uSFE?oc=5
TIM Brasil,Telecom,2026-06-12 03:30:29.029912,,2026-06-12 03:30:29.029912,GENERAL,GENERAL_NEWS,GENERAL_NEWS,1,0.2,GENERAL_NEWS,0.48,"Tim Brasil boosts security operations with Microsoft Defender XDR in 12,000 endpoints - Microsoft",,,Google News RSS,https://news.google.com/rss/articles/CBMijAFBVV95cUxQNEt3bTV6TE1oeW5iMXAyMVdpcklVX3VnX2did3l2eWRCSXh1LVBtWUJlQUE2YWV3OWNCWTlvd0ZwR3RfY050TU1ZSUEtdDFlUGFQcFdJUW95X0NWU3JXemoyZWpkajkyNUFmUTNpeVBNYjRhTTdCeUJxQTZKaU5aUjBJU08tU3ZTMWdoVA?oc=5
Vivo,Telecom,2026-06-12 03:30:29.029912,,2026-06-12 03:30:29.029912,GENERAL,GENERAL_NEWS,GENERAL_NEWS,1,0.2,GENERAL_NEWS,0.53,"Telefonica Brasil To Go Ex-Dividend On May 22nd, 2026 With 0.47618 USD Special Dividend Per Share - Moomoo",,,Google News RSS,https://news.google.com/rss/articles/CBMimgFBVV95cUxQMEdnVmFTQWhQNm54YUxlbW9HVW8xRlZWcUt2Z3hodTFRZnFwNFNmeFl3dDJDWjI2emJwRVBfWGoxb2doTWhKQVYtVFBtS2dfUmZPelY1T3ZmNGZDdmxQczc1b0dlZS1YZV94TmRHVmx4dHNHSVJyMGZSUW5YM01tSXlxcXFMU18xNXM2ajAtUmU1aDVSaUZBY2tB?oc=5
Vivo,Telecom,2026-06-12 03:30:29.029912,,2026-06-12 03:30:29.029912,GENERAL,GENERAL_NEWS,GENERAL_NEWS,1,0.2,GENERAL_NEWS,0.63,Telefonica Brasil stock (US92662Q1058): company profile and US investor relevance - AD HOC NEWS,,,Google News RSS,https://news.google.com/rss/articles/CBMixgFBVV95cUxPQnpacWNUckszdm1MQjNtLWhTWTdxZWFzTTh2cEpvRThoU2VBdElkQmgyc0FQVGdOelNhdWRuSFU3N2NsaVZzWTF5SmczNjk5c3JKUFdud2Q0YWJSOHZMTzM1UWRrUGZyNEo2YXJjVHBTQkVxcjluNWRpUEdITF9HN2NXTFlnUmp3S2xWZTdUNmlkYktGZmRRSElWYV8zcUpvX19sdHM2NHQ4d242VDE1dG1jVUFpTDByTUJkUGFVXzd4QlIyUFE?oc=5
Vivo,Telecom,2026-06-12 03:30:29.029912,,2026-06-12 03:30:29.029912,GENERAL,GENERAL_NEWS,GENERAL_NEWS,1,0.2,GENERAL_NEWS,0.54,"Scotiabank Maintains Telefonica Brasil(VIV.US) With Hold Rating, Cuts Target Price to $15.4 - Moomoo",,,Google News RSS,https://news.google.com/rss/articles/CBMitgFBVV95cUxPVXNnV1dTYmlLV3VyZV9WQ3k4YXZ1OG9FUS1VaGxXX2xlVHRzSXhTeGg3cmY3d3ZkWFc0U3pyVjFNZFJMNmdhVmp4UkZXcXc2cUV1UFVFVzB2QVJYLXAtbVotdVNkS296Slh3aFJHb2V2alRXcktNOHRoY3UzamJDeFBmRVZPTV9oeVpjRDJQVTFTNkpNc2gxU3NHRGdtYzBnakN6cVV1c19teHdBRTlFSDR1dGp2Zw?oc=5
Vivo,Telecom,2026-06-12 03:30:29.029912,,2026-06-12 03:30:29.029912,FINANCIAL_SYSTEM_RISK,WEAK_SIGNAL,WEAK_SIGNAL,2,0.5,GENERAL_NEWS,0.48,Telefônica Brasil S.A. stock (BRVIVTACNOR0): analyst downgrades and valuation in focus - AD HOC NEWS,,,Google News RSS,https://news.google.com/rss/articles/CBMivwFBVV95cUxNWFRNd21vT1VfUmxzQUFQbDZ0anpaaUhtSkZZNlRBNW5CcFhURGRVRjNWUmd2R0JhWklzVVFxY1FMYUQzRjVUVDlyQnBDVkZQY05pbHM4bTh0Wk90Unh1bXFHYzFJSm9oRzJLTmRUdjhlMUJyZWdtYi1Kdzk1bUZCNEQxVjNzS3Y2S1dQN0cyTFcyOV9FOUdNd2FkUXN6OHNLNTJyUUhYSEdHQloySV9CX3BCc19yOVpwZFBHUEpBbw?oc=5
Eletrobras,Utilities,2026-06-12 03:30:29.029912,,2026-06-12 03:30:29.029912,GENERAL,GENERAL_NEWS,GENERAL_NEWS,1,0.2,GENERAL_NEWS,0.51,Eletrobras sells thermal power plants and now has only renewable power plants - Canal Solar,,,Google News RSS,https://news.google.com/rss/articles/CBMihAFBVV95cUxOam54M3l4MEo3LXM1aXlwLVJIV3hzUG5rS2E0eThzdnM0QW1HYzFzNWNvRFhNRW1Zc0diWWZFcFBnZEtyUFBLd2E5cW5IcTNVMnZRc2lPTU5GT3dJXzdkZUc0eTlZRU44bWthWUE2Ym5pdEpremtHOVNmVmRLNkhKQTM0YnE?oc=5
Vivo,Telecom,2026-06-12 03:30:29.029912,,2026-06-12 03:30:29.029912,FINANCIAL_SYSTEM_RISK,WEAK_SIGNAL,WEAK_SIGNAL,2,0.6,WEAK_SIGNAL,0.53,Telefônica Brasil Q4: The Cash Machine Is Working Again (NYSE:VIV) - Seeking Alpha,,,Google News RSS,https://news.google.com/rss/articles/CBMimwFBVV95cUxQMldpTWoxVE9NaE9iNHgzaUVsNVVSUUVmZlFYZG1yUEw5YnNtdlNLczVPNzY5WERLR094WUx5eUtsaUdXaXdjR3hRQlZweE5LdWxZZFBqaGtaTHAyZnNGcW8zYnRBckxlemNVeEp2cnVSVkxUSDdCcjh6QlRXMEdSVmtpTFRvWm9QblVURTBGanE4bHdrYjROVXVIMA?oc=5
Vivo,Telecom,2026-06-12 03:30:29.029912,,2026-06-12 03:30:29.029912,GENERAL,GENERAL_NEWS,GENERAL_NEWS,1,0.2,GENERAL_NEWS,0.38,The Price Is Right For Telefônica Brasil S.A. (BVMF:VIVT3) - simplywall.st,,,Google News RSS,https://news.google.com/rss/articles/CBMi1AFBVV95cUxQeTVrT1VvVHhHUUJSeU5hRWY2M19rNzhodFg3bVgxcE9KZTlvcHBsbm9kQmY2bjBiWFNzMDhTb2o2bVBIbGs0THUwRkhWRGo1Y1hqUS1KUG00WVpnOFdRTkFhc3JucVpBNU12Tk1UWnpuaE9BNDhrOXRrSmJ1TVhJZFUzSkp5RkRVVktSLTlQSUx3andlTlJHVEFZbXJacHBUZnVYNWotTlplNC16Rjg0OVZmdm1JNUZVanp3d0E4WGhCNThzVldrOC1VZmxmR2VaOXpGQdIB2gFBVV95cUxOLUVZMlBwNFNmbEQxWWxhMVlIaTNmXzMwZ29XM3ExcENWc0ctVTVST3l5U2NBaGhnNWtDUndWNHU0UXRDMl9oV0JPcEp3d21OX3dicGREM1NmekRnbW91cG1LNmlpSDR5UWhwUVhTSU5TZ09sRC1lN0R5SXdRQmRxaUpJdXVkX3BnYkJ0RlByOE5UV0hiTFUxZG1hN0VmOUNqb3p6UWJZV09iUDIwckJNWWNnY2NpTWc1V3Zob0VZMVVrVlNxQmF2eUgtT0lPODhPSjU2bU9jVkV2Zw?oc=5
Vivo,Telecom,2026-06-12 03:30:29.029912,,2026-06-12 03:30:29.029912,GENERAL,GENERAL_NEWS,GENERAL_NEWS,1,0.2,GENERAL_NEWS,0.58,Telefonica Brasil SA (VIV) Shares Fall 5.5% -- What GF Score of 85 Tells Investors - GuruFocus,,,Google News RSS,https://news.google.com/rss/articles/CBMixAFBVV95cUxPRDh6MHVkOVNETTlva2tZbmpCcklRZERaeDBRWFJRM00tYVVzU2NRRWR4TnQ2Y0gxUnBSMnVkM3FjUnFISEg2MkZYaFEybzNuS2h0V0FvU0M3RnBUVG5HbXhaZklySFJBeGJXQkk5N3VydkF0eDExZjJSeTBBZHFFX0c4aTRBemhKRUllVXNOX3N6cjc1OTh5Q2FiNjFBWUM0bGFFNHZMWmFBMm9pRlFGQWk2T3dYQ3NwYWlvX2R3TllKQmtX?oc=5
Vivo,Telecom,2026-06-12 03:30:29.029912,,2026-06-12 03:30:29.029912,GENERAL,GENERAL_NEWS,GENERAL_NEWS,1,0.2,GENERAL_NEWS,0.56,"Telefônica Brasil Stock: Quiet Rally, Heavy Yield and a Cautious Wall Street Gaze - AD HOC NEWS",,,Google News RSS,https://news.google.com/rss/articles/CBMixAFBVV95cUxOOU90SDlVRUNNTHJpaDVZTnFfLVNwUUZoTnZ2X2tEU3hQTnBnazQ0d3d5VzRUNGNzYlM1aXVSbVZ5SXdLeDZueHV5aTdRUWNKME9zYjluUEU0LTlOcmhIbEJSUWNxNV8xaWQ5MHVma0Q2dWY2cHdoMHFRTE1RbktCY3paMFFjSkZkS1EtUGFCTnl1MnN6My0tNUR1Ty1ETlVIZENfaUF1Y083NklJLUplMmh1OGpudEpJVEJ2TTdEVnhURUp3?oc=5
Vivo,Telecom,2026-06-12 03:30:29.029912,,2026-06-12 03:30:29.029912,GENERAL,GENERAL_NEWS,GENERAL_NEWS,1,0.2,GENERAL_NEWS,0.53,Telefonica Brasil Pays $4.1 Million Fine in World Cup Ticket Case - WSJ,,,Google News RSS,https://news.google.com/rss/articles/CBMiqAFBVV95cUxOQTZ3TDJ1OTFtUkhzc1hOaDBHY0d2NFd5a2pvVzNwX012SHhtdlFJOUpqS29kQkwzQWE2Tl90Ry1MSVB4cU1YZkpicWFpeTlLcTlNUHV3bVY3VU1OU0ZtTy0tVV9jWGx2eWJXb3RKR0x6WHlpODFBRTBqcmZXczZKRmRJZXIzWXgxR0ZscVE5c3FxekFPQzg0NE8xQ0pWNDJhVVVCdzF5b3k?oc=5
Vivo,Telecom,2026-06-12 03:30:29.029912,,2026-06-12 03:30:29.029912,GENERAL,GENERAL_NEWS,GENERAL_NEWS,1,0.2,GENERAL_NEWS,0.56,Telefônica Brasil stock (BRVIVTACNOR0): Capital reduction becomes effective - AD HOC NEWS,,,Google News RSS,https://news.google.com/rss/articles/CBMivgFBVV95cUxNNjBBUFM3R2hBbmhCdTJUOEYzZHRDdFRkZUdXMlRYVUJYRzJNSmNhVTI4NjJjNUF6NXFMZ0RnNElNQ19RQkxYQlJXbDRUR3RHT21PRkZHZ1I5MGxScTVHMHhVdnVYYWZrdGp4VVhxZ182ZVFzUmxxYUNmdnFmSHFRYjhuZlpHaTJJWk01aFVyRGMzWFY0anpfRUVXM3dYMEs5b2x5MTdESUt6Wkl4bDczYmhQU1hodDZxazVNWVNn?oc=5
Vivo,Telecom,2026-06-12 03:30:29.029912,,2026-06-12 03:30:29.029912,GENERAL,GENERAL_NEWS,GENERAL_NEWS,1,0.2,GENERAL_NEWS,0.52,Telefonica Brasil (VIV) Holds Steady at $12.81 as Shares Trade Flat - PCR Extreme - newsline.com,,,Google News RSS,https://news.google.com/rss/articles/CBMiqAFBVV95cUxPbGstZzA5Zjl6cllVcVJFSU9LdTRxU0djUXUwZWtkZDE4SlNGNldRN1NPcHJwTjRHdGdqenNiMFJfWDRxeUZSdy14X0hFMjh5ZU52V19HTHRrWG9TX21ucE5WYnNGay1tQVk0S3o2RkZXU2JxV1JKTnZiSE9PNm4yRG5tYUFrU0tlcFBNRUpQNzlySXZnclpyRDJmTEdGeTdXVVZjbnNRc1I?oc=5
Vivo,Telecom,2026-06-12 03:30:29.029912,,2026-06-12 03:30:29.029912,GENERAL,GENERAL_NEWS,GENERAL_NEWS,1,0.2,GENERAL_NEWS,0.55,Telefonica Brasil (VIV) Faces Mild Pullback: Support Levels in Focus After 1.72% Decline - Fibonacci Retracement - The Legal Advocate,,,Google News RSS,https://news.google.com/rss/articles/CBMizwFBVV95cUxPaFVDR3BieWhaUWQ5ekRFT3MzSmV2TXlLQ1k2NE11ZXpHcFVvczhWWmVaaEtuejlzRlZzek9iZXZPTXFzMGlQUDlISl96TXZYUjdRMnpwSEVTX3M5YnZabFYwd3hJa25jUUpCMHQzcDFJZDd5NDNXQ1NZdlE3Sk5DckNOaTFScTZraVVTNlg0NUMwdUVDZlI1VGtyenBIemFtQTdwZXU5TGtHUzdFQm8yWXY3eUZvbEpvem02RnNXdnJwc3dPM0h0VkFPc05vQlk?oc=5
Raia Drogasil,Healthcare,2026-06-12 03:30:29.029912,,2026-06-12 03:30:29.029912,GENERAL,GENERAL_NEWS,GENERAL_NEWS,1,0.2,GENERAL_NEWS,0.48,Raia Drogasil Q3 2025 slides: Digital sales surge 62% as market share expands - Investing.com,,,Google News RSS,https://news.google.com/rss/articles/CBMizAFBVV95cUxQSzhheGgxdTdwS010Qld0RWd6RERJRUlKTERCODFJWFRHbDdtdC1mdmtHNFRYZ01oLTJQMHBUSl9SeFpHYUFRY3I4MEp6OWsyT3dZVU43bUREYzFpQlVOT1czdlNzRllPdkpCajZDcjdGNi1FZFJHenJQWWI2ci1MaUNyeFJtTXBKNVJrMkh1M0tCTWhBYUg2NkxfWjJjNXhkOGdGa3pBVkhCNEY4WXhMMW9yQ01raEVDSEV3c2RBajFGMlhROVp2MWtQb18?oc=5
Raia Drogasil,Healthcare,2026-06-12 03:30:29.029912,,2026-06-12 03:30:29.029912,GENERAL,GENERAL_NEWS,GENERAL_NEWS,1,0.2,GENERAL_NEWS,0.53,Raia Drogasil S.A. stock (BRRADLACNOR0): Brazilian pharmacy chain updates investors after recent ear - AD HOC NEWS,,,Google News RSS,https://news.google.com/rss/articles/CBMixwFBVV95cUxQMU1KNTZkb25lX1h6c0ViUmVYTG53VWhqbjVYX3Q3dE1hYnJYVHVJTko3WmRPajVXdk03ZDhOaXBORjZnRk04Q0taVDZ0VUxLc2JMd0d3bG1CUUY1NHRyMWZzb28yWXVnVXQ1UDJLVjYyX1NBZGRWR3BuMGc3bHZTcEhvaG9OZnVXd042STcxX3BlVmpIWVVNRzZwS3FJVFJmN0xEQk9IUnROZ2xab2t1Qk9SdWdXVGxBRTM4bmlIWVB3cGo1R0tR?oc=5
Raia Drogasil,Healthcare,2026-06-12 03:30:29.029912,,2026-06-12 03:30:29.029912,GENERAL,GENERAL_NEWS,GENERAL_NEWS,1,0.2,GENERAL_NEWS,0.54,Raia Drogasil S.A. stock (BRRADLACNOR0): Brazilian pharmacy chain posts strong quarterly earnings be - AD HOC NEWS,,,Google News RSS,https://news.google.com/rss/articles/CBMixAFBVV95cUxNcHdXRU43ejNKM3F0OFdjYnBaUTIzdkZpNm9saDNOZmN6ZUw3VzNMREtoNVlRZlhxRmVRcElCUVNRTENDY1Vhd2hVa1Zzc1FWS1FOV2lJUUhMZDhjVmFJSkxtYUhMZTdnYk9qRFU3TWQ5TWVfbHF3VXFsU0FsVmt3ZXVJZlZYcXJEOFA2enRlaEo2SzdPWUtIWFdFRDlqcGl4QlhQRHNzWWxWV2cxZ01SMHB1OEdCVm1xY2dWLW9BN0ljczdt?oc=5
Totvs,Technology,2026-06-12 03:30:29.029912,,2026-06-12 03:30:29.029912,GENERAL,GENERAL_NEWS,GENERAL_NEWS,1,0.2,GENERAL_NEWS,0.35,Totvs faces escalating legal risk as long-running case advances - Valor International,,,Google News RSS,https://news.google.com/rss/articles/CBMiywFBVV95cUxQbTNMSUJ1SlBpdjE4VmxaVkJuWTF5Q0F3cmg4OG5YeWVLZUVGTmpfYXRwR3dzOGpSczl1b2Z2V20wYWpOZG91akpPUDdJQzZWZUYtLUpSLTdUcl9kWWxXTHNSYmx2b3VQckxUdGZBNVBXWWJUcWdHUU9xc2tld0UxNEV6TlhkU2o1ZzlGbUpZV2dTZ0N3amN6ZzhmN3FoSExyTkE0RWpza2thelAwNFJXeVVXNjA0WUFCSUl1aThvN3VjV1NXUTNnQmpiQdIB2gFBVV95cUxPbXlPQ1lrN3YzTTRfak4xdTY2b1E1WWRvcnpVZmhTaXZHMGhpNHBTVnE4Q2h3V3JTVC1jc1lvaS01U2JPMlhzbkhjdmFtSkZtSzRrY2RpTUQtUHViSUdnUEhfM2JOOGFQWWFtWTBfNTRWYWQ5TGRQMXdycU1jVU45NnZienhpOE5sV091ZWx2SkYybmNyVDF2YUI5azdRR29rOTJrQzNCX0Jld2lFVnNrbjVJcG4xY3d5SGk5X3ROSDFKYmktQXZ1YzRtUXBWM0xFVTlsOFBId2JuZw?oc=5
Stone,Payments,2026-06-12 03:30:29.029912,,2026-06-12 03:30:29.029912,GENERAL,GENERAL_NEWS,GENERAL_NEWS,1,0.2,GENERAL_NEWS,0.57,Why StoneCo (STNE) Is Up 7.7% After Q1 Earnings Surge And Extraordinary Dividend - And What's Next - Yahoo Finance,,,Google News RSS,https://news.google.com/rss/articles/CBMijgFBVV95cUxPMEd6MEdXbHJ2akRIaWl6ejJmLWNjY2tvNHdIM256LVl0OS1EbDZnLXFUWWRGblJvbDh1UzJBSlNXNGdFX2FSUUdiMVR0T19wTC1aQkZiRzBXbGRFN3pYZ2Z4RjBicV9FZHU2Wk1tSGxHZW9PNDZxTlF4OXJMdTliSGNOc2VSSHlod3hTX0lR?oc=5
Eletrobras,Utilities,2026-06-12 03:30:29.029912,,2026-06-12 03:30:29.029912,FINANCIAL_SYSTEM_RISK,WEAK_SIGNAL,WEAK_SIGNAL,2,0.6,WEAK_SIGNAL,0.35,Brazil's Eletrobras signs $878 million deal to sell gas-fired plants - Reuters,,,Google News RSS,https://news.google.com/rss/articles/CBMitgFBVV95cUxOSG9CRUpxd3Y1ZzUyYWp5TmNVQlpOOXBTX05zUFVIeW5HOUlqZWFBamx6YVpCQUY1OGtjQjdicFVPZDdBc2NENFhpUUlVQTNqc3MybEJVSUYyQm9yMzZvT2d1N3lzbHNPOUFpWnpkVnh0N2NYS3FTLTdqbW14UEp4eVd2U0h4SEowUTloQzlqMzk3azZfZi12RC1pVUJEaVc5NXRRR2dfbF9jdVkwSzRGY2NYMW85QQ?oc=5
Eletrobras,Utilities,2026-06-12 03:30:29.029912,,2026-06-12 03:30:29.029912,GENERAL,GENERAL_NEWS,GENERAL_NEWS,1,0.2,GENERAL_NEWS,0.49,Brazilian firm seeks partner to buy wind farms from Eletrobras - Recharge News,,,Google News RSS,https://news.google.com/rss/articles/CBMiqwFBVV95cUxNMEFuRUNGd0txRDE3c3lSYWhVY3BIZlBWalBaR2hNS3NUbkltYmpuTFlyVUl6SmhlYjJVdkw3YlJpTGpQV1c3VnR3MVczTzRhQ3dzS24xQTNHQi1DaDZzSk9CUTlGM2tiSHFVbVlkOTRvT2YzQmZXUVFUQm5fbmMtZXk2bkNrdmdOWWIza1Z5LXBnbDJjdjE3QTJCLXkzVlNnT2JUT3k4d2JoSUU?oc=5
Eletrobras,Utilities,2026-06-12 03:30:29.029912,,2026-06-12 03:30:29.029912,GENERAL,GENERAL_NEWS,GENERAL_NEWS,1,0.2,GENERAL_NEWS,0.52,Eletrobras stock (BRELETACNPB7): Brazil utility ties dividend focus to US investor interest - AD HOC NEWS,,,Google News RSS,https://news.google.com/rss/articles/CBMiyAFBVV95cUxOLTV2UWpvenMta0kwQjhkQ2QwYW1STGFfNE0xNFFrWDJDQkhRZkluVDN0aTBXd195MVJNQnM2akZMX2dsVUFRNXZ2YVRDSUZzUFBoVXo5ZkVtbFhOUFk2LWVCc2ZZWU9fbWREdTh1ajhuZk45ZzVHSG5iMTR1emdrQ1Y2NEppem1iV1V4blY2OU02VUVLaEFGakVpQXhSY0VBeTZjWGE0Zi0wYzYyODVpNEtTY3ExaDRqaHFKazNFS0x6dEhqUUpCOA?oc=5
Vale,Mining,2026-06-12 03:30:29.029912,,2026-06-12 03:30:29.029912,GENERAL,GENERAL_NEWS,GENERAL_NEWS,1,0.2,GENERAL_NEWS,0.54,Where is Vale S.A. (VALE) Headed According to Analysts? - Yahoo Finance,,,Google News RSS,https://news.google.com/rss/articles/CBMihAFBVV95cUxPaGxCS2RxNTVqOEZiY3kzaHdOSUMzNDVUdjE1OV82US1qNHJCbUZ3N0Mzby1hajRHNlNpR2pJTGt0U0w4UGpzTVFHajlSNThTUURFTC1aRjNxbVFTNnk2Y1lJVTJIODJCTHJENWF6SVFtTzVTX3dRbHcwbW9oV0NwczVsTGQ?oc=5
Petrobras,Energy,2026-06-12 03:30:29.029912,,2026-06-12 03:30:29.029912,CREDIT_LIQUIDITY,RISK_SIGNAL,RISK_SIGNAL,4,0.7,WEAK_SIGNAL,0.39,Novonor transfere ações da Braskem para IG4: gestão compartilhada com Petrobras vai propor reestruturação de dívidas - O Globo,"Novonor vai transferir as ações da Braskem para a IG4, uma empresa que planeja gerenciar as dívidas da empresa com uma gestão compartilhada com a Petrobras.","This news could represent a corporate risk for several reasons:

1. **Partnership with Petrobras**: The announcement of a partnership between Novonor, Braskem, and IG4 to share control over Braskem's assets may raise concerns about the stability and creditworthiness of Petrobras. As one of Brazil's largest companies, Petrobras' financial health can impact its ability to fulfill its obligations, including those related to Braskem.

2. **Reestructuring of debts**: The proposal to restructure Braskem's debts through a governance structure involving IG4 and the participation of Petrobras may indicate that the company is facing significant financial challenges. This could lead to concerns about the company's ability to pay its debts, potentially impacting its credit rating and access to future funding.

3. **Loss of control**: By transferring shares from Braskem to IG4, Novonor may be giving up some control over the company. This could limit their ability to make decisions that are in their best interest or respond quickly to changes in the market.

4. **Regulatory risks**: The partnership between IG4 and Petrobras may raise regulatory concerns. For example, if IG4 is a state-owned entity (as implied by the mention of ""IG4""), there could be questions about whether this partnership constitutes an unfair competitive advantage or potential conflicts of interest.

5. **Financial stability**: The restructured debt arrangement may lead to changes in Braskem's capital structure, potentially affecting its financial stability and ability to invest in growth initiatives. This could have a ripple effect on the entire supply chain and industry.

6. **Lack of transparency**: Without more information about the terms of the agreement, there may be concerns about the lack of transparency surrounding this deal. This could lead to uncertainty among investors, stakeholders, and customers, ultimately affecting Braskem's reputation and competitiveness.

Overall, these factors suggest that this news could represent a corporate risk for Novonor, as it may indicate that the company is facing financial challenges or has entered into an arrangement that could have unforeseen consequences.",Google News RSS,https://news.google.com/rss/articles/CBMikAJBVV95cUxNZXhuY1hmMzB0U25IN2w3aWFaREZFTHhfNjI3UDl1Y1FwTUU1Qk1tc2h0Zm5paFJYOG9DYURUR3EzQnN4YnhfWG5xV1Q3TlhHMW5rQTVyR2F0cURZZjYtTGxwSk5yZmk3dS1WTnRyS3hNWGtSTGhQam1QZXdNUERxVDRvYkg3QVlkT25OQndGRUxnZWhEajg3YjRIZVdOYXloVkpKYmNCNWc0N3l4bnp1TWZwWHVzSzJud3pzOHdkc21yYl9ZeFlfbXVkNjRoSW1Bd3EzM21yZUQ3dlp4V0JZeTdZM3J5MHpTMXVveGdqLTJhXzliNzZIYzkxOTFHdlF6bWV4ZzRDVWkzNDV5czg3T9IBnwJBVV95cUxOc0NnaHRUcmJfNU1yMFZhN0V1QnNudW1uWElZNHdlVFpZRnFFZGdTRVhFenk4Z1hNX19nY3F2aW82ODVad1VqdXRUUkhwTGlVc2w3WjhsYTdtZ1RuRE92UmdLNGZSbXJHeWxIUGhnb05xYUJVSlRPei04WWxISFhlOC1FbU9uT3RfUWlJOUZQZFBJeEFhSG9NNHY4aHlwM2dPYnk5WHhvNlh5Q1kwdm81bjJucGdGMnRQVUc5VzNjbXd6SE9tMzRSSEJJZ2s3LUNwMUtQMnphSDVIbElnN2xNSUpuWHNmOWRxRkxEaEkwR05HR1haLWtWUkpKelJlSkZlVkdlWkFOemRMdTFyMTdwNWpYRmJNazZSaXdvMjg5OA?oc=5
Petrobras,Energy,2026-06-12 03:30:29.029912,,2026-06-12 03:30:29.029912,CREDIT_LIQUIDITY,RISK_SIGNAL,RISK_SIGNAL,4,0.7,WEAK_SIGNAL,0.31,"Lula Puts Petrobras Money on the Table to Help Venezuela and Forge New Alliance with Trump and the U.S., Despite Billion-Dollar Debt, Risk of Default, and Internal Criticism Over Abandoning the Equatorial Margin. - CPG Click Petróleo e Gás",Brazil's President Lula is considering using Petrobras' money to help Venezuela and forge a new alliance with Trump and the US despite financial risks.,,Google News RSS,https://news.google.com/rss/articles/CBMi0wFBVV95cUxPVUhOSHBXdC1UYkViNnpLRjQ5dldwb3NkS0FtbHNvUEJhTkxDUzloM3V5Q2xYMTZCaklWZVBDMzlRU3A3MWNiVjlIcWNuZXpIWnZzNUJTQ0NBZkdaTUoxdm04bHprNDQ2QWVvYnNSR1FMaXpYTFgxZm0xQnpQUlZGVWcyOFdielB5QkhpZDN5ZnZvY09mdExLMFZBMUxjUHNJaHFoZ3VhZmxZbElPUEdkZjExVm9jZ0did215TVREenNlV08zZHZsTkF1d0huTldGRzBj?oc=5
Vale,Mining,2026-06-12 03:30:29.029912,,2026-06-12 03:30:29.029912,GENERAL,GENERAL_NEWS,GENERAL_NEWS,1,0.2,GENERAL_NEWS,0.61,Vale S.A. (VALE): A Bull Case Theory - Yahoo Finance,,,Google News RSS,https://news.google.com/rss/articles/CBMifEFVX3lxTE9mZzVqUDFBdC1TR0dFV0hiSGFWaXVJOXI5T1R3Zi02NUQ1a3lUS3RtX05DbXdxX1ktY2dEVzBxTVd0cy1nTW5nbklDRncxdW1CcklNWFBmLWo3QmtIXzFRYXllRHJpTFBmeEQ3elpYOHFIa2xkT3dTTXRRSU8?oc=5
Vale,Mining,2026-06-12 03:30:29.029912,,2026-06-12 03:30:29.029912,GENERAL,GENERAL_NEWS,GENERAL_NEWS,1,0.2,GENERAL_NEWS,0.56,Precision Trading with Vale S.a. American Depositary Shares Each Representing One (VALE) Risk Zones - Stock Traders Daily,,,Google News RSS,https://news.google.com/rss/articles/CBMiigJBVV95cUxOby12VUtjOS10d0JRZzVyZjEtMDlvSTBUTjNNY0RVaHBMT0xqak5TQTRxdUdnR21MMzZnT0thUDBfZjZlY0lRZ3FKMXhNRm55NlFHYndFb2hRNTJfX0JCT1BVSk1yaFFOX1JIcFEtRllubUZ3ZUJTajRoQmJac2ItYklMc0pTc0s3NDJSM2N0M2dtMlhSTXc3b0dSLVc3Um9wLW1kZVJwUjloaXhpMjBRRTRUUmZtV2R4bVZuMmZIRXBHeVhwamV1YWFFRC11Um9JUXRZSGhtQ3Z4MHVtc3N3ZUxCRXZJS205SkNOa29TNC1HVFRRb1JRR0hEdkFWYmFQYVFFYm9ya2lzUQ?oc=5
Vale,Mining,2026-06-12 03:30:29.029912,,2026-06-12 03:30:29.029912,CREDIT_LIQUIDITY,RISK_SIGNAL,RISK_SIGNAL,4,0.7999999999999999,RISK_SIGNAL,0.51,Vale (BVMF:VALE3) Takes On Some Risk With Its Use Of Debt - simplywall.st,"Vale, a Brazilian mining company, is taking on some financial risk by using high levels of debt.","This news article suggests that Vale, a Brazilian mining company, may be taking on excessive debt in its financial dealings. This can represent a corporate risk for several reasons:

1. **Increased financial leverage**: When a company uses more debt to finance its operations, it increases its financial leverage. This means that if the company is unable to meet its debt obligations, it may struggle to service its debts and potentially face bankruptcy.
2. **Reduced flexibility**: High levels of debt can limit a company's ability to respond to changes in the market or industry, making it more vulnerable to disruption.
3. **Increased risk of default**: If Vale is unable to meet its debt payments, it may default on its loans, which could lead to a loss of investor confidence, reduced access to credit markets, and increased borrowing costs.
4. **Increased risk of asset sale**: To service its debt, Vale may be forced to sell off some of its assets at distressed prices, which could devalue the company's assets and reduce its long-term value.
5. **Reduced ability to invest in growth initiatives**: High levels of debt can make it more difficult for a company to invest in growth initiatives, such as expanding its operations or developing new products, which could limit its future growth potential.

Overall, taking on excessive debt can increase the risk of financial distress and reduced long-term value for Vale, making this news article a corporate risk.",Google News RSS,https://news.google.com/rss/articles/CBMiyAFBVV95cUxQQ2ludUNXV1VhU0kwVTZhSXN2Z3paSTc5XzUwTWM3R0lJTjVPbzQwejlvMXlYVzhHRlB5a1VPaXJpd01WbzJWSTAzMG9TRHRBZ25SRXB1WGs1dkpFcTZibnFDSGY5amwzVVBySTg0YXlEVmRaOWxxQ2ZoeDk3SzBwbFZUWEJNX0Y0YllpWkdPMkVHMHpUYjlRY25uUmduN1dhTEUwUE5yNmdhcHlvV0ttLUV2anBZQTdFdnF6SGVITVJXZ1RFZjBxatIBzgFBVV95cUxNNmRLOGM3d1dFSzA2X1J5ajBybXdkVkJQc1JwOXhTcDVXWWlKd19meUtqQkR6R3VvLVU4QUVyaWdMa0xETUZXbUhQT0kzemk1TnZ0RUVacjFsQmtpUmIzbTZ5REEwZFlGSnprcDl6dnhJTUV1VVE3c19ycVlMUXVTX2hjZ0szRm9KaUljVmF4cGx3WUk1d0tUbzZyTkFWS0tvOGZwU0p1VHBCUkE0OWN6UkR0MmVQRnVwVmZSTVM0dTV6eTlWQW5LTTA4WjJMQQ?oc=5
Vale,Mining,2026-06-12 03:30:29.029912,,2026-06-12 03:30:29.029912,FINANCIAL_SYSTEM_RISK,WEAK_SIGNAL,WEAK_SIGNAL,2,0.5,GENERAL_NEWS,0.4,Vale S.A. (VALE) Gets Downgraded by Barclays Over Upcoming Seasonality Headwinds - Insider Monkey,,,Google News RSS,https://news.google.com/rss/articles/CBMivgFBVV95cUxNb2wwWGpLVVpBZjBZN29MYVdHWEVtblRXRmR4SHdjV2VMVUhzWGU4RU1PdGdsYmRYR0dLaFpURk9kdVRBM012VlVQQnZPclI5TWVXUjA4OXZ6WC1wY2x1c1hDOUZncUN4X3IyVWtxZ1VsTkt6Ylhia0h6V3FZQVpOZl9RcmhZbGw3aFVueExodkFNQThPMUxneDZjOGJKZVV3YlNmSHpqQXNwQUZVd05PanNpeEJTMlVTSFZUWXVn0gHGAUFVX3lxTE04akFvc3lqdExteUFqUWJLUWFjVDJ3T1MydVVOQmpVQWh6a2trYUlWUWlPQy00VjdNYnBCUC1Wai1wUHJpMGRNUDZhVGJZXzd2UVRvSjVqQjZiUko5SXB2YmJYRGlaWnh1azFiWExmZ2V0OUN6STJmZ3dDa0ZFUTBPZngtZ3BWNGd2Qm1FQXZyZ2dady1qWW11NVFPWGstTFZHNG94ZnNQWG1GMkRESk1HZUE4Q2F6UUVYYWUzQ1ZNMnhBanZndw?oc=5
Vale,Mining,2026-06-12 03:30:29.029912,,2026-06-12 03:30:29.029912,GENERAL,GENERAL_NEWS,GENERAL_NEWS,1,0.2,GENERAL_NEWS,0.37,There May Be Reason For Hope In Vale's (BVMF:VALE3) Disappointing Earnings - simplywall.st,,,Google News RSS,https://news.google.com/rss/articles/CBMizgFBVV95cUxOWXAxMVBDT2d0SHdFbzhxTFdFQUF2ZnJfcEpDQzA1VVQ0dWtmdDRsaVB1b2loRHlwM1lsUGtYNWtEc0ZRYTQyYjRSYzRTeFRSZ1JGUEdnOWZ1TFppLUo2YjYzSU1TQVo0VDhWS3p2WGN4dHBKMUlZOTEyX0dNUVE2cThfbHFrVEJRR19hQXdTVzFOSzZiUzl0OUx6TTAzYWEzSXBIbjZ6OXZkYW5Ic19RX0JWSnQ5YUlzYWpDZ2hoSlpNUTlFMi1uUFBteVVaZ9IB0wFBVV95cUxNd21Fd2o0SWxrc2gybEQzd1NEdi1iVjNld1BITEJ2VDJab2huMldrUkJCaVY1T0RFMFNrOWJEa1ozVzJKdERxY0tqOXRvMkQ1T2s0RWY2Tnl5Y2lXRkNMTklEcER0Q25JTDVDQ05KSlpLNFdsR3F0WW9pdkpNMzc5ZGhINGNJRlVDQmd5cVpiNmdod05sRVlJTVFpOGF4RmFob0xDTTFTTDBNUlFxaEVvVl9ZWXo5b2R4enI3alcxTkVXd0hTUUg5X21vWnFUUjUwb0hR?oc=5
Vale,Mining,2026-06-12 03:30:29.029912,,2026-06-12 03:30:29.029912,GENERAL,GENERAL_NEWS,GENERAL_NEWS,1,0.2,GENERAL_NEWS,0.6,The Truth About Vale SA (ADR): Is This Sleepy Metal Giant a Secret Money Cheat Code? - AD HOC NEWS,,,Google News RSS,https://news.google.com/rss/articles/CBMixwFBVV95cUxPLUlBVmthRzJzRXFMejE0NmkxaWxZbXR6QkthZlhkOVNuemFFZExfZnRnS2xyRUFVQlM2eGowLU1vUkp4aXNhR2g4SXEzYTlPZ3E4NGMwX0s5LUVxVlB6cXJJcEk2cnFXb0hEMXZUbTdTNW5ydlhUcjdPcWRyZno1ZE1qa1RiVnJrekh2ZXhsenFkOUF1Zmo0QktGZUIzMVVEblB2M1F5SlVsdDFNdlZ1a0Y0dVVmSW5xYTlqdFZzbjBNaXhMZjhB?oc=5
Vale,Mining,2026-06-12 03:30:29.029912,,2026-06-12 03:30:29.029912,GENERAL,GENERAL_NEWS,GENERAL_NEWS,1,0.2,GENERAL_NEWS,0.34,"Exclusive: -Vale's mining dams are still a risk, company must do more, Brazil prosecutor says - Reuters",,,Google News RSS,https://news.google.com/rss/articles/CBMixwFBVV95cUxPUXJIcUFjaHZVazVSdUR4aTZ4NVpneXJhdnZWd2lsS1pYT1hHbmJWaHJqN0hiYk45Mk9Vcm4yUVh4UjVnaWVQaTRoR1E3Y2VRQ1JUNnM3S2xCdENMRFlpdjE0WVA0UmYtZk9Kby1JZXEtVXozMklCMGY2M2I5S05QZXBFd3FYWGc3XzJIWUg4d3FwelpJWnBFcGxQSDRFR3l4dWs5dTgtRUtBMDZTbWxvWEV5U01mUjNfaDVVNHpEWVJGN1g1Tm5N?oc=5
Vale,Mining,2026-06-12 03:30:29.029912,,2026-06-12 03:30:29.029912,GENERAL,GENERAL_NEWS,GENERAL_NEWS,1,0.2,GENERAL_NEWS,0.55,"Vale S A Stock Price, News & Analysis - Stock Titan",,,Google News RSS,https://news.google.com/rss/articles/CBMiU0FVX3lxTE1qOE5xQ2lYTDRGYWFES3I1SFVEMHVQSXNGT25GZ01fLWVyb2tuZEh2dmMzaWVIQUtqV29PLWRSbWYzbGYzNVFmUkpPZEJfYjNsa0Zv?oc=5
Vale,Mining,2026-06-12 03:30:29.029912,,2026-06-12 03:30:29.029912,LEGAL_REGULATORY,RISK_SIGNAL,RISK_SIGNAL,4,0.7,WEAK_SIGNAL,0.37,Lawsuits Accuse Big Banks of Promoting Vale’s Environmental Damage in Brazil - Milberg,Several big banks are facing lawsuits alleging they promoted and profited from environmental damage caused by Vale's activities in Brazil.,"This news could represent a corporate risk for several reasons:

1. **Reputational damage**: If the lawsuits are successful, it could harm the reputation of the big banks involved, leading to a loss of customer trust and confidence in their financial services.
2. **Financial penalties**: The banks could face significant financial penalties or settlements if they are found liable for promoting Vale's environmental damage in Brazil. This could lead to a substantial increase in their regulatory costs and potentially affect their profitability.
3. **Regulatory scrutiny**: The involvement of big banks in the lawsuit suggests that there may be allegations of corporate negligence, wrongdoing, or failure to comply with regulations. If the banks are found guilty, they may face increased regulatory oversight, which could lead to additional compliance costs and restrictions on their operations.
4. **Brand value impact**: A high-profile scandal can negatively impact a company's brand value, leading to decreased market share and reduced competitiveness in the long term.
5. **Environmental and social governance (ESG) risks**: The environmental damage caused by Vale has significant ESG implications for the big banks involved. This could lead to increased scrutiny of their ESG policies and practices, potentially affecting their ability to attract investors, customers, and talent.

Overall, the lawsuits against the big banks raise concerns about their business conduct, regulatory compliance, and long-term sustainability, which could have a negative impact on their financial performance and reputation.",Google News RSS,https://news.google.com/rss/articles/CBMiowFBVV95cUxQWkdqOWwxWURyMm9pN2VXd2FFa0xOUElLQ0p2X2xpN1kzdkZZSU11WVhJcTgwVDdNZFB6RUV6VlpKQlE1S1JBcXhHS2NkUnpGeUZNX2lYYXN3NXpsdjBwVHo1Z0E0YzN5b0k4NWxTcVQ3aWtaQmFZb1NlN1hRaU5nTVE2eVFFNlYxbzhaeUE1cXMwVmN3dFNWemd4cXJTejVzdzZz?oc=5
Eletrobras,Utilities,2026-06-12 03:30:29.029912,,2026-06-12 03:30:29.029912,GENERAL,GENERAL_NEWS,GENERAL_NEWS,1,0.2,GENERAL_NEWS,0.46,"Âmbar, of J&F group, acquires Eletrobras’s stake in Eletronuclear - Valor International",,,Google News RSS,https://news.google.com/rss/articles/CBMizAFBVV95cUxPRnR0bFlCLVR5Z05YOENtQjgxMmRLQkIzT3ZwMDNJalBXY3FEbDhqUVBLN2pzcVVsVVRIVlpkSld4S1FUMHA1U3BJZUJkZzRIcWttSGxoaTdTbmhoMnVPVzdobWx4M3NLbF9GdWxKVkxrV0g0NHhCRkRNTXZ0azJLZnlYeWFycTlUbWVPZlY3bmMweDZUcEZlS1hvd3VEckEyNTJwWkEyWm82bzNBQlVPOXcwbzB4Wlp3MDRoZ3FZRWZJWkVlbU11eE9iYWPSAdsBQVVfeXFMUHRpWV9WQmlhVzhoeWRoMzA4SzRqV21nUDlHVDFUUWF3Qnd1T0NHejVrNVdTRmd6bFlEYWJqSlZLQkxwcEROaktodU1uZUh2WGl5N2p5U1pVU2oxalJmZVlIZVVhTzFKenZJclFNcnBFZ0x3ME5NUVo1bUJkbTU2dC1teTZ3c2J4Rzl0NVBFR2w1NWRYc2VNLWtxM0pCSzExOWVlS0ZKMEJTR2V3dXhPS1pFVWxSTDlzMlptRWg2Qlhjb3BQcDg3TzVMaGpsLUpCOVJYUTNicFJURWNr?oc=5
Vale,Mining,2026-06-12 03:30:29.029912,,2026-06-12 03:30:29.029912,GENERAL,GENERAL_NEWS,GENERAL_NEWS,1,0.2,GENERAL_NEWS,0.5,Vale reaches significant milestone with reduction of Forquilha III dam emergency level 3 - vale.com,,,Google News RSS,https://news.google.com/rss/articles/CBMiqwFBVV95cUxPbkRIUkZEVUFJQmt4UG9hdmhyVkZCZUh3OGFnQ0Exc3p5MnBwcnJZTmVEVUhpX0VsYnEwa1EybTZwSHI5eElfTzh5aDIxRWdYYXNYbjc1cVQ1SFBpR3Z0ZkYtWjh4RkE4NHZDby0td1pod3U5YXBabGpudEJCQXQ3Q2FNdHpaZ01icjhRV1JsZmFNcldTWGVVNjl6YUhvdjhlY0JyZi11ZUNsSkU?oc=5
Vale,Mining,2026-06-12 03:30:29.029912,,2026-06-12 03:30:29.029912,FINANCIAL_SYSTEM_RISK,WEAK_SIGNAL,WEAK_SIGNAL,2,0.6,WEAK_SIGNAL,0.55,Four Days Left Until Vale S.A. (BVMF:VALE3) Trades Ex-Dividend - simplywall.st,,,Google News RSS,https://news.google.com/rss/articles/CBMizAFBVV95cUxPb0wzZHZOTDlVcnBkbUNvUDIwZnZTUzhDMUt1R09aQlM4T1ZKdWxNWlpOV1QtX25kVnJZSnNxVDN6Q0tJNUwtTkV4UnlmNnpRQTVFbVdxQ2JndG1Ib1pxZ1poOUhFUjNRcC00ZS12R1FpT0lfRWZVODRoUWpFY21yNGRzR2RYelYyNHUtbGlGNlUzRk9EVE5zRVpEZW5pZlZhTnNHeFE2bFdUWlltZFdQcGVsVHVKeXNYOFNzcjNKeW1BclhQSUFjYUoyQzPSAdIBQVVfeXFMT29rdHR3SExOSWI3TzBkQ2RXeXBVY3BBRUxIXzZmTGg2TDRqTkJSVDFKM3VtUmIwaGNybWxveEQ2S0VfZUp5ZUdjQmZVcmdfNEREVGRzamZ4N3loaEg5ZW9Vd280MTZ6UGc3NC05ZzF2OVdLd3RQeGFuLWJJcXE5d282VmROM3ZLU2t3emM4MllPM2NSYTlMX3J5bXZBZHFudzhBbWdWNGp4bGdBQlBQZDlhaXdLVzBzeUxSLWVzQ3NYUmZEcXEyWGpvaXZrSGV2bzdB?oc=5
Vale,Mining,2026-06-12 03:30:29.029912,,2026-06-12 03:30:29.029912,GENERAL,GENERAL_NEWS,GENERAL_NEWS,1,0.2,GENERAL_NEWS,0.37,Vale S.A. (BVMF:VALE3) is largely controlled by institutional shareholders who own 50% of the company - simplywall.st,,,Google News RSS,https://news.google.com/rss/articles/CBMizgFBVV95cUxNNjJ6YkhBbUgxdGtQSlVHNUJMUWxhdnN0OENyekQ0dHRZQkxkMXF3X1hsaThLQm1QVHYxMlhPQXV3azZaTzRkMHFRdFhnT2ZiQW5zM09uTWpWSG93dDRESjQ2Y2tQcmVVanVSSXRSRjNkZnVKNFdqMGZORk0zM2RyZEx4ZWI1VVdIanAwSUh6NnlMb1BqZVJNSUNYQi1HcHhIRDh2RUswUG1fWGZGUmVSWWVYU1VtLVJta2dwRUwtMmZkaGk5bFRNQzZzNk5MUdIB0wFBVV95cUxPVUdBU1ZuTEZaRUxUX3Z1X3BkNHZTbnlWNmM5V2lVZ3VBRjVFNlUyRXRxVmNhSmhzR3RrUngyanVBZ1ZVdnVxZnR0Uk83bHBTUlc3d201M3c1dkN6bTVJWlEyNUY1ZHpfM0lPem9LTXdMUVNQdjN6elhLMDBzeTBtZE9tLUZnX09jVFJ3c0xBY203OHRWcFJFZEtrcHpNMFVfQXMtb0c1UnRvVjM3OEVKSk9CNXBUU1VUcXAtbHQyT0JCbjc5MzVCVHVOSGU5TTllOHhz?oc=5
Braskem,Chemicals,2026-06-12 03:30:29.029912,,2026-06-12 03:30:29.029912,FINANCIAL_SYSTEM_RISK,WEAK_SIGNAL,WEAK_SIGNAL,2,0.6,WEAK_SIGNAL,0.45,"Brazil’s Braskem Touts Energy Transition, Foresees 25% ‘Green’ Production by 2030 - Bloomberg Línea",,,Google News RSS,https://news.google.com/rss/articles/CBMitwFBVV95cUxOUVhzRE9kU0h2WGhBTmFQZmlNdl9veGZXRURBYTh5OUR2VmRRRnpnaGlyZGdOXzJVVkRwemFjVWZEeFMtanU2SHNJQzM2RG45dTQzNDZIbUhtbW5WRFU3MW1aaHBDLVJCQ1pnaFZZSXNnZXVoRnc2akl6WTUzODVxVnJyZGVudmhKeDYwVmp2MmhRRkpKa1otZDZzVkdOaW5BcW9vQ3VJVzlEV0JTODZyeFRBR0xMeFXSAcsBQVVfeXFMTnpJcjRDTVNrMzUzOVBCRnNCdGdJYVRmS2dubWIwbWZNR0xCcC1meVE1TlQ1UEVvNmF4cC1abTgxZk5zd0VnTk5tNjNoVF96RnRtNDFNOUhIdG5YRkdnM0lVTE8wNFJQRnFza24zWi1pRmRCODdDdHRNVldhOUZoUGNZUWJkZUNCS0pzNDVscUEwcTRPckoyUDdvbWtjRENWMHE3ZXlZMG1iTGxrVmVGblBJSFNLeEMwWVo2SXJuNnU2d3RLMU1HM0tTeWc?oc=5
Eletrobras,Utilities,2026-06-12 03:30:29.029912,,2026-06-12 03:30:29.029912,GENERAL,GENERAL_NEWS,GENERAL_NEWS,1,0.2,GENERAL_NEWS,0.55,Eletrobras (AXIA) moves to delist NYSE ADRs and migrate to Novo Mercado - Stock Titan,,,Google News RSS,https://news.google.com/rss/articles/CBMiwAFBVV95cUxQU2lLRzloZzl6ci1qU1VKMEpfd2pfZm5zNXc4VzVhTUhsM05STDR5TDZYY1lFSDBPRDdSWWtFUlZuRXJoRHBPcW00UG02cVhNb29BQmFrLXptWTJ2eEZHS1BPbU9nQkxBWHVzN0lZZWhJRmtkMV96ajFDWVpjdnd6eThyMmxIX1hXWHFsaTJQMGQwOGNtVFNwbW04MzA5NWRURjB5bWh1MEd5U1h2TGtDQmFnOXM1c1lxc19BWUdKNGg?oc=5
Braskem,Chemicals,2026-06-12 03:30:29.029912,,2026-06-12 03:30:29.029912,CREDIT_LIQUIDITY,WEAK_SIGNAL,WEAK_SIGNAL,2,0.6,WEAK_SIGNAL,0.67,BofA downgrades Braskem stock rating on liquidity concerns - Investing.com,,,Google News RSS,https://news.google.com/rss/articles/CBMiugFBVV95cUxNbkxkUEREVDlqMkI4WXhHbHVxSHEtV0VFY1E1LUVpbk1rX0JNUk5lX1dELXlYTVBxV1dhOFdqd1c1OXZqcjBvWlZOWk9oWWJXb0p0NE41ZGxQUVV0RkxBaUdCYmc3LXoxUnRXVkxBWTFKSVZiZEJyU0w2SVQxNnpTczhkWFRwU0ZNSzFjQmtZaHU3TU5iRFNxNUh6c01rOUtQVHhkcnpUd1prOHduUkJQLThWS0JoN3REc0E?oc=5
Braskem,Chemicals,2026-06-12 03:30:29.029912,,2026-06-12 03:30:29.029912,FINANCIAL_SYSTEM_RISK,WEAK_SIGNAL,WEAK_SIGNAL,2,0.6,WEAK_SIGNAL,0.59,"Braskem Idesa bypasses tariff risk, brings U.S. ethane to Mexico - Valor International",,,Google News RSS,https://news.google.com/rss/articles/CBMiyAFBVV95cUxPNE1VRkpheGtFbE14d1lCWGw2Rjc0Um1xWXVsejFwR0hpOVFqV0tESFFxR0lFZEg1TjBIQk1QYXZaSkVfSVhHa2tFX2RtaHotdGJlYXhzSzFaOXhJOFhZQ3NrY0NQbDgxYUE0UHJLTmNEVXl4Unc1MEQ3eDBnN2pnVnhXc2ExLUJSWTVwRlg3UVllTmVIT3czTS11dWpDQW1UOWRmQngzTUNybExQbnpNS3ZZNWZJaHFPbTd0bXFTeDRONUtyeGxtRNIB1wFBVV95cUxNYVZsb2ZuM25MQzdVWGNMMWVIZmZPODl0dTcxTlhhUEgtbUFFM3dMYkx2bFk4M0Jqc19BYlZMRURvOEtlLVIxcXhnOHJtc2toSXI5YTR2LUR3V3FmOS11ZXNiUlZQRi1reEdSYzJBcWszcG02R2wwdFp3SFNiSnNpbUs4M0FlaGFhSy1hTU5BcVkzYVJmZ210dWtzU1g4d2c1OURDZXlwd1M4S2J3RXhqdGdCaWp1YjJ0VE5SbnY3a1FieEFMWFN1c3hnX0M5RUJZTTg3NVd3QQ?oc=5
Braskem,Chemicals,2026-06-12 03:30:29.029912,,2026-06-12 03:30:29.029912,GENERAL,GENERAL_NEWS,GENERAL_NEWS,1,0.2,GENERAL_NEWS,0.45,"Braskem Approves Construction of Delta, the Largest Polypropylene Production Line in the Americas in La Porte, Texas - braskem.com.br",,,Google News RSS,https://news.google.com/rss/articles/CBMi7gFBVV95cUxQT3VBek04aVNnbWxYcFkxc1FLcE9XS1cxTTJmV2x6M3REQ203ZzQ2bG4yQnZIZU5qWHNyVkJXVDJ2SzYwdDRGLWx6dnR6emFLUXBvNlptM3Q3ZjVNUzZ1dktoV1VVdWtfeTI0aEZDX1d3Q0ZkRUxqek9FR2VDUjVaWENhZTJrd1h6Z2xVcnZCTWZYZ2IwN0pvNDN5dHBBNGRnRU5acVExNkF6WUZxeHNoWjRTaC1VY1dYdFJHLVV6RlNHaUVSNXdEeEJWbFJuS2h3T0oyU3BaM2NzZmFmU0FSd0FkZEdmQjRtZVVsX0xn?oc=5
Braskem,Chemicals,2026-06-12 03:30:29.029912,,2026-06-12 03:30:29.029912,GENERAL,GENERAL_NEWS,GENERAL_NEWS,1,0.1,WEAK_SIGNAL,0.33,Braskem tells court R$8bn compensation could worsen its situation - Valor International,,,Google News RSS,https://news.google.com/rss/articles/CBMizAFBVV95cUxNZW83blVGZmRnWHNPYkdKQVRTNGU0R0RCTTVyRXNNbnZpY2lpWk1IUl8tS3Myd1U0eXp4YXNHYnVmb2dsdzh6ODRZWVh3bURsY1BJaVkzckVTUEtYREFybF9hRzI3bjZNM1dVQ3BYUHd2eC1JZHBxS25USmhJOWF2U0ltOHVQTWszU01zckxfX1daLThYYnFKN2xLb0pVYzl0b2dtbi1HeTM3MnJuenhRVS1qaXctTHE5MnNvX2ZfVjA1elg3bU1scURONGjSAdsBQVVfeXFMUElPZ3RQWFdQcTNqcnRZTE13LWs5SmFtODVRRkhDNHI0MFEzR3NfdUJoUFNscENxVC1vLU5BaFU4Ymw0dmppUXEtOXU5TjY0RUtia3lqN0hEc1BZekYtX3BsRElkeF9sb0hhNWFBTzhlM2RzQks0bVJSQzZjd3BjZkNoOEY4X0dROGczb044YkhMWjlZQXFVbGZKUWt4eFBvd01qSy03NUFHaHBQSExnTl8zdC1FXzk4OUZHNjZqNWVPR2RuOTQ3N0FyeXpFUloxdl9ybFlYSkhCWVZJ?oc=5
Braskem,Chemicals,2026-06-12 03:30:29.029912,,2026-06-12 03:30:29.029912,FINANCIAL_SYSTEM_RISK,WEAK_SIGNAL,WEAK_SIGNAL,2,0.6,WEAK_SIGNAL,0.39,Earnings call transcript: Braskem Q1 2026 beats EPS forecasts significantly - Investing.com,,,Google News RSS,https://news.google.com/rss/articles/CBMiygFBVV95cUxQTzVhQzRJeGdBQVF1Tl81TTlSZkZLN1FOMjVSN3Rob1JEa0RJQnBVajdFanBKWFdIRnZSZzBCRk9PR0l4SmtsMGFLZU9TSm9qcm52aUtlNUdPNWxXaEFhR2F0QkVCRDByMm8zTXMyeUtFYVc2bjgxZFVCN2ViRDV6VWZNMDREYWFlUUc3TTRHZkY5dEhiRDd0SHFGVnJpUllmRXdpSHhfejNHSWFNcTE0S2FlTGFPWktqRUlkQklyMzQwMG5PeWwwSG13?oc=5
Braskem,Chemicals,2026-06-12 03:30:29.029912,,2026-06-12 03:30:29.029912,CREDIT_LIQUIDITY,WEAK_SIGNAL,WEAK_SIGNAL,2,0.6,WEAK_SIGNAL,0.66,BofA cuts Braskem stock rating on liquidity concerns - Investing.com,,,Google News RSS,https://news.google.com/rss/articles/CBMisgFBVV95cUxQcDRBaUVxOFU5M20yQjNUU2RhUXY5bHNVaXNWY0hXb2NrYXZkZFdMUDRQSkxJU25iQVlQMmhwVGZSRUlVY0RrQ1NaUTlXT3FyR2Zvb2NXSnRSek95VmxSeThSbVNPN0lvNWlDNmRIWkNCN29ISjFMVl80NURnX2Nud1hqdWQ2X3R1eVQzTm8zZlA5MUJZV3RVTWRTV1FKSXdDdHJHemM5eE5QZGREQmY4cERn?oc=5
Braskem,Chemicals,2026-06-12 03:30:29.029912,,2026-06-12 03:30:29.029912,FINANCIAL_SYSTEM_RISK,WEAK_SIGNAL,WEAK_SIGNAL,2,0.6,WEAK_SIGNAL,0.57,Braskem: 3 Key Reasons To No Longer Be So Bearish (For 2026) (Rating Upgrade) (NYSE:BAK) - Seeking Alpha,,,Google News RSS,https://news.google.com/rss/articles/CBMiuwFBVV95cUxNcmJjenB2MlhVc0lwTEtFdndfTEQ1OThBclNReUR1NGQ5bWdsaTVEVWtGU1JkcnNyVzdMbFJkRlRBVFpCc1JvNWFZUkx5eHlkcHI4RDFaR2tJcVNTd28tU2NlWDRqcnZ6WTR1V1BhWFNQNzFFRmxnU1RlekRjTDFfemZtUHo5Y01fNklWUUo0Uk03cFVHdndOeFVsRjFmQWM5LTBSQzBROHZleUdfWFc0aFlnNmItSUplMUJZ?oc=5
Braskem,Chemicals,2026-06-12 03:30:29.029912,,2026-06-12 03:30:29.029912,CREDIT_LIQUIDITY,WEAK_SIGNAL,WEAK_SIGNAL,2,0.6,WEAK_SIGNAL,0.59,Braskem (BAK) outlines Braskem Idesa missed interest and debt talks - Stock Titan,,,Google News RSS,https://news.google.com/rss/articles/CBMiqAFBVV95cUxQMGJOSC1JMm1aaHd6MVJrZ0pDN3VlNFZ3ZTlHMXJFc1VzS3ZJNUZ4a0V4bW12MFdUdTlhMl9nRGROdVZNMll1OF9QTHQ5dEM1ajlxSWZ3TzNwV2JBeW9aSEN1N1g1WjZMc3VyZnhUbjVkVjBlX0dsZzcyVldJMTN3T00tRzlseEZ4MVdUbEswRHowOEdiLVdyd3pOdmlpeEdUWWpsYmZxWDM?oc=5
Braskem,Chemicals,2026-06-12 03:30:29.029912,,2026-06-12 03:30:29.029912,GENERAL,GENERAL_NEWS,GENERAL_NEWS,1,0.2,GENERAL_NEWS,0.48,Braskem Q1 Earnings Call Highlights - MarketBeat,,,Google News RSS,https://news.google.com/rss/articles/CBMikwFBVV95cUxOTXFScVlkUXJITVE1U0VpMzRtMlpoUnQtM3F0eC1nd2RxQTRDczFWai1EVXR5bmVFdG1ZcU9ZVHFSeDlzYnRLNlFRdzYyVVhlWWQ1M1ROX1NpWXlaNk0wWUlJMVRQeGV3R2RTTjdxQTROQ3I5RkZmUnZ0bExmWF9MeEI3dExXVFRZbDZkNkh1c0dicDA?oc=5
Americanas SA,Retail,2026-06-11 03:30:26.659513,,2026-06-11 03:30:26.659513,LEGAL_REGULATORY,CRITICAL_SIGNAL,CRITICAL_SIGNAL,5,0.9,WEAK_SIGNAL,0.33,Brazil’s regulator accuses ex-CEO of masterminding Americanas fraud - Valor International,"Brazil's regulatory agency has accused the former CEO of Americanas, a major Brazilian retailer, of masterminding a massive fraud scheme.","This news could represent a corporate risk for several reasons:

1. **Regulatory scrutiny**: The involvement of the Brazilian regulator in investigating the alleged masterminding of the Americanas Group's (formerly Americanas S.A.) fraudulent activities suggests that there may be a lack of transparency or accountability within the company's leadership.
2. **Reputation damage**: If the investigation finds that the ex-CEO was indeed involved in the fraud, it could lead to significant reputational damage for the company, its directors, and executives. This could result in a loss of public trust, potentially impacting the company's brand value and ultimately affecting its financial performance.
3. **Financial consequences**: The Brazilian regulator's accusations could lead to severe financial penalties or even fines against the company and individuals involved. This would be a significant risk for Americanas Group, as it would require them to pay substantial amounts of money.
4. **Loss of regulatory compliance**: If the investigation reveals that the company was aware of or turned a blind eye to fraudulent activities, there is a risk that the regulator could strip the company of its licenses or permits, forcing it to shut down operations entirely.
5. **Potential for class-action lawsuits**: As a result of the alleged fraud, customers or investors who were affected by the scandal may file class-action lawsuits against the company and its executives. This would add significant uncertainty and potential financial liability for Americanas Group.

Overall, this news could pose a significant corporate risk to Americanas Group, as it highlights concerns about leadership accountability, regulatory compliance, reputational damage, and financial consequences.",Google News RSS,https://news.google.com/rss/articles/CBMizwFBVV95cUxPOXp4SldFMDFhRTh6OVhiSHNVMlJ3bm9hbUtOOXJKTEU4bTU0aWM5eXRTZ3NGcHJqVlZuTnRCX2x3UlNrVHVxbGNidkN2Vks3WnJoSnNHTTAzNXRsVzFvd1cwRnNVQl9YZkRoX3VaNkFJTTR3M3g4bjR3dzREQ0dSQ1lSZWsybmpqb3czdkFfZGUyT0hEX2ZoUXZPNEpWXzVnNTFMWW85dG1OWDhwdXR0Um5PYTduX0JVbHFFcFNZNkZGemtFQ19PeTdjVmdRMkXSAd4BQVVfeXFMTjh6cW1UTDBNQ2taRlJ6eGFLc3YwTUplV2E3THhhSHpkRVlPeE00c0FqQ0I2T0lWaWZDUDQyaE9QQ1pMMEN5Z3VtVTdTZ1otT1VSR0JPd1ZPTERyT2d6Y0lZVFNqTjNycGplWGxmZ0ZKdE1jc3VxNlR2S0dXV3hHMFFVTktxZGRiV2xSb1p5WHU0Tk83d2NYRXFtNW9aMjkzclMwUlZ5LVdoWTBhX0NGSW16UnVnMFBSaGFmTWVJWGszS01XMmxhZlVkNlE0SHRYSGdveVFaV250eTdSZ093?oc=5
Americanas SA,Retail,2026-06-11 03:30:26.659513,,2026-06-11 03:30:26.659513,FINANCIAL_SYSTEM_RISK,WEAK_SIGNAL,WEAK_SIGNAL,2,0.6,WEAK_SIGNAL,0.53,"Americanas’ $4 Billion Meltdown Hits 3G Billionaires Lemann, Telles, Sicupira - Bloomberg Línea",,,Google News RSS,https://news.google.com/rss/articles/CBMiswFBVV95cUxOejJxeVBXMEwwa3p1OTRSRno4RlBlTHZYX2RldmhNcW9idFZyZlItRDN4bnhrZFZTMmNVRVVmajVjclR5ODl5SF90MjcwRGd5ZDd5OHl0WjllTUdFVjA3VGh2ZC1rZkthOGJqZU9lNGV4U1JOU3dia01wVU5HM0VWU3dOM216aW5mVHRWaU9GTWtEcGN6RXZwU3J2T0tWVWtKeHJYQUp2R1VLRXV1OEtGQXVsY9IBxwFBVV95cUxOaGZvRUtyT2NMbENndFI1SzRSRTFNLUZlVHhIRDJIdDZPM1BIdi0weTQzakIwTUJuckREU3pNZHU4WTlxLWFLUUo5MlBmUG9EdUZLbEVBclpjZTh3YnZUVHloYXdGMkdWQ2NDWERsTDlTYUlnQThBOUQwbHI3T01hT2xIY3hsMU1jV1ZCM2xLRXdfa1ZaSFJjMThyREhaVXMyZ0czS0xuLTBxeW40ZjRVelFSQXZrVU03T0xvOXc0Mk9qX2hyUU9n?oc=5
Ambipar,Environmental Services,2026-06-11 03:30:26.659513,,2026-06-11 03:30:26.659513,REPUTATIONAL,WEAK_SIGNAL,WEAK_SIGNAL,2,0.5,CRITICAL_SIGNAL,0.33,Ambipar rally aided Banco Master before both fell into crisis - Valor International,,,Google News RSS,https://news.google.com/rss/articles/CBMi1gFBVV95cUxPX0tJWWdFNkFSbVZ5VmsweGctNEFvVHJJcnRJRkJLd1Q5YlJiN0VvX2UyUERTb3czMWxSbTV5TDFRTGdDUXdFc0NxNDAtclVWb01sWmJleC1RblRjdDhaaGdFN0oyRGZiS3h6bUxBMXFIS3ZPMVpVNmFwb3Y1TVlIOGNDTEE3T0VueVFGZHZ3RUExaEIyWm9YVnlCMXBKVWtFcHUzeV82RjZzZExmVGEtOHFfMTRMbXFtN2xneGVsMEFhWnZMZ19EeXpqNmNaUng2dS1lb0l30gHWAUFVX3lxTE9fS0lZZ0U2QVJtVnlWazB4Zy00QW9UcklydElGQkt3VDliUmI3RW9fZTJQRFNvdzMxbFJtNXlMMVFMZ0NRd0VzQ3E0MC1yVVZvTWxaYmV4LVFuVGN0OFpoZ0U3SjJEZmJLeHptTEExcUhLdk8xWlU2YXBvdjVNWUg4Y0NMQTdPRW55UUZkdndFQTFoQjJab1hWeUIxcEpVa0VwdTN5XzZGNnNkTGZUYS04cV8xNExtcW03bGd4ZWwwQWFadkxnX0R5emo2Y1pSeDZ1LWVvSXc?oc=5
Stone,Payments,2026-06-11 03:30:26.659513,,2026-06-11 03:30:26.659513,GENERAL,GENERAL_NEWS,GENERAL_NEWS,1,0.2,GENERAL_NEWS,0.57,StoneCo Files 2025 Form 20-F Annual Report With U.S. SEC - The Globe and Mail,,,Google News RSS,https://news.google.com/rss/articles/CBMi1gFBVV95cUxPdFJLcU1TMGU2dHFxSzFIdm1zYmtUV3hkNElReFhrb01KM1BzN2dERXBud2RkMWZGVEwtMWxxRnBMNExDZWZoY0hlTnNJeHJkWE5HbUIxUlNYcWdvZF94elp3UGREcW5seklBSmNhQThxWDhJQlZlTkxaRW9XOTJNQjU5eXowOGp1SGl0aXA0TnRFYXNNMXZEZGZUaDBLdGtlNzhZTEFlUWluRFVzV3Z2SDB1cWpXLV9kOS1UV2tQZElBbGRaWk56SUctLVY3M2hyaEdzMU9B?oc=5
BRB Banco de Brasília,Banking,2026-06-11 03:30:26.659513,,2026-06-11 03:30:26.659513,FINANCIAL_SYSTEM_RISK,RISK_SIGNAL,RISK_SIGNAL,4,0.75,RISK_SIGNAL,0.64,Brasília government reaches preliminary deal to rescue BRB - Valor International,The Brasília government has reached a preliminary agreement to rescue the troubled Brazilian bank Banco Regional (BRB).,"This news could represent a corporate risk for several reasons:

1. **Public-Private Partnerships (PPPs)**: The fact that the Brasília government is reaching a preliminary deal to rescue BRB, a company likely involved in a PPP project, indicates that there may be concerns about the viability of the project. If the PPP fails, the risks could shift from the government or private investors to the public purse.
2. **Risk of Default**: A rescue deal often implies that the company is facing financial difficulties or default. This increases the risk that other stakeholders, such as lenders or creditors, may not be paid back in full, leading to potential losses for investors.
3. **Reputation and Credit Risks**: The government's involvement in a rescue deal could also impact the reputation of BRB and its partners. If the project is deemed a failure, it could lead to reputational damage and decreased creditworthiness, making it more challenging for the company to secure future funding or projects.
4. **Public Sector Liability**: As a public entity, the government may assume liability for the rescue deal. This increases the risk that taxpayers will foot the bill for any losses incurred by BRB, which could have far-reaching implications for the government's budget and financial stability.
5. **Regulatory Risks**: Depending on the nature of the PPP project, there may be regulatory risks involved, such as non-compliance with environmental or social standards. A rescue deal could lead to increased scrutiny and potential fines or penalties, further increasing the corporate risk.

Overall, a rescue deal for BRB suggests that there are significant concerns about the project's financial viability, which could have far-reaching consequences for stakeholders, including investors, creditors, and taxpayers.",Google News RSS,https://news.google.com/rss/articles/CBMixAFBVV95cUxPR3JnTDdYZVNhSEZZSVFGc3pHMTdmdEgzcnQ1M0s5dVBoTGtEZ2lyWGRLa1RXdC1NZGdIdVdmUmJZWmJkbGV1RlgyQVBoOU9OQzB4R1lIVFY5V2NSX25BYndWOWZWVG10bW1Mend1d0ttcXRha1ZNR1diSjBzNzFYcnZJdnhZelRNLThyY3FzaWs5NkRQbVE3ZV9DYnA3VWFBa2lDc1JhYnhCMlNMeURGN3RUem1QdEJKUndZbld3a2lGUjdY0gHTAUFVX3lxTE03ZW9qRFJFZ3VNakVXWm1Lb2ZWbUxpRjlrdkZrV3J5dWZsbHc4R04xdzRGZjZ1WTNYV3BNT0g1R2IyLUFfT0F1NHl6RENKbm9KUHh2bXEzN0F2Y3IyVmpWRU5GRkg3MFhIcnRRLS1uU1JvMzcxV211RFV5U1gtV1g2NzJobFg5bVl0T25ESW1HX3Y3ZmowUFMzajE0SmlibnhkMkRtLXNKMWEwN1FMTkVoTTBmLXBvbngxcGN6b0g2RG1aVUpuMTVQREhkTUV5YWhzOGc?oc=5
Nubank,Fintech,2026-06-11 03:30:26.659513,,2026-06-11 03:30:26.659513,GENERAL,GENERAL_NEWS,GENERAL_NEWS,1,0.2,GENERAL_NEWS,0.42,Nu’s AI-powered credit model extends access while maintaining portfolio quality - Nubank,,,Google News RSS,https://news.google.com/rss/articles/CBMixgFBVV95cUxQNE93VHp0RERqOXIydGRJMEo3MUg5YXVBZFV4dExWYUxybUdhS2V3ckQxN3p1VWNDajR0QVpVV3hLY19jNVVFdDVqdTVLOUw1VGpSSG5keW5iMHVzTmg5TWxROWt5NXotTUNWRWZNN2xZMHMzd1F2SGVRaTE0V2h6SzFQX1FZRlkyZFF2SkRQUW1SVTJBY0QxR21zcUVLdlRfbmJFZVUwNG93TjJMVF9oVTR0eW8zaEVVMEJ6bDVMcHN6SmFZaXc?oc=5
Nubank,Fintech,2026-06-11 03:30:26.659513,,2026-06-11 03:30:26.659513,GENERAL,GENERAL_NEWS,GENERAL_NEWS,1,0.2,GENERAL_NEWS,0.55,Nu Holdings: Why I Remain Constructive Heading Into 2026 (NYSE:NU) - Seeking Alpha,,,Google News RSS,https://news.google.com/rss/articles/CBMinAFBVV95cUxPaDhGS1I3WnFHRGdVdWZfVEhlMGdKR0dqMUtYN1Z2QWZ0VFpjWmlxWE4yZWlsd2NJUFdYbGdSelY4My1FeG9GTTJubHFocnJWcDRuMVl2TGF2V0VGZE9iNW53RHBGSjJORTRaeS1CTG16SE55SkVpU2s2aThFNHZ6OGVpMWVhSWh3RVhnSDUwc1k0NHNhWWIzbmJnQzQ?oc=5
Banco Inter,Fintech,2026-06-11 03:30:26.659513,,2026-06-11 03:30:26.659513,LEGAL_REGULATORY,WEAK_SIGNAL,WEAK_SIGNAL,2,0.5,GENERAL_NEWS,0.44,Prosecutors file lawsuit against Banco Inter over data leak - BNamericas,,,Google News RSS,https://news.google.com/rss/articles/CBMimgFBVV95cUxPWjREOS1qS1pjTkpkREU3RE1aTmtUQ25pMEtvUkUxNkIzZF8zZjVtX2RoS0NocVA2ZWZoeE5kb0c3UmFlQzMxUWM4Sm13T3A2N1JJdlIyY0dsWmVtcDhvYW5feVVZX29zVGcwdy1FdE5zaGU5dmJaaUZ0ME1yUTZwc1NzLTVfSzBOTmxMZUZGaklhNnlHTGlPeEhB?oc=5
PagBank,Payments,2026-06-11 03:30:26.659513,,2026-06-11 03:30:26.659513,GENERAL,GENERAL_NEWS,GENERAL_NEWS,1,0.2,GENERAL_NEWS,0.6,A Look At PagSeguro Digital (PAGS) Valuation After Q1 Earnings Growth And Ongoing Capital Returns - simplywall.st,,,Google News RSS,https://news.google.com/rss/articles/CBMi4gFBVV95cUxQVkdLb1UyVkVSeFk4WTh1bHNtNDFHRHAxR043S0JBSXhhNU5pT0N5ZTNJQzVpdmsxQlZBX2Z6TG12X1dFcVN3aE44eGVEMTA5SkdVakJkTEJRVHcxMEZ4cEtKY3VUc1FMNU9WM1RXWmctWmZhNFQ1T2hLTzhfVWhzOXdtVC05blI3UGxYcmdHckZIUXpWdEJSajBIZXdsNU9vdGU5YnZoS25kQzBqVWJRZERRaE0yVHVsM3EtVE5jZTh2dE5LaHN1dVRxbkJKaGd0MkI1cUh4R2hIZlV3WG5uQ2Fn0gHnAUFVX3lxTE0yaUFOX2ludHhDRDhBd2J0RnAxeWZETi1mOU85Y3JCNDJLQ09fQldqd01EWVBKLUZidmtNMVpWcWlHaWd3X2wwVGdta3FaS1Zxbk1nQjNkOThTVTV6SUc4SDZzQkNZR0l1LUx6QlhQcWxpRzdCNGFRSTF2a1UzRXZONjFrSlY5ZXpSNU9EY2kzcDRTQ1AwNUk0ZGYxQWRVSXVzSm1mbVozV01QcHNSMmJJMnJhd01uT3FuYk05SC1jM0ZqZncxMXZLZkdkS0NwUVYzZHB0bGZlMlRuSVlVdndxQXpqNTJOZw?oc=5
Ambipar,Environmental Services,2026-06-11 03:30:26.659513,,2026-06-11 03:30:26.659513,GOVERNANCE,WEAK_SIGNAL,WEAK_SIGNAL,2,0.6,WEAK_SIGNAL,0.38,Ambipar blames former CFO for financial woes - Valor International,,,Google News RSS,https://news.google.com/rss/articles/CBMisgFBVV95cUxPay1mQV9IdnRoUVRSaE01TW1nQ1puU1EtMkFFOXRVMERVc2RXaVNkUjdhcXBybW5Pc0pZeEVaODJpa1QyYUJ4RGplV0dzMl90ekpGLU5RTExkeWRfQU5xZzZPMlpvdWFvTTUza3BMVmdhWExSU0xEYzRSUlRsSDhwaUZhdG9lNXljNEJmc0pjMjBuY09qSTNfUkNtYUFVRnBxQVF3a2Y3UzYyZTBPSnhjLUlB0gHAAUFVX3lxTE5OSHU4UEdFZzllcVFUSXBibXhQNFRsSE1RTG4tWUVjODBGNHpqdVVQMHBKMEg5OUFZSkVBZXRJZ09xUnBLdlE1di1MdDd4dWJVUnJnX1ZwbWtDVDBjTjNERUJXOV80cWJqNUdCOGZqTjBhZUVxV0pZb2JYU005eUlsTmJkS3Z3N3pZbENCT0trV09YajJBZkFCXy1EX3YyT2ljZzdRWDRmeG5mb29rSTVWZkx3R3hJRlBjNXdPR1lXZQ?oc=5
Braskem,Chemicals,2026-06-11 03:30:26.659513,,2026-06-11 03:30:26.659513,GENERAL,GENERAL_NEWS,GENERAL_NEWS,1,0.1,WEAK_SIGNAL,0.37,"With new controlling partners, Braskem races to halt cash burn - Valor International",,,Google News RSS,https://news.google.com/rss/articles/CBMiyAFBVV95cUxONTNRUlVra2xvdi00amFyVW1kekF4alBSOThuWWZKX0t2MmtFUmZfaFFfU1dYQVVxQ3BkWENfODBid3I3M0hPNG5HYVZsNHpYZWlaZ3Eyb3lfenI3MHBSb2tycWJVeWR2XzJwX2ZpWTBtckdJb1cxTlFLSi1hYldBVjJva1hGbjFmQ2FEZXR6aDV4TmJZUmMyc0tvRldBWnNQZUtWWk44OFhsZXIzenR3M3NFazFpZ0ZSRzhCclN2ZlZfSlVWejE2NNIB1wFBVV95cUxNa1hwQkstWmdHUGt0V1pyR1N0bnFoaGZfS1FwSVh4Vk8wb1psdElkMS1NSDROc2g0MmxGSTNuQjdfY0ZfOEF2ejhDVG1vWm1KQ1Q0cl9pcWhOMmFJaExzRlk2Ri1GTFAwQ3ZlY2k2Y29land3SEJTZ1BYcEt0TDFqUVRoS1MtUjRqTlZhWnNXeVRQQVcwQTFDT05HbGpnY3oxekZUUEJidDZjbXRCM01pcnk4VmRQMGw5WGZhSVZfQWVEMW9yclFxeFhGMFowY1phVW9uYWdyTQ?oc=5
Braskem,Chemicals,2026-06-11 03:30:26.659513,,2026-06-11 03:30:26.659513,FINANCIAL_SYSTEM_RISK,WEAK_SIGNAL,WEAK_SIGNAL,2,0.6,WEAK_SIGNAL,0.59,Braskem considers asset sales as leverage climbs - Valor International,,,Google News RSS,https://news.google.com/rss/articles/CBMitwFBVV95cUxOdXBvNGY3aTBOMVlGUEd4Vm5xalp4NGQ3Z3ZLcFExZW1Nb2ZCMFVnei1NYjBuYmpEYmhBRFBmQkROTWRKRF9TUUlaLUdjWDZpSHFPaGgwQUVyX2pqc1pXSUtTd3dEZzBtdlJmYVNMLVJfbm1VTkRyZVktYjg0bW5UNkJNS2VxRmV4LURhWEhSN3JuV0I2Z1lRblRqREwtVmJNVE43UEZUOHF4Y1JOTmt0YXRVVzA1RUXSAcYBQVVfeXFMUFhRb0gxdWlrbUM3LUlteHhDZEJQckdoUXlWeFpFX0R5Ujk5MWdMZ0dKMGo0Mk1Oa05rcnRTRXJKb0V6clNzRVYxLXNFVW1HUmtuYlBma3BDc2w0bVBWZzNkUG5NV3JJOFQwRXZRbzJMQjMwVkNKSExnZUdyVU52MjZxTWJvRFRoZ2NLZHVRX0pMWDZVZDdENFlteFBsdGdYOXNmRl9JOUlCSlBNRXkwUDBjNkwxaS00cTg3RzRLSUwyVm0tdU13?oc=5
Eletrobras,Utilities,2026-06-11 03:30:26.659513,,2026-06-11 03:30:26.659513,FINANCIAL_SYSTEM_RISK,WEAK_SIGNAL,WEAK_SIGNAL,2,0.6,WEAK_SIGNAL,0.35,Law that allows the privatization of Eletrobras published - Demarest,,,Google News RSS,https://news.google.com/rss/articles/CBMijwFBVV95cUxPYkQ3MHJyME1wYlM1LWR6aFg1TVh1YUVxaEY2M250WmhnOFp0QmlsZTZFcmM2ZGhkM01XUjRDb1N6SjBCX3hJdGxDdGdvbm1rYW1MQjhpUkhwMGJrMkVRakRzNlNXak9KaW5aQmYxYnJKODcyS1ZPa29TNTJvam5ZbFR4b3FwcW5qM0QySDNTOA?oc=5
Eletrobras,Utilities,2026-06-11 03:30:26.659513,,2026-06-11 03:30:26.659513,GENERAL,GENERAL_NEWS,GENERAL_NEWS,1,0.2,GENERAL_NEWS,0.5,Centrais Electricas Brasileiras SA (Eletrobras) – Council on Ethics - Etikkrådet,,,Google News RSS,https://news.google.com/rss/articles/CBMifEFVX3lxTE9fYzJRc2xqSGFRN0tWMi0xbTY4Z3VRVUdyRV9rNUJCZXpwaDB4akRtcll1dm9LeHNBb1pIdEEyeU1oZDgxcHRHcWFPMTZTaFJtNHVha2lxQ2JRdHJLSVpLU3drc1BiUGhBYmNVSzFJZnVXdkZsTVh5T2NQM2w?oc=5
Eletrobras,Utilities,2026-06-11 03:30:26.659513,,2026-06-11 03:30:26.659513,GENERAL,GENERAL_NEWS,GENERAL_NEWS,1,0.2,GENERAL_NEWS,0.41,"Âmbar, owned by J&F, acquires Eletrobras thermal plants - Valor International",,,Google News RSS,https://news.google.com/rss/articles/CBMiwAFBVV95cUxOV0dDd21oeXk1QWkzMnZJZFQ4OVl6QWdfZG5MTUt0R1FKbGdBM2p5N0tBU2JreFo2Q2VCcHBrQjEwWWJQRUc2RC1RZmNlMTN6V2t0Z0IxeU5TeFF6eGI1TGpaZDg0Um43MDY2cVREeEF2MXFJU3E5UlJNYmg4ZjNZb3JZaWdtY2VkUUlQOW02TnRFYk1hYnhYVDNsMUJ3QnN4VlRadnBMeDN4MUYyVWlCMXBmYzR1cW9YQVpnWWxVQ2PSAc8BQVVfeXFMTXFHXzI2RmdfTzB5YzdmTmRhSVFyZUJweGFkQWNNY2NRT3pkMHJiRkZEanIyTGxMUnRvc2NwZm8zTVdZVFFrLUY0bXVEd3Q4QXB1bEgtRnhJRHpmMjZEYzRYZWg0SjdJZE9ndmg3VjY2dkFzd25iOXFvbWVxVFpaeE9HeEZOWXBuaU1HNzJnU1ZnWXhXV2MtbkVjeVltVGNYUmhGY3F5aFB3WTFkUlp2ZEJULW82S0NyYW5GVVdaSXo2UDhIMGFxazBNcU1peWp3?oc=5
Vivo,Telecom,2026-06-11 03:30:26.659513,,2026-06-11 03:30:26.659513,GENERAL,GENERAL_NEWS,GENERAL_NEWS,1,0.2,GENERAL_NEWS,0.53,How Telefonica Brasil S.a. American Depositary Shares (each Representing One) (VIV) Affects Rotational Strategy Timing - Stock Traders Daily,,,Google News RSS,https://news.google.com/rss/articles/CBMinwJBVV95cUxQTTVxOVFNOXZnZlh0RmFEX2FoUThTZzlrWFJQQjg5eHhmeG01bk1ZYm5SVE9CNTFIVnJwbUxFNDZLR09RODh6cTg1akozQXIyV1Z3aDhsOVZRZ3ljTkxLRG1OMnhQamg5T1JVSl9wZXVTQ0dTbkwzM3dYcVNMbzdIZ2hBdlRPa0FRSU5raUJXVEdpMUJWUXJHdXlGTjE1YkpsSGVmSkpsd05NNHk0QU5ab1BPR3I0VEgyRHlMXzJvZU1hdzJpSlAwQUoxdzVZNE10Nm9zVGVXV05mdzBFSVNoNGthaC1meFlRUUxLMVBlcEdSUms0a2Y3LUFpV29jUnZ3dDZzeTRxejl0MlJfd2NWbWtrbGVkTzVkV0k2TXI3bw?oc=5
Vivo,Telecom,2026-06-11 03:30:26.659513,,2026-06-11 03:30:26.659513,GENERAL,GENERAL_NEWS,GENERAL_NEWS,1,0.2,GENERAL_NEWS,0.61,Telefônica Brasil S.A. stock (BRVIVTACNOR0): Q1 2026 earnings and dividend move in focus for US inv - AD HOC NEWS,,,Google News RSS,https://news.google.com/rss/articles/CBMivAFBVV95cUxOSlNZSzFYYWV5bnJFM2drQjJBS0xfaEtrRnNDd296RDY0TDZBdnZycFpHTVdGZ1NBalc2NXF4TnV1ZVdNWjRSZ3IyZkdJa1FaT0VHd3JfWmVyYXZLc2xRYl90WkpHeW1nWDlVdExDZURuR0k5d0k2LXdpcTRxSkFpd0R5WDQ5ZGxPcVpiMjljX0pxLVlzZXhENGp3cW5rWkNINzh0dWFuR0hMemVoVjVCZFJfR1ZjUmQ3UlA3NQ?oc=5
Raia Drogasil,Healthcare,2026-06-11 03:30:26.659513,,2026-06-11 03:30:26.659513,GENERAL,GENERAL_NEWS,GENERAL_NEWS,1,0.2,GENERAL_NEWS,0.42,The Return Trends At Raia Drogasil (BVMF:RADL3) Look Promising - webull.com.my,,,Google News RSS,https://news.google.com/rss/articles/CBMiZkFVX3lxTE5qT1lYSVhTWFVHMHRBUFI3YlhBN2FXUElJMER3SC1JV1FaNHgtN29YYUNMZ2VvcGRCNGRXcVgwTkY5VzY3emVPSXJ1aW5hVGw2SWxCUjkwcVJCUG9ONG80MkloRVdOZw?oc=5
Braskem,Chemicals,2026-06-11 03:30:26.659513,,2026-06-11 03:30:26.659513,GENERAL,GENERAL_NEWS,GENERAL_NEWS,1,0.2,GENERAL_NEWS,0.43,Earnings call transcript: Braskem Q1 2026 beats EPS forecasts significantly By Investing.com - Investing.com India,,,Google News RSS,https://news.google.com/rss/articles/CBMi0AFBVV95cUxPSnNrdG83ajdTdG9rOHRiTmxWOGpqT3pQYWNNVlVQdUFOM0VhSUVKeWpfYzNfOEkwbXpwa1R5WWUzVnloR1FyZUVJRnBaV19mZWJ1Y2R5QVAyUy1GR25Uckh4VC1SY1N0SEhybmRhYVJ5ZFlfWVBGWHpWRzNIVW0ybDB0RnZkT3JHSWcwUHRPUXdmdHZQVWpLeE8wYkJ1UmpzWnNLZm11Z2t5NnJZSjlWY2Jrblh2bmxTSlU5VkpZMXpXc0xXR0prc0tWbU14Mll0?oc=5
Vale,Mining,2026-06-10 03:31:06.490137,,2026-06-10 03:31:06.490137,GENERAL,GENERAL_NEWS,GENERAL_NEWS,1,0.2,GENERAL_NEWS,0.55,Vale (NYSE: VALE) schedules 1Q26 results reports and investor call - Stock Titan,,,Google News RSS,https://news.google.com/rss/articles/CBMipwFBVV95cUxQZHBlMFAxUDBSa2FLYlZnOHYzWDhCSTN6YU5NMFhEX0h0Y0hzSkU3eWxPQUg1RWhTY2h0ZEtkenpJdDhNR25UU2lzd0VKT0lPZjNlTGtWZFlxbWViZk9IeU1BNDh2UlZsX2xtdGE5Z3V4bVMtcjAyZW5Qa3p4dFFNODNpLVo4QUZjYWpKcmJuckhJYjhrSzd2a1VGRXlqSmI0YmhqT0lKRQ?oc=5
Ambipar,Environmental Services,2026-06-10 03:31:06.490137,,2026-06-10 03:31:06.490137,GENERAL,GENERAL_NEWS,GENERAL_NEWS,1,0.2,GENERAL_NEWS,0.51,SAP and Ambipar Unveil Net Zero as a Service - SAP News Center,,,Google News RSS,https://news.google.com/rss/articles/CBMicEFVX3lxTE9ONFlfdTJWYk5iTGs5ZWlEaElTRXdONWpUbmpOaFNsWHdkNGRhMU9qWG9DbGZwSlFMcTREeEE5bURCNS0weDgtU2FwNmRkQlJuUU1vdWYxUF92amxtQzVaNUI0OHVhTEVzdVdNcDR6UVjSAXhBVV95cUxQYVd5eEZhcENCZkx2Ynk4MGRMUGJUQUw3QThLZWNjVHFxbHh4eW9iUS02bUhxYm9pTlBMOXI2eUFJYUdGNGQtVDdJVlRyWVdVNnRJYW5fSkVlYnBRYTdMTWJLcHRfV1ZpTGJrZFA1VHFPYV9YdTlDblg?oc=5
Nubank,Fintech,2026-06-10 03:31:06.490137,,2026-06-10 03:31:06.490137,GOVERNANCE,WEAK_SIGNAL,WEAK_SIGNAL,2,0.5,GENERAL_NEWS,0.43,Nu Holdings Buyback And CFO Shift Put Valuation And Risks In Focus - simplywall.st,,,Google News RSS,https://news.google.com/rss/articles/CBMiwAFBVV95cUxOSlBLUEhNbXJCT1ItT1JHM1NIQ1Q0LVZHTlRSVGtoNXZBVVM2N1dRdlRWd0FvdFEzaGZWc2ljeVV1S3VBQ2lYeW9pdldFaldkQzZrMlNRUm1GOUFDblduVW0wd2JpWEJTc0dfWWJKeGI5SVg1RjR0QW1jelFGWENlZ2RtY2V0eFhxdGlNTkpHSzB4TFJEZ2tFZmtxZGhTQ181UDY5WW85a181WHJRV1RaZ2NtblppZDM0RV9ZeFBVNWrSAcYBQVVfeXFMTTk1ZGtOOUk0SlBaVDN4ODlGdlNEa2lfcHVOLVFqZUwzM0tJZlh1SVMzaFFRa0JtX01lZDBXS1gyZWlvVVFVLWlfZFlwT1lMYnNkNUl1aDU5TFdIUkxoeEE1eEpObG1qSjhzdENMa1EtQkJBX3ZiU3FYUGltZDVfclcxU1d5QUVuMENYVnZnc29aeWd5NFZjX0l6cVVjN3VLTnBpQmRqdmk2a2dLQXBZU1RWS0Fqd2MtNWViRnBIVVpacHpVRUdB?oc=5
Banco Inter,Fintech,2026-06-10 03:31:06.490137,,2026-06-10 03:31:06.490137,GENERAL,GENERAL_NEWS,GENERAL_NEWS,1,0.2,GENERAL_NEWS,0.42,"Banco Inter, Chainlink Power Real-Time CBDC Trade Settlement Between Brazil and Hong Kong - CoinDesk",,,Google News RSS,https://news.google.com/rss/articles/CBMizgFBVV95cUxOVFQ3ZWoteTVNRmhaQU0tcDNaMm1uYVBHSHVvS3ZIWWhuVGcxQVlfVTltd1FFSUxkLUg1UUFkdk5ESWpwMmxveFN3dWhWQXdVM1VTRnVjeTRFal9nZEZrbkNBdFZ6dTJ6cnBKSUh0Y29kczZrZU5QWFZYaFNHOS1CUjVGSnpyd1ZyMkJqUWp0UWJsU1FNUllzVnV5M0dtTlk4bVJkQWtqdXhnRGJ6OW9uME5fY0UwYmhNbWFLODdPZ2Fsbm94TUdDS1N5YlNIdw?oc=5
Stone,Payments,2026-06-10 03:31:06.490137,,2026-06-10 03:31:06.490137,GENERAL,GENERAL_NEWS,GENERAL_NEWS,1,0.2,GENERAL_NEWS,0.52,StoneCo cut to neutral at Citi with a 90-day downside catalyst watch - MSN,,,Google News RSS,https://news.google.com/rss/articles/CBMivAFBVV95cUxNQ1QtQjhkcVRaZmxsbHlBRHc5c19qVHpEb1I3elBmNE9KRW9WYUlJaW5PQU9pZmlrM3RRNVV5RkYtUlFiNnZZSlVvM2xuWV9SSkZSUDM4Rm0wd3hEMVMwUmxwcVRGbm56MERQTU5FMklXOWdHWVlFSktvRE1TMmNmYUlCcFhNR0FWU09XTnhnWWF5ZUFxNThCU3VTenFLWmZnMy1MSEZEaFFVZ2F6Y0p1X1R6UW1SQ3p1SlY5cA?oc=5
Vale,Mining,2026-06-10 03:31:06.490137,,2026-06-10 03:31:06.490137,GENERAL,GENERAL_NEWS,GENERAL_NEWS,1,0.2,GENERAL_NEWS,0.54,"J.P. Morgan Downgrades Vale SA(VALE.US) to Hold Rating, Raises Target Price to $18 - Moomoo",,,Google News RSS,https://news.google.com/rss/articles/CBMioAFBVV95cUxNRWh3X2NaUkwtTmc4RjR5cHozUDZ3RHBVRDNHckNyZTFBazlUMzJLYUs0S3laQ2xtTjl5bUU4cVRtZ2pHaVZ5NVhKUDlOcnhhLXFhN1FPMGtUeHFhX1NsS2dHZGF3WktkQVB0UmxxamRHUnJxdGpJb1BUZkgtN3laV3B5ZmRpdm9jeDNjS19FT2VPdXVpNEJTR0cydi1BQ2JR?oc=5
PagBank,Payments,2026-06-10 03:31:06.490137,,2026-06-10 03:31:06.490137,GENERAL,GENERAL_NEWS,GENERAL_NEWS,1,0.2,GENERAL_NEWS,0.66,PagSeguro Digital Ltd. (PAGS): A Bull Case Theory - Yahoo Finance,,,Google News RSS,https://news.google.com/rss/articles/CBMigwFBVV95cUxPS0wtT0dpOWMwRWdlSGo1V3J3VmlIRnY3NHAyeXlNOVViS0dGdnpEbW5CV2lxLVVIVmY3WkYzQUI0aWJhaGFlQ0s1NDhmOHdvdnRwUE10dTJuM184c2VzN1o5RnVoTkZJaXdMLWI5a2NRbnl1VUxSZXhsZDJFcHBtZnoycw?oc=5
Braskem,Chemicals,2026-06-10 03:31:06.490137,,2026-06-10 03:31:06.490137,CREDIT_LIQUIDITY,WEAK_SIGNAL,WEAK_SIGNAL,2,0.6,WEAK_SIGNAL,0.6,Braskem weighs court protection as liquidity pressures mount - Valor International,,,Google News RSS,https://news.google.com/rss/articles/CBMixwFBVV95cUxOcmpCWGQ0REJwbkZPNk9QWkUzdnFPV01nRGhfdkFLUXhpUkhkUlVnT0h2Ni1BdFp3WTQ2NnhNek9NdjJ0Q200ZWZHbHB6VDZseXZrcGJGS3ZXNHRmcUQzZ0ExQkRUR0VJaWVwR2dQdjd5WW95Ulgtd3hFZ3BqS3NiSVVTVEhscDFHRFRYcjgxNEp6UHJSZkdPRDdjOGpSX2F3MExRZVVCcjhRUmV0aEQ2VVFHeml3am5IVUE3VjJlX1dFTGlEU29F0gHWAUFVX3lxTE9xNVVBQU55d29oSzJoaTVFa2VUWVVFWmMtdlQ4YkNPRXo4cVVNcVpQbWpNd0NWYlA4ZHQzZ3dnWTgwV29Zc1hJZnV5bzZwMGFfU3JnNVdlVlBTc3hfLWJ2ak80ZkoybEdodzg4amxvVlYtajkzTGNaR0RWYUJpdnVZNjNuR3R2c1Y4S281TEl5eXlPS3huVkZIVVZWR1R6Smd5YUIzc3NVOU82M1g0b0ZaRDNzeGJtQ2lGaFhGVTZlLUVKUUhBQzZCdDEtVmN3US1kUWRHNWc?oc=5
Eletrobras,Utilities,2026-06-10 03:31:06.490137,,2026-06-10 03:31:06.490137,GENERAL,GENERAL_NEWS,GENERAL_NEWS,1,0.2,GENERAL_NEWS,0.51,Eletrobras Announces Merger with Subsidiary Eletropar - Investing.com,,,Google News RSS,https://news.google.com/rss/articles/CBMirgFBVV95cUxNNndybDFYaXFKb3EteHVSaUw4UEFlSGRZcENMS1pnR2FLQVdyZW5sNzJWMzJiOUJsaFF3Z1RiYjByenpBaHU1NDhCSnNtOTR2ZHV2M0NoMDRxZzh1MUo2N3BzMXRyeElRMXJoeGo5cUEteUFDdGN4UGhJdm1jdTNlU2FJZHZjQTdEQzJndG9qYnJaYjhxODNWTzlLRnE0WVphVUdvTE1lYlFxYkpncHc?oc=5
Vivo,Telecom,2026-06-10 03:31:06.490137,,2026-06-10 03:31:06.490137,GENERAL,GENERAL_NEWS,GENERAL_NEWS,1,0.2,GENERAL_NEWS,0.56,"The Zacks Analyst Blog Highlights Shell, Chevron, Allstate, Telefonica Brasil and OMV - Yahoo Finance",,,Google News RSS,https://news.google.com/rss/articles/CBMiogFBVV95cUxPYk1udnN1ZUxsZnpDUzhnUGl4eEo5blJ4YzhCbTVtOTBBbmNyeEN5TFJQR0pwVVVDRzRnRlF3Wm1HeTNKXzZ2TVJzbUd1MkJzUkExRjRiZEhTTV9nZWpkZTVwU0tsSmVwV0l0eEdWMHRFUzVkekM4cE9iaDRHRXhyNEVTRXgybzdLYjRsUXo1OXR1bTRrTXNEeFdkLUxIcjY1LUE?oc=5
Vivo,Telecom,2026-06-10 03:31:06.490137,,2026-06-10 03:31:06.490137,GENERAL,GENERAL_NEWS,GENERAL_NEWS,1,0.2,GENERAL_NEWS,0.52,Telefonica Brasil (VIV) Retreats 1.54% as Support Test Looms - PCR Moving Average - The Legal Advocate,,,Google News RSS,https://news.google.com/rss/articles/CBMirAFBVV95cUxOUU1CTlBub3JtWWxxZFRnYURibFBOWUFVeTYwOHozY0tEUXZXTWg0WE9xdFBHOWV6ME1mMUI5OGk0WGM4ZVpVRkx6SjdmSVVRUUtuTnhKNkVJT2hiaUVfQjNBQmEtWkZkVUo0RUMxV212bGFhc3htOTZHWTg1T2NYSTV3dHBIZmxWanViQ09jb1hjR2ktNzhCelNNc0w0VXlJNXoybTFFalBpaGkw?oc=5
Braskem,Chemicals,2026-06-10 03:31:06.490137,,2026-06-10 03:31:06.490137,GENERAL,GENERAL_NEWS,GENERAL_NEWS,1,0.2,GENERAL_NEWS,0.54,Braskem Q1 Earnings Call Highlights - The Globe and Mail,,,Google News RSS,https://news.google.com/rss/articles/CBMiuwFBVV95cUxQY214ajZvV3BtdHRTRDhneVJGbXRlTjBaSG90eDB2ZjhkNjVlVFF0enF4TkhGeENfLV9sbFh0NWltMVR5a1FoUTY3VUpiTDZ1MWtfTER3VDBjQXRTOWY5a0xnVXp0bEp3S2ZGR0E3ZjJZQmx6SWZUMmlCS2NYSGJFcEJDN1d2RWhfaUFDN1dQdXhKUTl2eFlTdUVOSkJ4Sl91ckFjR0p5WW9qWndIOTVwWmV4cXdvSnIxZEFr?oc=5
Stone,Payments,2026-06-09 03:31:31.515574,,2026-06-09 03:31:31.515574,FINANCIAL_SYSTEM_RISK,WEAK_SIGNAL,WEAK_SIGNAL,2,0.5,GENERAL_NEWS,0.46,StoneCo Ltd. (STNE): A Bear Case Theory - Insider Monkey,,,Google News RSS,https://news.google.com/rss/articles/CBMihgFBVV95cUxQTU12YXpjaGlGamxkRVdGaHZSRzgzS201cVM5ZUszWVN3cVBmdW5OeElocHR1RFNBcVhJOGxpMzU1Z2ViQmllLWYteTlCODNnSEs5NzdVREF3dXNrel8zdEcxbS1uYllaU3RsQU40NVZiY2h5cEtYVGtvNXJHcTlVNFdGc2RPd9IBjgFBVV95cUxOaHhaOTFxaWFHVDJXUHlTNFN5MlIyQTVCbWZVeV9SN09YTU1USndJUWFzdmRjclVjSldWNWlQdU5WTmZ0NEdzUGR5SXotMVBlRnBlMFNfN3YzeXN6VUNpZVlFVGlkZklvZjkybFRGRDQzQTFRNmdvYXhXelA3cmNWTjhJal8zNEo5WGt5QWl3?oc=5
Ambipar,Environmental Services,2026-06-09 03:31:31.515574,,2026-06-09 03:31:31.515574,GENERAL,GENERAL_NEWS,GENERAL_NEWS,1,0.2,GENERAL_NEWS,0.51,Ambipar Participações e Empreendimentos stock (BRAMBPACNOR6): Trading near 52-week low on Bovespa - AD HOC NEWS,,,Google News RSS,https://news.google.com/rss/articles/CBMiwwFBVV95cUxOLW5vM2JUOFdFVE5MZzY1bmdSNVU5Y1dUVWVsZldiV0lWZHlSaXl1TFpHTnRXOHdVOVJGSGZaeUl2amJ1eDN2czdsTHprcExDS1haRi12RjQxT2U4d2RuV3Azb3FMN2gtN3I2ZTlKVzN0d0NrQTNhY2wyWTJOSHl6eVVhRXRCWS1oV2otbG9ZZnVza3ZoUFlOZFlOU2FqMFRoYUo4RFpNcjBRVDhpWTN5bVRzWlNNdUZWSEw5QVFWVU5ITVU?oc=5
BRB Banco de Brasília,Banking,2026-06-09 03:31:31.515574,,2026-06-09 03:31:31.515574,FINANCIAL_SYSTEM_RISK,RISK_SIGNAL,RISK_SIGNAL,4,0.75,RISK_SIGNAL,0.83,S&P rebaixa nota de crédito do BRB - Correio Braziliense,"The Brazilian stock exchange, S&P, lowered the credit rating of the Bank of Brazil (BRB).","The news that the Standard & Poor's (S&P) has lowered the credit rating of BRB Bank (BRB), a Brazilian bank, likely represents a corporate risk for several reasons:

1. **Loss of investor confidence**: A downgrade in credit rating can lead to a loss of investor confidence, making it more expensive for the bank to raise capital in the future.
2. **Increased borrowing costs**: With a lower credit rating, BRB may face higher interest rates on its debt, increasing its borrowing costs and reducing its profitability.
3. **Reduced access to capital markets**: A downgrade can make it more challenging for BRB to access capital markets, such as bond issuance or loans, which could limit the bank's ability to fund its operations.
4. **Increased risk of default**: A lower credit rating indicates a higher perceived risk of default, which could lead to a decrease in asset prices, reduced customer trust, and increased regulatory scrutiny.
5. **Impact on business relationships**: The downgrade may also affect BRB's relationships with other businesses, governments, and investors, potentially leading to reduced contracts or business opportunities.
6. **Regulatory pressure**: A lower credit rating can attract more stringent regulatory attention, which could lead to additional capital requirements, increased supervision, or even fines.

In summary, a downgrade in S&P's credit rating of BRB Bank can have significant corporate risks, including increased borrowing costs, reduced access to capital markets, and increased risk of default, which may negatively impact the bank's financial performance and ability to operate.",Google News RSS,https://news.google.com/rss/articles/CBMipwFBVV95cUxOdGtpSlJMLW52Z3Zab21GcWpscHkxblBiV0IyRFNBbERySi0tQzJQNFc5YXozQVIxTmtIaTFqeTFjLUhFVmxnckhTdmstLXBRbzB6UlFBbTBwcGhqdnVBUDlLUzFISDJoZ2tfeG1vNXg3b3ZaMnR3dGJBa0RGYXh2OEJhYkVOZnNSaW9ja0VYOERFcXdXOGVPekZIUGUtaDczSGZjcElzRdIBrAFBVV95cUxNQ195eWFfTzJTNEpsYkhNdHpyYUVPcEctN2xYcElsdE1HdmdCNDV6Rm9hd01OMFBkUDRWa3FIREpnNDY3R3poVzBsZ1JmOGRrcFp0VnFiZHQ0Y0VCSDl1LTNjSmw3cl9LaE53c25CbVh2ZGNiUVRxRGM2Z2FBTWtKMnJweHVpUFRKVlQ2ak44UWU0QkRGazBLQ0JscGJHN1BwN3gzMGdDSzZMT1l2?oc=5
Nubank,Fintech,2026-06-09 03:31:31.515574,,2026-06-09 03:31:31.515574,GENERAL,GENERAL_NEWS,GENERAL_NEWS,1,0.2,GENERAL_NEWS,0.57,Is Nu Holdings' (NU) AI-First Strategy and Record Earnings Reshaping Its Growth and Risk Outlook? - Yahoo Finance,,,Google News RSS,https://news.google.com/rss/articles/CBMieEFVX3lxTE5WS1RubWprSnJOdkpkVDgydDlZYU9vMVB6eUptc1JyY0NDMlh2ekhIZUFqMHNEWE1nbUlRdVMxc2d6T2ZZZVFRM0Y3YzhnTmxjOWVCZ3J5SG9nYWx2NTV5WURWRGhrZXJoRGpob09ndlo2SklxQy0teg?oc=5
Stone,Payments,2026-06-09 03:31:31.515574,,2026-06-09 03:31:31.515574,FINANCIAL_SYSTEM_RISK,WEAK_SIGNAL,WEAK_SIGNAL,2,0.5,GENERAL_NEWS,0.42,StoneCo (STNE) Is Up 6.9% After Q1 Earnings Surge and Extraordinary Dividend - What's Changed - simplywall.st,,,Google News RSS,https://news.google.com/rss/articles/CBMi1wFBVV95cUxQbVhLdzlqNjR0LWN2Z3VkaHpOTHh0VHJvZjdrMUhXc091cUk0amREWmgxTl9SV2YweFF4XzM5SXZHeDM5cU5rU093ZDhqOEhPVlNJaWhZVHpXcnpWeHF0WXJYZHFQUTVDSkZ2b292dF94VlBSVVNFdWdRUFNpSkpwM2dZQTcxVkdrUHNTemN0aHg0cFFmaklQRjhodGRDWGRtMXlsRWlmaEpPbGt4QzFmRWJTM0ZtOEpkU2xNaFJmN0tRRDVXN1lEbC1WUEtZcDBhVnJhV1huSdIB3AFBVV95cUxQLWVnY2o2MUYyUkZ6d25lbW1tVGJwcEZSNjFadU1NTmFUb2F4Uko4c0FUVDRUa1pRTmJGRlk0bEVDMGhHQnk1UDB2U01JUGNYLTJLRzBzcnVKWDhnMG1HQ1Q5c0xxWjNrVU9Idm1XZHcyTjIwcmd6UnZNdElMWXMwNFE5RDd3bHRuRlN5U0YtTjBWWHNQQmpHSUQzdkVhTXFqUGhVTXYyVWpaMUNCdGd5ZVdKaXBYdWtJcF95Wi1tVmFRbklHcmJfSTJXVUlJaVllRWEya1dMdGd0d0cy?oc=5
Stone,Payments,2026-06-09 03:31:31.515574,,2026-06-09 03:31:31.515574,GENERAL,GENERAL_NEWS,GENERAL_NEWS,1,0.2,GENERAL_NEWS,0.57,StoneCo Balances Growth Ambition With Rising Credit Risk - The Globe and Mail,,,Google News RSS,https://news.google.com/rss/articles/CBMi2AFBVV95cUxPZmFNdEd4QUZWN3A5YkNSZUV5d01KaWZvZi1YNmQ3Zkg2ZlExMUtXQVR2eVctX2lOZVRha2hUbnBQcldaSHpWdVhuQVBMbjQxaFo1UkRQNExhVVppRk5ORzNiS0JZd3RhM2EtZ1ZiUWJVdUdlNkJPcG45MEhwUHk5UTlBS3hZYmdXTXdvUUoyZjlnTEMzcU1SSTAzQ1UtZGxFa0UwcHFNckE4NktCZGdWaVliX09hUVk0dEdtTDFuTUpMOFp4bXdOQTFkbVZOMDlXZ3MxZEpMd0Y?oc=5
Vale,Mining,2026-06-09 03:31:31.515574,,2026-06-09 03:31:31.515574,GENERAL,GENERAL_NEWS,GENERAL_NEWS,1,0.2,GENERAL_NEWS,0.54,Where is Vale S.A. (VALE) Headed? - Yahoo Finance,,,Google News RSS,https://news.google.com/rss/articles/CBMid0FVX3lxTFBrSXRiWTJ0WEhweGw1eXlCR3BlQ21YY21jSVNTT2NuZXF0YUhSS0ZlS2RNV0g2bTlnZnU2dDlvRkswMlZESFVVbjNtNUF0NnczckFpTGJYM01ibW14REV2UExCSVZmaGtCeDR2NzNyRWNvZmc3N0xR?oc=5
Braskem,Chemicals,2026-06-09 03:31:31.515574,,2026-06-09 03:31:31.515574,CREDIT_LIQUIDITY,WEAK_SIGNAL,WEAK_SIGNAL,2,0.6,WEAK_SIGNAL,0.55,Braskem Idesa edges closer to Chapter 11 as creditor talks stall - Valor International,,,Google News RSS,https://news.google.com/rss/articles/CBMizAFBVV95cUxPQ05ReVNKaktIbmdhdU5kVE5fb1pSQWRFTmsxMjAteXJoel9rUlc0b3VqTm9ic3hrMFZCVml5dVBqT3dQUWJ5S0JmS1liZzRoYXdYRU9GZHN2VWhxVGExNDFfNjBRRnhlUGJ1cUIxN09YanFVOEtvZWxtMHUxaERHUndxcklaWkpaRUpWbW5xaTNOdjl2bW1zVVdpVU1ieWNIdVZmMjh4a213ZWl2My03bTM5RnROZDNhaUVnRlVXRGJkams0V0ROS1UyM1XSAdsBQVVfeXFMTWZGM0tibVpLMDdkX3Y0QXdNcXF1RmNrUklqeDF4NXg2UWFGQ0FMTkszVUxGS2xoX1VpWmJDcUFVWVpGLXRuRjRQWmRmQ1lPaEZhR05IWEtKQ2doVkwzNTdER3lQU0tqZEFMQVNpT29wakhRdjBoajFHbXR1dk43S1hOMENTRjlfQ2RBSDJTOVplRVVLZC0xb1J3WGxqUks1SlVJQWRsQ0NtVXVaUGhMWnhBVEdBeURHYnR5TE9QdTgzY3BxNHdQZF9URmdiWjVuWnlyTzRwV3R4Y2tr?oc=5
Eletrobras,Utilities,2026-06-09 03:31:31.515574,,2026-06-09 03:31:31.515574,GENERAL,GENERAL_NEWS,GENERAL_NEWS,1,0.2,GENERAL_NEWS,0.52,Up to R$2B Eletrobras (NYSE: EBR) debenture offer for Santo Antônio HPP - Stock Titan,,,Google News RSS,https://news.google.com/rss/articles/CBMivwFBVV95cUxPN1FleTdGNVJBYlhUY3BzSC1HNVBrRGhoaDhHcERnaXB5VUtSTElMcTROUjVZMzJqV2JVS2VQZFFKOFJrUmo4bHBvTHRIeUpMa0ZheDZRX2FUV1cxSEI1T3dXc0ZYQURBd0pyZk8zQ2pSdFN6SU5GV1BzRk4yNUw5eGVNS3ZkdXRrWXAxLWFXbEJfR2FnUGJhWW1wcDBoVExNQlhUc2tGdm9yOVZKWGNtbVk3cTFKcGNwQzdHWElMdw?oc=5
Eletrobras,Utilities,2026-06-09 03:31:31.515574,,2026-06-09 03:31:31.515574,GENERAL,GENERAL_NEWS,GENERAL_NEWS,1,0.2,GENERAL_NEWS,0.55,Eletropar (Eletrobras) stock (BRLIPRACNOR7): focus on governance overhaul and grid assets - AD HOC NEWS,,,Google News RSS,https://news.google.com/rss/articles/CBMixgFBVV95cUxNS2IzWnpIdWZId1ZINVNPZGxkQ2VHczF1V2RnNi1tRjhXLVBwekVtRjN0NG9kRVI2NGl0LUJvWkVnMVVKZjQ1WjdORzdIVzZFZndCNWZXR1lCZ0ZtNjNwZFJwNFRNYzlwM01mVE51anhPSnl5QlF2SjVqdXVnQlR3cklMa2ROQmZTY2t3VS1xaG82NnVvRVVfc0M2aVRBZWhlZlRWYmJEQnUyczUxaFZBSElKUk9EUFRhaGV5d0gzOXhKU2pkbXc?oc=5
Vivo,Telecom,2026-06-09 03:31:31.515574,,2026-06-09 03:31:31.515574,GENERAL,GENERAL_NEWS,GENERAL_NEWS,1,0.2,GENERAL_NEWS,0.52,Higher Q1 2026 profit and cash flow at Telefônica Brasil (NYSE: VIV) - Stock Titan,,,Google News RSS,https://news.google.com/rss/articles/CBMitwFBVV95cUxPajF4bU9sZXcxbWNrTjhEMmxkbENBRzJoZk5sek9HczdEcER0Z0paX3JoVy1KZHpsWURhV3NKS1FTX1gzWHBpZEhVNkxneUo5NU9BNWxRZzMyT3ZnMUI2SDJ2QmtuYlRKN3NoYW8wME5BUnJ4SEJ0VzJFNmdHX2JtLUlZVURvVHhDTXVRdDE1Zi1XZEFhS1pYdGxnYmlvTzJyaFRtVkNTcXQ4aV9objJjWHJHWDRqbDg?oc=5
XP Inc,Financial Services,2026-06-08 03:30:26.943323,,2026-06-08 03:30:26.943323,GOVERNANCE,WEAK_SIGNAL,WEAK_SIGNAL,2,0.5,GENERAL_NEWS,0.44,XP Inc. announces board changes ahead of annual shareholder meeting By Investing.com - Investing.com Nigeria,,,Google News RSS,https://news.google.com/rss/articles/CBMivgFBVV95cUxPaXhqV24yYThZYXE0YlRVSkp1QVZXaFhfZ1JSamRYek1QcFByRUFtdnVuYXIxT1dwRy04WndRNWx0Wk4zNXJ3UjZTQTZValVjeGprcEdlODNiNzV6bExyc2N5cHNOdG9wUU1qX1FERWliUkpmRXFTT3o0VkNCQ2VXM3F2QjRLamVkWjlMT2Nad09WOGdVZy1GRE5qWHhvM0lPZ3dSUEpiaEFpUjlFWGNleVBRTXFlX3VLZTYzSnB3?oc=5
Banco Inter,Fintech,2026-06-08 03:30:26.943323,,2026-06-08 03:30:26.943323,FINANCIAL_SYSTEM_RISK,WEAK_SIGNAL,WEAK_SIGNAL,2,0.6,WEAK_SIGNAL,0.52,Banco Inter & Chainlink Pioneer First Cross-Chain Trade Settlement Between Brazil’s BCB and Hong Kong’s HKMA - Disruption Banking,,,Google News RSS,https://news.google.com/rss/articles/CBMi5AFBVV95cUxNQmZrVGZYRFRpNTBhdXlvY3Y5eVhUR01lWGZ1aEFRRVowOFVOM0xjOE82cVNqcUxWOVN3bFcyZFBlODYybXQ0cnBVWlZDRkN2UGhUdDVJNDBua0dTXzBiZy1CRHN5Ynd6VDVReXFfR3FQendIS3FMUEM0eGlVaDA4TXI2VklncTV1QlY1NDlhUzNtRGx4T1NNX1RFTThKX1pja0pwTURZeUh6TTByRll6NnZST0c4Z2RMb1dPM1RwN0ZrS25BWUx6SHMtU1hGTGo1ZWhoN25remtlb3ZVYlZKQzhrX2Q?oc=5
Stone,Payments,2026-06-08 03:30:26.943323,,2026-06-08 03:30:26.943323,GENERAL,GENERAL_NEWS,GENERAL_NEWS,1,0.2,GENERAL_NEWS,0.5,StoneCo (STNE): Credit Revenue Up 186% Year Over Year and an Extraordinary Dividend on Top - Insider Monkey,,,Google News RSS,https://news.google.com/rss/articles/CBMiygFBVV95cUxPTUhiOUdIdUFfMURWdWtIbG93Qk9UYmlyN3lGdS1ULWZkbFRkMWhoeDRucU5DRkdUbHh0N25ydmREQUpUUzRkUzBSaXduaXNodzZmbHdCeWJwM0pmMmpYZkRBWGJSMzFLSHA3U0U4WVhfQU5QeVZkUFRRM2NwUV9FU1I2SFVWYmhHMzlRc2lDdzI0WWp5MnlIUmd2cEZITFk0NFA1VXdEM1pyQzFpcWpwcTBkRjlfemRvb3h3bTFWZ0pnYmhIVVpwTGl30gHSAUFVX3lxTFBaYVVYczVNTi1ialZHalQ4akhSejg3TTlFQk54dUhLR3o2T3NQRm5ScllrWDNTcGUxc280bTZwVnp2RjcwUU9CaE5yME9BXzQ0cWVOUTlOd01NSWN2X001RjJZazJoWUpDMjQxcVRMRE5ZcHBncjM5TmNQajgwM3dDNVR1LUdHbWliN2lsOWRONWpudnZscFNqZVhWZzcxd0U3UnFmczNId2FRaVlqQkFrek5WU1I1bjNObFIwMXJyMVZJQTVWQVFVeFRnWnJtaV9YUQ?oc=5
Stone,Payments,2026-06-08 03:30:26.943323,,2026-06-08 03:30:26.943323,GENERAL,GENERAL_NEWS,GENERAL_NEWS,1,0.2,GENERAL_NEWS,0.6,StoneCo’s Finance-Led Leadership Shuffle Might Change The Case For Investing In StoneCo (STNE) - Yahoo Finance,,,Google News RSS,https://news.google.com/rss/articles/CBMijAFBVV95cUxPV3MyZklwc21rRVBPN09iUG80SlNlTEpFUnNxd0NEbEoycEI0MGtKbmNaVG5MYWIwbnBGNWNXc185dzBmSzdMOHVEQmtSUEtIU2ZlaWtpTU1DTlpMVGdnMExMT1FmSEN1RTFIbmlYMC1uM0IwM2FaYVdkdm5CV2xGSDMyeml3ZEFCZnE4Mg?oc=5
Nubank,Fintech,2026-06-08 03:30:26.943323,,2026-06-08 03:30:26.943323,FINANCIAL_SYSTEM_RISK,WEAK_SIGNAL,WEAK_SIGNAL,2,0.6,WEAK_SIGNAL,0.55,59 AI Job Statistics: Future of U.S. Jobs - nu.edu,,,Google News RSS,https://news.google.com/rss/articles/CBMiVEFVX3lxTFBBNWd5WGMxcjVIQXJFOUw2SXVEOU5UQTV1dFRxV3FORGNxNC1BcWR1TUJISGtieG5UMy04UkxPMHVocHVlazc1ZXZaUkxRTlNHT0lJSg?oc=5
Vale,Mining,2026-06-08 03:30:26.943323,,2026-06-08 03:30:26.943323,GENERAL,GENERAL_NEWS,GENERAL_NEWS,1,0.2,GENERAL_NEWS,0.6,Understanding the Setup: (VALE) and Scalable Risk - Stock Traders Daily,,,Google News RSS,https://news.google.com/rss/articles/CBMixAFBVV95cUxOMm1EUmJ5dl9IMHEtNmp1MmUyMkhyRVRxQ0hZQTQ3d0xVaEV5UWNSZE84ejgxa0huUzY4bE1LRG9sTFFkc3FZcFlCSV90U3RJQXo4ZGo4WG12SzJIVW9DYU9TUXpXc1MxVTVIQjU3MzRsZHpOVjZXOTU3aWNFR0JhQ2lJQ3ZiejVsd2p2aEczNktxSVhaYzVadnhNa1FPZGdHcV91QVBLYk5VMnNqUHZtX1I2am9LaTk3dXBSNnQxUEkzVnR2?oc=5
Vale,Mining,2026-06-08 03:30:26.943323,,2026-06-08 03:30:26.943323,GENERAL,GENERAL_NEWS,GENERAL_NEWS,1,0.2,GENERAL_NEWS,0.48,How The Vale (BOVESPA:VALE3) Story Is Shifting From Iron Ore To Copper Potential - Yahoo Finance,,,Google News RSS,https://news.google.com/rss/articles/CBMihgFBVV95cUxObFpPa0pIZEM2UzFxc3QyTDZRRHNyaDVzdVl6SV9qdWphSlZkWlVvV0I1c0RubW92NUx0c3llampHXzVldVdiMXFhektQalZuVjZKSjQ3blhxUzJoMjNNRWROU3dNMHhHVGNFQjNPbjNOV01PbDc0aXRIdDFuckRTa2VSTWdUQQ?oc=5
Vivo,Telecom,2026-06-08 03:30:26.943323,,2026-06-08 03:30:26.943323,FINANCIAL_SYSTEM_RISK,WEAK_SIGNAL,WEAK_SIGNAL,2,0.5,GENERAL_NEWS,0.39,Telefonica Brasil price target lowered to $15.40 from $15.70 at Scotiabank - TipRanks,,,Google News RSS,https://news.google.com/rss/articles/CBMivwFBVV95cUxOLTlfbHNuVlh2RVF4YV9EbjZoaFptY2M4bmNJQkhaODRRZlBCRVJIeXhlNXcwY2FWTE9wVzVVbWFWN2wxbDZyNDlIbExyV0dCVGlzbnZfdUlhcXRvWkVjc3VlOGNyT0stcHY2Rm52NmtUbHJhLUpsZHhFejBiYk1LUFBWTVdIaDdocVJsLUd0T1J5OFRsa1c1VW41Z25wNW96UnJFZFZjOU9aSmZwNTA0YndNVjRPWjVjU3RtYzg0QQ?oc=5
Vale,Mining,2026-06-08 03:30:26.943323,,2026-06-08 03:30:26.943323,GENERAL,GENERAL_NEWS,GENERAL_NEWS,1,0.2,GENERAL_NEWS,0.58,"Vale SA (ADR): Iron Ore Giant At A Crossroads As The Market Weighs China, Dividends And ESG Risk - AD HOC NEWS",,,Google News RSS,https://news.google.com/rss/articles/CBMixwFBVV95cUxQRUk2MEt6RTBleXNfcjkwbXplT2RoQTYtZ3dwMDNrWTRuZ2dLeTc5Wm9DTXF2N011dzVjbEc2Rm13YWlwYlEtTmlmWlNTamRJRmJjVkVmdjRTeF9Rd1VfS0hRV084Mm9RWXFtNTgxSnFqeXQ3eHNqTHNQbWNXejBPUWV2ZlNJZ1JTV0dDTWdPOUlMZDhtanBtbWNVUXJGMWdsekFrSm1HYVZFQ0hGMnkzeE1CWUU2eUJJWl9mR2VIX3hyVm0yak53?oc=5
Braskem,Chemicals,2026-06-07 03:31:14.014399,,2026-06-07 03:31:14.014399,CREDIT_LIQUIDITY,WEAK_SIGNAL,WEAK_SIGNAL,2,0.6,WEAK_SIGNAL,0.55,Braskem moves closer to restructuring after antitrust nod to IG4 deal - Valor International,,,Google News RSS,https://news.google.com/rss/articles/CBMi0wFBVV95cUxPXzlEZmJtT2VReXdBY3NrYV9BbWFxSWQxM3pMNm50dDVOV3phN0JUYjQ1SjdnVUpCRWVFLUUxdmtvQXhoSGJOX2Z3YmpMWkVaUUxyS2RuclFTTFVJZF9fWThqLXE5am9CYjNuakEzNU1rdUhDRXh4RFBtNEswQnRLMXBXMFd2R0VodnFFUmNSbnFPSjlvb3U1R05zZndYbzgxclZla2VhT1BWd2UxaDdnQUZFTG9rbUxoSVhNTzQ0Q1lNb1RNT00tbk1SS2s1bjBteTVr0gHiAUFVX3lxTE1EdlRCVkxKTHExUWQ5dE1DSFlWa3YwN2lEVDZIbDZZNVhUSEtYQVhBR05MRUlZbmJZWFJPNnVickMyNW5pTndyd0hjaWRSd2Itby1nUlNFQVFFYkV5akdaNWlsMElMX19Pdk8yY2RPZEdpNzk3dmc3WDl2VjhlSm4wcXJIYTBUODhjSDFibktiMV8tV0RidW5yZUxQSjhsU201TG5YTFAwV3liZ0NRZ1Z2ZFhtMFg1SnFaUVlnOE1KTXUyanRGaWZZS0tXRGljeks1UGs1VS1xNFFSSWcxaGhsQlE?oc=5
Braskem,Chemicals,2026-06-07 03:31:14.014399,,2026-06-07 03:31:14.014399,CREDIT_LIQUIDITY,WEAK_SIGNAL,WEAK_SIGNAL,2,0.6,WEAK_SIGNAL,0.44,Petrobras resists Braskem debt overhaul before IG4 arrives - Valor International,,,Google News RSS,https://news.google.com/rss/articles/CBMixAFBVV95cUxNbGNFMmM0emctRWlmTklTQS1KUk5razNGQkk2bVhhUzBPa3hISGxoZjVJaDQwNFhHVXBtLVlxZDhnTzdfRVhidFNzTEU5WE5ncnBVUW5mWTljQmRPYm5CUEJXNE00VlNnRUlkLTNrQ2xubThIaDhhMUdmYXIzblNMRWdvVG9zT2xlWDBwUmRla1NZbjRyNzBqUkNWbXBEQmpGRHl0SG9tMWtVaGYxczZ3ODUzYUJTdlhpX0tWOVpoMGNQQ0tL0gHTAUFVX3lxTE1zdmZ6bTd5ZDhNc1ktZV94clZ3UlpVT3JjVi14X2Jsd3lxRy1rdlZMLWdKZk1JTVlzZ1JtYk9KNjA3Ykg1cHRnUXpKSC1MVzZWM2tBZU0wSjI4OTFxLWZFa0xicG94ZXM1SkxEaW9oZUtYT1Y5b1JEalU4MHlMWlJ4ZmlfNUxIQXJ4VzMxeTlXM1dfazFDLW9OWENrX0ZjT1hEZ2VvUXB2ZGRhUGpCektmczZ6cl9LOHAtZWNNNWllYlVoT1lCRUN1cmRGMTJQeU5iT2M?oc=5
Vale,Mining,2026-06-07 03:31:14.014399,,2026-06-07 03:31:14.014399,FINANCIAL_SYSTEM_RISK,WEAK_SIGNAL,WEAK_SIGNAL,2,0.6,WEAK_SIGNAL,0.37,RBC downgrades Vale S.A. as shares re-rated faster than its mining peers - Investing.com,,,Google News RSS,https://news.google.com/rss/articles/CBMixAFBVV95cUxOWThPbllHREl3Q0NsanVxc0NHV01najd4YkYybEVZUHZSUGFrSGx2V0N3U1I2M3VfSmoxNG16VEJMOVBGQU1EUlVULWFLLXNTSWU1LV9JTmdzU2JTY2tnTGswcDEzWFRJZno5S1Z4MGIyU094bC1mT3ZKekQzMVpUY1Z4anNuaFNGV2psX0JQci13UnlyVUtTME42Q1ZkV1hyLTh2TmsySXViRzJqaWxadVF4bktIaG8xM0xDY0ZNREFoNktr?oc=5
Vale,Mining,2026-06-07 03:31:14.014399,,2026-06-07 03:31:14.014399,GENERAL,GENERAL_NEWS,GENERAL_NEWS,1,0.2,GENERAL_NEWS,0.54,Vale SA Price Target Raised to $19.50/Share From $18.50 by JP Morgan - Moomoo,,,Google News RSS,https://news.google.com/rss/articles/CBMikwFBVV95cUxPbW5kZHRLc0JoaTNaeno2UDFQY1N2bURDNmJoV0U1eWlOT2Rnc3dacUJnQnpNV0VIUmt1X19haTFDZjJadXRfTkZKRlJBTzM4TjdDdkxBaVdVZkk3eEFzZ0dnb2FfTkdwaF9hMllFWVdzT2w4NlJpSDZxVjk2Vkl5Q21SR3UyZnc2bUZHZnRDbkRUVzg?oc=5
Stone,Payments,2026-06-07 03:31:14.014399,,2026-06-07 03:31:14.014399,GENERAL,GENERAL_NEWS,GENERAL_NEWS,1,0.2,GENERAL_NEWS,0.53,Does StoneCo's (STNE) Linx-Funded Special Dividend Reveal Its Evolving Capital Allocation Playbook? - Sahm,,,Google News RSS,https://news.google.com/rss/articles/CBMi4AFBVV95cUxNVlVuMjN3M2JHcDY1YkpPUUtFQ3p5U0VLNWVUaEluM215QkVvZWNXZWtoTVpKRXBDbmZqa0ppMlh6TVlTLWlHd0RkdEFPWWR4S2ZwNFhUSC05X1RkWm9Qa0VBMFFPd1hiTWdCR0dFLWxtVzdTbFhxUFFXM1Z2d2hYYm5ITFhraDktYmZmNTdidTNoU19BMXBNdzVBRjN4cy14XzFhODVwQllreFkxNHBFODdEUkdKRkVxV3JWelU2dU5TdTg3Ulk0STN4UlI4ek8yajZDOGJaNFNMU1psR1pETA?oc=5
PagBank,Payments,2026-06-07 03:31:14.014399,,2026-06-07 03:31:14.014399,GENERAL,GENERAL_NEWS,GENERAL_NEWS,1,0.2,GENERAL_NEWS,0.51,"Press Release: PagBank Reaches 34 Million Customers and Reports Recurring Profit of R$ 678 Million, With an ROAE of 18.4% in 4Q25 - Moomoo",,,Google News RSS,https://news.google.com/rss/articles/CBMi4wFBVV95cUxQSmdEYWV3Vl9jNnQzQmRrSVhrdHNWNmR5SVhmNG1BNDlSY3NqQ3pRTFJyaTNuR3VBTFEyY1pqWWlJRHRyMmJHMUVaWGFKaEpDUGdZVmNOTE1nQWw5V2FWMHdoTVVDZDh5cmRQT2VsQjJrUE5NWWRrem5nSU9WRHB4YUhuR3FJbF9lcU5KZGRwZklFSWFFeHNuTlh5RFhHdjB4YjZ3bW1sUUFfVGRCOWM3QXRVOE4zWGR4NzhvaHR6UUx0dURrSXR3RFJUYUFfUjhfeldZWkN6NDBzeTRQZUhkSFI2aw?oc=5
Nubank,Fintech,2026-06-07 03:31:14.014399,,2026-06-07 03:31:14.014399,GENERAL,GENERAL_NEWS,GENERAL_NEWS,1,0.2,GENERAL_NEWS,0.59,Nu Holdings Ltd. (Nubank) stock (KY.G6683N1034): Growth and risks in Latin America's digital banking - AD HOC NEWS,,,Google News RSS,https://news.google.com/rss/articles/CBMixgFBVV95cUxPR0NZTThvRUcxem0xcEZEVUN0WkNXOEdIaERHeS1NNHZGd2Q3bzBWb2FSdEd2Zk9oU2lmbllJaDhVa29NS2ZxOE9Rb1NVd3VQMFRuU1VfSlB1clFfZVZJcUY1MVgxb1cxOXVWRDZQY0hWdGNNaVo0cHZ3bmFRZFlLdWhIZTl0UUVDdVFDMVlCYjlXSDZ6TExEenRqQjJBQ1hEMm1QaUE4ZGxTUFplSzlreHNKNkZicmFEUE4tdkplaE5sQURjcFE?oc=5
Vale,Mining,2026-06-06 03:30:23.527705,,2026-06-06 03:30:23.527705,GENERAL,GENERAL_NEWS,GENERAL_NEWS,1,0.2,GENERAL_NEWS,0.61,Vale S.A. (VALE): A Bull Case Theory - Yahoo Finance,,,Google News RSS,https://news.google.com/rss/articles/CBMifEFVX3lxTFBiZXlCbTBRZmZ0NVFmZWpZSUtSUVUxVzN6NGVyTUx3SU1VODItbHJsX1pEYS1KOFlPeFN1MWZFWlZIYWZFTC1kVjZoZGlRcGttTEppcDFVVnRlQnRuQjB3ZWNLV0pYenpKOXc1NzNJR2hYT25SMGVQZlNxM2w?oc=5
Nubank,Fintech,2026-06-06 03:30:23.527705,,2026-06-06 03:30:23.527705,GENERAL,GENERAL_NEWS,GENERAL_NEWS,1,0.2,GENERAL_NEWS,0.46,Nu Holdings stock forecast: Third-party price target - Capital.com,,,Google News RSS,https://news.google.com/rss/articles/CBMicEFVX3lxTFB6MWtDblRYdFdOWVNBMWRmQW5zbVkzdFNPUEZWSzF6Q01SYjZKNERoMXFrWmwyRTdnWXVhRllEbmloWlpBOFFONThqYVlYQTVtRUhjYks4bHBUODZXekpKbU9MUkJTczRlRmdmRVp4MG8?oc=5
PagBank,Payments,2026-06-06 03:30:23.527705,,2026-06-06 03:30:23.527705,GENERAL,GENERAL_NEWS,GENERAL_NEWS,1,0.2,GENERAL_NEWS,0.57,PagSeguro Digital (PAGS) Is Down 12.2% After Q1 Miss But Reaffirmed 2026 Guidance And Buybacks - Sahm,,,Google News RSS,https://news.google.com/rss/articles/CBMi2gFBVV95cUxQQVVYMlRTdllUNUlHMFBVelNWcjd5akVIQXBmYWwxWnQ2MWg3TXR6NzNGSGhvRk43ZU9RcUdzYkpJTENlcDdDMkd6Wl9VQUdneXAxQnVVZDVVMDhQUEl1S1NIaHk4VURRNGlyLWdHVlVUOExjUGFCdDR5V0p2cmhvOGlHV1haS3RMNjVobXZZc1J4Ykx6MGhsZWMwZTJJZTh0ZkxPczItc2g0N2dQRmw5bFc2MHByR2lvbW51VkV3Yi1GZnJRcnhGWHBvQkdBQThDeXp0dktzdWVrdw?oc=5
XP Inc,Financial Services,2026-06-06 03:30:23.527705,,2026-06-06 03:30:23.527705,GOVERNANCE,WEAK_SIGNAL,WEAK_SIGNAL,2,0.5,GENERAL_NEWS,0.49,"Xp Inc. Announces Board Changes, Effective May 29, 2026 - marketscreener.com",,,Google News RSS,https://news.google.com/rss/articles/CBMiqAFBVV95cUxNUEszNUFXdDE4dm1uWHAyblFmOGxPSkJrWk1fdW1yeTRxRFpnZmFXVUJaVGNXN3VqS1JQbDF5b0JVb2xKNUZsRU96RTZoSkh0MlBETHpfZ2d6VDB5MTNqXzNxaGNPOXhiVmI5Z2NvX05mSDh0anpuZ2tOZWI4Ym1STzRGLW9rYmpxeVJUY0E1T3hwQjh3Y0VNOU5Ua0NLODlFb0hFcC1OSEE?oc=5
Vale,Mining,2026-06-06 03:30:23.527705,,2026-06-06 03:30:23.527705,GENERAL,GENERAL_NEWS,GENERAL_NEWS,1,0.2,GENERAL_NEWS,0.57,"Scotiabank Maintains Vale SA(VALE.US) With Hold Rating, Raises Target Price to $18 - Moomoo",,,Google News RSS,https://news.google.com/rss/articles/CBMirAFBVV95cUxNMDR3eWhSWW5PY1hRRl9VTm51eTRGUnFwRV9qdlNHUy1MZ3BfQzFmWHVTd194R0pndnZYVV9iQXB0T1dBM0JEa05MN1BvVDdSaDVOem5EcW53TkdiczNGYWxQRVozdXBXaXpDc2hJMW8tbG9kU05HMGFLdUtyeGVGT1VqMHVjSFpWTkVCRllOUTRuSDBPMDkzbks3WVNWWjlXLWJNZ3pPQTV1TXRE?oc=5
Banco Master,Banking,2026-06-06 03:30:23.527705,,2026-06-06 03:30:23.527705,GENERAL,GENERAL_NEWS,GENERAL_NEWS,1,0.2,GENERAL_NEWS,0.34,Brazil Banks Weigh Shifts to Insurance Fund After Banco Master - Bloomberg.com,,,Google News RSS,https://news.google.com/rss/articles/CBMiswFBVV95cUxNUHliWUpGVWdsaGVEYVR4dlQ5cDk4b1A5Q3FjbVoyM3RNQlJxNWktVVc2UUxPcktldExPVzBDNklJYXZKNHhvVjlLT2FwM2dYLTNDUkRaOHc2bkc5eHdGSVl2Y0dCX0E4OUtBUFRCTmJqZHItTXBhZUZsemFtVVZYQ2ZzbkhrNGcyMkY4Uk9iVHJLTHdhdjRVdjIwQlBKdlN6ZU9za24xcmVRcm53NWk2NXZuYw?oc=5
Vale,Mining,2026-06-06 03:30:23.527705,,2026-06-06 03:30:23.527705,FINANCIAL_SYSTEM_RISK,WEAK_SIGNAL,WEAK_SIGNAL,2,0.6,WEAK_SIGNAL,0.51,VALE S.A. (VALE) Stock: Why Short Sellers Target It (+0.37%) 2026-04-20 - Buy Opportunities - Xã Thanh Hà,,,Google News RSS,https://news.google.com/rss/articles/CBMiqwFBVV95cUxNeWk0VDhSUXh3eDFUX0tGdVN1d09oc095NEszSE4yV0xVUHNBcUN2NnBiQ0V5X1BqLWFHZFFNUXo2dGtYWFU3YzVxLXl2czdaNjRNUkNRMGpNcXFPX3BwVWVPNWxnbmxrY3RpLU12NGJYRllkQTV5dkFjZFlJYVJpYmdOTlVhX0FIaWJPUDBoUHZTbmVaN1JBZnpELUhCcUV2TDlFMkQ3cXdVcVE?oc=5
Braskem,Chemicals,2026-06-06 03:30:23.527705,,2026-06-06 03:30:23.527705,GENERAL,GENERAL_NEWS,GENERAL_NEWS,1,0.1,WEAK_SIGNAL,0.39,Brazil police launch raids over Braskem's sinking ground havoc - Reuters,,,Google News RSS,https://news.google.com/rss/articles/CBMisgFBVV95cUxOc2t1UEFqazE4aHNWbnhhUzdsbmVPZFF3aE9fUkxkbkxmb3prNkJ0UGVSUXppaE90TVMtMnVsQ1pxUFFLc2hZaWlBYmVUdEVJQ002em9qZ3pta0tuOXE3RGdKUHpoZDhnUVlqVVBkdmtKRFFmYnZnYWV6M0ZGWXQwcnYxR0VhN3hLdENPQVJQbDZhdXpxTW8wWEpoMGROQXRrZGZyUU1pQ0lGdjhLX2VIZHhn?oc=5
Braskem,Chemicals,2026-06-06 03:30:23.527705,,2026-06-06 03:30:23.527705,CREDIT_LIQUIDITY,RISK_SIGNAL,RISK_SIGNAL,4,0.7999999999999999,RISK_SIGNAL,0.56,Braskem to renegotiate debts amid longest petrochemical downturn - Valor International,Braskem is planning to renegotiate its debts as the petrochemical industry faces its longest downturn.,"This news could represent a corporate risk for Braskem because it indicates that the company is facing significant financial difficulties due to the prolonged downturn in the petrochemical industry. The fact that Braskem will be renegotiating its debts suggests that they may not have the cash flows or creditworthiness to pay their existing debt obligations, which could lead to:

1. Default: If Braskem is unable to secure new financing terms on favorable terms, they may default on their debts, leading to a loss of investor confidence and potentially even bankruptcy.
2. Credit rating downgrade: The renegotiation process itself may result in a credit rating downgrade for the company, which could lead to higher borrowing costs and reduced access to credit markets.
3. Financial instability: A debt renegotiation can be a complex and time-consuming process, which could lead to financial instability as Braskem navigates this challenge. This could impact their ability to invest in new projects, pay suppliers, or meet other operational needs.
4. Impact on business continuity: The prolonged downturn in the petrochemical industry has already taken a toll on Braskem's operations. If they are unable to secure new financing terms, it may affect their ability to continue operating, leading to business disruption and potential losses.

Overall, this news suggests that Braskem is facing significant financial challenges, which could have far-reaching consequences for the company's stability, profitability, and long-term sustainability.",Google News RSS,https://news.google.com/rss/articles/CBMizAFBVV95cUxObzdUcUhzc09QQjRIbERoM0c4TE1JbDZWLW41V1Rla2l2SFduaXdjUlBCWmd3WDBZMEZlQWlrb0Zxb0h2YkNNQWpwNWJESDZvWm1QOHJEVzFiMWs3WXBidkRqcU5qUnlPcUpYRVFsX2JocHhrSGVTV2xFQTViNjdiMmxlSUpQOElFWndzOG5UNzQ2WDBVSWhTd3NnZmYzdzRxSWx4LU5SOHEyWmlqYkZlT3MtWWFYOW11cFQ4ZDJrRmc4UUlqNUh5MDJpY1rSAdsBQVVfeXFMT1NVN1EtalVNZkZWRXpfN1RDRkN3dGF3aDlGTkFLSFRocmV5SjNSLU5YbWNWMWZ2ck5FVld5UkdqNk94QUtqMWIxejlWeE9Zc2tpQkZNWE1maHQ1eVpjSW5NOVA2dFFSX3A5OXZBdnl5aXV2VmNuU0FKcjdJaERhb3dKUy1xR2NYX09uWks1SC1iQTVxdUdRNzQ0NGZUeXdkOVFyWTNpVVhWVk95Z1RUU0lVTDcwRnU3blNzM1FvbmpETlpFay02eThUbVhsZ0N5V3VycGVlQUVzbnpr?oc=5
Eletrobras,Utilities,2026-06-06 03:30:23.527705,,2026-06-06 03:30:23.527705,FINANCIAL_SYSTEM_RISK,WEAK_SIGNAL,WEAK_SIGNAL,2,0.6,WEAK_SIGNAL,0.36,"Brazil, Eletrobras reach deal over voting power, nuclear plant - Reuters",,,Google News RSS,https://news.google.com/rss/articles/CBMivwFBVV95cUxPS2ZBOEk2N3pyaVpFU3BjVHUyX3JBSUxqeVduOUpEYXZRZVVLSUhUQzVZNmVRLW5kbERwcTdFdkFmZFlaRTNTODZSYXR3dnowenJqNl8xUWI0Nm9MdWNSY2NBcnRJSGlIalRFbFBXYjIzOGZvWERrZ2dfbUltR0Q0MEFUR3Rkbm1GdEotT2RHZTJWbUh0WUNFMzNmeHNFb1hkbWRuRkpMbU12Yk1oeDhGTmpkWnR3bkRCWldoLWlOQQ?oc=5
Vale,Mining,2026-06-06 03:30:23.527705,,2026-06-06 03:30:23.527705,GENERAL,GENERAL_NEWS,GENERAL_NEWS,1,0.2,GENERAL_NEWS,0.58,Vale SA (ADR): Brazil Mining Giant Tests U.S. Investors’ Nerves Again - AD HOC NEWS,,,Google News RSS,https://news.google.com/rss/articles/CBMiwAFBVV95cUxNYi14a0VqMkQ1Mkl1R2laR2dhWkhKTmhEd2sxTXlLaUlna0RfMW1McE9rSDJaX0dPeHh5TTZrM21IVnVaMjhabzBZTEc5YnEtVWswbmp1SGg0RUFlVS1LdVlBamQtbjNpdHlaNE5ncFlud0JwOWNRazlOSEpUOTRJUDJrdS1BVUdhYTdkX0ROTTFJN2NrSGxfQXVUY1A2d0x3X09JRzJzbmRiQXVBamctVG5ReUdTZndkQkUyU2UzNWc?oc=5
Vale,Mining,2026-06-05 03:31:33.233007,,2026-06-05 03:31:33.233007,GENERAL,GENERAL_NEWS,GENERAL_NEWS,1,0.2,GENERAL_NEWS,0.51,Vale Mining Flood Environmental Damage and Recovery Efforts - Discovery Alert,,,Google News RSS,https://news.google.com/rss/articles/CBMilAFBVV95cUxQcFAwY3ZOckd1TFBNRHkzZDlVNldycnVaaHc4M2ZyYlVMMEpORXJsQVBMTHMzcEhuSXdRaDVGX0duNU1vSTFJSHBrZ0UxNEJJTGtJV3ZISWI3cHlXeWVlUVByb1BISEROVjcyZDRxa19aOXBJd2EyWGJwcjVQLUJwU21ITmc1dmRQbHQxQmFqVU5UREN2?oc=5
Banco Master,Banking,2026-06-05 03:31:33.233007,,2026-06-05 03:31:33.233007,GENERAL,GENERAL_NEWS,GENERAL_NEWS,1,0.1,RISK_SIGNAL,0.39,PF avança em investigação sobre R$ 1 bilhão do Rioprevidência no Banco Master - O Globo,,,Google News RSS,https://news.google.com/rss/articles/CBMi1gFBVV95cUxPWDNBU3lRN25qRjlvNGxOYkVtWUFtYmV6UFpRXzlubmRXaFkyZjVYd3VUZFdpS09rUU5LaDI1QV9vU2p4ZUlyNXFNMVR1bWE1dmRRaXlxYk1BYUowUG1lMUxreHNHS1Z4Ym1vWlRHT19OVFlqQmVWdm80b2ZOWFFNd0dKN2dGUzRPRFM4X0V2ZWpuNFV0Z1NWWGNSUVpoNllaUllidEgwT2xTVGFaZG1OM1NSVUlnb09NYVRBS3k1bzJkQmVfNDZfblYtUDRpZDMzb2wtVGh30gHkAUFVX3lxTE92OGpCMlJDVEVZVlctNGRqZDFoMENzV203Wm5CUkFnVWFXVVFyaDExekJUbnktN3RWM1d0NUFCTWUwaXVZMVg0eHlqNlZ4bGhNN2IwcDR3RlZEQnlVN0Ywb0M2c1pkd1ppOVdTekNzUnlJMGhGeElkaE5iWDhTN0lucmFxcVE2MHVBYS1iMU5uNHBRVm00WDFNaVd0V0Z3X0lnNXR4TlNncHNncm5IcFBTQl9jd0xDMUVFU1ZQMHlXMXV1XzVTRGxiNnlTZXpFSjF3eWhkay0tVC1xT2xQVDRKWDFfRg?oc=5
Nubank,Fintech,2026-06-05 03:31:33.233007,,2026-06-05 03:31:33.233007,GENERAL,GENERAL_NEWS,GENERAL_NEWS,1,0.2,GENERAL_NEWS,0.39,Why Nubank's stock will fall almost 30% in 2026 - NeoFeed,,,Google News RSS,https://news.google.com/rss/articles/CBMijAFBVV95cUxPLUEtYXZHMGg2WWRPdE9CeklzTTlVSW1yc1RucGlZZ29zZHlaTEQ5V3lQd0VjRWZPZkpZdXFIRkFtbjllS0s0amhGOEhqWlRQMVlBU1lkV0xSMEZnVkN1dEZieHFxcUhGR1pWR0pPWGNaaFA3YmlhUzByX2kwYTFrTTR0SHlaaVJ5Q1BUcw?oc=5
Nubank,Fintech,2026-06-05 03:31:33.233007,,2026-06-05 03:31:33.233007,FINANCIAL_SYSTEM_RISK,WEAK_SIGNAL,WEAK_SIGNAL,2,0.6,WEAK_SIGNAL,0.53,Nu Holdings Ltd. Reports Second Quarter 2025 Financial Results - Nubank,,,Google News RSS,https://news.google.com/rss/articles/CBMiqgFBVV95cUxQT1hBWlFYdUwzQWxUOFRBLWFDaXh4SlFmTXNhcE94OE9YOWZON3NKSnB0YTZNYUlzUTFHM2p3dkNDQ0hHZjd6M1BCanAyektBMzdkNk5IcDVyU0NMTVpMT2tJRmdBcGIzUFd4M2txZTZ0ZDF4V2V5VlhCa3pwVVB2bTdBczhzVmlLOE16ZXZRUHNoLTBfT2h6WEYwdlBrejJrR2NzSHc3ekpLQQ?oc=5
Stone,Payments,2026-06-05 03:31:33.233007,,2026-06-05 03:31:33.233007,GENERAL,GENERAL_NEWS,GENERAL_NEWS,1,0.2,GENERAL_NEWS,0.58,StoneCo (STNE) Q4 2025 Earnings Call Transcript - The Globe and Mail,,,Google News RSS,https://news.google.com/rss/articles/CBMiyAFBVV95cUxPN2ZZRE9fSGdBWGN2bUUxM0cwazlpQmhfNk1aRllxRlE4TFBBU2hWekR6N0lhQUlIdncwa1pjWS1Fb2QyUWdackJtN2lGdUxreWJZQUI2bVNTUFFNYnVtVFc5WWZkZ0poVUFaLVlqVjlZeWRsZGIzNzdpdG9rUmRXMEhuQUpLX2k3U3F1c0hyWWg1NEQ2c245TmxJOEFTbXdMbXJIWVFmWWVXQXNSWmJtaFRVdWtKVEYxZ1BieWZ3dHoyanNnYVJDaQ?oc=5
XP Inc,Financial Services,2026-06-05 03:31:33.233007,,2026-06-05 03:31:33.233007,GOVERNANCE,WEAK_SIGNAL,WEAK_SIGNAL,2,0.5,GENERAL_NEWS,0.42,XP Inc. announces board changes ahead of annual shareholder meeting By Investing.com - Investing.com India,,,Google News RSS,https://news.google.com/rss/articles/CBMivgFBVV95cUxNamNOc2pZa0hfRVJIMzRYOEFpZ2FiMjJPTmZmRWJZaHJLakpIMTJub3QtMGgxY1k1WTlOcVhNZGhtbU85Y2xTQlh1blVZd3F1UWdPWU4wZVBaeXJXR2g1WDFJYTJKbWVCaDF2RWIybGJiM0x3Q1J0SFFxdGcxcFZSenYtWVEyR3BmY0Y0OEp6ay1rb2lBdFpIRm0xcXJaWGQ0QjJQY0RVa0RFV2h2bUlJVG1JemQyc2JxRzRldDln?oc=5
PagBank,Payments,2026-06-05 03:31:33.233007,,2026-06-05 03:31:33.233007,GENERAL,GENERAL_NEWS,GENERAL_NEWS,1,0.2,GENERAL_NEWS,0.55,How (PAGS) Movements Inform Risk Allocation Models - Stock Traders Daily,,,Google News RSS,https://news.google.com/rss/articles/CBMixwFBVV95cUxNZjlQZEhEOThwOW03S3BYTDlsX05Jcy1MRGNWWWR5WVhjcUZ2ZjRXYmhRNFJZZE9SUzJadjVIVjhvNGl4bldOYllkRmlXdGpWZmgxRzNUTC1aemFBZnFWZkFzeS01UEV3cVJsaVp1ZVBXY2pfTEpZWVRERlpzc0xoLUE3eGZYUS1lV1pPdDVxT3RfLTJGWjhYQ2hSbkg2R1B4TlBtOFRqZ2dOc3ROQXJBaEV6ckRZZjZwTF9Pd0IxcGRTWmw5NkpF?oc=5
Oi,Telecom,2026-06-05 03:31:33.233007,,2026-06-05 03:31:33.233007,CREDIT_LIQUIDITY,WEAK_SIGNAL,WEAK_SIGNAL,2,0.6,WEAK_SIGNAL,0.52,Oi S.A. stock (BROIBRACNOR1): Brazilian telco sees recent share price gain amid restructuring focus - AD HOC NEWS,,,Google News RSS,https://news.google.com/rss/articles/CBMiyAFBVV95cUxQLWhBNlhlVjF1V2lkQVFBMmVNVGxvbmo1MVpTdjVZQXJ5RThVZ0tPeTdzTkEtUU5yTWpzQ2VyMmFuNFYwSUpVVk92WjlwcUJiOWVFR19ORFpxdU10VTJqVEhRZlozS3V4UEpTc3Z3ZVJEYzQ1TUtoVEVzaDhXSjhzbTZ1dWZWNHVlNDk5eHBuTENVZHAtaU56aEEwSFVHYmExSWVzckhtRHB6T0xweUNERXZmOGJXUFdaUEVMQTFUbzVkQmhtbnlCdA?oc=5
TIM Brasil,Telecom,2026-06-05 03:31:33.233007,,2026-06-05 03:31:33.233007,GENERAL,GENERAL_NEWS,GENERAL_NEWS,1,0.2,GENERAL_NEWS,0.42,Nokia expands 5G partnership with TIM Brasil using NVIDIA tech By Investing.com - Investing.com India,,,Google News RSS,https://news.google.com/rss/articles/CBMiugFBVV95cUxPaWxKQmtMYnVlUG9wTDQta0lzajk3b3ZfNWFuTDRKVHdlR1lhellZM0F0RzVPZjhYMnVJTnN0UTRrWmpSdjZ1Zk9rTHVJdWZZZHlTVlczejJ6Y2lHdnVFMjdNclFGU1RGd1cybk9CU0JQLWlSc2xFUUhMdUZGTzBTMmlxWXV3NzhmVURwZGNmaVVJTmhzYnVma3VIRzVLbDBqbnJWYmhTQW83VkgtVElfZDVzWi01M2FTQUE?oc=5
TIM Brasil,Telecom,2026-06-05 03:31:33.233007,,2026-06-05 03:31:33.233007,GOVERNANCE,WEAK_SIGNAL,WEAK_SIGNAL,2,0.6,WEAK_SIGNAL,0.44,TIM Brasil appoints new CFO - Telecompaper,,,Google News RSS,https://news.google.com/rss/articles/CBMiekFVX3lxTFBVVWQyeDdEckloemlWNnZSVjlVeEtyaVMtNGQ0b1E0bFMzTngtN1hhenVSWGxYdzBmQ041TWVfcE52T19PSDNhempRZWZwQWswQkJIYkk5TVNMbEd0M0NuVExOdUpWdWcwU21ILWtmTGt3WFJoZEpzeGN3?oc=5
Vivo,Telecom,2026-06-05 03:31:33.233007,,2026-06-05 03:31:33.233007,GENERAL,GENERAL_NEWS,GENERAL_NEWS,1,0.2,GENERAL_NEWS,0.56,"Scotiabank Maintains Telefonica Brasil(VIV.US) With Hold Rating, Raises Target Price to $15.7 - Moomoo",,,Google News RSS,https://news.google.com/rss/articles/CBMiuAFBVV95cUxQaC0wZFplbW01S3FNdlBNQ1NQSDE2Q29idERJTk5tT25DVGZCVUN0eGVrX0JzN2Vmc3hscHF0M2NQU3NGR3pYOGFBaG4tRU1qcTZhazNtMHg1U0xYTUZQWUlMN3Nla3kyTE8xMVMyWDhzNkp3TGJVaXNuVlllb1lFTWFWcTVpM1VqSWNpWFBQUUJxd2hIa3VzRHppRXBsUTczTnFUbWdURXpmSTI3TWJsYUd5TDVqbE5M?oc=5
Vivo,Telecom,2026-06-05 03:31:33.233007,,2026-06-05 03:31:33.233007,GENERAL,GENERAL_NEWS,GENERAL_NEWS,1,0.2,GENERAL_NEWS,0.56,Telefonica Brasil posts full 2025 annual report for U.S. investors - Stock Titan,,,Google News RSS,https://news.google.com/rss/articles/CBMivAFBVV95cUxQMFlpSHM3SWJBeE5fNnRMQUNkbjBaN1dzLTZpVU5GTmxqRVpZeFVwZFJUa2ZPMU9TVWlaV0V0NjlLS2dmSVFNTFdwSkI4c21lSTlJdWluM3dlVHd4V3BhcWNrWXpRa0pLVjUxeVh4cEl2d3ZialhwQWRRZEdwNk1iWlp2UzdSNHJRMXY2SmZVVG12T1FXcXFJT28wVEdSMG1SNGptbS12WFdUV3duSHBsWUx1YmJjTDRfNFRpcw?oc=5
Nubank,Fintech,2026-06-04 03:30:22.283930,,2026-06-04 03:30:22.283930,GENERAL,GENERAL_NEWS,GENERAL_NEWS,1,0.2,GENERAL_NEWS,0.48,"Nu Skin Enterprises, Inc.'s (NYSE:NUS) Share Price Could Signal Some Risk - simplywall.st",,,Google News RSS,https://news.google.com/rss/articles/CBMi0gFBVV95cUxPNVpNcWUxWVE4b3U2V0x4Q3dlS0g3cDFHLVVVVXJfaFU2bU9WcDVaWlpPVU9WRFNFUEZaX0FnaHI2cWJLZ1RQMDYwNGtXX0hsc3BKS3Y3WlY0TlJjX05fa0pqY09abFU2QTloWVg3V3YzbjVvQTRvek53bUZDaGRLWUV6OWNpQVY4d25zek8tenJ0TGhFY0RfT3hRVWQtdnI1d1VEX2NIZERIMEFKMllseTIxcV8xcXdOUlFZNUVQUTJkQV9KMWU5cW1mdTFQWWpERlHSAdcBQVVfeXFMUEo3S0xtQnBiMzlzNUo0Q2tDeTU4dTExVDRfLXE3RWhzWlFjQ21xeUUteEFwZ1ZHcG5iSHNzejhMZXVPcWx4TWM2T3k1MUxBQnJqUlByNUwwZURBSF9id0pOSTljQ1VHOGh4T0NGQ0JWazRxR1ZoUG85ZkYwUm1lU1RSU0hkWjZhZ3JXUzJ3eHVYaGtOQ1ZUSi1fSFZXNGxQUWVmZ2FVZzFMd3hWSzY1S3hEYnpqa3RSVHhSd3hMSW90UjE2TnRuSGdRc05CVEdoT3NhbTNZaUk?oc=5
Vivo,Telecom,2026-06-04 03:30:22.283930,,2026-06-04 03:30:22.283930,GENERAL,GENERAL_NEWS,GENERAL_NEWS,1,0.2,GENERAL_NEWS,0.52,"Telefonica Brasil To Go Ex-Dividend On May 28th, 2026 With 0.0748 USD Special Dividend Per Share - 富途牛牛",,,Google News RSS,https://news.google.com/rss/articles/CBMimAFBVV95cUxNQ01pQzc3X2lMc08zd1k4SDAtc2QtQzl4d0pCek5GeXZvVE1HZ0xwN19MOWJOTWVaaDVJVmF4MXFkZl9IWXVhclU3cE1JOTRqSXU5YzhXTFBybmtQWG5MYjBQUW9FQlFYdnJqcTVPdGlzbFBleDlaWkhNWWRpNmJ3aTFyS0FDVGhTUUtwckt4UGtVQVRFeW5vVg?oc=5
Braskem,Chemicals,2026-06-04 03:30:22.283930,,2026-06-04 03:30:22.283930,GENERAL,GENERAL_NEWS,GENERAL_NEWS,1,0.2,GENERAL_NEWS,0.39,Carlos Slim eyes bigger stake in Braskem Idesa - Valor International,,,Google News RSS,https://news.google.com/rss/articles/CBMitAFBVV95cUxObjdMa0FrYzlUSVZPV0ZNbnlCbi1UV2JhMTk0M1B4VG9GQXc2WC1aMXVUWmhLX0RvMEFMZTc0cjNpUVYycGVpc01ockNqLUpuTlVWM3VmTGk1bkh1a29sQkdwWkJGa29JNFF5SmlpUzRSX093SlBTREQ0cy02RHpBdllVZko5aHdNc1VvaHFtbUZaTllTTmpzZFFna3FWZnpVTUFNeFVfZjdzYW9mVjRCZGJpaUTSAcMBQVVfeXFMTURlWHEwbjhpaE5kYVdjQmdVQmNhcENOdTZPdlJSSEN6ZUcyWEJHVWhwX1Y0cnZ5SlBHZlR1QWFNakFuWTcyVV9HLUttemZoTFN0cDd0MEtIYzVWT1oxbjVtSFJEUEV0MmFXc2EzYzVjTXdzUnR3bTJFMmxoc0ZIUnUwMVE1MGlPOGhEck1Gc0o4NFpibU5NTjlMTkJORTljek5fRE1SWnB0ZTVNWlYyUlBNQWN1ZEhGcTh3bnBqUmhycVow?oc=5
Vale,Mining,2026-06-04 03:30:22.283930,,2026-06-04 03:30:22.283930,GENERAL,GENERAL_NEWS,GENERAL_NEWS,1,0.2,GENERAL_NEWS,0.62,"Earnings call transcript: Vale SA ADR misses Q1 2026 forecasts, stock dips - Investing.com",,,Google News RSS,https://news.google.com/rss/articles/CBMixwFBVV95cUxOUENPR0JJNk9KcjhQUWFXU2hXc2RpXzREUXBGT20xMVV1ZFp2MDJiRjY0M3ZxcVlwdThXZlpncWpWT1Q4Uk1BYzI3bGpvVV9SM2c4VnJXZUNNNDAzY0l3bTlsd3pRZ1A0bkVySWVWRmJrU2xKNjI0ejByU0FJUzZPUS1mUVh5bGdrdTh2aTZoOWM1QmF1QUJBUmJTbXVRLWdISDB1VFowNEtILTMybW5KZHg2cFBYSUQ2WG54aElWb25IcmlZQ3Rz?oc=5
Stone,Payments,2026-06-04 03:30:22.283930,,2026-06-04 03:30:22.283930,GENERAL,GENERAL_NEWS,GENERAL_NEWS,1,0.2,GENERAL_NEWS,0.57,A Look At StoneCo (STNE) Valuation After The Recently Approved Extraordinary Cash Dividend - Yahoo Finance,,,Google News RSS,https://news.google.com/rss/articles/CBMiowFBVV95cUxNSHczNXJJdkRQWmZXdFUxY2hqcVkyT1NJVFpjWThWUWVqclVONXFRakFMckxhWWxVRU9CMHREQ3dhbFNzR21qa0NoQjF4ZkgtUGVDbk92VThmYy1QQmVwNU9nOTVQZ190ajU3Vm81U25CblVUN3A4eTZBSEUwVmRrb24tcmZDSGxnaGs1X1FRMXdjanJlWkdSWkZod200UklSRkJR?oc=5
Stone,Payments,2026-06-04 03:30:22.283930,,2026-06-04 03:30:22.283930,GENERAL,GENERAL_NEWS,GENERAL_NEWS,1,0.2,GENERAL_NEWS,0.5,StoneCo Will Need To Amp Up Returns To Shareholders To Avoid Over Capitalizing - Seeking Alpha,,,Google News RSS,https://news.google.com/rss/articles/CBMiuwFBVV95cUxPLWVXZ1hMTlBDV2h3WkZKZlFXUEhCNUJNN2RTTVNaeFM4N2NMWG85MzA4OF95RF9tMjNhOXRobExCTDlxR2ZQQUF0ZVJqa0pCUWx6eG5zVGxyWm1JVm53a1B6NFRqejc0SkZ0cThTWTd6QlZyQmpoSFEzVXE2eG5TVVJTdGI4MlpHd3ZiTi1PTmZXTngwcllMRWhfeGJiU0hIZ2NrWlREMGFyWnFNTzluVHJISlRObEx5LVJz?oc=5
PagBank,Payments,2026-06-04 03:30:22.283930,,2026-06-04 03:30:22.283930,GENERAL,GENERAL_NEWS,GENERAL_NEWS,1,0.2,GENERAL_NEWS,0.5,PagSeguro’s Brazil Fintech Play Is Shifting From Payments To Credit - Finimize,,,Google News RSS,https://news.google.com/rss/articles/CBMiXEFVX3lxTFBGenRtZTVCcUJWb2xXdzZ4M2E3N0hzdWtPV0xVdThINnBLTVJJUU1od3hmZWRsNjJnS3BRN3FlWEVYczhYWmw3SEpzQ2JNVVZZSVd1UjlVbTliTENY?oc=5
PagBank,Payments,2026-06-04 03:30:22.283930,,2026-06-04 03:30:22.283930,GENERAL,GENERAL_NEWS,GENERAL_NEWS,1,0.2,GENERAL_NEWS,0.59,PagSeguro Digital Ltd. (PAGS) Reports Q1 2026 Results - Insider Monkey,,,Google News RSS,https://news.google.com/rss/articles/CBMiogFBVV95cUxOTnQ3V2dVOFJFbWpIbDBHRER2SjlhZG1lRTVCTHh3Y0t1d2F4MHFhck5NS1drV0hWM0hURzFHN1lnd1hVTzlMMDBWdGdLTzc0cVNwbW1RU2RORThOa2szSW5Jb1FobFlZWUQ0RW53clVIa3Yxc3lmSkJra1FpMHRtOFlQRlpGMkx2NE1vRElrS2pNVzF5R0x3TGxzMXJMUk1Ra0HSAaIBQVVfeXFMTk50N1dnVThSRW1qSGwwR0REdko5YWRtZUU1Qkx4d2NLdXdheDBxYXJOTUtXa1dIVjNIVEcxRzdZZ3dYVU85TDAwVnRnS083NHFTcG1tUVNkTkU4TmtrM0luSW9RaGxZWVlENEVud3JVSGt2MXN5ZkpCa2tRaTB0bThZUEZaRjJMdjRNb0RJa0tqTVcxeUdMd0xsczFyTFJNUWtB?oc=5
Nubank,Fintech,2026-06-04 03:30:22.283930,,2026-06-04 03:30:22.283930,GENERAL,GENERAL_NEWS,GENERAL_NEWS,1,0.2,GENERAL_NEWS,0.47,Nu Holdings (NU) 41.9% Net Margin Tests Bearish Credit‑Risk Narrative After Q1 2026 Results - simplywall.st,,,Google News RSS,https://news.google.com/rss/articles/CBMiwAFBVV95cUxQR2l6c0dWRXNpR1Ftc25GTkd3ck1TS3RIdWJGc2pCNE00dzRTTk50d2hIVzA2N2hpY0tjaEdjbmlpMGxwZFlDZ3liTXFoaW9tLVBNd3RPcWZHbzFmVFBHSnVQb0g1a0lwcmVQNDJMSkJJeTFqMUROZ19JZks2QWNPdWRYMVdOWkZVOHRCWmVmUFlkd0JUQUxud1p6TlR4TEZ3bEpqOTh3c3FxUGw2azlLUUo3WllXRDM3SU8tdF9lZ2rSAcYBQVVfeXFMTlZxWUtYYS1SVGUyN19Jdjd1VlJhcjB1NFBmZFJFY28yWmo5ckd5VFNCdG5kR1NUSl9ySkliTnM5TkJuQzJKVmNjRVNfckQ4cldNTHJnczhUcmRsRTFyb0VWOVF3UnhJN2lyU2NCY1NTWWZVb1NHanp0WjVZN0JMWHd2TUU1bk9MUU1OQkU2TlBDVUJsbUR5VllSUExJUEpsamd4SVVCSFRYSDU0NmRVOHIxWE1HMnpGLXYyb2U4N0lIUlVqSXBB?oc=5
Nubank,Fintech,2026-06-04 03:30:22.283930,,2026-06-04 03:30:22.283930,GENERAL,GENERAL_NEWS,GENERAL_NEWS,1,0.2,GENERAL_NEWS,0.59,Understanding the Setup: (NU) and Scalable Risk - Stock Traders Daily,,,Google News RSS,https://news.google.com/rss/articles/CBMiwwFBVV95cUxQOUdmTzZ4U3JXTnVkS0lJRlVtU1J3Yl9SZ250QjlvUnFWQXdOb3B0cDFYS1BOTjVVZDM0YlZpTDRMTU01eEljUTE5aXkwWl9KVkg1ekxOZG12UUh1V1FCMEFjblhhOVI1TjBJNTAxNUlONklqd0ktcWdBaFo2bUx0SnFvQzY1al96R2dyRm9Cc2ljdUZRLTNTR2lCaEhIZ1NoMkhFYlpNZ3ItTmZfblNLb3daenRBSjczZ1BpYzRsOHVoSTQ?oc=5
Nubank,Fintech,2026-06-04 03:30:22.283930,,2026-06-04 03:30:22.283930,GENERAL,GENERAL_NEWS,GENERAL_NEWS,1,0.2,GENERAL_NEWS,0.49,"What is Nu Holdings (NU) stock, and how do you trade it? - Capital.com",,,Google News RSS,https://news.google.com/rss/articles/CBMicEFVX3lxTE1oa052VlRfNllNRm9weW9OaEtmQ1VYanNRVHZ1OElrUkZKVktIT25WcmcyeXEtcUZrakpjNHJnc1RZelNaQmdSdl9VZF9LTGhKTjM5aFNvaWRpbEs5THNFandtN091T2VCTlZlLTdsc3M?oc=5
Americanas SA,Retail,2026-06-03 03:31:05.348703,,2026-06-03 03:31:05.348703,GENERAL,GENERAL_NEWS,GENERAL_NEWS,1,0.2,GENERAL_NEWS,0.38,Americanas case still has a long way to go - Valor International,,,Google News RSS,https://news.google.com/rss/articles/CBMirwFBVV95cUxQdC0wU0w3YlpLMUVxZUtuTGdsQldIYjVmdl9URUhSNXRjTkVKTlRzX0taSkZQY1VPbkprN3BOSE1NTjJaNjNFQjlJRWV4OElRZ09nOVZkb29fQnlfQ3lKc1Y4RXRCZG5PSms4WmZLSnZDRHBtZ3lYYWRwZXM3MHc3Z1ZMNVZyUDRVU0llcnp2WXlQZDVwTEpRQ1M3Y2RKY050cDJleXZkcEtfd2FNeTh30gG-AUFVX3lxTFBja0ZpS3RxLVVIZEFpOC1BMkNXOGNQdlhJeGRmT0Y5SW5nMlpES2stTXU3SjJJdlFwdDJwS0l2TkV3OUFHSlRJbV9aSlp2OTFWb0RqeUxUaTJQR3VHZzV2cWt1RXUtTlRSbWwyOVhMSXhOYkZGa3BPSzlwU2NDVjJIa3d4Xy0ydWpxRmhKWEloeHJTeUtGXzhZSlVIX1JaR3VUX3ZUalNvdVdEVjhQU29JZkczcUZodjVDZTYzVGc?oc=5
Banco Inter,Fintech,2026-06-03 03:31:05.348703,,2026-06-03 03:31:05.348703,FINANCIAL_SYSTEM_RISK,WEAK_SIGNAL,WEAK_SIGNAL,2,0.6,WEAK_SIGNAL,0.41,"Central Bank of Brazil to pilot CBDC trade finance solution with Chainlink, Microsoft, 7COMm and Banco Inter - FinTech Futures",,,Google News RSS,https://news.google.com/rss/articles/CBMi4wFBVV95cUxObVcyLVBEMmR0amIydVJfZlgzTDdaNm1aRFplaWttV1JlV3l6SjFUMUZwdms4SmRvaG4yWVNzZ0R3Y3loLWllTXN1T2owVDRXOXpqRklvdFhfVmlmNmlEdmhPMWtfRWJqaEY4eHBqSDdOMW5yRlJLM2Y5MGRBSmlMSWRsb3ZELUFTQjJzX2dlY2I4YUE3a1R0X0NLVWlTclBoRDVjUXFpUjdObUhTYmVITTFVUFFkVktIOWxyV1J0WlZ0dXNXOU5lQllVZTRCZG1OemhBNVF2M3U1ZjN2WmhxNVlCMA?oc=5
Nubank,Fintech,2026-06-03 03:31:05.348703,,2026-06-03 03:31:05.348703,FINANCIAL_SYSTEM_RISK,WEAK_SIGNAL,WEAK_SIGNAL,2,0.6,WEAK_SIGNAL,0.56,Nu Holdings Wins OCC Nod Raising Questions On Valuation And Credit Risk - Yahoo Finance,,,Google News RSS,https://news.google.com/rss/articles/CBMiekFVX3lxTE9BcF84TW5SWDZTZ0tDNllDcnAxanYxRFRQYWVUanloSUprMXpKT1NRNDZ5SlBjTzJTNGVJQ3lzSGw3YXM4ZEFtOWxjTmJvNHZwNkdFOV9HUDBXMDk1MXMxZElycnZHVEQwRlNqc0ZPVUQ4TWZmOFVwVUZR?oc=5
Nubank,Fintech,2026-06-03 03:31:05.348703,,2026-06-03 03:31:05.348703,GENERAL,GENERAL_NEWS,GENERAL_NEWS,1,0.2,GENERAL_NEWS,0.46,Nu Holdings stock forecast: Third-party price target - Capital.com,,,Google News RSS,https://news.google.com/rss/articles/CBMickFVX3lxTE9zVGFkRmlMMHVFU2N6bi1BWE1zWVRXMHNBTjJqdmZ2RkxQclMtbHdJcFp5cEE5Tnc4M0Q5Y0JORjFlSW9HYlgtVUNoSDJMVGU1OWZFT3h1NlVsX1pDSmp3ZEQybXd3MGNsX3JNOXJmc2o1dw?oc=5
Vale,Mining,2026-06-02 03:30:27.074576,,2026-06-02 03:30:27.074576,GENERAL,GENERAL_NEWS,GENERAL_NEWS,1,0.2,GENERAL_NEWS,0.58,Vale SA Is Maintained at Overweight by JP Morgan - Moomoo,,,Google News RSS,https://news.google.com/rss/articles/CBMilAFBVV95cUxOODYxTDk5YkJ3WVJFdDQ5Ukg1VDQzUG1LalVDVUp3Y0hfbThrbk5qSG5qNEVlWmNpb3Nhd01yTlFnNDhoLTBKZmFLV2RiMFNxOEhsY1Vna1JGRnoxVnRuVWVkeUlOYkcwUUJPNExZYWFvZXpsQ01ULUtiY2ZPUXhNOWVYOUt4dk5ROXdKSW9wRzh1dHdn?oc=5
Stone,Payments,2026-06-02 03:30:27.074576,,2026-06-02 03:30:27.074576,FINANCIAL_SYSTEM_RISK,WEAK_SIGNAL,WEAK_SIGNAL,2,0.6,WEAK_SIGNAL,0.53,(STNE) Movement Within Algorithmic Entry Frameworks - Stock Traders Daily,,,Google News RSS,https://news.google.com/rss/articles/CBMiyAFBVV95cUxOUWw2Q2NNSElNOHhYNXJJZmYtWC1jaG11NlBQd2t1ZWprR21pQVpBcHVPakFaY1p5cnAxSGNMZW5uRE5LTDQ1dzhTSXNYcmM1emF0Z2hXazlidWRTRmZzRko0UjNCVzJDUzF3Rm5idi1GZTMtUUpScEtyd2U2TGRtWjM2UWJxZXN6R2FYdXNHZjZrVmgyQWFEbzFpZktxS0NDRWcxUDBpcEJkNGcxVW5KVUE2dDlHVVh4X1lQVFE0dF9rcW1hTU9CTg?oc=5
Nubank,Fintech,2026-06-02 03:30:27.074576,,2026-06-02 03:30:27.074576,GENERAL,GENERAL_NEWS,GENERAL_NEWS,1,0.2,GENERAL_NEWS,0.48,Nu Holdings Ltd. Reports Third Quarter 2025 Financial Results - Business Wire,,,Google News RSS,https://news.google.com/rss/articles/CBMiugFBVV95cUxNNkt0MDlrVWZwUTFvQ3pocFdNY3p4QXdkTjNfT05tckxLZFVtYlNFSl9EU3ZfT1V4a1NjVmdrM3Z1ODRxS0FmWGN3STNza3h3TzFzZ2VnUDJrMms3UmtVODdBbkVFRDcyMnF6VjRZempJVEF6RVBIT2xZN1JfdFZ2clc4MHNoTFBGQ0VFbnpnR2pyZzBUTDZ4dXhDcDN1WFJjYmp1N0NaVWVQeVNZNk1tX2lvdEV3TXBocUE?oc=5
BRB Banco de Brasília,Banking,2026-06-02 03:30:27.074576,,2026-06-02 03:30:27.074576,FINANCIAL_SYSTEM_RISK,RISK_SIGNAL,RISK_SIGNAL,4,0.75,RISK_SIGNAL,0.41,Banco de Brasília rescue clears Supreme Court hurdle - Valor International,A rescue plan for struggling bank Banco de Brasília has cleared a major hurdle with approval from Brazil's Supreme Court.,"This news could represent a corporate risk for several reasons:

1. **Regulatory environment**: The fact that the Supreme Court has cleared the way for the Banco de Brasília rescue plan may indicate a more favorable regulatory environment in Brazil. If this trend continues, it could lead to increased confidence among investors and a decrease in borrowing costs, which could benefit banks and other financial institutions. However, if there are concerns about future regulatory changes or increased scrutiny, this news could be seen as a risk.
2. **Systemic stability**: The rescue of Banco de Brasília may signal that the Brazilian banking system is becoming more stable. If investors perceive the banking system as less vulnerable to failures, they may be more likely to invest in other sectors or assets, which could lead to increased competition and reduced profitability for banks. This could represent a risk for banks that are not able to adapt quickly enough.
3. **Liquidity risks**: The success of the rescue plan may also indicate that there is sufficient liquidity in the market to support banks in distress. If this trend continues, it could reduce the likelihood of future bank failures and decreased investor confidence. However, if investors become too complacent, they may not be prepared for potential liquidity crises, which could represent a risk for banks.
4. **Market expectations**: The news that the Supreme Court has cleared the way for the Banco de Brasília rescue plan may influence market expectations about the future of Brazilian banks and the broader financial sector. If investors begin to expect more bailouts or interventions, it could lead to increased regulatory costs, reduced investor confidence, and decreased profitability for banks.

Overall, while the news is positive for Brazilian banks, it's essential to consider the potential implications on the broader market and the banking sector as a whole.",Google News RSS,https://news.google.com/rss/articles/CBMiywFBVV95cUxNcTRjQUJvWUMxajNjamcyQ00ybEdXQWE1Q05xMzZ5d3kxZl95eTR4WlVvS0NwX3pPUDdiejBtZGQwVHU5SUh1emNEWl9PdWx3SXNGQUVUZ242QTFDSUhIQjZpU1dfTGlvb2xpc2xVd1pIeEthQXM5UW1lMm1heHRycTUxa1c3R202SjEtSUNfa0V5b2x1T1MxNDZVbF91dy1mMGh4Mld2WnlSTkxHT2VRQ3NzbzNsZnpqZ05fTGRHc0xKRTIxanJ2by1XY9IBywFBVV95cUxNcTRjQUJvWUMxajNjamcyQ00ybEdXQWE1Q05xMzZ5d3kxZl95eTR4WlVvS0NwX3pPUDdiejBtZGQwVHU5SUh1emNEWl9PdWx3SXNGQUVUZ242QTFDSUhIQjZpU1dfTGlvb2xpc2xVd1pIeEthQXM5UW1lMm1heHRycTUxa1c3R202SjEtSUNfa0V5b2x1T1MxNDZVbF91dy1mMGh4Mld2WnlSTkxHT2VRQ3NzbzNsZnpqZ05fTGRHc0xKRTIxanJ2by1XYw?oc=5
BRB Banco de Brasília,Banking,2026-06-02 03:30:27.074576,,2026-06-02 03:30:27.074576,FINANCIAL_SYSTEM_RISK,RISK_SIGNAL,RISK_SIGNAL,4,0.75,RISK_SIGNAL,0.46,Durigan says BRB liquidation would cost deposit fund R$17bn - Valor International,The proposed liquidation of Brazilian bank BRB could result in a loss of around R$17 billion for the deposit fund.,"This news could represent a corporate risk for Brazilian banking giant Banco do Brasil (BRB) because it suggests that the bank's planned liquidation of its assets to settle a debt could result in significant financial losses.

The key points that indicate a corporate risk are:

1. Estimated cost: The article states that the liquidation would cost deposit fund R$17bn, which is a massive amount and likely to put pressure on BRB's financial position.
2. Potential impact on depositors' funds: The fact that depositors' funds are being used to settle debts raises concerns about the bank's ability to meet its obligations to its customers.
3. Lack of transparency: There may be questions about why BRB is considering liquidation, and how this will affect the bank's reputation and relationships with stakeholders.

This situation could lead to a range of corporate risks, including:

1. Credit rating downgrade: Investors and rating agencies may downgrade BRB's credit rating due to the high cost of liquidation, which could increase borrowing costs for the bank.
2. Loss of customer confidence: The failure of depositors' funds to be protected could erode trust in BRB among its customers, leading to a decline in deposits and potentially even bank runs.
3. Regulatory scrutiny: The Brazilian government or regulatory bodies may take action against BRB due to concerns about the bank's solvency and ability to manage risk.

Overall, this news suggests that BRB is facing significant corporate risks related to its financial position, liquidity, and reputation.",Google News RSS,https://news.google.com/rss/articles/CBMiuwJBVV95cUxQUmhMd0F3MW5UVUVqVkdtRXpkSGhBdDJTNU5FWUtWeE91d3ktWWN0dUlMYWM5XzVfZ0YyU25qcHlLTlhJZlY2OGxpRHJWQXV0c09zT3R4ZWQyX0MwWVN0N05US1pDNjQ1a0c5bVVjeHRrRml1c3AycHRYR2NTVG1BNGM4ajkyWXBlWHlYTE1zUjZ6emluUDJxelR3NGNIdW1OenVFZHVkZFlLanZZVnprNXN2SjJheF84T0ZGN09KdWplRFBFQ3NsTXoxSTlCMHFVRnRtYkVXNkY1TlFfZHhDTWgyNzRRNkZISFoycUVNbGFpZ3AwdWhrUUV6SWVFd29BSTl5R1Y4bTAxS09GRFJJb1JqMlUzbGlaMUFFdEVxRmZjY3VtUng5S2JaMXdRZlFUN2JRY1QwSTdzWG_SAdIBQVVfeXFMTjJXX1FOeG9rZ2xuZEs2SnlEc01vbDNmZ3oxaFltb05xOVBrTXk5QVpNQjZIcXR6SjZOb21aWENveEw5VWlzaVNfRk5XV0NPb3NyVU9oSHE0bFpHTDR3NGpJTGRCUGpwX0hmZGlFSGtSejBZRGlOQjBfVHJEeXRybXI3RXRkeWpxTTdJdXp1WHk1cTlGZlZsM2E5RmxFVk5oR3BQaVRFeEQ2dHBrYmRJUmNPcFNiVXhTVlZIbE0weWVCQ1NzZzB2YktHMG5SYmp1WUh3?oc=5
Banco Master,Banking,2026-06-02 03:30:27.074576,,2026-06-02 03:30:27.074576,FINANCIAL_SYSTEM_RISK,CRITICAL_SIGNAL,CRITICAL_SIGNAL,5,1.0,CRITICAL_SIGNAL,0.32,"After Master Bank's Bankruptcy, Could Another Major Bank Collapse and Leave Brazilians with Nothing? R$ 1.9 Billion in Public Funds Are at Risk and the Deposit Guarantee Fund (FGC) Foresees a Billion-Dollar Deficit of Up to R$ 41 Billion - CPG Click Petróleo e Gás","A major Brazilian bank collapse, following Master Bank's bankruptcy, could leave millions of Brazilians with nothing due to a projected billion-dollar deficit in the Deposit Guarantee Fund.","This news could represent a corporate risk for several reasons:

1. **Systemic Risk**: A major bank collapse in Brazil could have a ripple effect on the entire financial system, potentially leading to a wider economic crisis. This is because banks play a crucial role in facilitating transactions, lending, and credit creation.
2. **Deposit Guarantee Fund (FGC) Deficit**: The article mentions that the FGC foresees a billion-dollar deficit of up to R$ 41 billion. If this happens, it could lead to a loss of confidence in the banking system, causing depositors to withdraw their funds, and potentially triggering a bank run.
3. **Loss of Investor Confidence**: A major bank collapse could also erode investor confidence in the Brazilian economy, leading to a decline in investment and economic growth.
4. **Potential for Currency Devaluation**: In the event of a large-scale bank failure, there is a risk that the Brazilian real (BRL) could depreciate rapidly, as investors seek safe-haven assets or flee from the country's financial markets.
5. **Government Intervention**: The article implies that the government may need to intervene to prevent or mitigate the consequences of another major bank collapse. This could involve providing emergency funding, guarantees, or other forms of support, which would require significant resources and policy changes.

Overall, the news highlights the vulnerability of the Brazilian banking system and the potential risks associated with a major bank collapse. This could have far-reaching implications for the economy, investors, and depositors, making it a corporate risk that requires close monitoring and analysis.",Google News RSS,https://news.google.com/rss/articles/CBMizwJBVV95cUxQdkhCRW9ZMVlSNTdzOGlfUEp5M2FVQXkwTHZaYnJKN3RMWXdhOFFNM0xEV3FFU080b1VHbTdNM1VKOV95aXlXaTdGQXpNOC1PeEVJRndocDFPRGpfSlRobktkdE1aRUJ0WFNHWjZ1dnhrX2RJLXgxdUd1cUM4Y2xuUjJPdTdZeG91LWx0b2hINVZLYVNENlRSZk8taE5oQVZlWktLTUV3UjB0WEc2T2RreFZhdUJTbVlEcmxLSHVzRklYSG9jYmdFby02OVB2R1JYTzBwUmRPVlV6WGN2UU8xRC0tVko3WlpBVEUwb050MUFLeURadDBqY1p3akp3YzhCSzByd05zY3F0eVdkaGV3X0laTWZLSkozakQ3VTlXWVcxdFNHQUliNWxiZnBrRE8tZWVWeWNZS2lldHVTdVlLWlRrSEpkTm1oazRWVk5FVQ?oc=5
Ambipar,Environmental Services,2026-06-02 03:30:27.074576,,2026-06-02 03:30:27.074576,GENERAL,GENERAL_NEWS,GENERAL_NEWS,1,0.2,GENERAL_NEWS,0.45,Ambipar Emergency Response Delays 2025 Annual Filing - TipRanks,,,Google News RSS,https://news.google.com/rss/articles/CBMipwFBVV95cUxQUTZkSFVSaVduWmt6SnpYMUI2d29oM25TX1pURkJKOUs4WmRxc2xRdWdOVUlRWVN6YUthZmp1WWFIYk1lRzFmaGVzZTdQdS1hMGptZ01VbF9JQXYzSHdIREhIeVRqb183T19CSGxibU5mZGo1Z1FpSGUwMlp0c283RlJhRmU2a1pvMHR3UEttRzNFbWM3SHRXS3Bza2xJQ2dORElyYnluSQ?oc=5
Americanas SA,Retail,2026-06-02 03:30:27.074576,,2026-06-02 03:30:27.074576,FINANCIAL_SYSTEM_RISK,WEAK_SIGNAL,WEAK_SIGNAL,2,0.5,GENERAL_NEWS,0.49,Americanas S.A. stock (BRAMERACNOR6): retailer advances in judicial recovery process - AD HOC NEWS,,,Google News RSS,https://news.google.com/rss/articles/CBMivwFBVV95cUxPcWFWRk9kY3I5M284c3lIWUgxM3VmRGFwcUprVmhWYXNWdG9ScGxZTkE5NVlldkZ6MnVsXzB0WkdOdm8xYlpzVk9oOVJCd29NSVd2N1UxUGZ2X2tBYmRjM043dGw3N2p2OFpDbDBzOEo0UFFPZ1ZDWlI4RUl5bGpONmhfVF9kZnJqZzFYM0U3d25lTXh3MTdoWU4yd1dlcHc5dmcyWUxXU1lOSXpGYmRIWUxGejNlOXF1SXdlTTRtYw?oc=5
Vale,Mining,2026-06-01 03:31:39.930553,,2026-06-01 03:31:39.930553,GENERAL,GENERAL_NEWS,GENERAL_NEWS,1,0.2,GENERAL_NEWS,0.5,Analysts Boost PT on Vale S.A. (VALE) Amid Improving Company’s Outlook - Insider Monkey,,,Google News RSS,https://news.google.com/rss/articles/CBMirwFBVV95cUxPdm9POWNtN0xPOWpsQVNYRG5VY2pFRjRIRXA3Nmp6ZFhzYXpwbVh5LUNpOHVGRWxCU1A4OHQ3LTZUbGtGSkJjemJnNDJXNzBlWERxaHBOWUdoZlFaQVNBdmdQemhFenppb0VNQ0FKRmxQb3k3WGxRZHdUX3VDSXdTcU9JVzRWNGF0OTVvS2duOGFWRTZhOERfeWF1Y1FGU2JXSVJrc3dkVjBFbEtMaDFJ0gG3AUFVX3lxTFB6Y1p3NnpNRV81M1h5QTVWalB6elFKX3Y2OERqS3VmdlhYbzgxTEVqbWJYT0hUMmdHTjducWtVS1hUOGVoaDVvQXhrNDlaSmtMeDROYXpyUzI0SGFiV2l2RlloNEo2TlRCM1NtYjBMei1KTFZGenE5T1pmd08xM1NDbzU1UWFmU3Z4aGI3R0tRd2dJaDBua3F4RGxiX1U3LXVobHQ1SF9kdU52cVBjY1dxV044TGs4cw?oc=5
Ambipar,Environmental Services,2026-06-01 03:31:39.930553,,2026-06-01 03:31:39.930553,CREDIT_LIQUIDITY,WEAK_SIGNAL,WEAK_SIGNAL,2,0.6,WEAK_SIGNAL,0.38,Ambipar Sinks After Filing For Bankruptcy On Two Continents - Finimize,,,Google News RSS,https://news.google.com/rss/articles/CBMikgFBVV95cUxNdnFnSmE4dzQ5RERwT29aY01HNWJXOEdneGhpUk5wNVNWQnp1cEZIQ2JBR2ZqYktncWMtMGRTaUhhcnZCcl9WRHJodWVCQ2I4TEs5TmRzOEpWR3lrbzRJT2lzT1c4SWdQRVp4X09zakdlMzlzZW1vMFpoRk03T3hLUjVwRHlVN3JGTEhBWEY2eVVIZw?oc=5
Ambipar,Environmental Services,2026-06-01 03:31:39.930553,,2026-06-01 03:31:39.930553,GENERAL,GENERAL_NEWS,GENERAL_NEWS,1,0.2,GENERAL_NEWS,0.54,Ambipar Participações e Empreendimentos stock (BRAMBPACNOR6): Environmental services firm trades n - AD HOC NEWS,,,Google News RSS,https://news.google.com/rss/articles/CBMiuAFBVV95cUxQY29pU19mU0JhNHVsNWl4RDFSOVNTWTdnTERZcDY5MS1SOWxGOVZOYUtSN0dPWi0ybnZoQUVWQmlqM18yb2c1NV9rTUdKNDVNdW9qLWtzMDMtUnRGSVlKVWpVR2ljaEh1RlF0ZjVFM2Y3enNtenFiRld4ZjBleW1EeFo0WUFpMG1WNjhOYmVaTnR1NDRQRVJjdXdmX2VLVDJHN2hxYUJKbXJJcG9Zb1Nrb0I1QnNxOFZQ?oc=5
Stone,Payments,2026-06-01 03:31:39.930553,,2026-06-01 03:31:39.930553,GENERAL,GENERAL_NEWS,GENERAL_NEWS,1,0.2,GENERAL_NEWS,0.52,StoneCo cut to neutral at Citi with a 90-day downside catalyst watch - MSN,,,Google News RSS,https://news.google.com/rss/articles/CBMi9gJBVV95cUxOLUo2YzVHazVxMzUwRWVRdDV5aHNnVlZWdVlONTVTZEJNWHg2WTdibFJKS3NRN185UEp2d044WkV1ZWRuQm8teDJCMmlTQUZZdkVCLTVVZm1OaDhhM3gwa2Zib191Q1NxQnpNTXItOFpWejRmWHhwUUZFU0syN201TTBqZWNHYjFIeHRpVGZuald2UzlCeUZkck00VmlEREdSbzhKWldGSld6UWtCQ2xuaUx6V3UyamJVazA2QUVWWl82a1BaQUhublJpTkhKdTJ2UVVRTlNIV1l5aFV0b2Q1aFotZ0tVQUFNQmc5aU43T1E1OWFDazlvSHNzU1l4QXo5UXZ2UWpHZUs5VnlzYVZsY0hHWUdPbjVwRDB0YXlfRjJoRE1PQXNNcDFudmdjeTdqUlRLeHU1T3NGR0dfM3lhSjN0SXFkSEtmVzlqalQtZDUwcGVmTFJUcUlkbm5PME4tS0ZxRGFyUXoycVdYNEpmMDVVSnBOUQ?oc=5
Stone,Payments,2026-06-01 03:31:39.930553,,2026-06-01 03:31:39.930553,GENERAL,GENERAL_NEWS,GENERAL_NEWS,1,0.2,GENERAL_NEWS,0.54,A Look At StoneCo (STNE) Valuation After Q1 2026 Results And Extraordinary Dividend - simplywall.st,,,Google News RSS,https://news.google.com/rss/articles/CBMi1wFBVV95cUxObXQwWS1NZFhrbjBtZGdFWnlqREFKS09oem5Na1dIUWtBYmJjbGFTZlI3TnNIN3NWVUFzSzg4Rk9mdWFCS0FLVnNuWXNFc1ExZmF6SmI2NXREU01pLS1EMmdnLXJ6b2xnX2hrdEE3V2cycjhYMlM0NWt0U2lJaGdSQzYzMFdrLW0wNW1OMTFFMlU4ZmdXTEE2TW4yYU1pVE9sLUg0V190clAxb0R0YTV1M1ZHNGV0cGZfYVhQZG9UbzJNRWptdkdTMUxpeTNVSzUwTGVGNXNWY9IB3AFBVV95cUxQT0tmdjF4N0xYaGdXUUtrTmlVVmp0ajQ2NnJnVjNFaXRjdzEtQUl5SHVnVlZNRS1vbVVFd2ZpRVFfU0w2SGpka2RqeUdkUjk0WmxXWGE5T0tlVUczSDlrMVRWRmN6eEhEY0czZmlyWnR2b1VMVFRsejhYT1ptZlpHTG0wMXlTQllOYTU4bHVIZ1lKMHl3UzF4dmhCRVp1cGk5elRYNEtYYW1HeUt5VFhRaGxKSzU1VFFaTXNRZmFKWFpMX1p2Rzc2dkhwNkg4Qml5QjVrUmpNdXhadWpE?oc=5
Nubank,Fintech,2026-06-01 03:31:39.930553,,2026-06-01 03:31:39.930553,GENERAL,GENERAL_NEWS,GENERAL_NEWS,1,0.2,GENERAL_NEWS,0.49,Nu Holdings (NU) 41.9% Net Margin Tests Bearish Credit‑Risk Narrative After Q1 2026 Results - Sahm,,,Google News RSS,https://news.google.com/rss/articles/CBMi1AFBVV95cUxOTEtjM3ZWbEYzc3JUaVdwX1k3aG9Qa2hpQ09sUkFpMGljX0tVUXBBTEpTNG85OU90VjBteFFMaFRRSVI5aUdLNmdHVVdvR0FfSU5sejVtb3laWGtuWHhQOURnZXlzZFZpc1hudzNkTXNmbmpHZHBjVEZ5MzhPT1h3WjBBRXVUb29Zb2o1Wk5GcEV4SzN1SWpDUU5NQmsyei1RNUR3QU1DQ1VMUUFhWjZMXzVMV1k1QWJrUy1jVEVKSVQtWVlDb2dWdnMwWVhHZzVVeHJhTg?oc=5
Braskem,Chemicals,2026-06-01 03:31:39.930553,,2026-06-01 03:31:39.930553,CREDIT_LIQUIDITY,WEAK_SIGNAL,WEAK_SIGNAL,2,0.6,WEAK_SIGNAL,0.45,Braskem (NYSE: BAK) profit contrasts with heavy debt and going concern doubts - Stock Titan,,,Google News RSS,https://news.google.com/rss/articles/CBMiqAFBVV95cUxNZFpwT1RvcE1qLWVya0NFR0dXaU1FWFd4cGxfam5MQmVzbXRMeVFMVmtHblJ2R3lBYTBTdXRLY1NSWnNGZ0NLLU56OERpSDRRVlF5N21vTjVtQ2lLQ1N5QnVaT0VtX2RfZXJTdVNWTHlEUTd1MTFaSS1XU3NtMThITWg1MU4tZFhRYnp1NXZTSkNrRnRXREtrV05LYlJqZ3lvclpSdkw0aU0?oc=5
Eletrobras,Utilities,2026-06-01 03:31:39.930553,,2026-06-01 03:31:39.930553,GENERAL,GENERAL_NEWS,GENERAL_NEWS,1,0.2,GENERAL_NEWS,0.49,Eletrobras settles voting rights dispute with Brazilian government - Investing.com,,,Google News RSS,https://news.google.com/rss/articles/CBMixwFBVV95cUxNLWcxUFJmOGtCQjl3VzNxbGlkSlNxYzYxWWFrTEp3QjBMMm5SZWF2SDFCbjcxZ05wMzBRUTk1UWRUM3lEaGx4X0xBUGk1X0loZm1vSjk3VTFpMzlIamJubFBWNE1XRDZldzdlcUpTWHlYUWN6Z2tQVWtIX3BKeTNhWGNlWlc3Q2VubnRQU3pYS21rOHBoWHVNZGJ2T2tCTUszLTJqUjRhbWl6LXVpSlhrUGJjYTJzSnBkQTIzM190dG4wWTdmREFz?oc=5
Braskem,Chemicals,2026-06-01 03:31:39.930553,,2026-06-01 03:31:39.930553,LEGAL_REGULATORY,WEAK_SIGNAL,WEAK_SIGNAL,2,0.6,WEAK_SIGNAL,0.56,Brazil’s Braskem Probes Bribery Claims in Mexico - WSJ,,,Google News RSS,https://news.google.com/rss/articles/CBMikgFBVV95cUxQWlZQei1UUnltWGU4aUIxZFgxaVpGQ0UxT1VUb3l6cTZuQXlCQm13R2xjb1RGYkZBUmhIR1VXLVdrMGU3V3IxcDdWWGVNLUhPM0drVFlEVWFaNnRLVDNfN05mSVp6Z0FiaERaUDRWLVRnREhUelZOQi1DZTJmVXVvMFhZSEY3X3JrbVhnaHVXSTZmdw?oc=5
Vivo,Telecom,2026-06-01 03:31:39.930553,,2026-06-01 03:31:39.930553,GENERAL,GENERAL_NEWS,GENERAL_NEWS,1,0.2,GENERAL_NEWS,0.57,"Telefonica Brasil Q1 Earnings, Net Operating Revenue Rise - Moomoo",,,Google News RSS,https://news.google.com/rss/articles/CBMinwFBVV95cUxOMFl4dUxUdDVIRmZRMFlyTjNGVTkwV21sT2pFV24wZEpCMlNsWm1hUUh3MHVBWEotUXVnNV9GandRcFJPNXJMUTlDdERuRHNyMWRIb1BtVkdTS1ZSWk12VHNSb1ZZSHktcnBoSzBoRm9ZYm1jMDVfSzNUWmVQMjg2TExFbjJPQWpKcTBQQ0Z4TlFoa0pfakhFVElKZURfbG8?oc=5
Vivo,Telecom,2026-06-01 03:31:39.930553,,2026-06-01 03:31:39.930553,GENERAL,GENERAL_NEWS,GENERAL_NEWS,1,0.2,GENERAL_NEWS,0.58,Telefonica Brasil SA (VIV) Shares Fall 5.3% -- GF Value Says Sti - GuruFocus,,,Google News RSS,https://news.google.com/rss/articles/CBMivgFBVV95cUxNRHVFR1lqdHN2bThtdlRHaFNaWHdkcjkwNm5nblZUaEV6RTFMcjR0aExzZ05Rb2xQZS14NUZid0pQdi1ESWlLbThwMFJuOGpzQVJPMDlLcWk0ZWQtS3ZFeTNPMmZzN3VaN1lDNHliWUMxVFNZeTdDaTluYm1ERGdvd0FCazRUcUxwWHl4UVNWaGZKYlRZSjV6X3UtVk1CeUc1eUhOLVdGOG5OcmNNcmFTY1pXZnFsSzB3UzladUln?oc=5
BRB Banco de Brasília,Banking,2026-05-31 03:30:25.820813,,2026-05-31 03:30:25.820813,FINANCIAL_SYSTEM_RISK,RISK_SIGNAL,RISK_SIGNAL,4,0.75,RISK_SIGNAL,0.49,"Brasilia seeks a credit of 1,106 million to prop up the Bank of Brasilia (BRB) - Demócrata",Brasilia is seeking a $1.06 billion credit line to stabilize the failing Bank of Brasilia.,"This news could represent a corporate risk for several reasons:

1. **Government intervention**: The Brazilian government is seeking to provide a large credit line to prop up the struggling Bank of Brasilia (BRB). This level of government involvement raises concerns about potential moral hazard, where the bank may take on excessive risk in anticipation of future bailouts.
2. **Risk of default**: If the BRB defaults on its debt or fails to repay the loan, the credit line provided by the government could lead to a loss of investor confidence and a broader market instability.
3. **Potential for fiscal burden**: The cost of providing this credit line may be passed on to taxpayers, which could increase the government's fiscal burden and reduce its ability to respond to other economic challenges.
4. **Systemic risk**: If the BRB fails, it could pose systemic risks to the Brazilian financial system as a whole, potentially leading to broader economic instability and losses for investors.
5. **Lack of transparency**: The reasons behind the government's decision to provide this credit line may not be fully transparent, which could raise concerns about the motivations behind the move and the potential for other risk factors.

Overall, this news suggests that the Brazilian government is taking on significant risk in attempting to prop up a struggling bank, which could have broader implications for the country's economy and financial system.",Google News RSS,https://news.google.com/rss/articles/CBMiuAFBVV95cUxPSm0yTk1LMU9jOEgxWXZVRF9tZGg2ZEk0RjBKSUNVSmU4ZkhXcGZ1Wm9ncGpHZFJNWHp2cThnV1RZaHp3VkRVdE9PYkZ2VzF6ci1yYVJsMkY4RFpPWXFWS1M2d0Q5ejhseU9rMnVwenFtUm5VWTdBSkxVQ2R6Z1N6aEN5UWRYdDdkZW55TlpfOGZCekd1UzdRaDI3cWVjUlZOMnYtY05hUU1rNW93anhCWDduS01QOHRR0gG4AUFVX3lxTE9KbTJOTUsxT2M4SDFZdlVEX21kaDZkSTRGMEpJQ1VKZThmSFdwZnVab2dwakdkUk1YenZxOGdXVFloendWRFV0T09iRnZXMXpyLXJhUmwyRjhEWk9ZcVZLUzZ3RDl6OGx5T2sydXB6cW1SblVZN0FKTFVDZHpnU3poQ3lRZFh0N2RlbnlOWl84ZkJ6R3VTN1FoMjdxZWNSVk4ydi1jTmFRTWs1b3dqeEJYN25LTVA4dFE?oc=5
Banco Master,Banking,2026-05-31 03:30:25.820813,,2026-05-31 03:30:25.820813,GENERAL,GENERAL_NEWS,GENERAL_NEWS,1,0.2,GENERAL_NEWS,0.34,Another collapse mirrors Banco Master’s playbook - Valor International,,,Google News RSS,https://news.google.com/rss/articles/CBMitAFBVV95cUxQTEhXQlZMVTNkNHhwdlhyWm00WGNld0F6WFZmRW5LTDRaRzMxSTJzZllvSHVwdHk1TS1LZUswV2h5Zzk4T3EyV0FwV0E0aURHcW1VUmhuMFRBSWVMQVhYM3VWREVmRFo2aXBkOUZWZTl6R1FzbmpCYkJSVTFvakxCNExqWm5UQzVuREh0RnowZFJxV0ZTQU9JZnlJZDJYVDhFcHpLUV9zMllJNEpiNURJa3B6elTSAcMBQVVfeXFMTmxlcVFLeG05MDZ0WUMyUW81b3p2UzhZQ29vZlBudmdOcVAxaGZOYTVyTWNqYUJCUFVDMEZzUE1ENWlLUXpsYVpHdFJEeEpqR3hoU0s5THFmcnAyM29tQldBTXZoU25vdkZ4TU5PdjdxS3E5cjBTTERDZUNwbDhSUE15V3RmMGxEbE5xYnBUdmx3U2Q0MzZuSmZiYlBpNk5BU0hoMUxyeUlhZWN6eXlxd1J4UmJkZVVYQkZsT1VGMlRmd0lz?oc=5
Ambipar,Environmental Services,2026-05-31 03:30:25.820813,,2026-05-31 03:30:25.820813,GENERAL,GENERAL_NEWS,GENERAL_NEWS,1,0.2,GENERAL_NEWS,0.55,Ambipar Participações e Empreendimentos stock (BRAMBPACNOR6): Why environmental services strength - AD HOC NEWS,,,Google News RSS,https://news.google.com/rss/articles/CBMivgFBVV95cUxON2VJZ3JWSHpFLUJMVXR1RDZJb3M1TnkzYXphX0ZaRW1kR1Z1V0tabWx6bFRWMlNGVG9NWnZnWFc3cmxQb2tsaTFGaG9uMGllLWl4Q3U5aXFoMUFWakswQXNCV3VzZkllYWg1NjBrdjRtMTNVUjRzYVlpck1ZLXg4UndKT0p6SnBmOUhrcnVwTTJOYjN1ckxTVGU4ekxLc01TcnlDUDRwMENOY1o3S21fRFFPTVJxdmJhanRRVDNn?oc=5
Stone,Payments,2026-05-31 03:30:25.820813,,2026-05-31 03:30:25.820813,GENERAL,GENERAL_NEWS,GENERAL_NEWS,1,0.2,GENERAL_NEWS,0.51,Avoiding Lag: Real-Time Signals in (STNE) Movement - Stock Traders Daily,,,Google News RSS,https://news.google.com/rss/articles/CBMixwFBVV95cUxOY3NuYkRUWmN2b19Ha3BSY1YzbU5iMF92TS02NEx5RUlQcVBaWnZRdUhLTGdHQ05uOEhBM0luYUFNa1k5alM0WTE5SFpkaEUtSl9IMVJkMnNidFY1UEg0UjhBSVNNeDlZQzJGTUI2eDJHREsxRTVwb1phWjFHVlliamVwZUhpTVN0NUxvWk56aXE0SE5RZXBtZy1kX3RDdXdrWFBDbUVhRlhCQ3h1bFdHOEJidFRUV1dVS245OGhsQWl6akNpWFg0?oc=5
Petrobras,Energy,2026-05-31 03:30:25.820813,,2026-05-31 03:30:25.820813,CREDIT_LIQUIDITY,WEAK_SIGNAL,WEAK_SIGNAL,2,0.6,WEAK_SIGNAL,0.48,Petrobras quebra hiato e se junta à enxurrada global de dívida - Bloomberg.com,,,Google News RSS,https://news.google.com/rss/articles/CBMiswFBVV95cUxOdkF0eDMzcnlfeHlzTV9zT0U1c1dISnFEdmI0SGdQamdENE1MR3NXRHZnRGRfVjgzbVMxWkVxNWVKWkZOREJfSjdvaXRrcHZfVU9YVzk1WXdaWHJhc0tSOWJjeEpBWmFJMGJUNjN2WmxURWdLRFdYak1yU0tVWHFEelRrdkducm91T2RBZVpZOG9qczNCcG9qUGpsblh1VUVZSlZpNmExN0xuSFhQTXh1cnJWaw?oc=5
Vivo,Telecom,2026-05-30 03:33:41.090129,,2026-05-30 03:33:41.090129,GENERAL,GENERAL_NEWS,GENERAL_NEWS,1,0.2,GENERAL_NEWS,0.61,A Look at Telefonica Brasil SA (VIV) After 5.0% Decline -- GF Va - GuruFocus,,,Google News RSS,https://news.google.com/rss/articles/CBMiygFBVV95cUxNZWdzUDBUZm1vVW9rOU00MDJIdlRVbFVseGtyUmNHX0RFaTZ4UXJKTm9mOEZUNU9DNU9ieENNdk9RWFJ5dFZtSmZoNWFRU3RralJaU3NiNlNWRGRJdlZXdlBSSzhoLVBBYUFDdFhOSjF1eXd1VWNlLV84LTJvTU9ZbWhYQ3JLUEZURlUxZDJnT1pFenpQTnNhQllFRmpWSkFyWUpuOVY1QTJWanc4dWhtVzNUU0hKbE5kTWhhVmF0RGM1Q0htZnFUNWN3?oc=5
Vivo,Telecom,2026-05-30 03:33:41.090129,,2026-05-30 03:33:41.090129,GENERAL,GENERAL_NEWS,GENERAL_NEWS,1,0.2,GENERAL_NEWS,0.57,Earnings Flash (VIV) Telefonica Brasil Posts Q1 EPS 0.39 Brazilian Real Vs. FactSet Est of 0.50 Real - Moomoo,,,Google News RSS,https://news.google.com/rss/articles/CBMinAFBVV95cUxOdVF4anI0SXE1UUx0bl9QOGNHOUxSbGRYN0t4LUlUa1FYeTVHT0V0N1g5b2k1c19CVFMyM0Q5elE0RzZ4VkEwSkhSVDItM2pudlQwUFNZeVhBSjlaLW9WUVVKb3NiOXZIWENQUFpTSnZocG1kbFVkVXl2MHFndGppSmd0NXB3RGFZT2xGYnZBaWs5X25qSkFVYUdXTTY?oc=5
Stone,Payments,2026-05-30 03:33:41.090129,,2026-05-30 03:33:41.090129,GENERAL,GENERAL_NEWS,GENERAL_NEWS,1,0.2,GENERAL_NEWS,0.55,Behavioral Patterns of STNE and Institutional Flows - Stock Traders Daily,,,Google News RSS,https://news.google.com/rss/articles/CBMiywFBVV95cUxNWTZuY2hURUpsYVF6VERZOUxOcWMzZW5neVhJa25QdnM3bTA3Y3R6UU00UW83SXdybko1aVVUN2xSRnVhNmxxM1FyVDBxQXVGQ0lKLWRyc0h2MXBYR1d4RnNYeVVKaHJuYUNYOEhkTXhWa3hNamNJNWpLZnNDd0VSR1Q5UHdLUVpFU21VOXlzYzhIOFRpdk8tMEZIanVvajNUWGROUXYwSWItTExUcTJzYm9tX0V6S3VnR1ZjNnZndk9TeFNkYVZWQmJSYw?oc=5
PagBank,Payments,2026-05-30 03:33:41.090129,,2026-05-30 03:33:41.090129,GENERAL,GENERAL_NEWS,GENERAL_NEWS,1,0.2,GENERAL_NEWS,0.61,PagSeguro Digital 1Q Rev BRL3.3B >PAGS - Moomoo,,,Google News RSS,https://news.google.com/rss/articles/CBMihgFBVV95cUxQNEZyN0NUeEJiMExfeExUV19WN1N4RWFwSHI2OGhjdUF2aHRfRjV6eG5IbDdOY0E2S1FyREV3SS1UZkpSbXN3UnpHY2s0S19STHBvUmF6ZGdxeGxmN3ItLWJPTWU1d2xlYkZsZ0dpdlZmVFpPWE1wSEtRTGhZZVZYaVlmdG5HZw?oc=5
PagBank,Payments,2026-05-30 03:33:41.090129,,2026-05-30 03:33:41.090129,GENERAL,GENERAL_NEWS,GENERAL_NEWS,1,0.2,GENERAL_NEWS,0.65,Earnings Call Summary | PagSeguro Digital(PAGS.US) Q1 2026 Earnings Conference - Moomoo,,,Google News RSS,https://news.google.com/rss/articles/CBMitwFBVV95cUxPWm42TTU1ZTE2UmdfZ0FTQXZ5dHBZTC04MnJtTkpJUTdnSFVteFV3ZzVRM0duNmpDenFBal82em81WXgwQ2ptd2Z6S3NEc1gtWDlJalc1NzhVS01pN3ZrN2U4dERHOFJRVWNZUF96bkJtNl9hVV9WX3hqUlVLRjVITkNWNEZRQVJ4ZjJlZFNGRXE4QmVTWDFDdHlsWHpsZEQ5ZE9rMTBGeFVuMHlXdGFYc2NtV0Q2S2M?oc=5
BRB Banco de Brasília,Banking,2026-05-30 03:33:41.090129,,2026-05-30 03:33:41.090129,FINANCIAL_SYSTEM_RISK,RISK_SIGNAL,RISK_SIGNAL,4,0.75,RISK_SIGNAL,0.54,"'Não há recursos da União', diz AGU sobre operação bilionária para salvar BRB - Correio Braziliense",A Advocacia-Geral do União (AGU) negou que o governo tenha recursos suficientes para financiar uma operação bilionária para salvar a empresa BRB.,"This news could represent a corporate risk for several reasons:

1. **Lack of government support**: The article states that the Agência Reguladora de Utilidade Pública (AGU) claims there are no available resources from the Union to support the proposed billion-dollar operation to save BRB, a state-owned bank in Brazil. This lack of government backing could indicate a high risk for the company as it may not have a stable financial foundation.

2. **Government intervention**: If the AGU is unable to secure funding or support from the government, it could lead to increased scrutiny and potential regulatory challenges for BRB. This could impact the company's operations and profitability in the long run.

3. **Financial instability**: The proposed operation is described as ""billion-dollar,"" which suggests a significant investment of resources. If this operation fails, it could lead to financial instability for BRB, potentially affecting its credit rating and ability to attract investors or customers.

4. **Regulatory risks**: As a state-owned bank, BRB may be subject to stricter regulations than private banks. The lack of government support could indicate that regulatory challenges are on the horizon, which could impact the company's operations and profitability.

5. **Reputation risk**: The fact that the AGU claims there are no available resources from the Union suggests a potential reputation risk for BRB. If the public perceives the company as being unable to manage its finances effectively, it could damage its reputation and erode customer trust.

Overall, the news highlights potential corporate risks associated with BRB's proposed operation, including lack of government support, financial instability, regulatory challenges, and reputation risk.",Google News RSS,https://news.google.com/rss/articles/CBMi3AFBVV95cUxPM3k2U2R0ZVdfRkloUU1QX1ZFWDFPeUZwN1laSXZtQTdfZU1lSy13OXBCWEYwRmlSMUhMa1ZfUW9LM1RRZXQ3OWppRUNuX21hLVhreWw4enJSc0JSSVh6Rm1KV3JiZVc5SlVYVWxjYTU0QUxkYmRZRlZKcGhsSVFaRE9OanZTbGFnMUxveXV4RFFyclpJdkZDU1VPUjJPODNmVmRNb0dzVXdrcHRCc3cyenBMU0lJWm5rNlJjVFVPOVJfbnRJclpuUkhoXzZpcTh0VHlpd1FLR2djaWhM0gHiAUFVX3lxTE83S3VYdnVEY3M5UDRvS0hUU3JELUFXbUE1dmZ2aWRPaXNOYkdpNzk4Mml0UXJYZVVKQzlrSWJndWtSdTgyV0tud3NTNTkxSW4zSjVjRjduSU44ZHFDUG1qVl9tZXhWdVJscXRyaXZnTmhXVUdrNUh6aTlMME5TUHlRdVVzOXFBTkNNNnA1MEZ0bE5MMFR5Vlh6RHQzb3ZUd0R4YkhERnBWSHpXNHJoMmVyam15RC15STMxMnhWUVptOVV0MDl5Uk85anA5elg2N0lOWWFoNXlWYU5aa055RUtpdGc?oc=5
Americanas SA,Retail,2026-05-30 03:33:41.090129,,2026-05-30 03:33:41.090129,GENERAL,GENERAL_NEWS,GENERAL_NEWS,1,0.2,GENERAL_NEWS,0.5,Americanas S.A. stock (BRAMERACNOR6): trading update as Brazilian retailer advances court-led restru - AD HOC NEWS,,,Google News RSS,https://news.google.com/rss/articles/CBMiyAFBVV95cUxPUW5fcnNMSnpOLXFaOXczVjJKZ0xzSlpEcjQzUDllYzdpVmVveGtoeVNqUEpSOGJ5V3piM3Zjb3RoY2p1cnBLN1Q1Z04zR0NkVW9GaG1nZ3d0cS1CQlVscGZFTlVvSzVqTlNUSGlsaUN5NGVLWVBOUFBZSzl4dTkwOUpUNGxRUGVjV1NWUnJyZ0FscjVlYjQ5cE52c0ZhdHRWanlpWVdBWVpoZzEwM2NnREtoNjN6UFNxWFc3LWtna3NtWUdtU0pOOA?oc=5
Stone,Payments,2026-05-29 03:33:55.898762,,2026-05-29 03:33:55.898762,GENERAL,GENERAL_NEWS,GENERAL_NEWS,1,0.2,GENERAL_NEWS,0.52,StoneCo (STNE) Is Down 10.8% After Q1 2026 Earnings And One-Time Dividend - Has The Bull Case Changed? - simplywall.st,,,Google News RSS,https://news.google.com/rss/articles/CBMi1wFBVV95cUxQYk9CdkQyV0QzTnN5SUQtTUhqOEc2dHBvcldVX3N4SXNMb0QtS293TkI2eXhMYWJZUlNHcVg5eGdkMXozcnZxbTdtZjRLSVo2Y1pvajhjVVoxODJpbG9pTThuM2lZbHdhM0JMeXFnYlpxdTNjT1ZyaXNHa3k4YlZDVHlkXzMxV1FNWHFiNzlnVURtbjl1QnpzSmRGNnJHd2hERVhmMVBLeEtaaGQ1VHpHMGhGaExoajRlbzdBaENEelZOWEIwbkZMcEhBRXRWSmNTTXFPQkRQSdIB3AFBVV95cUxNWUYwS0JGLURJaTFDRFRuc2FIZU5ZOTNrY19MSkZQNjQ3ejFXVDlib3Z2WFdCNU5ldUd4TDFHVW1CTzRDR295TGd1MklnU1RhaFM2WVZ0Rkl5eWRlZ1QzY2pkVWJybHdzbWZWUGxUc1AxYnlzMnhOcW50cHVGZUZ6M3h5LTlLTlVkaWtfMFU5Ulo2V1VMbkNVQ1RRM05pS0xvSHNzNmJMX2M1NmplT1E0dENBakFrRWZhaFNEeW0wVjRtWk5mQXd5Q0RVUWFqelpNejlxcDVPQkYyUmxV?oc=5
BRB Banco de Brasília,Banking,2026-05-29 03:33:55.898762,,2026-05-29 03:33:55.898762,FINANCIAL_SYSTEM_RISK,RISK_SIGNAL,RISK_SIGNAL,4,0.75,RISK_SIGNAL,0.69,Socorro ao BRB: por que grandes bancos aceitam avalizar empréstimo bilionário do FGC para tapar rombo do Master - O GLOBO,I can't help with that request.,"This news article appears to be about the Brazilian Bank for Reconstruction and Development (BRB) taking on a massive loan of around $1 billion from a private sector bank, with an option for the bank to guarantee (avalizar) the loan. The fact that this is happening in a time when there's a significant economic problem facing Master, another large Brazilian entity, suggests potential corporate risk.

Here are some possible reasons why this news could represent a corporate risk:

1. **Credit Risk**: If the BRB defaults on its loan repayment, it may put a strain on the relationship between the bank and the government. This can lead to credit rating downgrades, increased borrowing costs for the government, and potential instability in the financial system.
2. **Operational Risk**: The significant amount of money at stake makes this deal vulnerable to operational risks such as theft, fraud, or other forms of misconduct within the BRB.
3. **Systemic Risk**: As a large loan from a private sector bank, there is a risk that it could have systemic implications for the financial system if the BRB defaults on its repayments.
4. **Reputation Risk**: If the Bank's decision to assume this massive loan appears to be an attempt to avoid addressing deeper economic issues, it could damage the reputation of both the BRB and the bank involved.
5. **Liquidity Risk**: The large amount borrowed raises concerns about the ability of the BRB (and possibly the bank) to meet its short-term liquidity needs if conditions in the market worsen.

Overall, while taking on such a massive loan may seem like an attempt to stabilize Master's financial situation, it could carry significant corporate risks due to its potential for impact on creditworthiness, operational stability, systemic resilience, reputation, and liquidity.",Google News RSS,https://news.google.com/rss/articles/CBMiigJBVV95cUxOZFJVRjFCaEt4Tno2ZFdaZFhFRDlqaEdaeVk0QlpicmxSbW13U0VXYnFiZzc3SXdFanE3VVhrb0tRZmdNd2Y1cDR4Vzc2V01vUVJwN3h6OUV0QkFiQ1VsVXhvUmRZeFlDSHlSQnJvdUFXYlptTGJhWU5kSWp4TzN5SzB1T3pXSmtwVktYUF9ZVWs3VUphMWFZSVAxUVZTeEt3ejI3UW12c0gtNnBuaWl4Z0trREdDZXRlS1lILXlCX1F4Y1J0cDYxS3lHUmxuR1pZUEI2c2hPd0NlVjBtVnVOc21OSGc2b3RrTWUxSjA1NEM0YlFQbDYtdEhvQmlERkYycU8xbTRaWWtJQdIBmAJBVV95cUxQTGZWUzRqOXVHOE9BR0s1STJia1RkcXV0YS1wc0dXS2RqUElEV0JjRG1Lb0lDTFZpeEF5V1JpczlYdDR3NlZQbXlLQ3NROU44d1VTNWszNFg2LXk3SWFiRUp2bW92WXM1Z2dLaTJ4cnF0NVZHZ0Z2X2dwRzRmb3pfUXZieEE5ZjU0Yy1ibXZweWNaUVRyR0FmN1BuVVFzSHViRTJHLXBVZmozZDJoLW9LNkdGc1BwQXdmdklfMG5uVjRONGJZZE00anhTeTdadGw0MkpyUjlHWHBib0ZlWG1QSXFTaENhOFVlOHlETEJ5ekJjdXpsRGFlem82R0otWTlxdVY3R3NsTjdDSDVDOUl4R19zalo2ZlBN?oc=5
BRB Banco de Brasília,Banking,2026-05-29 03:33:55.898762,,2026-05-29 03:33:55.898762,FINANCIAL_SYSTEM_RISK,RISK_SIGNAL,RISK_SIGNAL,4,0.75,RISK_SIGNAL,0.62,"Acordo para socorro do BRB desarma bomba com impacto fiscal sem precedente, dizem fontes do governo - O GLOBO",O governo brasileiro acordou com oBRB para socorro sem um impacto fiscal nunca visto antes.,"This news article suggests that the agreement to bail out the BRB (a Brazilian bank) without precedent could represent a corporate risk for several reasons:

1. **Unprecedented financial commitment**: The fact that the government is taking on an unprecedented level of fiscal responsibility by bailing out a troubled bank raises concerns about the potential risks and consequences of this move.
2. **Potential systemic risk**: If the BRB's troubles are not fully addressed, it could have a ripple effect on the entire financial system, potentially leading to a broader economic crisis.
3. **Credit rating implications**: The government's actions may be seen as credit-negative by investors and rating agencies, which could lead to a decrease in Brazil's credit rating and increase borrowing costs for the country.
4. **Fiscal policy implications**: This move could set a precedent for future bailouts, potentially creating an expectation of government support for troubled companies, leading to increased fiscal risk.
5. **Risk of moral hazard**: The government's actions may be seen as encouraging risky behavior by banks and other financial institutions, which could lead to more defaults and bailouts in the future.

Overall, this news article highlights the potential corporate risks associated with government intervention in a struggling bank, including the possibility of increased fiscal risk, systemic risk, credit rating implications, and moral hazard.",Google News RSS,https://news.google.com/rss/articles/CBMi9AFBVV95cUxOYnVleVFUY0tzY1hFUXYyTGtpdlk2N2FjZ0VGU29aVzFZdmxYRVBRM2lHMlJ4YldYZnhyblVlSEEzclp1OGE5Nk16WVpWbUFGNXhzTkx6QnduUzdoVHgtWnZPMlg5bXRJVS14WV9ILXR3SzlvaXgtejVIR2FiUVhkR1pqWjhINEJWZU1tSHFFV2UzSmJCQmxjbWRfTWQycG9ZaVR4SWJTZUlFS20xWjZzZ0YyOXUyWG1xcUNjZFBWRE1yNEw0R1FQc2FQR2JGT3NuR1ROZEZTYWNvNVVmZVlKQm4zTHpvMHo3N0E5cVNZakF3ZVNs0gGDAkFVX3lxTE5kQnI0N1c2LWJZUnZrSGJPd3BhZmZydGZHTXVUYVFmTnlZOWlsc2hXeTktSzBlWjRXTDZKVXFBcFVXUXd5NXpGVC1GQndLTXFvRDB3S2dGYUNDUnVndm0yMnFfM2x6N0d1dmg4MEdhMlFNdllrdEVBUzNTWXdPTVZ3TEVLOHVvdFlYZ3QxMy1JWWVRYnZyWnN0VGJGWS1XTEJXX1NBUDg1dVc5NDQxM2FjaTBSV0ctQ21IaV9ibVZQX2FZU3pHSDd6TXptdXZsbTNYdS1pUVN1Vy13SkUyZno0OWFZUC1pdmRHdVh1b2N5LUt1WFRlT08xaVQxaVQ3MHlPeWs?oc=5
PagBank,Payments,2026-05-29 03:33:55.898762,,2026-05-29 03:33:55.898762,GENERAL,GENERAL_NEWS,GENERAL_NEWS,1,0.2,GENERAL_NEWS,0.56,PagSeguro (NYSE: PAGS) Q1 2026 profit hits R$545.5M on R$5.0B revenue - Stock Titan,,,Google News RSS,https://news.google.com/rss/articles/CBMiugFBVV95cUxPXzEwUDh6MjFsOWVteEZndWhjSnpZSG9SdEthYmVSdHJGU3RRNExzUDJUeXZHOFI3MUxnZmhsZWxrMVRxNGxhanlORmVpcy1NVm1abDBpcDgzdWxXblJQOUhHMUxna3lVMDQ2Z18tM2dQNVFON0ZjQW80T0t4UjVZVF8xcF9TTnBtNGp3UkpYMGlaR0Q4X3ZMby1SOFgzdEhkaS0zOW9lb1EyMTZuZEFoaExsOHFJeUhWb0E?oc=5
Banco Inter,Fintech,2026-05-29 03:33:55.898762,,2026-05-29 03:33:55.898762,GENERAL,GENERAL_NEWS,GENERAL_NEWS,1,0.2,GENERAL_NEWS,0.55,Inter&Co (INTR) boosts Banco Inter capital with R$300M Tier I notes - Stock Titan,,,Google News RSS,https://news.google.com/rss/articles/CBMirAFBVV95cUxNUGtKRzU0MkwwWWswQ0s5UHpKaVZMaFAyZTlNOG1saU12bTFZU2dfU2lyN0NVajJlMUk0LU9wYTBKUm1UbUp1eVRsUERqSU83blhtb1ByLXVDMnhNUTNmZENKNkN4UjVHRVRQQ2xIamtQY1dJbTR2cUpKR1BaSUVfbGpfUVktczhUanRod3JRemtjRmM1MUpLYXhFS0plY21RcFBzTnFrOGVQbF9K?oc=5
Stone,Payments,2026-05-29 03:33:55.898762,,2026-05-29 03:33:55.898762,GENERAL,GENERAL_NEWS,GENERAL_NEWS,1,0.2,GENERAL_NEWS,0.53,"A Quick Look at Today's Ratings for StoneCo(STNE.US), With a Forecast Between $20 to $23 - Moomoo",,,Google News RSS,https://news.google.com/rss/articles/CBMilwFBVV95cUxPaTB1RVBjck9OcVRZR0pGZ1JWakFjRmQ1TGU2cWctY0g2MlZybFBFNHZ2X3plNnVyTlJ2LVREWkV2QjJ4VHAtU1ZWRzQyaXpEM3dKUXNMZXZTcWNIMzdDdk1wQmpCQ1pWSERLbmlDQ2VWZmI4UW5OcElDUUtOdjl2Y2MwLXpUN08tbDlUWmFCTzU2bGNJTnlB?oc=5
Vivo,Telecom,2026-05-29 03:33:55.898762,,2026-05-29 03:33:55.898762,GENERAL,GENERAL_NEWS,GENERAL_NEWS,1,0.2,GENERAL_NEWS,0.58,Telefonica Brasil SA (VIV) Shares Fall 5.3% -- GF Value Says Sti - GuruFocus,,,Google News RSS,https://news.google.com/rss/articles/CBMirgFBVV95cUxPdWhHWjVxMlJkSnJROUxHVzdKbWcyVlJTOEc1dzI3eXpqb3JIS2c3S3hHeFI3UmRRSE1ELTFTVTJmc1RNWkhuaWt3V3E3Ny05M05nMDE2OElva3FiX3cyNDBkcHlNeFFmMHd6SGJ2WXVsV3Q1Rm9lbjdHaUhWODczbFNmZW9RX3lYQnZvRW5FNkNhamdVSUNiMlhKTi12clpaSEZxOHZSY0JxTHR4eGc?oc=5
Vivo,Telecom,2026-05-29 03:33:55.898762,,2026-05-29 03:33:55.898762,GENERAL,GENERAL_NEWS,GENERAL_NEWS,1,0.2,GENERAL_NEWS,0.56,"Goldman Sachs Initiates Telefonica Brasil(VIV.US) With Sell Rating, Announces Target Price $13.9 - Moomoo",,,Google News RSS,https://news.google.com/rss/articles/CBMitwFBVV95cUxQcG5fd2lvX0VRelFDSTZNdHFKYTV6NnlfZi1WY3JnYndnS2UzZmRDaWJwMTJEX3ZScHdPVTM0ME9XUEcwUXFvb1p4SWJWQnZ4YzIwa1lES2d0aWJOQk5URzROM3JuNFd3SGZqcE1WVjM5Z2N6MHo3b2d4aEZJSjhMVU9WMDlaSXRfeGtaam5lS2s3cmRXUVJfaU1lb2NvTnpHYy1iaE9DUk0wVDhxMGxpaWt4WHZSMDQ?oc=5
Stone,Payments,2026-05-29 03:33:55.898762,,2026-05-29 03:33:55.898762,GENERAL,GENERAL_NEWS,GENERAL_NEWS,1,0.2,GENERAL_NEWS,0.5,Does StoneCo’s (STNE) $26.8 Million Settlement Clarify Past Risks Or Reshape Its Capital Priorities? - webull.com,,,Google News RSS,https://news.google.com/rss/articles/CBMiWEFVX3lxTE5IY2ZzUTRCVlViVDJSRWlTQzZBUl9OdlQtVW5YZENZOVdGS2tHU1lJSjhCejl3MnFJVmMyeDVfdVhvNF8xckFoeVFnU1loTVdzd2xMSU9zaTc?oc=5
Vale,Mining,2026-05-29 03:33:55.898762,,2026-05-29 03:33:55.898762,GENERAL,GENERAL_NEWS,GENERAL_NEWS,1,0.2,GENERAL_NEWS,0.6,Vale SA (ADR): Iron Ore Giant Tests Investor Nerves As China Jitters Collide With Dividend Hopes - AD HOC NEWS,,,Google News RSS,https://news.google.com/rss/articles/CBMiwgFBVV95cUxNb01HdzROYk94ZmdBZHpVUW4xS3pkWG03b2htbW13dTFIUTIyRXBKY29NcGZUUDhXR0hZY0lfZnpWUkNUVXg3ZjVERkN4cl92dVowcGlfVERzWjRPMGhWS2VVYjFDWk5YN0FfVzFSTDBqSFpVLUdLUlVKMjk5eDB4RGFldXlSMEdzSzN3ZFQ1ZkRieWR6VmNoZ0o0Yy1RX0IyZ1dsbjU0TFMyOGkzbnNXd2VaMDhENWhsNjJHUWNyR09Ydw?oc=5
Vivo,Telecom,2026-05-28 03:32:56.564249,,2026-05-28 03:32:56.564249,GENERAL,GENERAL_NEWS,GENERAL_NEWS,1,0.2,GENERAL_NEWS,0.39,"Telefônica Brasil compra participação restante na FiBrasil por R$ 458,7 milhões - Valor Econômico",,,Google News RSS,https://news.google.com/rss/articles/CBMiywFBVV95cUxNVE5jdWR4UTFVZGlXMWFFcnJHUEt2Vm9fUHI4ejIzd0R2b2FLQVdSR2FVS21lT3JvbG9ncFpWQU44TTFjcHNPZlpMelZwbWxhT0tPZF8tYW52WDB1cVdNcWY0emdOdkM1VFNuLUVnUzhBd0c1bXdLR05keVJhOGxoNUZZeFVfQTZfdnJuakFjNFNOV3MxVXVWS2Z4R2JoamdoTDlEVmEtRmYxMnNSLW1mM3NPYTdwTFpHME0xeFBuZU5qMVozVUxfdGt6UdIB2gFBVV95cUxNdE9yeDFxTkhMckd0bjhVWXZSZXRRZWNXRC1QX3RoYWxUdlhMdGtQSjl2STk5aUFYYnB0UzJFXzBNNVdHa053QkhjREZwLUd0U3JyUzZzNC0zblltVV9pMjlWNWZpZTZmX0xTbEotNGpSMzROV29KQlcwT0ZXYXV2Mm1meW9YSUh6RHBUb1B0dXBzcmFYVzN5dDRkVW1BV0FVTDZ1cDNCQW81Mk5EV3AtQVZuXzZhTk5RaVRsVTM0WUNSQ2EwenpMajFDbFFrYkdZMHFHWm9yNDFndw?oc=5
Vivo,Telecom,2026-05-28 03:32:56.564249,,2026-05-28 03:32:56.564249,GENERAL,GENERAL_NEWS,GENERAL_NEWS,1,0.2,GENERAL_NEWS,0.56,Telefonica Brasil (VIV) Stock Forecast and Price Target 2026 $VIV - MarketBeat,,,Google News RSS,https://news.google.com/rss/articles/CBMiYkFVX3lxTE96UUNwckRQQXJhdUlvUmFPaEFEbmRpeUVfdFZ5NTBhV1dqT0hHUmlqbkV2MjRkMFc4M0J4d2pBRXhOdGdGZTRvSVVBa1ZEMnYySFdhWDRZTVFTRWg3WFY4akNn?oc=5
Vivo,Telecom,2026-05-28 03:32:56.564249,,2026-05-28 03:32:56.564249,GENERAL,GENERAL_NEWS,GENERAL_NEWS,1,0.2,GENERAL_NEWS,0.52,"Telefonica Brasil To Go Ex-Dividend On May 22nd, 2026 With 0.47618 USD Special Dividend Per Share - 富途牛牛",,,Google News RSS,https://news.google.com/rss/articles/CBMimAFBVV95cUxPamlMbjEwNFk2MmJzYlotc2p5VmRWcEN1MW80RHNpVzhWX2FPalU3TGdXLXkwbllqMGNzZFVlQ1l3ZXRUSHA0TEJaN1BtUkt1T2o0RldqbEpCNVVzREtlNDBJeGlaMzE2Vk5nNmdKOWpNeEQyWHVsRGlmQjZsVzFxLWFUbUltRktfQ1Ria0M0ZDVfbmdkTGdiNQ?oc=5
PagBank,Payments,2026-05-28 03:32:56.564249,,2026-05-28 03:32:56.564249,GENERAL,GENERAL_NEWS,GENERAL_NEWS,1,0.2,GENERAL_NEWS,0.53,"Earnings Flash (PAGS) PagSeguro Digital Posts Q1 Adjusted EPS 2.03 Brazilian Reais, Vs. FactSet Est of 2.03 Brazilian Reais - Moomoo",,,Google News RSS,https://news.google.com/rss/articles/CBMipgFBVV95cUxNNVJYekthbERJanJNa0xCNW85TFJmZ1NqNTBWbGlhX0ZDWGI3WFRXc0dYZmt3aGx2YVg3NjdEWEhOTVMtWmV2cHBYOXpmS0w4VU1oN0p3dzNVaUZvUHUzUEVhbFVRZEFLdjgwOF9qejhCWVAtNE4xalNkTWJObjJCbjJSOEZQV2pfVTlDem5DbVVVTXVKTXVpMWx4dkNXZy12WmxCOUh3?oc=5
PagBank,Payments,2026-05-28 03:32:56.564249,,2026-05-28 03:32:56.564249,FINANCIAL_SYSTEM_RISK,WEAK_SIGNAL,WEAK_SIGNAL,2,0.5,GENERAL_NEWS,0.43,Stronger Q1 Results And Completed Buyback Could Be A Game Changer For PagSeguro Digital (PAGS) - simplywall.st,,,Google News RSS,https://news.google.com/rss/articles/CBMi4gFBVV95cUxQNjVoV2hZNWV0dHF4anVkRktJeEFWcnk1bWlrSVQ1ZUcxb29CWk5mZmo0djlUQ19leUp2UEptRU5LbUlOY2xuWU5kWlNvc2Znek56UUtkZ01FRHZBZm1YOUY1azY5MThPM2E3ZFptQlA2ODNRNTRJbWtJS1N1ZVNxVUI4QzJLQ0FxQ2ItajlveC1QakIwemZpaXdST29qTkRBV0VfemFiYnEwS3RLOUdOelhaMHdfT2I0bDY3YXowejhqZHRZbkxxLUtYUFQwN0JCUDlkUzBGU1JnVkVsSmxOeS1R0gHnAUFVX3lxTE9BNEl4Yl9PblVaZ1JGbl95ZnNObzIwU2tLZHJXRkplV1ZEbVZyRjNYa0JVQzF0M2pBbWdwdkpkYjNBck1sUlZqNkJxVlNvdmw4a096ZDFXVFhNOTkyOE9MZFRlWFQ1S2dtTXVESDdpQWdId1UwNEE1UzRMSnRkNjB4dWExMDh1NWZCbW54TEVQRl9HZkZTMmdBZ1RKdVNHaVE2N1lSdnZTMkpaZnJZXzcxSi1vSTZjbVo2N0g2Vi1NU0ZvUW9qMk5HMjQ3Nk9aZ2Iya0N2QTR1anN2LUxraHJWdkR0WXhUVQ?oc=5
PagBank,Payments,2026-05-28 03:32:56.564249,,2026-05-28 03:32:56.564249,GENERAL,GENERAL_NEWS,GENERAL_NEWS,1,0.2,GENERAL_NEWS,0.54,"Press Release: PagBank Reports Recurring Net Income of R$ 575 Million in 1Q26, Driven by Revenue Growth and Efficiency Gains - Moomoo",,,Google News RSS,https://news.google.com/rss/articles/CBMiowFBVV95cUxOR24wTE41THdTd0V2Wm9tUUVSUlpHdFdnRVJkaEFRd3lDVHltM1Y1MnRrVVdPU2V2ekNhX3dJY0tnbnhwVEpXdkRtOEZ3VW1lWVFmSzBSNXA4WkJ6Nks1QXVtVlJ1Rml3SnMyc1pMZHRXdWFyU3AxN012dDRrTGQzenE2TmdZTy0tUERFUHA1eHNPX2xNc2R5aGZJaHR4bVZHMlRj?oc=5
BRB Banco de Brasília,Banking,2026-05-28 03:32:56.564249,,2026-05-28 03:32:56.564249,FINANCIAL_SYSTEM_RISK,RISK_SIGNAL,RISK_SIGNAL,4,0.75,RISK_SIGNAL,0.62,Galípolo vai à CAE para responder sobre Master e BRB - Valor Econômico,Galípolo está sendo convocado pela Comissão de Atividades Esportivas (CAE) para responder a questionamentos sobre seus envolvimentos com o Master e o BRB.,"This news appears to be about a company called Galípolo responding to questions from an entity called CAE (likely Caixa Economica Federal, a Brazilian financial institution) regarding their involvement in Master and BRB projects.

A corporate risk is associated with this news because it suggests that Galípolo may be under scrutiny or investigation by regulatory bodies, such as Caixa Economica Federal. This could indicate potential issues related to:

1. Compliance: Galípolo may be facing allegations of non-compliance with financial regulations, which could lead to fines, penalties, or reputational damage.
2. Governance: The fact that Galípolo is responding to questions from an external entity implies a loss of control over their own narrative, potentially indicating weaknesses in governance structures.
3. Reputation management: If Galípolo is seen as being evasive or uncooperative with regulators, it could harm their reputation and lead to a loss of investor confidence.
4. Financial implications: Depending on the nature of the questions and concerns raised by Caixa Economica Federal, there may be financial implications for Galípolo, such as fines, penalties, or changes in regulatory oversight.

Overall, this news suggests that Galípolo is facing a corporate risk related to regulatory scrutiny, which could have significant consequences for their operations, reputation, and bottom line.",Google News RSS,https://news.google.com/rss/articles/CBMiuAFBVV95cUxOY0ZpZE9hVnVUWmc2bnpzQ2Z5ZXI3OVJtamxhcV9pa25qZ2hlVGJtaUhJRFZxVlRWZEt4ZzVoMHJjTl9pRFZ3cDhzOVRYalEzUDlGc1MyWVZ5X1BLdlEwZ0hOX1dYMHJsbmRyOUp3WVhZdHdIMFEwZUtjaF9Cd29Gb2Y5bzViSXNUQ3hndUVxMmdfUHY2ZzVQOTVlMzk1MkFZWTNsSFJKd1BNR0Y5aGlxZEFPbnhjc1A40gHHAUFVX3lxTE14REx2UG5keEZqN25JV3JIU1pZZExNWHNXVFJwcjdrZ0EzaXM3YTZtb0d3d3FiVnJ3VzJaX3pzZEV3OHJtblNJMF8tNTdDQk5uYjFZWDB5Z2RKWG43d3JCQ0dDRHVnNVhmOGlDcktvVFF4RXlBbmE2OTRxVGZLdEV1bjVKZzhDcWxKNkhEdW5iaHZNTjBYSkxibDctSG1TUzVPbFBmY1hwOGthMWhfQmVYVzFrWHB6V3VuWkNNckkxNENqVkhiWkE?oc=5
BRB Banco de Brasília,Banking,2026-05-28 03:32:56.564249,,2026-05-28 03:32:56.564249,FINANCIAL_SYSTEM_RISK,RISK_SIGNAL,RISK_SIGNAL,4,0.75,RISK_SIGNAL,0.63,"Governo do DF arrecada R$ 1 bi para socorrer BRB, mas ainda busca empréstimo para cobrir rombo do Master - O GLOBO","O governo do Distrito Federal reúne R$ 1 bilhão para ajudar a empresa BRB e busca mais dinheiro para pagar o ""rombo"" de dívidas do Master.","This news could represent a corporate risk for the government of the Federal District (DF), Brazil, and specifically for the BRB bank. Here's why:

1. **High borrowing costs**: The government has already spent R$ 1 billion to support the BRB bank, which may indicate that the bank is facing significant financial difficulties. If the government needs to borrow more money to cover the ""rombo do Master"" (the deficit of the Master Fund), it will likely have to pay higher interest rates to secure the loans.
2. **Increased debt burden**: The government's decision to borrow more money to support a struggling bank could lead to an increased debt burden, which can be challenging to manage in the long term. This could impact the government's credit rating and increase its borrowing costs in the future.
3. **Risk of financial contagion**: If the BRB bank is unable to recover from its current financial difficulties, it could have a ripple effect on other banks and financial institutions in the region, potentially leading to a broader financial crisis.
4. **Lack of fiscal discipline**: The government's decision to spend R$ 1 billion without first exploring alternative solutions, such as restructuring or privatizing the bank, may indicate a lack of fiscal discipline and a willingness to prioritize short-term political gains over long-term financial sustainability.

Overall, this news suggests that the government is taking significant risks in its efforts to support a struggling bank, which could have far-reaching consequences for the economy and the government's finances.",Google News RSS,https://news.google.com/rss/articles/CBMi8wFBVV95cUxQRVBTOGZIckV6SnNnUlktUzF0UEdDVlJUNWE3dERKN1BlYmxkN0V6T0RNT1E4NzBrU2c4Ym50M2d5WVphNEFUb1c3Vlp4VmU4UjZvRWFmdWtUN2YtY3JXYzBOclpVR0swQWlILUd3ekZ6eWw1dUY5M0xsTDA4NkFYQm9LNzAxTjVDbzJ2WTRfM2x3UWU5X1B1dHYtLXN5cHlrU1Y3am5GNFdubUNpeTZuRml0cTFnek5adHd5emk3Y1FLQ21SMV9tYlpHRUhpQVk3WU1jck5fcXNJem5nVE5jMVh1V2dSRE9iR2tUUS1LTmp5N1XSAYICQVVfeXFMTk1md0dXS1hFX3F1ZVhEdV80aU5MWlpNaTBqNFJiZ205cmtSNTNXSHIxbktxbGZFLXdiV3I2QzlubGRHaGhzUkJyZkNEbVduaTdBMXVydjNITUFMSXFlbms2WWhiaS1LZ1RYZ1RCTGdNNU5IM0llaGRoV0VsanF6OTVlUHMyMGc5clNvMDg1SzVNc3RTZ0NpWXo5NWN1QkNpYUQyYm1BS1h3eG5WaUJTYUtTWkgzMHlTYld6NjhOTWVGdGFyRTVVWTNSZXQ3YlRmQzFDYU9iVjdaaU9jeU1JeDdnMlBLSVNrSDFta0NRV1FRMmtkMEx5MDQ2NUVfaDNtREp3?oc=5
BRB Banco de Brasília,Banking,2026-05-28 03:32:56.564249,,2026-05-28 03:32:56.564249,FINANCIAL_SYSTEM_RISK,RISK_SIGNAL,RISK_SIGNAL,4,0.7999999999999999,RISK_SIGNAL,0.38,BRB still lacks clear path out of capital crisis - Valor International,Valor International says it lacks a clear solution to exit its ongoing capital crisis.,"This news article represents a corporate risk because it indicates that British Racing Broadcast (BRB), the owner of several UK horse racing rights, is still struggling to find a solution to its ongoing capital crisis.

A capital crisis can have significant financial implications for a company, including:

1. Increased borrowing costs: BRB may need to secure loans at higher interest rates, which could lead to increased debt servicing costs and reduce its profitability.
2. Reduced access to funding: If BRB is unable to demonstrate a clear plan to resolve its capital issues, it may struggle to attract new investors or maintain existing relationships with lenders, making it harder to access the funds it needs to operate.
3. Potential sale or asset disposal: In extreme cases, a company in financial distress may be forced to sell assets or subsidiaries to raise capital, which could lead to a loss of control and reputation damage for BRB.

As a result, investors, stakeholders, and lenders may view this news as a corporate risk, potentially leading to:

1. Decreased investor confidence: The uncertainty surrounding BRB's financial situation may cause investors to reassess their investment decisions or withdraw their support.
2. Credit rating downgrades: BRB's credit rating may be downgraded, increasing the cost of borrowing and reducing its access to new funding opportunities.
3. Regulatory scrutiny: Financial regulators may take a closer look at BRB's operations and governance structure to ensure it is managing its finances effectively.

Overall, this news highlights the potential for BRB to face significant financial challenges and reputational risks if it fails to resolve its capital crisis.",Google News RSS,https://news.google.com/rss/articles/CBMitwFBVV95cUxNNjlCdGZFdW9XMGVkaFpDbDdzbWcyQlVuWWxvSm10cXZvS0l2RXFFVTdjWnhxeFRVTUcwMS1yWFk0ZHhtNW9Iem9UZzhTWUxUQ3k2QWpSMXpkTkhfaUNMMHJ6bWhrVDFITFhZSThvT2NMM2l0bzVvVXJGRkdLTktlZHlhYU4wQmVXMEdNU3UwYURXZlMyTVpEREpaYXFTc0x2Nnl5RU5YMGZOdDNoekJvME51UGRoR0nSAcYBQVVfeXFMTVJTcnRHMkM2UVdvZHlVVzZQbTFvaVdmUGUtd25kWU8xNlBfVUtQWWh3anBGbGVvMm44aGVydjdnbU50VmxQUEZjZEM0LUxLQmRJbVZyS3BCUnJGSzRTT1I1RlpmV2hZR0M4Qk9SSlJSUkNEYlVDTXRISlNwSFRGc0liN2haOVhqYkt6Z18teXRNQkxTVWRBTnlpSlB6OEtUMmVLRDI2SklEWGx6T2kxbm1RTUVwQm5XS3VnV1NaR3VWb0NpLVVn?oc=5
Americanas SA,Retail,2026-05-28 03:32:56.564249,,2026-05-28 03:32:56.564249,GENERAL,GENERAL_NEWS,GENERAL_NEWS,1,0.2,GENERAL_NEWS,0.36,"KPMG warned Brazil's Americanas about lack of financial controls in 2019, partner says - Reuters",,,Google News RSS,https://news.google.com/rss/articles/CBMi1gFBVV95cUxOc0JfaVUzdEJaamQxLXFEREhPLTN5cm1NbUVTVnV6UFVKd01SbzY5VmFXdlJoUlRVRmhzWnNYV3RCczR3OHBVZl9rdC1vSkFManRJbW5NVU8zd3l3RWJXeGRYYWxsdnZ5Mk90dDdyMnBkZl9WcTU0MDU2NUplTmlZU2F1LVlzQkZNSHE2ZXRRZy1YdnZpemM5eGRrbV9qSnNBUllTYnYwMWhiWWJCY0gtVFN6QUtuRU0xcFcxeGhxS1gxSVlwRVpxSmZ3OHpjNUxOYjYtd3Z3?oc=5
BRB Banco de Brasília,Banking,2026-05-27 03:31:19.794000,,2026-05-27 03:31:19.794000,FINANCIAL_SYSTEM_RISK,RISK_SIGNAL,RISK_SIGNAL,4,0.75,RISK_SIGNAL,0.63,The BRB drama: bank fears investor flight in capitalization plan. - NeoFeed,Bank BRB is facing concerns that investors may pull out if they don't meet their capitalization plans.,,Google News RSS,https://news.google.com/rss/articles/CBMiqAFBVV95cUxOWnlEWkFfZFhvWkJ4LWpxdlQyeUJ0LVpNWUV0Q1A2bVpQR2JVZUdyOEZwZkFqYjNaZHRfMzdLLTFPXzFZOXA4MjZHekZOY0ZoX3FsbEQ2T1dZUjFCVC1tbmVuMWNydGtXMGl6emJkaFRsc1pxWGJMM0U0WkY4Q1RSZkRQV294OVVxaUNacG8yR0FrdnBFaG1ibEQ2QUJTSW9WZXlSbmRSZTQ?oc=5
PagBank,Payments,2026-05-27 03:31:19.794000,,2026-05-27 03:31:19.794000,GENERAL,GENERAL_NEWS,GENERAL_NEWS,1,0.2,GENERAL_NEWS,0.53,Stronger Q1 Results And Completed Buyback Could Be A Game Changer For PagSeguro Digital (PAGS) - simplywall.st,,,Google News RSS,https://news.google.com/rss/articles/CBMi5wFBVV95cUxPQTRJeGJfT25VWmdSRm5feWZzTm8yMFNrS2RyV0ZKZVdWRG1WckYzWGtCVUMxdDNqQW1ncHZKZGIzQXJNbFJWajZCcVZTb3ZsOGtPemQxV1RYTTk5MjhPTGRUZVhUNUtnbU11REg3aUFnSHdVMDRBNVM0TEp0ZDYweHVhMTA4dTVmQm1ueExFUEZfR2ZGUzJnQWdUSnVTR2lRNjdZUnZ2UzJKWmZyWV83MUotb0k2Y21aNjdINlYtTVNGb1FvajJORzI0NzZPWmdiMmtDdkE0dWpzdi1Ma2hyVnZEdFl4VFXSAecBQVVfeXFMT0E0SXhiX09uVVpnUkZuX3lmc05vMjBTa0tkcldGSmVXVkRtVnJGM1hrQlVDMXQzakFtZ3B2SmRiM0FyTWxSVmo2QnFWU292bDhrT3pkMVdUWE05OTI4T0xkVGVYVDVLZ21NdURIN2lBZ0h3VTA0QTVTNExKdGQ2MHh1YTEwOHU1ZkJtbnhMRVBGX0dmRlMyZ0FnVEp1U0dpUTY3WVJ2dlMySlpmcllfNzFKLW9JNmNtWjY3SDZWLU1TRm9Rb2oyTkcyNDc2T1pnYjJrQ3ZBNHVqc3YtTGtoclZ2RHRZeFRV?oc=5
Banco Master,Banking,2026-05-27 03:31:19.794000,,2026-05-27 03:31:19.794000,FINANCIAL_SYSTEM_RISK,CRITICAL_SIGNAL,CRITICAL_SIGNAL,5,1.0,CRITICAL_SIGNAL,0.81,Brazil’s Central Bank Was Warned for Years of Banco Master Risks - Bloomberg.com,Brazil's Central Bank was warned about the risks associated with Banco Master for years prior to its collapse.,"This news article suggests that the Brazilian Central Bank was warned about the risks associated with Banco Master, a major bank in Brazil, for years. This could represent a corporate risk for several reasons:

1. **Regulatory non-compliance**: If the warnings were ignored or not adequately addressed, it may indicate a lack of effective regulatory oversight or internal compliance controls at Banco Master. This could lead to future regulatory fines, penalties, and reputational damage.
2. **Financial instability**: The warning about Banco Master's risks may signal underlying financial instability within the bank, which could impact investor confidence, market sentiment, and ultimately, the stability of the entire banking system in Brazil.
3. **Systemic risk**: If Banco Master is a large and systemically important institution, ignoring warnings about its risks could contribute to systemic risk, where the failure or collapse of one major financial institution threatens the entire financial system.
4. **Lack of transparency and accountability**: The fact that warnings were ignored for years suggests a lack of transparency and accountability within Banco Master's management and governance structure. This could lead to future issues with boardroom performance, leadership succession, and overall corporate governance.
5. **Risk of economic contagion**: If the Brazilian Central Bank was aware of the risks associated with Banco Master but failed to take action, it may have contributed to an economic downturn or crisis in Brazil, which could have far-reaching implications for the country's economy and global trade.

Overall, this news article highlights a critical corporate risk that could have significant consequences for Banco Master, its stakeholders, and the broader financial system.",Google News RSS,https://news.google.com/rss/articles/CBMitgFBVV95cUxOWVhhWEhPVmk0bDRobm9UVE5kWEwyeFNmeU10WDF3OHdNVE5ONmthWnFaNFJkRUFEczJ4di0xTTgwLXFhdVZadmRvblRVWmJQZjFLakdlSVVNeHh1c1hkRGMtV2tlZVgxNHdsZDJKakw0MGRUS0ljRVhURy1iSXVYQ3hPakJnbkJjbWxORHU0WVM0WjNwanBlWDFlWHAtQXpOdHVEMFM2N2R2WHNldWl6TE5oWE94QQ?oc=5
PagBank,Payments,2026-05-27 03:31:19.794000,,2026-05-27 03:31:19.794000,GENERAL,GENERAL_NEWS,GENERAL_NEWS,1,0.2,GENERAL_NEWS,0.55,"Earnings Flash (PAGS) PagSeguro Digital Posts Q1 Total Revenue and Income 5.01B Brazilian Reais, Vs. FactSet Est of 4.96B Brazilian Reais - Moomoo",,,Google News RSS,https://news.google.com/rss/articles/CBMiqgFBVV95cUxQY3JHNTNNNmRzeWdMZ3g5c0NNdDNYLW00dVRFbUdHaHRuTHRPUnNfQ0tLN19GakVnRnhxbFhUOUtzTXFLTHZOa1hmLUpGcjhaM1V6VThYVXU4TGdlUHJ3dmFyaUhlbno5NS1pRVJBaHVENWNaaXJPSGdUS0FFR0tRZVlzRkxZR3MtNks0UmZWa0RWZTdxVFNFUFljcmI5OUg3T1NNWG1CQk5qQQ?oc=5
Vale,Mining,2026-05-27 03:31:19.794000,,2026-05-27 03:31:19.794000,GENERAL,GENERAL_NEWS,GENERAL_NEWS,1,0.2,GENERAL_NEWS,0.57,"J.P. Morgan Maintains Vale SA(VALE.US) With Buy Rating, Raises Target Price to $19.5 - Moomoo",,,Google News RSS,https://news.google.com/rss/articles/CBMioAFBVV95cUxObDhrakI3dUdlQ2M1cjBPMWZGWkxwbVFIdHcwQ3pKTzRhZXV0TXQ4UG5MZUxQNFIwdEVxUnlSWlQ4WkprQ0lMb3hGcVJfZ0FIVGJKNFUyYVAtREh2dDdweFlNM1M5cXNSdko5Sl90N3dFU2E3OTdCb1ZvZEFQV3ZLdDFuamhzZnRQTmllUWdkWVBkamVwbFdCbHNPSThmLXY0?oc=5
Braskem,Chemicals,2026-05-27 03:31:19.794000,,2026-05-27 03:31:19.794000,FINANCIAL_SYSTEM_RISK,WEAK_SIGNAL,WEAK_SIGNAL,2,0.6,WEAK_SIGNAL,0.55,Braskem Details New 30-Year Joint Control Pact Between Petrobras and Shine FIP - The Globe and Mail,,,Google News RSS,https://news.google.com/rss/articles/CBMi9AFBVV95cUxOYmtyOGU1MHhtMVFFc1VIZXEybng3Z3VWY3NzU05uZnlyZ0EyREpJNDBHcnFKcTJPd013cUFNVzN0N1RZQ2I1M2FaUWsxak9rSU5qYWpVZjcyQW1oVzdLYW5fcnIycnJmX1BOQ1pKY2cwWVZiMUgyZ1lrbmlFaWhuT0U1X09scC1aM3A5VjFLd2ZhQkhzOHh3Tmp4Z3FwZU5SVmo3YkFOWmpjYTFHd24zcXVpek9IUDFiOWd3UFFiRGNSQnI0djhWS1JvNS03dGE3c3VDc2FlLW44WXllTEdZd0F4eGIxMFpDbC1lQWVrZGQ2RDhO?oc=5
Petrobras,Energy,2026-05-27 03:31:19.794000,,2026-05-27 03:31:19.794000,ACCOUNTING,RISK_SIGNAL,RISK_SIGNAL,4,0.7,WEAK_SIGNAL,0.37,"Auditoria do TCU vê 'desalinhamento' entre dividendos, dívida e investimentos da Petrobras em 2024 - O GLOBO","O TCU identificou um ""desalinhamento"" entre o pagamento de dividende, a dívida e os investimentos da Petrobras no ano de 2024.","This news article suggests that there may be an issue with the financial management of Petróleo Brasileiro S.A. (Petrobras), a large Brazilian oil company. The audit found ""desalinhamento"" (misalignment) between dividend payments, debt and investments in 2024.

Here are some potential corporate risks that this news could represent:

1. **Lack of transparency**: If the auditors have identified a misalignment between financial statements, it may indicate a lack of transparency or accountability in Petrobras' financial management.
2. **Financial instability**: A misaligned financial strategy can lead to financial instability, including increased debt levels, reduced cash flow, and potential defaults on loans or debt obligations.
3. **Shareholder value erosion**: If the dividend payments are not aligned with the company's financial performance, it may negatively impact shareholder value, leading to decreased investor confidence and potentially lower stock prices.
4. **Reputation damage**: The discovery of a misaligned financial strategy can damage Petrobras' reputation, making it harder for the company to attract investors, customers, and talent in the future.
5. **Regulatory scrutiny**: Depending on the severity of the issue, Petrobras may face regulatory scrutiny from government agencies or other bodies, which could lead to increased compliance costs, fines, or even penalties.
6. **Potential financial mismanagement**: The auditors' findings suggest that there may have been a lack of attention to financial management processes, which can be a sign of poor corporate governance and potential financial mismanagement.

Overall, this news article highlights the importance of robust internal controls, transparent financial reporting, and effective governance practices in large corporations like Petrobras.",Google News RSS,https://news.google.com/rss/articles/CBMi6gFBVV95cUxNT29SLTNLdmZlZVZQMldLRE9KRGhWS3JOSE52RnlVRmpEYTdIWUFUUDRSYkloalRtR3E1WmxRWERIVzZLZU9tWTdlSjhjZWhSOHVfc0owdUQzNW44X2VfY3hSMFBJLWhLUUtPclplRHhydkk0OF8tZzFpWFNvbFlNWnk3QmZweDVISXM4TUVIZW9nZjhURDNZLWVXbUJYbXdpdTd3UzFpQy1QelVYSXJZTlMyNmktSlVndmw1c3YyQ3FXV0c1UXBLRGZhNVJzZGJza3NMT1o1VFNQeDhBWDhnTDNwYkQ4WW1NY0HSAfgBQVVfeXFMTmpMOTM2VUtQU2tXcHYwY3FYaDB6cTc3NUJWSlFiSG9kd2REOVRRaHZMN2gteVJZR2NzbE42dWR5SXBqWkdwZEMzYzVXOGV0MU9Yd2kwUk8xZWN3ZzlncEd0WkhQSTFwSGE3b19NaDFEVW9hbnlTYVNGUTFaSTk1M2RJS1BZVXRpbU1rLXhoLVh1bDZabFN0eHlBQnhoRUtfTzAwOHFHUl85VzJWV1c1XzVwNDJHWmtCcE15M3lZYlcxUTFvSjN4S3hWMThycWpJcUlhcFdvbU12eWhwSWE2eF9vTmJjbVhpTHNwTWZxcFlOcDNCdHg1eTA?oc=5
PagBank,Payments,2026-05-26 03:32:35.348857,,2026-05-26 03:32:35.348857,GENERAL,GENERAL_NEWS,GENERAL_NEWS,1,0.2,GENERAL_NEWS,0.59,PagSeguro (NYSE: PAGS) entity tied to director sells 200K shares - Stock Titan,,,Google News RSS,https://news.google.com/rss/articles/CBMitwFBVV95cUxOTHNKNlBTTFlCcFctcnB6X3Q0TVlXSWgzUV9JbXdQSlRYNGFINk4zRjVzREdBWXdPWlJuODFLLXNUUmhfbXJvVkxfcV9QVzUySjg2dGJlSUd3T2hZbWtwOHdEbUFzTTNzdExCaHVQbjdFOUttSVMtS2JXbVJqaGFWVW9HOVhlS3dwT1pwRzN3T3pZLVVSeFBNb01zWFNfMlBNTHB2RENhcjNmdlRVODI2ZVlTTk1HNVU?oc=5
Stone,Payments,2026-05-26 03:32:35.348857,,2026-05-26 03:32:35.348857,FINANCIAL_SYSTEM_RISK,WEAK_SIGNAL,WEAK_SIGNAL,2,0.5,GENERAL_NEWS,0.52,StoneCo Balances Growth Ambition With Rising Credit Risk - The Globe and Mail,,,Google News RSS,https://news.google.com/rss/articles/CBMi2wFBVV95cUxPZXFNZkhCbEdlckFPX2xodnpFX2R2ZEo2UlQxMTA4OXFta2FGcC1EbkgxbTdwNzJ5MGUwejRaaXFoaGNObUQ1Tkd0dUhrcVZ5WE1lTm00QmtUQmFuMGZ6emMxeDJsd2tScjRLM1FwaVoweC1ERFQzRUZDWkVRMVN1M3FtWWQ2aGljV3d1SVpoei1GRTdmQm9CT2tzZWZVX3FvTXJXZ2lhbzZjeFZES0poekY1VWJSVFB4QW1lb0dXSkNIYW5EYmhnMFhjeFF1akpVWmV4ZlpvVTFDYkk?oc=5
PagBank,Payments,2026-05-26 03:32:35.348857,,2026-05-26 03:32:35.348857,GENERAL,GENERAL_NEWS,GENERAL_NEWS,1,0.2,GENERAL_NEWS,0.63,Does Softer EPS Estimates Amid Expected Growth Change The Bull Case For PagSeguro Digital (PAGS)? - Sahm,,,Google News RSS,https://news.google.com/rss/articles/CBMi3wFBVV95cUxNNEJ6V1pWbTRZdk5Ma0tkZ0hZUGVVczVrVnB6dTE3TWxQV0NsOHBvNU5TUlZXczR3Sm50NWc2amR1M3FhQm1oRVRZSjRSbVZDa0o2TDNFSkxfUVdkYV9FOVVhaENFT1RFZVU5bFZMcVZyTnpFMlBvWFN5NTZvQUNZaVZBUEJsLVAybG94SkFJZXdDMzhvdTV0VzAzMlVWN3NEZ2FiWkR1TUdhSU9GRjRiMHRob0lxenkxNlZCZ3VjVHN6dlZmWnpJZWMwc3hwZjNBNGZmRi03UldmeC1qbFc4?oc=5
PagBank,Payments,2026-05-26 03:32:35.348857,,2026-05-26 03:32:35.348857,GENERAL,GENERAL_NEWS,GENERAL_NEWS,1,0.2,GENERAL_NEWS,0.54,PagSeguro: Hidden Gem In Brazil’s Booming Fintech Market With Double-Digit EPS Growth - Seeking Alpha,,,Google News RSS,https://news.google.com/rss/articles/CBMi4gFBVV95cUxPVnN5WGFLVEYxb2dWdmt6YzAwamVCa3d5c2xZQk43WmxFbkVzRm1KUUNfemhQdm1MWFZnUkhQc1cxZ1B2Ty1sTG9JQUF0UU1sWWFvZzBUTXQxWHpNeTl3U19BSEdUYjlQaURNVTFKV1J3dFVlSHdLZXg4TE9tRVZKQUpqYXR4UmR3Y0dYNEl5RWxEaFhRRmFOemtweU9QMEJuXzFnRFhQM2pfZ2UyczRjRDNseURhcWI5U1NNaFJsVkw1dWNQX1h3RlRvWkg0TDlWLU1rZHdFTTQwQmJJRmlXRlp3?oc=5
Vale,Mining,2026-05-26 03:32:35.348857,,2026-05-26 03:32:35.348857,GENERAL,GENERAL_NEWS,GENERAL_NEWS,1,0.2,GENERAL_NEWS,0.54,Vale S.A. Maintains Baa2 Rating with Stable Outlook as of November 2025 - The Globe and Mail,,,Google News RSS,https://news.google.com/rss/articles/CBMi6wFBVV95cUxPUmI5VUJvZEx5bzhadDV4bmxpdmZlQTh0X0wtVVFtNzlSaEY1RFJfZ1VjSTB2NC1JenAtbm9LM0lNN2FaTDVwY21TT04zbE1ZNk81MG5QS3ExNUdxTWVwYlVPNmtwOXBkS1FNTTE2VnI2MjlqbVpqZkt3ZXZQTzhPRk9jdDYwVDdkcXFtdjhUZTJUY2VWcmZpYWdVbVNtMHEtOWItVjJ6dzN4VmZoQjBXZUJaSGZDUlVyZ3F1OWNUQ1RBVTNQbDhkZ18wejdNX1h1akEzNFBFUnc1R016MndzN0lLVjZRVDlkMHBB?oc=5
Braskem,Chemicals,2026-05-26 03:32:35.348857,,2026-05-26 03:32:35.348857,CREDIT_LIQUIDITY,WEAK_SIGNAL,WEAK_SIGNAL,2,0.6,WEAK_SIGNAL,0.38,Fitch downgrades Braskem to ’CC’ amid debt payment concerns - Investing.com,,,Google News RSS,https://news.google.com/rss/articles/CBMiuwFBVV95cUxPMnVuOXBMNnBKSE1JandDbi11dGt1cVVwZzF1YXZ0YkdKbElmVXNmc1E5RE53UkxPYkwtMmE4UG11bjVNMEJPUVhoemhWX2kxSFJfMVJrek90UEZsSTBxMDBNRDJGLUp4N093TzUtREVvelEtMzNxOWJDMVYwbWJjUkR4V3ZxLUE0TklQeW1FTmsyUUhCRktDeGVBZmRXUHRJUlRHSnNnOF9ON1RVX0tYOXpXbG1yUWlIY284?oc=5
Vivo,Telecom,2026-05-26 03:32:35.348857,,2026-05-26 03:32:35.348857,FINANCIAL_SYSTEM_RISK,WEAK_SIGNAL,WEAK_SIGNAL,2,0.5,GENERAL_NEWS,0.44,Press Release: 1Q26 Results: Telefônica Brasil S.A. - Moomoo,,,Google News RSS,https://news.google.com/rss/articles/CBMiwwFBVV95cUxQbEs2eDRGalJVRHM3WjRhUVYxdmExMzV1cFdzNk5TYk5LXzZhUEVvSWJQSklNTk1YRkxOUTlmQmEycTBCMkVPX2YwN3F1bjBZTkNDVGlqSklKR2JmOGhKUjh3aENSS0xlUDBZUlpXVWwxZHFOZXM5c1dFTG9MNndkSjFKUVlGaUJkMUpqTkJSbEU3R1IzaEd1NjM5Qzh1d3h6NWxEajRURnlXN29reHN4Ri1HUUxXVTYxNV9xdHItZ2Rzb0k?oc=5
Braskem,Chemicals,2026-05-25 03:30:22.912673,,2026-05-25 03:30:22.912673,GENERAL,GENERAL_NEWS,GENERAL_NEWS,1,0.2,GENERAL_NEWS,0.41,Brazil's Braskem sued over sinking ground from Alagoas mines - Reuters,,,Google News RSS,https://news.google.com/rss/articles/CBMirwFBVV95cUxNWnc2dUpzQWhRcS1jNVVpaTF4cnBLeEhxaVlGS0FPbVc2bmFCSWZOSC0tTHJ4d3hTMlpyblF4OVVEWkwxLVF6N0NKYW9mLXdmaXI4ZVIwdmVjbnZRcWRUV1ZFQW8tci1KTnJRbU9yM1Jnbm1DMmljdVo2aFpZWHQ0eUhocjdvcDU2S2YxRGpqcEFrckd0bXdWcm9nbGpzWDVoV2xSVlhZY0JzUmVKY3BV?oc=5
Vale,Mining,2026-05-25 03:30:22.912673,,2026-05-25 03:30:22.912673,GENERAL,GENERAL_NEWS,GENERAL_NEWS,1,0.2,GENERAL_NEWS,0.58,Vale S.A. (VALE): An Extreme Dividend Stock With Upside Potential - Yahoo Finance,,,Google News RSS,https://news.google.com/rss/articles/CBMihAFBVV95cUxQdUhkZW56SGFxeVBpMkZMT2ZwclJzd19Cc3RmdEs3eDNtOFNXSE1jVW9HT0t0Sl9Cbk1kaG1PM3RkcFE1TDd5MDlwQVA2YmMyTHlQSElKWkZ4SGxnWG9SVmlYUmlkVWhMYV9OaUV4dVc4Z2E4Y3NJZk5UQTFIUkg4c09IaWE?oc=5
Vale,Mining,2026-05-25 03:30:22.912673,,2026-05-25 03:30:22.912673,GENERAL,GENERAL_NEWS,GENERAL_NEWS,1,0.2,GENERAL_NEWS,0.59,Vale S.A. Earnings Call Highlights Strong Rebound - The Globe and Mail,,,Google News RSS,https://news.google.com/rss/articles/CBMiywFBVV95cUxQVGRzdkJ3T21ZRFVVVEF3bTM5Rm5KUEpDRThENFlSdk4zcEZvZlRLcndibGxJVC1Pd1FjNF9sSTVreFM0R0dtNTlaRk9xOUFwMjBheWhnemFtVi14Y2Rwb1FGa2k4cHRDT1EwYWFIbmNoSW5LWS1ZTU5sZjU1YTVFYkllbUg3ZmVUZlo2enpNMm82TkczWXpfVXMyZF9pb3ZTS2V1X3N1akZoWk5NYm84TVJEMG00VkdOc2N3aERVdmFabWxMUWJZM2E5TQ?oc=5
Petrobras,Energy,2026-05-25 03:30:22.912673,,2026-05-25 03:30:22.912673,GENERAL,GENERAL_NEWS,GENERAL_NEWS,1,0.1,RISK_SIGNAL,0.4,Petrobras firma parceria com a Lightsource bp no setor de energia renovável - Valor Econômico,,,Google News RSS,https://news.google.com/rss/articles/CBMivAFBVV95cUxOcWhXNjE0N004YXB4clRFa2FYX3hwM0Fmd0kzX2ZrOFh2WE93V0lzaWV6Y210cnJURl9qc2tXQU1PR2JHalY5dlVHVHNFQlhVN285aTFGVkxZdWhhZjctLUFIQXR3dXN6VnVONkRleFpUVkxYc25vbzFtRDk4VHo4b0dRNWFqYlBMLTcwYkhGTTJBRGxzX0pJTFA4SzFYbGNoeWg1OU5SemZucWxkaFJqc1JMZEhuaWhaV2ItNtIBywFBVV95cUxPR0lGb3h5TkZZcksxSGlBNV9FTVBfdHhMaFN1dHRlSndtbS1mMXFXWTdsS1hVVDdxcXVFczNoZlE3amV4VEJuUTFGY0hPa05EYU03ZDBhQlNCUk1nc0hJTFJlRVQ4QmpPYmJGNGh6R3FXODdia2FfRjZQMEZ2VUc3YnZycEZHZUlKNEt5a0JDVEh6VlAwM1NIQUlOV0g2SUxrS0hyeEd6QmhidDJ4OTRTck8xOTJYaFBZbW0yMTFJOTJ1M3RCNE1wNFlBaw?oc=5
PagBank,Payments,2026-05-25 03:30:22.912673,,2026-05-25 03:30:22.912673,FINANCIAL_SYSTEM_RISK,WEAK_SIGNAL,WEAK_SIGNAL,2,0.5,GENERAL_NEWS,0.48,PagSeguro Digital posts higher Q4 2025 revenue and non-GAAP ROE as PagBank leans on banking and efficiency - The Globe and Mail,,,Google News RSS,https://news.google.com/rss/articles/CBMimgJBVV95cUxOQl8xdml5ckpXMnVfRzJrTzBkYS1tWVNpNmFGRkhieGs2SGRPaTVZOUdGakg3VlA2Ulc4Z3JMZi1VM2wzLUJ2UWJpNFBoV0t3Y2ZtNW9XLTRfMWxnOTJjOXpfYnUyOFpQVENib0o5eWMtMmI4a2ZNVjNsS3I1SkFZSlgxZERlZ25rcGlyVTF6azBhRUMyakFuWFc3ZlJ5NlROa2c5Zk1DTlM2M2VtZnppYlV1VDlMUENwRE5lMzFySUd2NE94TE5QUDV5dlNfZmdYSXptd0t0c3RmS0JPeV96aFdRdkFQbHl1b2dBcWxkS3VQNS1CbFp3VDdQMWY5Ul9PNE13NGlaVlNRLUNqTXRVaklTR2kzU1Q2Vmc?oc=5
Americanas SA,Retail,2026-05-25 03:30:22.912673,,2026-05-25 03:30:22.912673,GENERAL,GENERAL_NEWS,GENERAL_NEWS,1,0.2,GENERAL_NEWS,0.39,Americanas Meltdown Hits 3G Billionaires After $4 Billion Hole - Bloomberg.com,,,Google News RSS,https://news.google.com/rss/articles/CBMisgFBVV95cUxONUZFNy0tQlVKZlZubDVPdWZBV3UycWNka0gtQVlDTlROekVNMmZSWUNLM2RNZVp4Mk1Cd0xQRHNaTGwyWnMya0gtd2YyU3pPTVk5MjJVd3NJa1E3R0R2dkNKY1U2R3dXUk1xY19HbVMwR1FGdVJlZVBKdFZrT3NwUUtTUkRldUp0S1JOWUEzX0tDLXFVZFNMMkZFMG92dlB1Q21seTl2bnp2aWNxdnRGVmV3?oc=5
Banco Inter,Fintech,2026-05-24 03:30:20.455981,,2026-05-24 03:30:20.455981,GENERAL,GENERAL_NEWS,GENERAL_NEWS,1,0.2,GENERAL_NEWS,0.48,"Chainlink Joins Banco Inter, Microsoft and 7COMm Consortium to Support Trade Finance Use Case in Phase 2 of DREX Pilot - Fintech Finance",,,Google News RSS,https://news.google.com/rss/articles/CBMi9wFBVV95cUxQRUtTTnJyR0NEbEplUTd6OVU0d1g1OUZmUlVGOFhhOU4yTnB1ZkJrcU5MNHI3em9CcGpDZUc3Nk5xbGZDSFZNWWNpZnQyaUJEbVhkSmRsTER1U0F1RU1tTkFpVEFlc1VwUjd4VDNBTjZvYzRyb3lJVGhvWjdiUUk5QWtTbUlxY0tFcnljRXBOeVdnd0l0cXRrOWNkdTJ4YjFwNXFxbjlYYVRzRi1RbnBhUzhTdks3MXFQSUxCUFRFQ2M2RE1wbGM2eENOMVd0Vk1FaTV6aGZ2SjZsZ1JYLU5zUjZ4WXFReXNhamtZSnNWa294ZE1oX2F3?oc=5
Nubank,Fintech,2026-05-24 03:30:20.455981,,2026-05-24 03:30:20.455981,GENERAL,GENERAL_NEWS,GENERAL_NEWS,1,0.2,GENERAL_NEWS,0.56,Nu Holdings (NYSE:NU): Evaluating Valuation as Investors Reassess Growth and Risk - Yahoo Finance,,,Google News RSS,https://news.google.com/rss/articles/CBMiggFBVV95cUxPUWFCNFB4WjNpcHVRcGY4VWNtcV9oWGlYVlNfVl9mTXVNMnNrZ1FEc21iNFdENXVVLU5MTUtnOUIyT1Y4M2xpUDBES3AwYlV1amtXd1BuRVpOMmYtRExJTF9iY0VaWXdnWHJXMFBfQ0Q5MmU1LVJfUmltZUloaGQtVFh3?oc=5
PagBank,Payments,2026-05-24 03:30:20.455981,,2026-05-24 03:30:20.455981,GENERAL,GENERAL_NEWS,GENERAL_NEWS,1,0.2,GENERAL_NEWS,0.58,PagSeguro (PAGS) Declares Special Dividend of $0.12 Per Share - GuruFocus,,,Google News RSS,https://news.google.com/rss/articles/CBMivwJBVV95cUxNVDk0S3lpYTZHUS1zLTZDVEs5YnhzV3VIeEJNQkNST21TdEZrdlJGaGVqeGs2Y3pvZWg3clVLSWJsbl93Q2dYeE5QRHNvcFFCSVV3NGJkYXdUV3cyTWYzRHNZTUJRR2NGQWk3dnktYjRnRkFzc0Jfd3hLc09wRWI0SXZUaVgzNWNJWWx1TXhOOHhqOUVMT2xaWlZuRXFGVTZFUDE2V1Z5T2JnSi1ib0VlXzYyZ1hFWHhvMjJDcHJwTmxRQ3BZQ3BNMG9TQnFrUk1QYjJoLWlfTWZ5SnpybW9mOEV6SEs4bzJBbFF6aDhVR3ZYLUFtWTlzOTB1RXJ5bWpUMk4yVG1hZl9RQjhXV053cVcxYklqdUQydlQ4TU5jSk5RbTdmRWIwQU85aTAxaUc2emhHZHVKa2owN2xGMGhv?oc=5
BRB Banco de Brasília,Banking,2026-05-24 03:30:20.455981,,2026-05-24 03:30:20.455981,FINANCIAL_SYSTEM_RISK,RISK_SIGNAL,RISK_SIGNAL,4,0.75,RISK_SIGNAL,0.57,Brazil judge flags BRB role in Banco Master fraud; losses may top $1.9 bln - Reuters,"A Brazilian judge is investigating the role of BB Bancário (BRB) in a Banco Master bank fraud, which could result in losses exceeding $1.9 billion.",,Google News RSS,https://news.google.com/rss/articles/CBMiswFBVV95cUxNUFlBUVZTRG1PY191dDMwei03SmtBQndnYkZNd3VpWGtwbmllYml5MHlTOHlSOGdBSlFUQkFieEc1eW1JM1ZJU1FiYVdFQklIcWVOdEpfT3dGN3o3bkZjQzJnbFV5dFdIcTFEaXdoTnhXVTFMcFJ4RFNJZFZUN3VVZGF4UDNRSHN4TGVPa0VNejBWVW4wY2xRR0R3a0dKbFFKX0g1UzZST2VqcmdLNkd1VnhUaw?oc=5
Americanas SA,Retail,2026-05-24 03:30:20.455981,,2026-05-24 03:30:20.455981,GENERAL,GENERAL_NEWS,GENERAL_NEWS,1,0.2,GENERAL_NEWS,0.53,Americanas S.A. stock (BRAMERACNOR6): Is the e-commerce recovery path now the key test for investors - AD HOC NEWS,,,Google News RSS,https://news.google.com/rss/articles/CBMixwFBVV95cUxQbnY1VGlubjllRE9wdy1abkJZUzhydkVhX1JyQ21NcDQyWkRjcmVuRDNZcjRlZ0tWUko2YS1MVmJ3eE83X0RmUE1ZV2pWNDA1S0tkZ3hJV2lJRVlVWmlhTXJ1WV9iWDFmMUdSV0t4N3RtV3VhM2lpNGpaQnpWTk90OUtZbnZFY001QWhiSFF0OFF4NXJTRnViT1Z6XzZuX2duUmRFZTF2UVcxUk1xSUxvWjBkV1lJS1pRWkhwdFBpbms0WFZUVm5B?oc=5
Petrobras,Energy,2026-05-24 03:30:20.455981,,2026-05-24 03:30:20.455981,GENERAL,GENERAL_NEWS,GENERAL_NEWS,1,0.2,GENERAL_NEWS,0.45,Mercado alerta para risco ao abastecimento de combustíveis após Petrobras cancelar leilões - TradingView,,,Google News RSS,https://news.google.com/rss/articles/CBMieEFVX3lxTE9NR3ZmN3R2eWEtWmhrLXhGRWVpaklsTDBwcnd5bXRyMm1VSmxFdFdhUTZnWlpmQW9HbkxEekMzem5KaHVCcG5HWEJGQ0hodlcxeUdBdW8zVGw3Ynh6SlVxc3VJc0x6VXlyTzVxOXlBZGk2TjJxWkhEMQ?oc=5
PagBank,Payments,2026-05-24 03:30:20.455981,,2026-05-24 03:30:20.455981,GENERAL,GENERAL_NEWS,GENERAL_NEWS,1,0.2,GENERAL_NEWS,0.54,PagSeguro Digital (PAGS) Is Down 12.2% After Q1 Miss But Reaffirmed 2026 Guidance And Buybacks - simplywall.st,,,Google News RSS,https://news.google.com/rss/articles/CBMi4gFBVV95cUxOdHItVGNpRlAwUGRNWkI2RXNMYklITGRoV2lsUG1ISF9fUlA4ZXpKS2NpT183RTlXTlByWXNHd2R5TkFXTnFTZENkeHljdkdGYXRyaGEyTEVJV2kwS1UzeFRCbHpzY3NtQnBLeFo2UlA0OU43c0d3UGF6SV80ZHVxMHUtVlFuTnMweVlleFRHOURoZGVGRGVXSF9tVXl1UnlvMVBsRWRjVnBsV0JOZExsT3pObldob2RZNEVMRkNxMERLbTdWck5BVGVDSGFWWklwSVZmZWhMSnNDME9MWDF3YnZn0gHnAUFVX3lxTFBVX1Rqb0EweXFvVTNxajVNaU80OWhWaWJjRm9oRnA0NEpadDhncVpPeHZQS2FTa3I3ODJEaWtCdXNia0RsUE9ITmFCLTZfZXBYc2piclNhVTZXU3NpdkpHVm1zeFZ5NVpvS0VjRHNmczJ5SXNvazFBS3dTaDVUbDVFMDJNeWRNalVmbEw3MXJKSVVaQ2dsX19qMjdPVDJTbVdnaWVFS0Nhd2RfMVFRREZFRF9ueUZURzhMeDBLR1p5WVo5R3lyYlV1V0F5aHM2dWlRZUZRbUZnSWNiRlVHTzE2bEVjbWwzQQ?oc=5
Banco Inter,Fintech,2026-05-24 03:30:20.455981,,2026-05-24 03:30:20.455981,GENERAL,GENERAL_NEWS,GENERAL_NEWS,1,0.2,GENERAL_NEWS,0.55,Inter & Co’s Banco Inter Raises R$300 Million via Perpetual Subordinated Notes - TipRanks,,,Google News RSS,https://news.google.com/rss/articles/CBMixAFBVV95cUxOWG9HSG94ZFN4TnhZMHFobW1OLVVCVHl3WmdEQ1hYTnRyckVyZ3VsVllESDJONDVzZnotNkJfaFFDVk1PZWxOUS1FOVdGOE5MX2VmUmpURVh2eUdEeDlSQXpfLVo0RDlNSUt4U0tBMlRCalpaUGloclhoczRLeDc0clZFRTVPUXVqUWl5N3NoTWQtcENoQ1RJT0JMaWRCQjAyRThzWHBrdmdubGYxcUthNktHWk5tQ25DUFRHVmtsWi00aXdU?oc=5
Vale,Mining,2026-05-24 03:30:20.455981,,2026-05-24 03:30:20.455981,GENERAL,GENERAL_NEWS,GENERAL_NEWS,1,0.2,GENERAL_NEWS,0.61,Vale SA (ADR): Dividend Giant Under Pressure as Iron Ore Sentiment Sours - AD HOC NEWS,,,Google News RSS,https://news.google.com/rss/articles/CBMixwFBVV95cUxPNnNUZDczU2ZEbGFueEc3TW1jcVRJM21QanNQNlg3cnkyTHBkclNwUV9wS2hQWEluX3dUdWtDMERiSjRGN1VzajlIOVJmT2RaWmFhS0h0a29qTFJuTzIzVUkwTk1SbThoSm5fZ0kxdlpoX01lWWdjcmFFdVhNLUpZUGxfaVlibV9XcHBOVWxhaWVMZmFfVXdYYlBOZE9EcXM3dEY4Ny1TdjhrazRtSC00aHFtMU8tbnpfNmRYX1hTekFmbjJoLTZr?oc=5
TIM Brasil,Telecom,2026-05-24 03:30:20.455981,,2026-05-24 03:30:20.455981,GENERAL,GENERAL_NEWS,GENERAL_NEWS,1,0.2,GENERAL_NEWS,0.48,"TIM Brasil Q1 2026 slides: revenue rises 6.5%, new partnerships fuel growth - Investing.com India",,,Google News RSS,https://news.google.com/rss/articles/CBMixgFBVV95cUxPaTFHNXVVX0J6NEpQTVNLaXI3RFNDQ21oaHQtZUtmQ2F4ZGNtbUNIVUJQSmZYaF9YTDNWdmg0ZDhyWEFidmtyZW1kdkZGcEpKakNFTVFpRURvY01HUTVCMGUzTWJteWlhOUVSTXZnTkEybVl2Y3MzSVc0VW53SFBmcHBuYUx0UjJBRHJ5SnJZVGpyV1JkcFZEa2d5d0NCaklxSlJQSS1iT1FOVTlKRE1ZWWFtb001R0wtMGp0TmkyNFJ3VTZLdmc?oc=5
Raia Drogasil,Healthcare,2026-05-24 03:30:20.455981,,2026-05-24 03:30:20.455981,FINANCIAL_SYSTEM_RISK,WEAK_SIGNAL,WEAK_SIGNAL,2,0.6,WEAK_SIGNAL,0.46,Is Raia Drogasil (BVMF:RADL3) A Risky Investment? - simplywall.st,,,Google News RSS,https://news.google.com/rss/articles/CBMi1AFBVV95cUxObU84R3JSVGctaG9hNG0zb2NHalZuZ2JrbHZ6dDAxU19BcFBzaWI0TllNRkgyRXRVS2I1SmVLM3R0VVdfLTdwcHJnNGNpeGlSaXctcVBZVV91MnlTd21fVFhkMlVDc3hnNkczcUtyREhzNm1FczgxUG92VldVSW1RQzMxMmV6dWlLM2tnWHJVN1hFSmRvTWdlR0J4clBsYmF0UUo3SFB1eHROSG4teUprSl9zWVVSRkNMeHV0Y1YxSVFOM0kyb2hhUHM5Y0NDQ0Nxd3lMMNIB2gFBVV95cUxNZjEyekVhU3Z5SkFXbzczTmtGMkFuSmF5eHpwemdNWDhLQWx3SWRVclFFS1Rua1RPRkJ3RFdFWHAyZTEzWnhHejFtaUxMNVJNZGQxZ3VhQk9HTEJxUnBTMnJTVEtlSGtLb0R5THpfUkNDV3pwa3hfZXhQLXZSZ3RBSzBGYUx1MEdyQjIzaGhoVTE0aXk0V3JpcXNPVWQwaFlxUk4xSWlJVHZzU1luamU3b0VjVjl5djlxVVMtN3ZrRGYwYnliTUpjdnhVUjQ5YTBnZXI3WVRXTmp6UQ?oc=5
Vivo,Telecom,2026-05-24 03:30:20.455981,,2026-05-24 03:30:20.455981,GENERAL,GENERAL_NEWS,GENERAL_NEWS,1,0.2,GENERAL_NEWS,0.52,"Telefônica Brasil (VIV) details capital, dividend and governance rules in new bylaws - Stock Titan",,,Google News RSS,https://news.google.com/rss/articles/CBMitwFBVV95cUxOUk12TENFRXRncW5KZUs2QU9zcVdiNVZrM3hTQnlXQzd3OWZ0M3I1eWdFUkYzeFBkQ3B1Ti1ydjltc2VkRjNlS05JN1N3NHowQ2Z0ZGVtSDZZYm44SnBiTGMtWTZXYXVLMHpjMTA4ZnpJYW9ldXFuazYxNER2eHVVMDFhSldmZ3VEQV9BV2dkbUN0aXNyUmJKTDBsVVYtQnphUnFsTGFoTXQ5ZkNMVjNGTUp4NDJqcWs?oc=5
Vale,Mining,2026-05-24 03:30:20.455981,,2026-05-24 03:30:20.455981,GENERAL,GENERAL_NEWS,GENERAL_NEWS,1,0.2,GENERAL_NEWS,0.47,Vale Mining Pit Flood Causes Environmental Damage to Brazilian River - Discovery Alert,,,Google News RSS,https://news.google.com/rss/articles/CBMif0FVX3lxTE9jMFZYWnFLSTRyY01lN2g5WHVNTlcwUUtkT1ZxZGMxNlZLUVZhSV9IQk4wV2FOakhRekRQdDJ6cHdYTG1WWEhlTUJkWXE0SllWUFdEbjQ1bU1lcld3NEJhQTZINmZQSk5NemMwREpmcVhRYWtBampRcTVDbUZ3dzg?oc=5
Eletrobras,Utilities,2026-05-24 03:30:20.455981,,2026-05-24 03:30:20.455981,GENERAL,GENERAL_NEWS,GENERAL_NEWS,1,0.2,GENERAL_NEWS,0.44,Eletrobras Selects C3 AI to Scale Enterprise AI Across Operations - C3 AI,,,Google News RSS,https://news.google.com/rss/articles/CBMiqgFBVV95cUxQMEpoNEVUdmU4cWVhdDQwTnpQZFBSWUc1UFVjTWQ0WktEVkFWTkZfeDFZblctN3IxVEQ5RGQ4UldPNWhLU2N5TXFsaXgtdG9SeWFMYkpWT1h3NWZkbXhxRXNFWk9GVnR4b3RsSExldHVXWDZ2bE84MFFXaTNHbnJpX3FhMUpQSHFfeTVmWnJDNFd2RzFINzduaEF2cmdtT1dlLWItUUN3anVBZw?oc=5
Vivo,Telecom,2026-05-23 03:30:23.189913,,2026-05-23 03:30:23.189913,GENERAL,GENERAL_NEWS,GENERAL_NEWS,1,0.2,GENERAL_NEWS,0.59,A Look at Telefonica Brasil SA (VIV) After 5.0% Decline -- GF Value $14.32 vs Price $13.38 - GuruFocus,,,Google News RSS,https://news.google.com/rss/articles/CBMiugFBVV95cUxNaXpVUGt0UEdvR09vWnpkOTRNRVBOZDZWMlo5TmlObDhjZ2RST2ZXcUVKMHBzUXBXc0ZnNm5ScEtqZWJ5eHc2TlRmMzNVc0g3MVQ4VTAyQ0V2ZDJ4VkVucnFyR3lhcEktd1NjdjM4QVI3LVc1bkhYRlpma2hIU01PY01rczJOQmkxcnZLaVNJTDJ0MVc5OVdmVVRuTjZUSmNsdVdMaVIySXBBOGxpUVRRWTAwQkpqSzVCT1E?oc=5
TIM Brasil,Telecom,2026-05-23 03:30:23.189913,,2026-05-23 03:30:23.189913,GENERAL,GENERAL_NEWS,GENERAL_NEWS,1,0.2,GENERAL_NEWS,0.49,"TIM Brasil Q1 2026 slides: revenue rises 6.5%, new partnerships fuel growth By Investing.com - Investing.com South Africa",,,Google News RSS,https://news.google.com/rss/articles/CBMixgFBVV95cUxPNkNJZkNRcTFXRlF4VnhRWFBTRXRQb1RUNV9NdEtJZnFKZFpIMFRNdUpSQ3BmcWJyUnVOQUZGbnB4MkZ5aTJhd2xxTktyalJXcTdxR0NaaHNZQndFd2xVR1RsR0VpZXFDWDlvRTBtSXB6UW5NSUs5WWRXLWV1SnVlNVFaTmFubFBUbmxqWWNycVB2c25GNDhfYl9Yb2cxMVNuRXE1b1JaNE9icERyaTVXaFQ4RzEyYW1xNEs2R1Y5N3ZSQ1owOXc?oc=5
Braskem,Chemicals,2026-05-23 03:30:23.189913,,2026-05-23 03:30:23.189913,GENERAL,GENERAL_NEWS,GENERAL_NEWS,1,0.2,GENERAL_NEWS,0.45,Earnings call transcript: Braskem Q1 2026 beats EPS forecasts significantly By Investing.com - Investing.com Nigeria,,,Google News RSS,https://news.google.com/rss/articles/CBMi0AFBVV95cUxOSUlDNkd5WjdEa2JSeUNSWDZqQ1BXYXVUeWs1Q2JqYjRsa05IYk02eVYyclE3M1NfNWFXOElVcHF4ZFB5VVFnZnV3Y0xvSkFCYmk1UGFXMzdDSkwyWklua0Z0T3VRQTBZVGVDWFVaQXZBQmcwVDFWdEY2enIxaDFDSThqUXpxdVFpX0VFVFRPSnZTN0pKTG90WWpIRUwzLVk2dC1hNXZ4Qk5rbmQtT3phOGpjS3RLMUtuSWJ5Tm43Zm5CNHdYSlZRakVxZ1JYamVH?oc=5
Vale,Mining,2026-05-23 03:30:23.189913,,2026-05-23 03:30:23.189913,GENERAL,GENERAL_NEWS,GENERAL_NEWS,1,0.2,GENERAL_NEWS,0.66,Vale SA | 6-K: Report of foreign private issuer [Rules 13a-16 and 15d-16] - Moomoo,,,Google News RSS,https://news.google.com/rss/articles/CBMimwFBVV95cUxOT0ZPbWI0R3lONmwwZmJldkdGYnVjVkdYeXJYNWFtejUyNHdJTkUxZXRraFpvUkRXUWFkc1l0YlNLUFJyemlJUHZvT2FxYmpIN1FtenVYc3VBT1VrVkIxVU80WkMxV1FVVXIwSkNaN2REckl4MnZaM0h5WENySmVCNDh1SXV2Sm1fZGc2LVRmOVRwZ0kwdjY5RGJCVQ?oc=5
Vale,Mining,2026-05-23 03:30:23.189913,,2026-05-23 03:30:23.189913,GENERAL,GENERAL_NEWS,GENERAL_NEWS,1,0.2,GENERAL_NEWS,0.51,Vale cut at Scotiabank as seaborne iron ore market at risk of oversupply later this year (VALE:NYSE) - Seeking Alpha,,,Google News RSS,https://news.google.com/rss/articles/CBMixAFBVV95cUxOX0ZPN2F2LVJFeklLWWVobXIzOFZObG45ejJsVS1RU1VoWnJBd3ZmRmZQYWhzdzNQTVd3a2JIWEVSY2REVWFBUmVwY1hUeF96eUp6NG5weHpJckp2SVN1Q3IzUXQ5Xzc0QlBYSG9JLXpva2pibHUxUFBEeENkeDJzV2dqR0VyUUg1NUJOTmsyUi1lSWwtYjQtU2VZcm0yb1VSdkltVGozU2dGQnFmajdaYkZfRWRycjBfNzFKSUNkNUdzU09P?oc=5
Petrobras,Energy,2026-05-23 03:30:23.189913,,2026-05-23 03:30:23.189913,GENERAL,GENERAL_NEWS,GENERAL_NEWS,1,0.2,GENERAL_NEWS,0.46,Ibama aprova Avaliação Pré-Operacional (APO) realizada pela Petrobras no Amapá - Agência Petrobras de Notícias,,,Google News RSS,https://news.google.com/rss/articles/CBMiywFBVV95cUxPQ3lfU0FBMjZBaDVRcy1FcFlzczBnY2VTM0lNLUFwY0lwT0lsMmhSd3ZjaDN5WGs2bjFtT1lMU3VMZnF5TkVMejlpOXA2MlFSbFdtZHg2dUdjUmxDSUNFSmhOd0Z6d2VadFN3WU8ybXVWSlgyVTFOblQyTWF2QUJoQmhrN2dlUWFOd1VDOFBFdEVEYlpCeGkzRk01dnNRUGJmeC10SmdJQjluTDBXVDV5U3NPbXlHUDN3MTJxa3MzZXp1X2Y5YWszUUhQOA?oc=5
Stone,Payments,2026-05-23 03:30:23.189913,,2026-05-23 03:30:23.189913,GENERAL,GENERAL_NEWS,GENERAL_NEWS,1,0.2,GENERAL_NEWS,0.58,"StoneCo Earnings Call: Profits Up, Risks in Focus - TipRanks",,,Google News RSS,https://news.google.com/rss/articles/CBMioAFBVV95cUxNOFFhcXVoemM4a3pqa24zM0VfcGk3NjBSSjJlQkdsa1RIYWp3akh5emxpbk1haVZCNldnQWhTbVEtQ2NKbzE3VzNXUHFBM0ZfOVd6QXdabXdvUDBhaDBLcEh1MlNkanlsc0YtOFZEb19heEswd1ZYcWhNYWgwUlREaEFkR2twMG5JSHF5dEwxXzQ3Sm1naGxqSnRqUHU0RnV0?oc=5
Stone,Payments,2026-05-23 03:30:23.189913,,2026-05-23 03:30:23.189913,GENERAL,GENERAL_NEWS,GENERAL_NEWS,1,0.2,GENERAL_NEWS,0.55,StoneCo (STNE) CRO amends Form 3 share holdings after count error - Stock Titan,,,Google News RSS,https://news.google.com/rss/articles/CBMiywFBVV95cUxNenBIS3ZCaGNvUEFUVTBrSzFLRXgyc0l0NFNyX3JiY1dVbi14SEFXRWNzeHplY3hNTFBacWNfbHhVMXZGNW12RGsxbkNjQ2FEa1lfM3pvX1pwZnFlTTRCN2hhbDZPUm5RazNHTVc4UlQ2UWNraG9yOWYxYUVvaS1TaWxndGgwakhDVzBFdnhtSU1ndGtRYml4N2VuSGN4bFMzMGhTbUJNOFBzamhxN3pHMHNBVmVDaUxWUVZtQmlISFoxNnZvc3YzVndIRQ?oc=5
PagBank,Payments,2026-05-23 03:30:23.189913,,2026-05-23 03:30:23.189913,GENERAL,GENERAL_NEWS,GENERAL_NEWS,1,0.2,GENERAL_NEWS,0.55,"Goldman Sachs Maintains PagSeguro Digital(PAGS.US) With Hold Rating, Maintains Target Price $11 - Moomoo",,,Google News RSS,https://news.google.com/rss/articles/CBMiuAFBVV95cUxOZFB4ZTJpaHFXMGJyNGN1M0ZzZzdGS2x3R2dMZWZvdm5kU0RGY0JUZXBxaHpqano4TW5RZ3ROR2lOcldvSC1nOW43Y3Vfci1UMUZlc21TZHNteERsZnlTaTVCYkVzaXlYOWxfZHdUVFRNSHA2Unl1c1lpN1NXM3N3UXhMMEVlOXpwM2I2TFNTc0RaenV2YnpKVFJQUnozYllNNWdNN25vX1Z3WG8yejhVSFJuaGJ1c01x?oc=5
Nubank,Fintech,2026-05-23 03:30:23.189913,,2026-05-23 03:30:23.189913,GENERAL,GENERAL_NEWS,GENERAL_NEWS,1,0.2,GENERAL_NEWS,0.42,Nu Holdings Q1 Earnings: Nubank’s $5 Billion Quarter Has a Catch — Credit Risk - TechStock²,,,Google News RSS,https://news.google.com/rss/articles/CBMimgFBVV95cUxQMDZVUXdMLTdMNTJFX1k0WEhOTE1fRUFwX3Z4VHY3MFowcnp2TUt6Z0VBTXlKeVY5TjJCcW5BaDZEVUFFMF9zb1VpQjhEVXN4S0k2OTJSd0pIbVFZMFRlaFlXNkdjX0lDU2padkNDSW9yYUp4NFZib0p1LW9ROGJ2Q2wtQi0tZjQ1STN5OTV1VTdHZ1RhS0g4MlVn?oc=5
BRB Banco de Brasília,Banking,2026-05-23 03:30:23.189913,,2026-05-23 03:30:23.189913,FINANCIAL_SYSTEM_RISK,RISK_SIGNAL,RISK_SIGNAL,4,0.75,RISK_SIGNAL,0.66,Governo do DF tenta viabilizar até o dia 25 garantias em empréstimo para socorrer o BRB após transações com o Master - O Globo,"O governo do Distrito Federal está trabalhando para garantir empréstimos até o dia 25 devido às transações com a Master, visando socorrer o Banco Regional de Brás.",,Google News RSS,https://news.google.com/rss/articles/CBMihgJBVV95cUxNMVlJX29rZkJjZFRvLXZ1VGpPNUFzMlRCU0VUQ0g5cW44MzNFTkNQVzVaMDM1c01DYmYyUDJqZGkyLVhNaFVCNkZVU1lCcDdSdVNGY1BPSHR6VVM4YkRJdnotU1NVWFdaQzVUMnpuc3BwQjB6MHZqTGtFUlNqU3pQU19raDNuSzBKdmQzc1VYbjZPbUxLN1YySjIwWGhORVg2Y3NwS25sRUwySUJiVHFDUm80LWFqUzg1dWVxWkVGSDBwZGNCdHZVTThjb0ctVm0yUC1qSUZSM0NnZk1rRUpXUVRIR2VkYVhoSnBIOTJQcXdaRjlHUk1BSFpTeTJxeEZTUmVBZDd30gGUAkFVX3lxTE1DVS16N2VRb3FrUVVFOXBDaGlqR3BCQk5FVGRhSHdyU3NYVkZNb1ZYRURTbldwX3Q5TUpRNEN2QUQ0elJLNnA4MnVaSjFrUWtPVTlsNHVqV1ExdGhwTEF4QTVtc2R5X3Q0dlVtTjJLLUpJQ2ZfYzlBazJtZ0gyTnNzUUdZbUFVTG5vekpJNVQ4Yks3Q2lHRThBZGs0UHRfRDNSUUNCQk1SQURQWWY1aEN2YlRKQTQtMmRnVHY3QWd6aVNjNXBnNHB3WFJPTk1SU3UzVTdCdXNLUlFmeUxaMjBiUWxfek0xWjBLVGJxWmx2TDl2djB0OVpjT244QmV0Q004RnBIOHJabDVTWmZlN2dHVGd2ZA?oc=5
Banco Master,Banking,2026-05-22 03:31:26.355917,,2026-05-22 03:31:26.355917,LEGAL_REGULATORY,WEAK_SIGNAL,WEAK_SIGNAL,2,0.5,RISK_SIGNAL,0.37,Banco Master owner denies misleading regulators - Valor International,,,Google News RSS,https://news.google.com/rss/articles/CBMitAFBVV95cUxQVS1mbm5lcUxiNzhtYjFzejlqaEE2amMwcUFneW1fZl9paGJFSEdUS2Vtd3k2cUxoV2xQVXFJQ3VwblRiOTRrRElZYUcwVE4zVHFjWFpieUR3OGRVSXBMMnEtZGhhTURrcngxMEZmMW5lN2NHNVJnN1BiMDUwVlE1OXh1aVdzS2xCWHk2SEhtX3BoclpjVzNSc2Y2RVVFa3RROWV1YWRmTmtWbGtwb1c1LVBNa3LSAcMBQVVfeXFMUGxsV3k5WVNjOEo2RXFFaHVWb1kzUFFsVVdWLUhzMExOR2NEaUYtenpRd2d4RXVGMEJnUTF0NmNHLVdPOXpkTkFEMXFadDVMYzlwc2lPaXhFLWo1X0RmSDA1TTdNeXIwUnpqbEFLUmoxWlUyS2JzNUNIRVN2U3BXZlBzcWF0YlFHbVBVVVBZNjU0TFNyazZWVGxFbm1GUjQtS2FMaWxMdURXbFNsdDFpYWxFZ0ctS096Nm9PRnpHTkMzZFZR?oc=5
Vale,Mining,2026-05-22 03:31:26.355917,,2026-05-22 03:31:26.355917,GENERAL,GENERAL_NEWS,GENERAL_NEWS,1,0.2,GENERAL_NEWS,0.49,Research Alert: CFRA Maintains Hold Recommendation On Vale S.a. - Moomoo,,,Google News RSS,https://news.google.com/rss/articles/CBMipAFBVV95cUxPdjQ0Z203cGpKd1pOTnZieU54TDJ0bkVfaXdjNnR0ZFVWajhRY2k4aGMwNnR0OEVlVDFjcVZWWUJhbWNVa1RkRlNHNU4zT0d1TkFpamc1VVM0cFk3THFsVGlqNDduSFZVenNwOUs4cXhlaWNqb3ByRWZPTEQ2Y0pWM3RKOHdvWXZOcUNPWEV6cWp3UGhMd3VMVHZjSGljd2tTbzl6NQ?oc=5
BRB Banco de Brasília,Banking,2026-05-22 03:31:26.355917,,2026-05-22 03:31:26.355917,FINANCIAL_SYSTEM_RISK,RISK_SIGNAL,RISK_SIGNAL,4,0.75,RISK_SIGNAL,0.63,"Brazil lender BRB barred from taking federally guaranteed loans, Treasury says - Reuters",The US Treasury has barred Brazilian lender BRB from taking federally guaranteed loans.,"This news could represent a corporate risk for several reasons:

1. **Access to funding**: As a lender, BRB's ability to access federally guaranteed loans is crucial to its operations. If it loses this privilege, the bank may struggle to secure funding at reasonable rates, which could impact its ability to lend to customers and ultimately affect its financial health.

2. **Cost of alternative funding**: Without access to federally guaranteed loans, BRB might be forced to seek alternative funding sources, such as private investors or commercial lenders, which could come with higher interest rates or stricter terms. This could increase the bank's costs and reduce its profit margins.

3. **Impact on business operations**: The loss of federally guaranteed loans could force BRB to tighten its lending standards, reduce new loan originations, or even scale back certain business lines. This could lead to reduced economic activity in Brazil and potentially harm the bank's reputation.

4. **Systemic risk implications**: As a key player in the Brazilian financial system, BRB's struggles could have broader systemic implications. A loss of confidence in the bank could lead to a decrease in investor sentiment, making it harder for other lenders to access funding or maintain their own solvency.

5. **Regulatory challenges**: The Treasury's decision might indicate regulatory risks associated with BRB's operations or governance structure. If the regulator's actions are seen as overly restrictive or discriminatory, it could create reputational damage and potential litigation risks.

Overall, this news highlights the interconnectedness of corporate risk factors in the financial sector, where changes in regulatory environments can have far-reaching impacts on lenders like BRB.",Google News RSS,https://news.google.com/rss/articles/CBMiwAFBVV95cUxOVFE1RDlOdnFLd2R6X24tTTNjQV9mLUxVVm5EY0MtdzQ4cGpiZTJielVRRGFDVTFwX0hEUjczWVo2UjQwOXJJQWd2dGhSUHBSR0RkY04xVTFnd3pZRjVGVWRTdkRlbHFlX0N2X1dXWFZDRGN2SS1CUWZ0dkwySE5SZWZQWlh3aVAydXYyS25pZ3ZaMU52bnZ6WU9kX2JkbC1ybVlKYWJXT1hRVl9nSWVfQzdKY0hLRnhubXVjV2pCX2M?oc=5
Stone,Payments,2026-05-22 03:31:26.355917,,2026-05-22 03:31:26.355917,GENERAL,GENERAL_NEWS,GENERAL_NEWS,1,0.2,GENERAL_NEWS,0.51,StoneCo Balances Growth Ambition With Rising Credit Risk - TipRanks,,,Google News RSS,https://news.google.com/rss/articles/CBMirAFBVV95cUxOaGlSTklnWk5ITVZMUzJ1N2ltX1ludVo3VGFzZ25iUmJjWmlWUTVwLVRYQThRdVhRTTVfOExfUC1RN0hJVEZmZW04SU8tckpOMlFTOEFSTUZzVW1hSFRXazFtZF95UWNPODE1VTUzWHFvMW5ZVGY1OHpnTEpneHl4LUVrYTZzNllMZ25MWTdYXzdFallKajBuX2VhdzJmREZVaVVXcmthdzRlNEt6?oc=5
Vale,Mining,2026-05-22 03:31:26.355917,,2026-05-22 03:31:26.355917,FINANCIAL_SYSTEM_RISK,WEAK_SIGNAL,WEAK_SIGNAL,2,0.5,GENERAL_NEWS,0.45,"Deutsche Bank Maintains Vale SA(VALE.US) With Hold Rating, Raises Target Price to $18 - Moomoo",,,Google News RSS,https://news.google.com/rss/articles/CBMipwFBVV95cUxQRlJxbDZwWVhaQ3RSVldOYWdDT0JZRTJESmdyYW8tLU1nMm83UDJwRTZMamdYcV8xQUUwTHNCRFBaQ3FFRVEzZEVPSFhDRFdjdG81ejNNQlhHT0RJYzc3MjE3ckxLLXRxWExzck5TWFQ5UklQcWh1dVF1ZEJfZW50NHNfVkJBcURMdmJZVnNocWZyNGJQSzlUYlpUc1JhNGhVMjlIaUs4Yw?oc=5
Braskem,Chemicals,2026-05-22 03:31:26.355917,,2026-05-22 03:31:26.355917,GENERAL,GENERAL_NEWS,GENERAL_NEWS,1,0.2,GENERAL_NEWS,0.33,Braskem’s Brazil Mine at Risk of Collapse as Sinking Accelerates - Bloomberg.com,,,Google News RSS,https://news.google.com/rss/articles/CBMitgFBVV95cUxNVjAzZXA4aXFLQVB3N18zcl9mdUZnNmkzaHJmaW91NjdEOXBMWmJwV0RrX2tOM1ZQVktWam5iR0lNQUlCMlk0SW10MkFrN2pRd0lOSkkzYm4xR0c4aFp0TjA4bHJvaWFnSjIySVgxNEp2Qkp0ellHWEkwczdkZjZIcTB6WE1jTHJrZUxQNW4xblQyVk4tcUtEYmtHaDJtYklibjVIQURUZDl2aE9NMWhXU05MeUpFQQ?oc=5
Vivo,Telecom,2026-05-22 03:31:26.355917,,2026-05-22 03:31:26.355917,GENERAL,GENERAL_NEWS,GENERAL_NEWS,1,0.2,GENERAL_NEWS,0.41,"Telefônica Brasil capital reduction becomes effective, payment set for July By Investing.com - Investing.com Nigeria",,,Google News RSS,https://news.google.com/rss/articles/CBMiyAFBVV95cUxOaWpVdl83dkVyQklPbHZGYUF5NXZpNnVWQ21zanFFRFF1blNZR195MjdOYldJcTBhaVpZQjByb2g1MWdDcWU1bWlSU3d5YjdmUUFHR1V4MUVwU3NRanV2YzNnLXZySjI2YXNjOWRqcFY4c0NDRWF6R1dhc1hvOWRoUjFtaFk0VzZPZmdUOGcwWm9DOXRuRzVOQkNXRkdzTGFrUTRPcWFURmI1N19rT20temhuZk9DRDR2RUY0VTdvN2g4V2VKRTVQTA?oc=5
Vale,Mining,2026-05-22 03:31:26.355917,,2026-05-22 03:31:26.355917,FINANCIAL_SYSTEM_RISK,WEAK_SIGNAL,WEAK_SIGNAL,2,0.5,GENERAL_NEWS,0.41,VALE S.A. (VALE) Stock Falls on Q1 2026 Earnings - Quiver Quantitative,,,Google News RSS,https://news.google.com/rss/articles/CBMijgFBVV95cUxObmZqWThCMU9uVFVmMDZnS2NDYlg4QWdOYWxBanNfbWJZWTNUcnN2alFFTmRnMWpOOXMyMFBFbDhXLWFGbUhUZzBiRE9FRVJDTjhWRGNadlZkQURBYTdEaGNJYjh5ckFON3huNENIVVhBcHhkUWdYZFZ2cF8xXzVsZ3FxNUFtMHV1cnE2LVRn?oc=5
Nubank,Fintech,2026-05-21 03:36:37.319705,,2026-05-21 03:36:37.319705,GENERAL,GENERAL_NEWS,GENERAL_NEWS,1,0.2,GENERAL_NEWS,0.61,Precision Trading with Nu Holdings Ltd. Class A (NU) Risk Zones - Stock Traders Daily,,,Google News RSS,https://news.google.com/rss/articles/CBMi2AFBVV95cUxNQlVjRkVkRG1VMGlSR1VUY2gxMGx5UEdRWVhnbTZlSkt4MlMzWXdCWGhNeHJnQXZzVVZwR01OSkRoRG8xRDRRVWxqMU5HSDF3XzkzUUlzbjJMdTltY2JZOTgwR2RyMllMZDVURERwNUxTQkRCczhKWFNxUlFpWFo0REhJMlhER3JGSFlTYlB6SHRJdHo1dlVuYjJEa2JoeUVVX0xtdm9JTjdqVllHQ3JiTXpwS2tycUF1OEVtTFFWQUJEQlJNc0ZSSWdOWUxjOFFhTW9UdjA2a1k?oc=5
PagBank,Payments,2026-05-21 03:36:37.319705,,2026-05-21 03:36:37.319705,GENERAL,GENERAL_NEWS,GENERAL_NEWS,1,0.2,GENERAL_NEWS,0.59,PagSeguro (NYSE: PAGS) grows credit book 36% and lifts EPS in Q1 2026 - Stock Titan,,,Google News RSS,https://news.google.com/rss/articles/CBMiugFBVV95cUxQNHN6M052blJCNEpyMTNDRXpqc2J1Uk1mNl9mOTdGQjFLdVpGQUs1Y1Q4MEFfemFyLV93bGtDd1pnb2d2M1oxWnJ5eFFxdUVlZVZpQ29NVHBkVmlaN0d0WEgwX2kyQ0doZXJVcFZZMkJWeHFaampsYU9VZmlvVThyNGtONmM1VVpqYk85MUtzQjlQODBUcnV1X3lmMzVzMW5xS3IwcHVObVdLd3NnVEhXUGJIcTRaM1lqUkE?oc=5
Ambipar,Environmental Services,2026-05-21 03:36:37.319705,,2026-05-21 03:36:37.319705,GENERAL,GENERAL_NEWS,GENERAL_NEWS,1,0.2,GENERAL_NEWS,0.45,Brazil’s Ambipar shares extend decline amid legal and credit concerns - TradingView,,,Google News RSS,https://news.google.com/rss/articles/CBMixAFBVV95cUxOWnNmRnRiQUJPS1F3MVNZRWI5cUQ5eWIzUHM4X1JsbUl2cExZRHN1c1JBZGhZMlJLQ2ZFaVRNbmkxQ3NuR0hBYnRlR3RPODhRdUJNaGxISXN3WmJFdU95Q3FySzRjbTJqSWYwUE9SeDEzc3h6UmdURTVKY2Q4ekpNc0dQTld4NWhiNEZjVTJRbzVMb2dDSkU0aXVJSFlNUTRSOHN1Q1N4NlZaZWE3RTlCRDVUNnZUYjFUYUNyR3NOb1BUZHJG?oc=5
Banco Master,Banking,2026-05-21 03:36:37.319705,,2026-05-21 03:36:37.319705,FINANCIAL_SYSTEM_RISK,CRITICAL_SIGNAL,CRITICAL_SIGNAL,5,1.0,CRITICAL_SIGNAL,0.58,Brazil Audit Court Orders Probe Into Liquidation of Banco Master - Mint,The Brazilian Audit Court has ordered a probe into the liquidation of Banco Master.,,Google News RSS,https://news.google.com/rss/articles/CBMiwgFBVV95cUxQa1JBUk1oOE1nRVAtWFAxVzl6NDVzNzdRNmhaMm8zYWhPQl92R3VLTm1nc21iYmNxcExZY0NwVkFkYVhNX0tSeXM4M0ZteG5iY1BPRzk3TWhUYlhXZkJkaWdHdHVLWFZqQ08wQ2hHb1pJd2lfZjZUNXpvMFlEelJPekF3V0RRMzBuNEEtTk03T0tWekRQWW5FRm9GdlltalA0cXZfaVFwazhvWm1rT3laa1pfSEtFc3JEVXFUSC1Qdk5SZ9IBxwFBVV95cUxNQVlvMjEtemNWdnZtUU5kSHRJb2hBMEEyVzBVa1JrdmhRMnIyWDJQWXJtbXgzTUZMWGtXNmZLdGlGRjRsdlRWT1dhNVZmX0pSc25WYW43QTAzWVJQeS1MY0RVNkVOY29mR1ZaREpLTUVaZ0tIOWZ6RDJCR1hBdmxHMHZhOWxPUW90R2RfckgtTG1xanQ4NU0waDllLUZTajd4eHc3ZGxZVGozZFJpcFFPTkxhaXZmRWdDa01Kcjl3NmxtdWhyLTR3?oc=5
Banco Master,Banking,2026-05-21 03:36:37.319705,,2026-05-21 03:36:37.319705,REPUTATIONAL,WEAK_SIGNAL,WEAK_SIGNAL,2,0.5,GENERAL_NEWS,0.29,Brazil’s Banking System Hit By Multibillion Fallout From Banco Master Crisis - The420.in,,,Google News RSS,https://news.google.com/rss/articles/CBMiekFVX3lxTE16RFAtNnFkQU82WnQtUkxCcmxPZUl4OFlvc0NjMXBob0tiT2N4LTNXZVZqZTJTTms4MVNnX0FYZUJpZ2ZsSDhoY2xkc21Zd2YtNzhxNFJtMGt0YXBnZjZpRHo3d2F1LWV6QmFobDdER0xqNjlTX2pFYWt3?oc=5
BRB Banco de Brasília,Banking,2026-05-21 03:36:37.319705,,2026-05-21 03:36:37.319705,FINANCIAL_SYSTEM_RISK,RISK_SIGNAL,RISK_SIGNAL,4,0.75,RISK_SIGNAL,0.64,Federal District governor seeks Treasury approval to assist BRB - Valor International,"The governor of the Federal District is seeking approval from the Treasury department to provide assistance to BRB, a Brazilian company.","This news could represent a corporate risk for the Brazilian government and its state-owned entities, specifically the Bank for the Development of Brazil (BRB) or any other entity involved in the deal.

The potential risks associated with this news are:

1. **Credit Risk**: If the federal district governor's request for Treasury approval to assist BRB is approved, it may indicate that the government is taking on additional debt or financial risk to support the bank. This could lead to increased credit risk for the government and potentially impact its credit rating.
2. **Regulatory Risk**: The Brazilian government's involvement in a financial institution like BRB raises regulatory risks. If the government is not careful, it may be seen as intervening too heavily in the market, which could lead to reputational damage, loss of investor confidence, or even stricter regulations being imposed on the bank.
3. **Political Risk**: The request for Treasury approval may be seen as an attempt by the governor's administration to gain political capital by supporting a strategic asset like BRB. If this is perceived as a partisan move, it could create tension between different branches of government and impact the stability of the financial system.
4. **Operational Risk**: Assisting BRB with financing or other forms of support may expose the Treasury to operational risks, such as managing complex financial instruments, dealing with potential losses, or navigating changing market conditions.

Overall, this news suggests that the Brazilian government is taking on additional risk to support a strategic asset, which could have implications for its creditworthiness, regulatory environment, and overall economic stability.",Google News RSS,https://news.google.com/rss/articles/CBMiywFBVV95cUxNZEJSQzRoLW40aVB5QTFucm95Sk9NWExjQmEyRGt2N09lUWNjR3NBMFRMcVZKdXpqeV9Mc2VCT0xXMGRTRzdpX2YzVDVDVGQ2VzZ3cFZzcXkxT2tiY2dDbFB5a2pWNlhSNWQtMUlaLXpud29vZVlWRDRFZTItRWRtTFdrelVVUjRWV0VWVWVqSzNlOEtmaHlmZ0kzd2ZRaEVBR2xRSlBDeUttUmpPXy1pUjZFbzlVLXdBaTBPdE1VWGUtNlNaSWRqZ05jd9IB2gFBVV95cUxQNkJwWjdmN1hFMWpBbF9MNFVveENLUWJrT1h3S1VoMVRiRGt4TVhuQlN3VHFzWmZfcGs0cVVfSUZNNVJXUm5aVkhjdEM0N0ppVFU4TDRFZGN2V2xJejE2UEJkYU5tWTRzOXFLa08tNzJKNjZZRW8ybzY3WTk1YVVLWm51VkRLNzFhM3BQQk5MTVZzQ2dLYlB2dFhaT05wVWZxRjd4WFJpQ25pc3hrUjcwczFkUE9VTGZJUUpNeTh3TDVJRDJnNktFTEZIRmhTZ0RiekJ1bmRTRHJjZw?oc=5
BRB Banco de Brasília,Banking,2026-05-21 03:36:37.319705,,2026-05-21 03:36:37.319705,FINANCIAL_SYSTEM_RISK,RISK_SIGNAL,RISK_SIGNAL,4,0.75,RISK_SIGNAL,0.6,Caso Master: ex-presidente do BRB deve entregar anexos de delação em junho e apontar caminho do dinheiro no Brasil e no exterior - O Globo,"Um ex-presidente do BRB está sob investigação pelo caso Master, onde deve entregar anexos de delação até junho.","Este artigo poderia representar um risco para uma empresa se a pessoa referida, ex-presidente do BRB (um dos maiores grupos financeiros do Brasil), estiver ligada à mesma. Aqui estão algumas razões pelas quais isso poderia ser considerado:

1. **Lavagem de dinheiro**: A possibilidade de que o ex-presidente do BRB esteja envolvido em uma operação de lavagem de dinheiro é um risco significativo para a empresa. Se os anexos de delação incluirem informações sobre a movimentação financeira da empresa, isso poderia indicar que a empresa está ou foi envolvida em atividades ilegais.

2. **Perda de reputação**: A notícia de que o ex-presidente do BRB estará entregando anexos de delação pode prejudicar a reputação da empresa. Isso poderia afetar negativamente as relações com os clientes, investidores e parceiros de negócios.

3. **Consequências legais**: Se a empresa for encontrada envolvida em atividades ilegais, isso poderia resultar em consequências legais graves, incluindo multas, fianças e até mesmo processos judiciais.

4. **Impacto na imagem da empresa**: A associação entre a empresa e o ex-presidente do BRB poderia prejudicar a imagem da empresa. Isso poderia afetar negativamente as relações com os clientes e parceiros de negócios, além de potencialmente afetar a credibilidade e a confiança.

5. **Risco de investigação**: A notícia de que o ex-presidente do BRB estará entregando anexos de delação pode indicar que a empresa está sob investigação por parte das autoridades. Isso poderia resultar em uma série de consequências negativas, incluindo multas e processos judiciais.

Em resumo, a notícia poderia representar um risco significativo para a empresa se o ex-presidente do BRB estiver ligado à mesma, especialmente se as operações envolvidas forem consideradas ilegais ou questionáveis.",Google News RSS,https://news.google.com/rss/articles/CBMilAJBVV95cUxNTnhOMWRFOVJuUXhlNGhpN3FSb09HQ0NIVVZDV2lWYzRLcS0ybUsyMzVmMVlMUWZmZGdENzQ1SDhFM0Zodk94ZkFOdXVEUGxTUTdpR2NRRW1VbmZKYjFjSzhLckJLbTBWUE5KN1JlYjk4UFh2cTVXeldIeWJzMkRqMDItcXhCNWRIT1J5Mnd5eU5PUV9KZlBrMV9qYTljaGo1Tkd5NUZsSmhuQXdFQzhlZy1ITWV4R2FIWWhWSFNxbmVOMXpTckJndkx6QXBBRVBTa2VJWDZGckVNcF9QZEdHcW45Mm5INktWeEZQYVZmV2dEVXBrOHh2U1h3Ql84Y1Y5cFFNUXpRMXRNMjJqY2t6QVIyQjPSAaMCQVVfeXFMT2ZzQlVtZXBhVnF2Uk5BOXc4SzlhT3pYUVBKMDZPZ0ZvVzgxRXotd2dzU09JWk9VZFlGOXZyVDl3TjRkeEVQZHA0NFR2MmxwWDNKaDRwNVVoZldMWnZMTGhsX3d4dkJYbHd5SnJNcnJQYi1UYW5uZTNZMFNnQk1nSDFfOE5rOF9PRDcwUTRvcTJtX19sQWd0aDJ0QXplbmJPcl9FNGs5YUhsMmZJT3BrQzl2VVVIeVVFZDBySmdVUG9MY1M4dTBlaUZpa2pCRnR5UkN1NjhxY0k3ZE4zQjhleDRHU3FCQjF0OWRVNkRlblhrZHF2RWNBYnhoZksydXpkWldROTVmanAxOFhHR2Y4LUw4aVdBSHEyRVZxUEZfdDdiMWFZ?oc=5
Petrobras,Energy,2026-05-21 03:36:37.319705,,2026-05-21 03:36:37.319705,GENERAL,GENERAL_NEWS,GENERAL_NEWS,1,0.2,GENERAL_NEWS,0.3,"Brazil May Face Fuel Shortages, and This Could Trigger Petrobras to Adjust Prices, Analysts Say - CPG Click Petróleo e Gás",,,Google News RSS,https://news.google.com/rss/articles/CBMi-AFBVV95cUxNemJpd2d5Ri01WDNpSkt5MlhmYmh2S3ZPMENMQkdkUUdyTjBqSk1QZHFHeW9mRUUtZVlfbTFlTnJXamltNG1rdXJmdFZuVE1MQlJhaG9kbjN2TGt2YW5nQWVtN3RrZHlmTzY1SHBTbWJmbVdiMURjMnczQUkzX1ZkZWtBYzViOEFGeFlmemdDZzhxUmFWWlVzZFQ1WE1qNnFoYUxzU3ZsNzZPZ051cDJ0Nkd3cTVuaTc4YUdHVVZJdDhWYjljRFBwLUdOWjlqeVQzU0FFNDgyS3NOTzY0Y1FpcEVMRjB6dUo1MHUzVFhUOV83bHViUUJ3aQ?oc=5
Vale,Mining,2026-05-21 03:36:37.319705,,2026-05-21 03:36:37.319705,GENERAL,GENERAL_NEWS,GENERAL_NEWS,1,0.2,GENERAL_NEWS,0.54,Vale S.A. Earnings Call Highlights Base Metals Surge - TipRanks,,,Google News RSS,https://news.google.com/rss/articles/CBMipgFBVV95cUxQUWp1OXpvWGUtalV0dXB2UWJSSl9iYzZmdUpENlpoa19hM2ZKUko5dTBaQXFCc3RleVZ6Z0wwbVdBVzY2QlVKajI2QW5iRmV2b2FlOXhlNTVpVG93ZExfb3A0TXBkY1plb2ZNM1BNX2NfRVJvRHZVMmtvYzV1UU9aQ1NDYnRnOE1TUGFyS3JPNWVLekhKVzY0cmdWQnVPRElWSEFHX1dn?oc=5
Vale,Mining,2026-05-21 03:36:37.319705,,2026-05-21 03:36:37.319705,GENERAL,GENERAL_NEWS,GENERAL_NEWS,1,0.2,GENERAL_NEWS,0.57,"Jefferies Maintains Vale SA(VALE.US) With Buy Rating, Raises Target Price to $21 - Moomoo",,,Google News RSS,https://news.google.com/rss/articles/CBMiqgFBVV95cUxNbkhaWVM5VkUzdnNrVkVFM0RsNFo1TVR1aEE5MVNhdFhFMENST3d4LVcyaHk2RTd6YzJWV2xQa2daS0ZyczQybXZMTGk3NFJhdl9ENGtyRTB5a0tydDJkWE5iZkZIZGsyVHg4X2xydnZhVkVaZ2pyUV9udFM5cE56emhVcnJhUmpLR0ctc2dNSUVGSVBGVFdUVXhhaTQwdnZEZHViRTNnVFpJUQ?oc=5
Braskem,Chemicals,2026-05-21 03:36:37.319705,,2026-05-21 03:36:37.319705,GENERAL,GENERAL_NEWS,GENERAL_NEWS,1,0.2,GENERAL_NEWS,0.4,"Braskem Celebrates Naming of Beautiful Future and Blooming Future, Next‑Generation Tankers for Cleaner Global Trade - Via Ritzau",,,Google News RSS,https://news.google.com/rss/articles/CBMilgJBVV95cUxOZXk0eDl5NWJqVHkxaTlzUVY5YnAzTUxNQ3dsRUV1UlRIdHhycjlESGlDdWlfRTBybDNpaVpLV1FnNU1XUHloNDZCMm14Z3N2alJiNFF2bFlkVl9IZnprUEpHVUdiazlyY0FTV0xLcF81cDAwN0xIZGJOVUVTV0pxQTZZNnBUS2VzdnN5ckpJS190ZXk0QUFWT2hXMl83OWZPb3ZXXzE5NzVBTjNIZkpMcllrYlJwNG03SDk2ZE53aVBOSm1OT29nX3lCTDNaM3lkNGhTS2FMOWFIRS14dWxVUlRfM2I3aHhCUDZWOHVESEVBbUJpdC1WVm9veE9nN1JqUTRlaldNN0wzQ3B6c1dSMG5FMFlYQQ?oc=5
Eletrobras,Utilities,2026-05-21 03:36:37.319705,,2026-05-21 03:36:37.319705,GENERAL,GENERAL_NEWS,GENERAL_NEWS,1,0.2,GENERAL_NEWS,0.57,Eletrobras Earnings Call Signals Turnaround and Growth - TipRanks,,,Google News RSS,https://news.google.com/rss/articles/CBMiqgFBVV95cUxPTEN0ZWM1VGxaN19MTGJfbHpSMnBlYzZ6aFUyRGphejNHWDVXQXN5MkNQTjBNbzdHOTlmRWotZXBIUE5MNE9rMHd6am1xQ1M0Sk0zaWtWOExYWlJKWXBWa0JETFFIUlRLR29QTUJ6a3dyMEV4WWtCczRMMnVmc0dWY3E5b0M3X1ZKMHBwYm1yN0lpRDNxN2tBUTFrcGEzRWhkZ3hRak1lalJFZw?oc=5
Vivo,Telecom,2026-05-21 03:36:37.319705,,2026-05-21 03:36:37.319705,GENERAL,GENERAL_NEWS,GENERAL_NEWS,1,0.2,GENERAL_NEWS,0.64,Telefonica Brasil 1Q Rev BRL15.5B >VIV - Moomoo,,,Google News RSS,https://news.google.com/rss/articles/CBMitAFBVV95cUxQS1F1ZktLYUExbGtTN3dTeEw5MFE4ZEhqb2J1VXZXTHlCZ0RsdXE1eDFheElPNWtSZzlqc2ExclA2WVFaV0VnM3dtWWJxdG8teV9BalBRV3VIQ2lPUnk4bVpyUkQ5MktPRjJXMm5QelEzemZoZ0pSTDV2U0NBRzdhYWczVzJqamZQd1VnVE1KMG9nbE11N1lMSjZJQzVwdzZ3OWpTREhpUnU0TGRmeXlhSFZnb2E?oc=5
PagBank,Payments,2026-05-20 03:30:27.278739,,2026-05-20 03:30:27.278739,GENERAL,GENERAL_NEWS,GENERAL_NEWS,1,0.2,GENERAL_NEWS,0.55,"Earnings Flash (PAGS) PagSeguro Digital Posts Q1 Total Revenue and Income 5.01B Brazilian Reais, Vs. FactSet Est of 4.96B Brazilian Reais - Moomoo",,,Google News RSS,https://news.google.com/rss/articles/CBMi2AFBVV95cUxQUURLTWFmbUtpNkl4eTh1TVFrSVJmQk4ydmMtaDE4X2RqR1hXcjY5Q3NPRVVlQ210b1F1cmk5MlJkaHhLT2g4RTJiNWVOS2lzM0xTRlo2bWF6NWFZd0JNd0U0ZWctTmN4aDZWUlFOZEVvWnM2aFNRRDlwQlo0SDVsS0lWVU00a1lUd3BfOWRxTjh6Y3o5dWY3bTN1aURFRVlTQnNpMUx0UUJuLThsQjhoYnQ1UEtlcG9MVVRFdW5LUFhNMGtfdTBldmVTN0xmNE44Slo3VGpna3Q?oc=5
Petrobras,Energy,2026-05-20 03:30:27.278739,,2026-05-20 03:30:27.278739,GENERAL,GENERAL_NEWS,GENERAL_NEWS,1,0.2,GENERAL_NEWS,0.46,"Petrobras: lucro líquido cai 7,2% para R$ 32,6 bilhões no 1º trimestre - O Globo",,,Google News RSS,https://news.google.com/rss/articles/CBMi1wFBVV95cUxObUxTQXlFeVlENFdSY3QwVkhfa0RiVXVlWWxMWkxuQk55TGtJMXk5TFRYVUxILWNDZlM0RWtRaFljTXVlYVpsUjFMaVpkVnludWQySjU3bTY3MTdoRGF2cW5tV1lRRWdZdktqdmZad2hEdk1waDlrak5Ta3dFRGlIUGtTQXJqbUNaalVhQ28zMTlXZDBWUEdjcDFmOGM1dk5QeVlTajJza2w1WDFMQTFiUUdYZTlyUldmdGpyQ2Fia0xaMk5YQkFwWng3QVZsbXNzSXNZUzg2d9IB5gFBVV95cUxPeXUtZ2lwdzltY0dLWHZzaDh3TnBpNzVuMlktdFh3OVJ6MHFQancwNG5GQXR2ZUdQWDRHODdXZW1EeXJaRWJtTEp6eG9lWFpnZWk1bUZxUXpYMUNmT3N6VF91Q0VnU0ZjR0ZacjRnT1VhYWdMY3ZBSGdMRHlxc2hRQ056ZDRET1J5WlBwOXRiYzNZOUkzb1hMZWlwalR2RGtyN0hRZFZ2N3czeGlmMHdQN3B5bVdybk5rNDJxY29JVDROZmh2Q28tc0JnbmlWUDNxN3B5Y2hLUDNBYXMzVGFlR21sU0swUQ?oc=5
Stone,Payments,2026-05-20 03:30:27.278739,,2026-05-20 03:30:27.278739,GENERAL,GENERAL_NEWS,GENERAL_NEWS,1,0.2,GENERAL_NEWS,0.57,StoneCo’s ESOP Shelf Offering And New Directors Might Change The Case For Investing In STNE - Sahm,,,Google News RSS,https://news.google.com/rss/articles/CBMi2gFBVV95cUxPTXAxUTlKLVUyLTNnVzBZZHc3R1VkdzUwUmZMZURqOTUxM1BpMFQ0OEwzUXJlZUNKT0cwVG1OY1pCeDFNNmdVMG5MU3hvRGdTWl9pbGtPZTVZbXBGSUlzZUJub0NDd1JLbmpPaHJlcDh2RHpnMXZYSklFcTNlUlU0c094eHJpdlhzTlc1T1A5WmRWMEZUbDBuUUdKMTFadE5KNHoxTG95bjVVNUJWWEFFTTRiaXhjNHRsS1lUVlROTF9SVjZvVEdFQU5DOWdqM1pJdmZYRUxMV2V0UQ?oc=5
Petrobras,Energy,2026-05-20 03:30:27.278739,,2026-05-20 03:30:27.278739,FINANCIAL_SYSTEM_RISK,WEAK_SIGNAL,WEAK_SIGNAL,2,0.5,RISK_SIGNAL,0.4,"Petrobras tem lucro de R$ 32,6 bi no primeiro trimestre, queda de 7,2% - Valor Econômico",,,Google News RSS,https://news.google.com/rss/articles/CBMiygFBVV95cUxNT0lyMEh4VWxLVmNCSktYWGFmSl9kT0VxRm9uXzdUb0MwdFdNTXpfMlpJeHp0cVZsZWc2WEwzZGxzaTVaY0RfQkNGVnRuTk1KSU12ZjdURDhaeXZXWU9yWC1LTUdna0k3c0VLbzhRYzZLdzhhczJZNFhpY0xVOFVNNXVxeGl3YjIzRGZFNVBtUEZ4N2JDOG5MV09VV0hqa3lIam4tbGpUQTBCNVN3VFJ2RWg0YXc2MVBBY0Q1a01Ub3RhUDRRMEtiendn0gHYAUFVX3lxTE9hbHdST2JfaVJWZVF1VWJWZXVfTENXcUVnd2xTNHJMZWZtVHV3VGJ0QVZHV1hXbXl5Q1ZwNUlDaUZMVURaRUdieURQZ2tHTTFnaExZN0p2enZwWVFZdUtTMnRlMk5SSU9Jd0w5Qll0WFNUWlhCRVA5Ulg5dXBZTk1fTDZzQktRcU5RMEtLaGNmdGR2eGdKUFVPSk5BMWZkU1A0WFdpTGRjUGxRYTJIOE1La0hPYnM2MmluLURrN1JFM3ktSW1OSTZzeDRkc2E5OGxFN1Iya3RIOA?oc=5
Banco Inter,Fintech,2026-05-20 03:30:27.278739,,2026-05-20 03:30:27.278739,FINANCIAL_SYSTEM_RISK,RISK_SIGNAL,RISK_SIGNAL,4,0.7,WEAK_SIGNAL,0.43,"Brazil central bank trims interest rates again, eyeing Iran conflict - 104.1 WIKY",Brazil's central bank reduced interest rates for the second time in a month amid concerns about global economic uncertainty and the Iran conflict.,"This news can represent a corporate risk for several reasons:

1. **Interest Rate Changes**: The Brazilian central bank's decision to trim interest rates may lead to a decrease in the cost of borrowing for corporations operating in Brazil or with exposure to the Brazilian market. This could make it more attractive for companies to invest, expand, or take on debt, potentially disrupting existing business strategies and cash flow projections.
2. **Economic Uncertainty**: The central bank's focus on Iran conflict suggests that there is a risk of economic instability or sanctions related to the region. If Brazil joins international efforts to isolate Iran economically, this could lead to increased costs for corporations doing business with Iranian entities or in countries with strong trade ties to Iran.
3. **Currency Fluctuations**: The Brazilian real (BRL) may weaken against major currencies, such as the US dollar, due to the interest rate cut and potential economic instability. This could make imports more expensive, reduce demand for exports, and impact companies' profit margins or cash flow.
4. **Investment Climate**: The decision by the central bank to trim interest rates and focus on the Iran conflict may indicate a shift in Brazil's investment priorities. If this leads to increased government spending or infrastructure projects, it could lead to competition for resources and potentially disrupt existing business plans.

Overall, the news highlights potential economic uncertainty, changes in interest rates, and currency fluctuations that could impact corporations operating in Brazil or with exposure to the Brazilian market.",Google News RSS,https://news.google.com/rss/articles/CBMinAFBVV95cUxPNy1vU0daYjBWaWZSZ2xhcjgxaVRWcmlQRU4xajZiOU1FRnhBckZtMU5XVkFEYkp4Umc4emxmQm5vWjBKTVY4a2hNOWlHbHBuTlQzNHp3X3RNNzA2LUNkbmxoeFBkYWViajBsaGwtYldGeG5BRVFwYWJIYlFzSW5uUDBFckFIUHhHNl9SWHBlREVNNlhKeXZHU2lZSDY?oc=5
Nubank,Fintech,2026-05-20 03:30:27.278739,,2026-05-20 03:30:27.278739,GENERAL,GENERAL_NEWS,GENERAL_NEWS,1,0.2,GENERAL_NEWS,0.51,Nu Holdings Ltd. Reports Fourth Quarter and Full Year 2025 Financial Results - Business Wire,,,Google News RSS,https://news.google.com/rss/articles/CBMizgFBVV95cUxQUDZsOGc0ZEl0dlZpM3NETjdCNjdTV0hYOGNDbG9icldMd3lEbVNIdXN0dGZGUS1VNWhfYjhEV2VCQlhORldTWVV1THRZSzMzUWx3d2xaazM1ZDVJVFZ0TkRlV1JzMWlLM2JmVjk4eEFvcUtPWHUxcW9VQ1BoRkw0WWFEVEQ5cWVSWUVDNU0xMkUtdzkyYi1mNDA2N3NGWWk5cGhkeUpad3drUjE5OENCM0JpMDhObm9Vd1RNS0Z5ZndiVXZramFxaC1aVVN1QQ?oc=5
Nubank,Fintech,2026-05-20 03:30:27.278739,,2026-05-20 03:30:27.278739,GENERAL,GENERAL_NEWS,GENERAL_NEWS,1,0.2,GENERAL_NEWS,0.59,"Nu Holdings: Scale, Efficiency, And Earnings Still Support A Buy (NYSE:NU) - Seeking Alpha",,,Google News RSS,https://news.google.com/rss/articles/CBMipAFBVV95cUxPN1lTMkY0RENQdDBNMDBxa3lfSXpVck5uUjcwQ3d0XzNXczlrQ0czalBuMDdYcTBJNzEyOGc5cVBiVVU4WTZUbG1IdGFSV1h4RHdFMzhvTFFoMWFNWVdRZUpOc2pYY2NvbjFoNDJmTHduQk5ibllZaFd3M3RqVnU4NGhjUV9kaGxwckVaRktfcDBvNU1xLS11THEwTWxGb3dacXlTYw?oc=5
Braskem,Chemicals,2026-05-20 03:30:27.278739,,2026-05-20 03:30:27.278739,GENERAL,GENERAL_NEWS,GENERAL_NEWS,1,0.2,GENERAL_NEWS,0.47,Braskem Publishes Remote Voting Breakdown Ahead of April 29 Shareholder Meeting - The Globe and Mail,,,Google News RSS,https://news.google.com/rss/articles/CBMi9gFBVV95cUxONENnWWNfakZzemVBNE1zNVZ5elhxYWlGbFpBdWdjN2EwbUtBRzd2TG1pcGtwYUdLVTRRWVVVcjg1MzM3ejhDR0x6ME5OM1JYYTdYR0tBNGY0Qk11MnZuZHdCUnF0TmpNeGdTemtFSlFNWG5iM1l5WjBkdWt2cHJLZ1EtLTY3UXBVbGJLczNvM2pvVDdnOGl6UkE4OHVnWlJFZHNPX0hsUG52MU1LeHhFMmt0ZEs0UE1OSzladVhZQ2UwMzE0OXloRk1HRWZPTzFqU1JCRGdqeHMtR0E3aXJ0MG11S0xLYm1vTmtGMXdoTjN5b2FTOVE?oc=5
Vale,Mining,2026-05-20 03:30:27.278739,,2026-05-20 03:30:27.278739,GENERAL,GENERAL_NEWS,GENERAL_NEWS,1,0.2,GENERAL_NEWS,0.63,Earnings Call Summary | Vale SA(VALE.US) Q1 2026 Earnings Conference - Moomoo,,,Google News RSS,https://news.google.com/rss/articles/CBMiqgFBVV95cUxPMmIxQVRUN0c0OGNOWDExaTBVdXJhRkxNLVg0QTNMSVNfSUFnXy1mR291d2pOZkV2SzNNTmtmVDQ0N0RGOTJMazNEa2NaZnpzdHdIR3VsRlFoQWt4UWtlTDM2SUI1NkNSMEx3RW0yR3VkQW5zb3JQNXNDTUR2akNUR2tKcVZuTWZPX29YUFlDeXdiN0l3RFYwMHk4M1MwNVRzYlR3bDZsdTl4UQ?oc=5
Eletrobras,Utilities,2026-05-20 03:30:27.278739,,2026-05-20 03:30:27.278739,GENERAL,GENERAL_NEWS,GENERAL_NEWS,1,0.2,GENERAL_NEWS,0.51,Ocean Winds links with Brazil's Eletrobras for offshore wind development - Recharge News,,,Google News RSS,https://news.google.com/rss/articles/CBMiuAFBVV95cUxNU3ljbFhpbjdiZTBlNmxtOHpRaGpTNF83ejcwVWtaSHhRWUVmUkdnODlWQWNzNDJ2U0ZxWkJvc19BU2VyRlpMajhic2Vtc3ZOeGlaVC1HRXNEbW9jS3psbEFJZHAzOVRvQ1UyQU9hMEtzZ2FiWGNDUzBLdWdhbVZDZXFMSDB4WWNQcVlfeDZSZHU5NFROQ0F5WmlfSDUtdGFrVFFLUlJ5ZHRpRERhUDZzVmxDbUwtWnFB?oc=5
TIM Brasil,Telecom,2026-05-20 03:30:27.278739,,2026-05-20 03:30:27.278739,GENERAL,GENERAL_NEWS,GENERAL_NEWS,1,0.2,GENERAL_NEWS,0.5,Nokia Partners with TIM Brasil to Cover 42% of the Country with 5G Using NVIDIA's AI - Idéal Investisseur,,,Google News RSS,https://news.google.com/rss/articles/CBMi1wFBVV95cUxPZk1EUU9aalRySlBmbEgzNU45bDFsWUFGZXhTNnFRejJzVGZWS0d5dWYyNFV4aTdRT29PYVRrdVhtRGZLR21DZ0gxMlVaclpSXy0yTGlTTERJaUtiN1otOEY0Y1JwblNrRk1hX2JiZ2haektpMmlFTGpRQ21lQl9fVzNJNFpyNU9MZ1dXb2hrNUxGRnMtT3ZuU1o5R3phLUxvZ0RMX2dRTTR2N2x5LTNBZC1aSHdEbVpmaDZBVW1tLUg1MXZMS3R0amRVSmFoSlA4aHJWcUF5dw?oc=5
Vivo,Telecom,2026-05-20 03:30:27.278739,,2026-05-20 03:30:27.278739,GENERAL,GENERAL_NEWS,GENERAL_NEWS,1,0.2,GENERAL_NEWS,0.56,"Telefonica Brasil ADR earnings missed by $0.12, revenue topped estimates - Investing.com South Africa",,,Google News RSS,https://news.google.com/rss/articles/CBMitwFBVV95cUxObE1BTVMybjllb1dVQTBYSkZ2eWh5VnFpelZfVnlRak5uako5d2kyZFFMLUx0YVZXZ1BDMnZybTRMYkhZQTRib1BVY3M0VDE1VUhqZVpDNDNUV25oeldlcTc1cGUySzQyOEd1dzhxelRGTzE4R1ZSdzhDNWVJWXdwSFA0WGNHUEpGaVpRUEU2OFRmdFlTR2VXc1AyM3pSbjF2SWhfQk9hdlZPcXBJR1JmcWNweTloYzQ?oc=5
Vivo,Telecom,2026-05-20 03:30:27.278739,,2026-05-20 03:30:27.278739,GENERAL,GENERAL_NEWS,GENERAL_NEWS,1,0.2,GENERAL_NEWS,0.51,"VIV (Telefonica Brasil S.A. American Depositary Shares) reports 6.7% Q4 2025 YoY revenue growth, shares edge 1.14% lower on slight EPS miss. - Social Buy Zones - Cổng thông tin điện tử tỉnh Lào Cai",,,Google News RSS,https://news.google.com/rss/articles/CBMigwJBVV95cUxQNUVMbE5NbTdLYlhQSFFlVlQzeEY1U3hBYklEVmJDQXk0eUdjNmJPd1pqeGZEU0k3UEs4Z1ZZaDBicDl1SU1OZFlEWXQ3Y25ZT3FnNkp3MmdraDJjODJCTGFqd0NrLW1uQWlPMFJSMlJwLTlOd1lNYTVQTG13TEVBV2ZVNGFSNjNSdDU1Rnc2MGFOSFhuUUJuajFOM2F2cEVYYVdtdl9WQUtFNnVOTmtlZktUajdyZEdpcXZGVUhSVl8tS1Z0S0VOLVVhOUtRcmU4RU1TdnBSUDlJV3hFSWdwSHdpOVcwZFZ3QzM2NzZlanJwdXRaMjNhTi1fYk5jTXB1d1ZN?oc=5
Braskem,Chemicals,2026-05-20 03:30:27.278739,,2026-05-20 03:30:27.278739,GENERAL,GENERAL_NEWS,GENERAL_NEWS,1,0.1,WEAK_SIGNAL,0.44,Braskem: 3 Key Reasons To Remain Bearish (NYSE:BAK) - Seeking Alpha,,,Google News RSS,https://news.google.com/rss/articles/CBMihwFBVV95cUxNclJHUEZuZG1wbzEzN1d5S01ucUNDbXZlSHVlSlBac05aTDNSZzlpclA1aEM0ekFNZ0NpTzZBbXVLbkJPX3pJcklvTVVrVnBkNTFGSDNuaDhHS1FPeklpaGRlbFVoNFFhTTdlRzQySHNOSDhyV3I0UDVrYmhoUlVQY29FUjJSSFU?oc=5
Eletrobras,Utilities,2026-05-19 03:31:48.840403,,2026-05-19 03:31:48.840403,GENERAL,GENERAL_NEWS,GENERAL_NEWS,1,0.2,GENERAL_NEWS,0.51,Eletrobras (EBR) Places Colíder Hydroelectric Plant Under Alert Status - Yahoo Finance,,,Google News RSS,https://news.google.com/rss/articles/CBMigAFBVV95cUxQMGhkMHVRSGtyWkR0ZzFNblFDU0d5WG1jZjlncVI2WkozNkJEV1A1Sjk5eUxjRFk3Qk1NaEt4UUIzYi1LWnR5NDRreFlBSzFBLTB3NWZEcGlQWDYzNlJzd196RUlIWmVPQ1U4ejZCcW5sYjBnVmVJOTBxVmZnUFNtLQ?oc=5
Vale,Mining,2026-05-19 03:31:48.840403,,2026-05-19 03:31:48.840403,GENERAL,GENERAL_NEWS,GENERAL_NEWS,1,0.2,GENERAL_NEWS,0.54,"Barclays Downgrades Vale SA(VALE.US) to Hold Rating, Raises Target Price to $17 - Moomoo",,,Google News RSS,https://news.google.com/rss/articles/CBMiqAFBVV95cUxPZV9GTDNYcThGSFZxWVcydDl0WW1FYXNjbDVUYXNTUkFUY2VCaVVBVm1oUklZbElwMDNqQ0lHMEo1M1d5ZWppcF9ucnlERUtIMWFseGNwVjB5OUFVNXNxUXpPYnNCS1EtVDNQbkdBU0NEUl82MHF4N0Q5TFpTRVhqQWpzQzNTUmtDS3ZQRkRvUW9BQUtrZzRLYUEtMFpVOXU2SVpuTnpWb04?oc=5
PagBank,Payments,2026-05-19 03:31:48.840403,,2026-05-19 03:31:48.840403,GENERAL,GENERAL_NEWS,GENERAL_NEWS,1,0.2,GENERAL_NEWS,0.61,PagSeguro (PAGS) Director Makes Significant Stock Purchase - GuruFocus,,,Google News RSS,https://news.google.com/rss/articles/CBMimwFBVV95cUxOODA3TzdvRmhiejh0VXEzS3ZENjRyNGs5Tm1UU0VXVi1Bdm9uVjZISWp5SDJsem5YMzF5Qkd6S3RrT1BuMGhIeUJZcGhGTzIxWFA3dWpkWlZ0ZTNRLXkzYUp2Y0k4X3FITUQ3djktVVhHMEs1WTBHcGFjN3JkV1hVT05KVEw2YWF4eEtzcWNyaTJZVE5nTllfTmRYYw?oc=5
TIM Brasil,Telecom,2026-05-19 03:31:48.840403,,2026-05-19 03:31:48.840403,GENERAL,GENERAL_NEWS,GENERAL_NEWS,1,0.2,GENERAL_NEWS,0.49,TIM Brasil Moves to Buy Back 51% Stake in I Systems Fibre Unit for $170M - techi.com,,,Google News RSS,https://news.google.com/rss/articles/CBMihAFBVV95cUxPSm5ZeGZVSTFsVFRwVV9sSURXbl9UMmEtaWRFMGx6NXRHRXdYRFN5V2s2MHJENHc4LWxtVlhtYkZrLTZ1TkNZUklnOW94ZDdkU1ROM3JyMEc2NmU5dnFGTVc5cVZqWVNaZHRqT0R0dlZGTG9RMWo2VmItTHdVcUNRa1A1SEM?oc=5
Vivo,Telecom,2026-05-18 03:32:05.933835,,2026-05-18 03:32:05.933835,GENERAL,GENERAL_NEWS,GENERAL_NEWS,1,0.2,GENERAL_NEWS,0.53,Press Release: 1Q26 Results: Telefônica Brasil S.A. - Moomoo,,,Google News RSS,https://news.google.com/rss/articles/CBMilAFBVV95cUxPT3YzR05rM1dDdWdpdDVjM2FyWUlvS083TV9aYTd5dHRITXNUeGJ0eWMwSDdFVHJrRHdVTzd4UFB0NGhRZzB4TDVaU0NPTDNVcEgzX0pKS1F3b2FEMHhpWTdsZk5WbHhzOUxJYzF3SVRUdFRMaHJHVmtOUV9oay0td05BU29nSmllcW50cDNlMmx2Qk55?oc=5
Vivo,Telecom,2026-05-18 03:32:05.933835,,2026-05-18 03:32:05.933835,GENERAL,GENERAL_NEWS,GENERAL_NEWS,1,0.2,GENERAL_NEWS,0.53,"VIV (Telefonica Brasil S.A. American Depositary Shares) reports 6.7% Q4 2025 YoY revenue growth, shares edge 1.14% lower on slight EPS miss. - Social Buy Zones - UBND thành phố Hải Phòng",,,Google News RSS,https://news.google.com/rss/articles/CBMigAJBVV95cUxOblh0M1oyOUd2YTkyRWlDLXF5WGd4OTVmenM4WElxWFZueGk2NER6SDJXNzdsT3NUS3dGNjBNRVo5eVhXOFNneUVMQ0NFY3FKSkNaYkFhVEpybXJHSHl3YUYzOUQ2V1ZIM2lZWUo3X3NOYXZWWEdWNkZ6XzFUbGZPdkV3YTQ0a3pIdVVJc212ckZsaEVUQklYZXlSQmdYNVhWeUlNS1lrbU1pcEZEeFJjQXVuSVhmTS1GQWdMUHZIemY4eXFraFFSM1JWWVo5WTUzb1h5U0pOZnZaYW81MUdLUGV2SUU4WDdWcjZLRlFSMFBmdU02VVpuYzVNOTNwclB0?oc=5
Vivo,Telecom,2026-05-18 03:32:05.933835,,2026-05-18 03:32:05.933835,GENERAL,GENERAL_NEWS,GENERAL_NEWS,1,0.2,GENERAL_NEWS,0.43,"Telefônica Brasil capital reduction becomes effective, payment set for July By Investing.com - Investing.com South Africa",,,Google News RSS,https://news.google.com/rss/articles/CBMiyAFBVV95cUxOVzdKSGl3U013T1QtaWpXYlQ5SzlhdmViZUpHdkp0SzlIRXVObFlCRWhQUkdtOUJ4TnBjMkozU2NQa2ZXdWZpbWROUFVPNE1NZ181SXVOdWd5Z3FMZzBFUGVwdzhCOVl5cktfaDlHUXRaMjhqOXlzMkhLcWZzbnAxMUMtaFNuZ09NWF9SaWh3aUZLb1diaGNwUmp5T0c0RzBNNUd5MHV0TEJWemg0dlNEZXBVNzVlemFJTHlKdkRVMWRaMmdsR0l1Sg?oc=5
Braskem,Chemicals,2026-05-18 03:32:05.933835,,2026-05-18 03:32:05.933835,CREDIT_LIQUIDITY,RISK_SIGNAL,RISK_SIGNAL,4,0.7,WEAK_SIGNAL,0.58,Braskem Idesa retains advisors to review capital structure and liquidity - Investing.com,Braskem Idesa has retained advisors to review its capital structure and liquidity.,"This news could represent a corporate risk because it suggests that the parent company of Braskem Idesa, Braskem, is taking steps to reassess its financial structure. The fact that they are retaining advisors specifically for this purpose indicates that there may be concerns about the company's capital structure or liquidity.

As a result, there could be potential risks associated with:

1. Financial instability: If the review of the capital structure reveals significant issues, it could lead to decreased investor confidence, reduced access to capital markets, and increased borrowing costs.
2. Reduced credit ratings: If Braskem's financial situation is deemed unsound, its credit ratings may be downgraded, leading to higher interest rates and increased borrowing costs.
3. Debt distress: If the company's debt levels are found to be unsustainable, it could lead to debt distress, which can have serious consequences for the company's operations, profitability, and ultimately, its ability to repay debts.

Overall, this news suggests that Braskem is taking proactive steps to address potential financial issues, but the outcome of these efforts is uncertain, and investors or stakeholders should be cautious about the potential risks associated with the company's capital structure and liquidity.",Google News RSS,https://news.google.com/rss/articles/CBMixwFBVV95cUxPWFpXejM4aVlsSEYwWVZiRjFpTHgyTEl5NXJRWEl5dG45ZW1ySnc2dzhiMm1Ld0pPV2MtTEVvVEdWcVM3UnR0eEJsODV0RDV2cy1XbEMtWktmOFg4N21senFmZ3BoRnVvdG8xZlhVVUl2OEhvVUQwUnpXbUM3SmhHUHNBMmJwMFFqcjFhUGVsUzRsNmVBWXM1LUtHTlRZc0k4T2JFMWtfd3o5NkJ1UFg0UmtFUFIzSklSQldXLW5HVUJHcWFSMzdR?oc=5
Braskem,Chemicals,2026-05-18 03:32:05.933835,,2026-05-18 03:32:05.933835,CREDIT_LIQUIDITY,WEAK_SIGNAL,WEAK_SIGNAL,2,0.6,WEAK_SIGNAL,0.61,Braskem Faces Liquidity Pressure as Bank Downgrades Weigh - StocksToTrade,,,Google News RSS,https://news.google.com/rss/articles/CBMickFVX3lxTE5jaTMwWE13RDUzQXpqNGVsRXNtVkJiVk1UbnRiQlNnX0Y4ZmZGNXp1bFRVUnM2aURRSnF0a0VIUEVoYWZBM1R4VG11cFJRU004Vi1KMnlWTk1TSktHUDRod3JtRVB2MFpOdUxpbjROZVBfdw?oc=5
Braskem,Chemicals,2026-05-18 03:32:05.933835,,2026-05-18 03:32:05.933835,GENERAL,GENERAL_NEWS,GENERAL_NEWS,1,0.2,GENERAL_NEWS,0.48,Braskem Q1 Earnings Call Highlights - MarketBeat,,,Google News RSS,https://news.google.com/rss/articles/CBMizgFBVV95cUxQdEFlX3R1NEVsTjNvdXZDalhvaFZKUWZDWEZQOUZHbHdfTVFJNDBJc29uQjRmUjduTTdPSDRSanNRYUdJVDBwbE1Oek40TWxMUmZDcHZ4YWJRTVluSExsQXg2M1doQ292UEhPZHpWU0pfWTBkRENhVEx1NkMzZzkxb3dNVEl0QmlySjNINUJIYjd0dUZ3SHg3VVFQVzJRNlRXdzFPX3ltWVJ2Yi1ocEZyb3JwWW5fR0hvT3JxWWpWamw5UXRFZWZGcjFYdldZZw?oc=5
Stone,Payments,2026-05-18 03:32:05.933835,,2026-05-18 03:32:05.933835,GENERAL,GENERAL_NEWS,GENERAL_NEWS,1,0.2,GENERAL_NEWS,0.55,"StoneCo (NASDAQ: STNE) CRO gains 34,089 dividend stock units - Stock Titan",,,Google News RSS,https://news.google.com/rss/articles/CBMiqgFBVV95cUxNUHQ0a1ZKNXdXV1F1U1plSWtxNVE4MWdzRm1IN0NYMTFwSlBuQ0FxdXZlei1RMzVON3pydWVNN0d4WHZodHVISkFvcHJlSk5mTEY5TE9tNEg0SEVlUTJESmVUQWJxZ3VGTy1oNll6X3NPNlJ3V2dRZDhmaVR6TjhDU3oyemItTVUwejNXaERTZXktenprcFRTVkJnb1o2MlNSRHhza3I3ZkJjQQ?oc=5
Nubank,Fintech,2026-05-18 03:32:05.933835,,2026-05-18 03:32:05.933835,GENERAL,GENERAL_NEWS,GENERAL_NEWS,1,0.2,GENERAL_NEWS,0.5,MercadoLibre Expands Lending: Will Rising Risk Weigh on Profits? - The Globe and Mail,,,Google News RSS,https://news.google.com/rss/articles/CBMi3wFBVV95cUxONlVLMFlQa05udFlZT1JBdk1fbU9wNk1NYXp6Y1lfV2hVSTFFdktjcnYyMVo5OEl5ZkdUUjBhZ1c3Y01QNkNqNk1ycGUzRmVmdUJ6NUxjT2dVUW1xUDNkajNxSG5xenBVeEFBRG1lNmlPVGNNaTNWa0dJU0VxWUVUd2M4amN0aFh5RktJS1VOSjIyLW93dDFzXzI5VjJoOGxtdERWdnljSXRSNlpjOUdweDhLTFpqYmNpdWNwUi14Q1NHeWtOUnNWSnVFSnQ2U1BYRUpLSzdKR3Y3WVkwRS1z?oc=5
Americanas SA,Retail,2026-05-18 03:32:05.933835,,2026-05-18 03:32:05.933835,GENERAL,GENERAL_NEWS,GENERAL_NEWS,1,0.1,RISK_SIGNAL,0.36,"Risco de contaminação do hantavírus segue 'muito baixo', dizem autoridades americanas - CBN",,,Google News RSS,https://news.google.com/rss/articles/CBMi0AFBVV95cUxON0tseko5U19jcGpLLVZELWd2QVBVd0IyVUMxalJNQU5GV2ppUktIMlVJTnpzanA5cFlrSU5SaEhZUkd4VGlkdWhrOU5rNUNOSkJTNlFuNXNfODk2bkRWQXBKOXF0YmpUTWlQdF9WUlotYVpkb3VPdnA1ZkZNY1lUUV9XY2M1R2hlYnNBa3VZdy04NTI0Q0hBNGdxaEpXcUJwV2gxV0hVOFMtZFJHX2NVa3ZVc29PQjdiZmpYcXZTdUltOTNQVEFGdGJ5YkhIS2VX0gHfAUFVX3lxTFBQWVdOdnczUF9jOV8wWEprMEpuYlRyZ1E3RDRjaTNMR3RqS0ZpNWJ0MmtiZXhTMGVRdW5sYmZ5RlFLN3ptSVlnUUxlZ0JPeUF5TGtrTjY1b2dBM1gxN241VkNHRVVaQTE1UmFYQmJPMG5WNkt4UVpLQlIxNkVRQ1czQkZMZ2ppRmVxTzVZV3lwLWVOVVFUM2VfUVNiQVB4dWNTREdSWE5GV3RycjZUM0Y5cVl6XzBzVEhMWjEyVG1jd3lIbWNEVU9TZk9LVEpObDktamtQbzBUWnRfeVNXSWM?oc=5
Banco Master,Banking,2026-05-17 03:31:05.081003,,2026-05-17 03:31:05.081003,GENERAL,GENERAL_NEWS,GENERAL_NEWS,1,0.1,RISK_SIGNAL,0.38,UOL. . Moraes não fez qualquer pedido ou cobrança sobre Banco Master a Galípolo | Daniela Lima #UOLNews - facebook.com,,,Google News RSS,https://news.google.com/rss/articles/CBMi4wFBVV95cUxNQUppOVN3b2RZNkFuQm96aE5rekhIcUtZYlREOW5ERnlLcW5pZTZHVDBTRGFIdUlHVWhPZVFybThiYjdRcUVHek12UkFmd1lObWx6MWo1S2lXeS0tbWNSTWVqYVpNQ0xQaHR4VElUelhka3JxUmZWVGtGNHh6THJiZ0ZXWFlFZkZOaFZhcE5PbXNwbHJOMUcybVNOSmtpRmtpamRoQU9SME5MUUlGMERod3Q3Xy1zUGxoOGxEV1VkM0gxSl9ma0VSOGpNS0lGOUVlcXJRQ0hZWmJ1TnExS1BiWnpkSQ?oc=5
Nubank,Fintech,2026-05-17 03:31:05.081003,,2026-05-17 03:31:05.081003,GENERAL,GENERAL_NEWS,GENERAL_NEWS,1,0.2,GENERAL_NEWS,0.41,Nubank Expands Credit via AI Underwriting - Let's Data Science,,,Google News RSS,https://news.google.com/rss/articles/CBMiiwFBVV95cUxQeThBR2RSbEFSa0tEZkV0MW9lM0x0VVdTS1NxdDNLblFicm1ZNFQzdHVnZFFiWmZKRGtUcUpCN05RdlJwb1ZvU1VjZml6LUVlWElaTUV4OGdpcHE3WjdLOGZQWndfNlExS1kwSXZRYk1zUmxHdnl4M1BBaS14NW5JTzFLZXpGUDR3TVFR?oc=5
PagBank,Payments,2026-05-17 03:31:05.081003,,2026-05-17 03:31:05.081003,GENERAL,GENERAL_NEWS,GENERAL_NEWS,1,0.2,GENERAL_NEWS,0.61,PagSeguro Digital 1Q Rev BRL3.3B >PAGS - Moomoo,,,Google News RSS,https://news.google.com/rss/articles/CBMitAFBVV95cUxNY3pSWjhkTUw1cWVLblZoVnQwUXNYcWRvZHRsNlliWFM1V2t3UklaOEY1MmNxbm5VR2xjbXA5dFRWV09zeC1leTFXSEhhZE5OZmE1QWJsSjM1WlFob2VQd1pUNXM4eU80eUtzMXRwREFUZDEtT3MwVVBXOHJNWVhvTER3eXYxdDI0MlZXZXQ1UndlWU5VR2hyR2dpcUt5dXc5R09VdXlFTHZURF9qTEpXTkFROXc?oc=5
Vivo,Telecom,2026-05-16 03:31:14.815451,,2026-05-16 03:31:14.815451,GENERAL,GENERAL_NEWS,GENERAL_NEWS,1,0.2,GENERAL_NEWS,0.64,Telefonica Brasil 1Q Adj EPS BRL0.39 >VIV - Moomoo,,,Google News RSS,https://news.google.com/rss/articles/CBMiigFBVV95cUxPR0k0UjJFT1haYng1X3lvYnlCMEgyVUE1S2xqeGxNczlDM0h5OWs0N1h0NWxSTGhhMDhsVks0Ti1vNWRyeDY4RFZQVENYNUVIZ3JjdWdHZGFDdGs4eWplZjNlRzQ2TXJZcjM5Uzh2QjQwMU5zN0FYZmpKTTU3cEM4MjZ6N3JVOVJleGc?oc=5
Vale,Mining,2026-05-16 03:31:14.815451,,2026-05-16 03:31:14.815451,GENERAL,GENERAL_NEWS,GENERAL_NEWS,1,0.2,GENERAL_NEWS,0.66,Vale SA | 6-K: Report of foreign private issuer [Rules 13a-16 and 15d-16] - Moomoo,,,Google News RSS,https://news.google.com/rss/articles/CBMimwFBVV95cUxPZllHOHRGU2dvangyNXVUV0ZvRGxjNUt3bkREa3U5OFd1aF9PY1IybTZJdTB2dy1VaVV4dHc0TlpCZFRUNTEtOUY0NUxMdld1ODVRQ2FsRTVtS1BrR0xOcUtTaW5SSDVTaEpRMnl4eHVQdVVkT0pTcGwwTk5EQ0pJdV9XTmU1R3J2dmNyVU1aZEpLRnl5SUhZWE11dw?oc=5
Stone,Payments,2026-05-16 03:31:14.815451,,2026-05-16 03:31:14.815451,GENERAL,GENERAL_NEWS,GENERAL_NEWS,1,0.2,GENERAL_NEWS,0.55,StoneCo’s ESOP Shelf Offering And New Directors Might Change The Case For Investing In STNE - simplywall.st,,,Google News RSS,https://news.google.com/rss/articles/CBMi1gFBVV95cUxOUGMteU90VWFTY2I0Q0hwZ2FDQjdfbnhJVlcwTkczNlBtNXRsN0hzNDI3azJ5TGd2UkcwbjJQN1RqbWZuZ0ExamxSaGIybnJvb3ozQzdzQjFXRC0ycUM2czZjd3Noc0I1ZkNuUkgxQnR2SnJhdWx4cTdjc1pkS0Z2WThENzN2X2JIcjFfRTNvclhwUFRsVkN4b3RkX1RwNElJODhiLTUzTnAyS29kWl8yZzNRS0FkM3FIMjNlaUEyN0JkWWFIbXk0Q2tWWXpEZ1VxcHZLTmVB0gHbAUFVX3lxTFBKX2VtdkF5RmJZcjlGTEpDOUhzZDB1ZEFxRm9PRW91YlBwdmpQVG1SeU9HeUFMckY0Q2ltdHpkbmM4aVFFRy1USm90b0lYZXlUTTdTSXBRVWw3bmxBV1hya0lVX0lSUlpOak9XZUZyb0IxUjJpTERDd1o2Zlc5blRGWHhMTVZ4NHplWkI0dF8zM3BBeHVtd0IyT0JGbGtYQ1BzUkJBUTB5bWlrV1QzRm1jWE9tVHJlWEVDWmVINnlEZF92TFg0bmdNRkR1MVBQb09MN1gxR2pMOXFkYw?oc=5
PagBank,Payments,2026-05-16 03:31:14.815451,,2026-05-16 03:31:14.815451,GENERAL,GENERAL_NEWS,GENERAL_NEWS,1,0.2,GENERAL_NEWS,0.61,Does Softer EPS Estimates Amid Expected Growth Change The Bull Case For PagSeguro Digital (PAGS)? - simplywall.st,,,Google News RSS,https://news.google.com/rss/articles/CBMi4gFBVV95cUxNRDNNZUxicnFEcTFUTTRCay00TFBIc2pTNV9XVGtaQ0VzWnlnZEpvZ2RZWExVTzR5NHJlZVpHdHVkMUpXZE0wZnJGVGhPMmtXb29POE91OHllVWdDeExoXzRHS25EWDhRT21fRVZhM19zUmZpQkZNSV9DeXJZOVJJdXNIQWUzTzU4NnNaNzlrTVplMDBVQVc3WGxTNVNVOHI3TGZwVTFITzRaMTM3MU9GSUhiZ3JRd2duSzZQTmtydS1lSzhRSHJRSXctSTlsRXAtcEZSZVdkeXFBYVdKMUlpcHVB0gHnAUFVX3lxTE02Y01XeGotM0RnZmVkMzZJMktaX201bWlsckJiWlR3QWFQQTVRdFk2T0FWMHUwYnlHNjBZUlowY21reEp2M2RPMFVkckd5Y2trTHRaOVpTUFVSQThmMDVpUjRlSXBNaGZZZHRKLXFRcl9TYnZrbWhnMmQ2VVgyZmx2Z2Q2RFZmZE9DclJ1Vk5JVENER0J2VUViaUVTRU4yRE50dHdaeHpob19DVENTaHhaY0Q1VmdCcjBYYkkwLVhOMGRQdGpwazRaMG00dk82Y2dnaWhLd2Q0dGd3TXVrZFpWWWprdmFPRQ?oc=5
Nubank,Fintech,2026-05-16 03:31:14.815451,,2026-05-16 03:31:14.815451,GENERAL,GENERAL_NEWS,GENERAL_NEWS,1,0.2,GENERAL_NEWS,0.52,"Nu Holdings (NU) Chief Risk Officer exercises 2.36M options, holds 4.68M shares - Stock Titan",,,Google News RSS,https://news.google.com/rss/articles/CBMiqwFBVV95cUxNMnJiZVk0bnhQUFBTMzRnVVVYdTV5RFFteFJhT2duWl80UGhJSXM5YkxIMW9QU0wyUUFHdGl3ZEVPNkVzS3o1N0lCbV9EZlR2VVA5dzZlVDZMZUE5dzBNTlhiaUUwc1gzUE9IZTExcktva2xYbkhnaUp1Y3BlcklFR2Z0ekduc3R0WkhsYlRqY251SldwT2dwejZJQ0pUNkZSUFNiYm5lUTVBakE?oc=5
Vale,Mining,2026-05-15 03:33:00.757319,,2026-05-15 03:33:00.757319,GENERAL,GENERAL_NEWS,GENERAL_NEWS,1,0.2,GENERAL_NEWS,0.52,Climate Change and Increased Risk from Vale’s Mines - earthworks.org,,,Google News RSS,https://news.google.com/rss/articles/CBMihgFBVV95cUxObUlKLXcxbHpncFZ5TkFiZ3NCNHNGSmlzZC0xWnRrQXMyZjJ0QTJSNlo4b2l3U3pqOEs4VkNDaHctalRYNGNqazF3QldBNENzR1JxYW5Cb0xoSU5ndjZyVEdEZ1gtSmtXcXdDMlJ2d3pWTUJzRml4STZnSU1SY3h0ZUpoZC1GQQ?oc=5
Nubank,Fintech,2026-05-15 03:33:00.757319,,2026-05-15 03:33:00.757319,GENERAL,GENERAL_NEWS,GENERAL_NEWS,1,0.2,GENERAL_NEWS,0.5,Nu Holdings’ SWOT analysis: digital bank’s stock poised for growth amid challenges - Investing.com,,,Google News RSS,https://news.google.com/rss/articles/CBMi0wFBVV95cUxOeVFQREtLeUFXUmNaWldOWHoxb0tOZHBtclJIcWFLVDlmeDA1RnBnNlBxdUNCaHVZRWFYOXEzQjJJUlBibk05WkUzRzBuRDc1THdUN3NkZjMtQ1ZTRWNrUzh3NmhfS1FGWFlSb0VXLXNualRXQ3lkWi1NekxPUzloTkV1NjlBQWNVb3o2aEo5bHZQX1ZxV0cyWnBNYlRXTGFacjF1MFdPby1qS0RXYzJ0clVHanJNQlplWDFzT01hczVabDhJTnpxVHRlRzdlejZMNXgw?oc=5
Nubank,Fintech,2026-05-15 03:33:00.757319,,2026-05-15 03:33:00.757319,GENERAL,GENERAL_NEWS,GENERAL_NEWS,1,0.2,GENERAL_NEWS,0.54,Why Nu Holdings Remains A Buy Amid Brazil's Economic Uncertainty (NYSE:NU) - Seeking Alpha,,,Google News RSS,https://news.google.com/rss/articles/CBMipwFBVV95cUxQZDZKcTlSMDdqMThoejd0emNRRWg4ektmWUdSdEpuQk4tNUZCQWZJcEx3SWptTGU5QzdKSVFjcVFXZTlMc1Z1NWVZM0p1MXRDSWp4aFk4RHRNb09YeEFKTk5FNWhaRDlmZno5Q090R1F4bzQ4QmZuLTRtZ285R18zR1FIQkRUSHJwTElFSlh3b0xtcXA2UGhRYVhPUDBiYUxNZVh4d0RsOA?oc=5
Nubank,Fintech,2026-05-15 03:33:00.757319,,2026-05-15 03:33:00.757319,GENERAL,GENERAL_NEWS,GENERAL_NEWS,1,0.2,GENERAL_NEWS,0.43,Nu’s Nubank Is Growing Fast – But US Expansion Is The Test - Finimize,,,Google News RSS,https://news.google.com/rss/articles/CBMiWkFVX3lxTE9CdlhxRTBTTVJhVXhpSUZqTzE0bnVFdzRSMWJzdUt1MGtCTUJEbkxRUmxvWERPRzF1UUJ3Q0tubU1EM1JKQ0dmdDhxZmc2LWFQS3EyOXgwQWZtZw?oc=5
PagBank,Payments,2026-05-15 03:33:00.757319,,2026-05-15 03:33:00.757319,GENERAL,GENERAL_NEWS,GENERAL_NEWS,1,0.2,GENERAL_NEWS,0.54,"Press Release: PagBank Reports Recurring Net Income of R$ 575 Million in 1Q26, Driven by Revenue Growth and Efficiency Gains - Moomoo",,,Google News RSS,https://news.google.com/rss/articles/CBMi0gFBVV95cUxOX1RQX0V3SXhxUEp2UzhBX05oUzMxSjh2d1J4S2V6cWt5cXUyMU1sYktia3FQTEdzMlBQdksyaVpwSTBJTGJRS1I5TGVNUmVzR0EyeGtHNkkyRGNQVEdfcnBFem5vdDVXTGE3bXBhVEFwQjdRcjh1Q0dpTUFUSi1PR1puSUwxVmFRVG5RVnZaN1RPUTdMMDVMTUI1bHNTYnVXNjJwVlE2Y3JUWGRuZHBMRS1KMlJuRHVSbWk0UTRJVmUzOFAzX25FNDJzNjhXYXJPaFE?oc=5
Stone,Payments,2026-05-15 03:33:00.757319,,2026-05-15 03:33:00.757319,GENERAL,GENERAL_NEWS,GENERAL_NEWS,1,0.2,GENERAL_NEWS,0.52,STNE vs. UPST: Which Fintech Stock Should You Pick Now? - TradingView,,,Google News RSS,https://news.google.com/rss/articles/CBMirAFBVV95cUxQUWxRNTlrNlNaNmtoNnR4YmJOYVJEWnF3cUJmc0c3WG5EeWRHamVoVFhUVXpaWnUxNmFXaHVKMTBURDhfUE9IemcwazdLUldfei1waVI1M1Z6LVZ4QlRoSzladFA5QTlPSjRuWmEwdEdRTDhkaGpUSERUQ0dIQ3ZaMTcydTVfaUxCYWdqOHhfZE1vY0dmbk9JM3ZyeVRBQ2V2cWd4S2h3UHgtb1lz?oc=5
Braskem,Chemicals,2026-05-15 03:33:00.757319,,2026-05-15 03:33:00.757319,CREDIT_LIQUIDITY,WEAK_SIGNAL,WEAK_SIGNAL,2,0.6,WEAK_SIGNAL,0.52,Braskem Coupon Payment Alleviates Immediate Default Risk - Smartkarma,,,Google News RSS,https://news.google.com/rss/articles/CBMilwFBVV95cUxQbEJNM2RZNEhWc3NwdWpIRFVMeTBnSXg2VXZQSDZoX3djcDZHNzRrZmNXaDV3SW9Db0JYc0xsc1dfRk5qajBmOWJHSW04NS1FME1kTUNfbFZyZ0NVWW5kVWhiYm1XdWEzN0RmbWVCLWFKTTVjNi10V3VlMlVnbWF4SjU4UmcyOGk2aTBMQVhobVVHdTdFcmpj?oc=5
Braskem,Chemicals,2026-05-15 03:33:00.757319,,2026-05-15 03:33:00.757319,GENERAL,GENERAL_NEWS,GENERAL_NEWS,1,0.2,GENERAL_NEWS,0.45,Earnings call transcript: Braskem Q1 2026 beats EPS forecasts significantly By Investing.com - Investing.com Canada,,,Google News RSS,https://news.google.com/rss/articles/CBMi0AFBVV95cUxPYXM2c002THVaQ1BJNjdlZS0wR2ZDYUF6RkdhU2hETUxrQ3RqeThFdXd2V1FQdzVWMXUyOC1rVmVHX3IzX0ZpaFpSVWkzT3JTdEw2N1VHZXQ2V0xoYkV0VkprMHZJczJBUlExR2E5cjFsRG4tcjNSdTdZZVItZUxYYl85ckJMbEliMHA2YTl0ektZYWRISzhNXzZNODhqM0tWX2hRdnd1RDhfTnkzQXhsVEJ4LXlDR1pLRExsUnhzUHQwRE1vWWQ2T0FvMFc2UnNR?oc=5
Braskem,Chemicals,2026-05-15 03:33:00.757319,,2026-05-15 03:33:00.757319,GENERAL,GENERAL_NEWS,GENERAL_NEWS,1,0.2,GENERAL_NEWS,0.47,Braskem: Novonor To The Rescue (Rating Upgrade) - Seeking Alpha,,,Google News RSS,https://news.google.com/rss/articles/CBMikAFBVV95cUxOdG11d2EwV21RZ0RqSkJrazRsNXVQTTFCMXlVQXpBTDdtX0ljRVdRRl9tSmpBdzRhbUw4cGs3TFE0V2FOVEMyRVQ1UFg3ZGROMGkyZmJjaWlTX092cDdJdnJyXzFHSlVENEJkcnNvLUpTaU9abzRwVm1EYnc3LUtnLTlfaWswMTg5WjNUQjBDYWY?oc=5
Eletrobras,Utilities,2026-05-15 03:33:00.757319,,2026-05-15 03:33:00.757319,GENERAL,GENERAL_NEWS,GENERAL_NEWS,1,0.2,GENERAL_NEWS,0.44,Eletrobras Selects C3 AI to Scale Enterprise AI Across Operations - C3 AI,,,Google News RSS,https://news.google.com/rss/articles/CBMikwFBVV95cUxON1JCbTJrYlQ0WlVtUGRZd01sMjNjOUhkLUk5SHFfOXpqY0NoenZsMU5LaWdoN3pJNzhvbjNVMHRnXzZLLS1DQVlqcWV4X1F4X19VQW0wY2tZMmlobFlGZ2hmeFJPNGtMQ3V3cGxkOWdwc1NDY21QSXFNNGk0WW1xZ2xRaDNia3pjZlBoUjA3V1NKd2M?oc=5
Vivo,Telecom,2026-05-15 03:33:00.757319,,2026-05-15 03:33:00.757319,GENERAL,GENERAL_NEWS,GENERAL_NEWS,1,0.2,GENERAL_NEWS,0.6,Is Telefonica Brasil SA (VIV) Overvalued After 4.3% Rally? GF Va - GuruFocus,,,Google News RSS,https://news.google.com/rss/articles/CBMiyAFBVV95cUxObWJyOGZwUmg4MGhRM2trUXRvM0dSVDZaTTJhMTZPWDhDS1piSGZXaExfeFdabDFTLWk4UjJjZmFUaTJXWWpQRjdUUzUzcHNyRUQ0aENkU3hfVi11YmVWdmIxTTV6c1VzQTFVU0dUNTV0a2hGcFhhV29UX3VvUFY4WGlEbDdXOGVZblUwZG9iUTE3bFRYVEdwZ0paeVNEblRRYlV4WmNELXBJbW5HMUVacFJkbUlNaVk0M1NBRGp5czVhQUdORFV6eg?oc=5
Vivo,Telecom,2026-05-15 03:33:00.757319,,2026-05-15 03:33:00.757319,GENERAL,GENERAL_NEWS,GENERAL_NEWS,1,0.2,GENERAL_NEWS,0.53,Press Release: 1Q26 Results: Telefônica Brasil S.A. - Moomoo,,,Google News RSS,https://news.google.com/rss/articles/CBMiwwFBVV95cUxQajhUa2tKVGV0cHR4NDJrTWVkMUMwRkxkZUN4VnhnR3JEb2wtcGc4WlM5b0FPaUFvTlROZUxNVC0xY3dPMFZYMHJwckYyemdWWVNCM2oyUHhJRFVUUEVDU3c4UllkYVdjRVplbVIxNlNQNWFXS013SFFzZGx4S2thRmVKRUUtbHpMQmppN2tScHJ6LWRxQzB5SnkwVi1QMWVlX3pySDB1REZJVXZHLXFqbXp6M0ZPOTczcWVhQTcycW4yalU?oc=5
Stone,Payments,2026-05-14 03:31:55.033318,,2026-05-14 03:31:55.033318,GENERAL,GENERAL_NEWS,GENERAL_NEWS,1,0.1,WEAK_SIGNAL,0.41,Is StoneCo (STNE) Now An Opportunity After Recent Share Price Slide? - simplywall.st,,,Google News RSS,https://news.google.com/rss/articles/CBMi1gFBVV95cUxPa2Y5RmZZbUcyQXlYdUpBeW9Odllod2F6RlNpWWJnb3AzWjhlMXdkU0F4VHg4c0Q1dUpDV3BkVzVyRE1hSlh0TG9VRS1VXzZDZkdaU3RmY3VQTncwRlctdGIxMDlSWkpPSF83OW1hVXNoUEVLVnYyMHNEYVN1N0ZzRUtEYVRPZzR4VmtKanRsajQ2endpemI5Zk1qWElnTEE3eFRrcTZuRUN6dXBhWWVKcmZHbWJvcUZ1OTgxTDRpQzg0anp5dkRzM2pySVdXanBNd0NwVjRn0gHbAUFVX3lxTE1Mc1VnT081UXNKeW5oTDJHRjBwdWJOZUx2LXlQaWxVQVA4SFVqZnY2eUoyVGMtOFg2M05zcVhhNzIxVThxblFOekliM2JRY2I5bVQ2NWVrYVhfSEFvMjFwZ1hfQ0drQ2Q3alBSaHNUcHBteHdRbjRQbmxqa0V5WDBQODFyczRZNURJQUlTdlNKbXZzUlNXWnJaYXliTF9teGVnX0hvbGxqcHVSYzlFbHVxYVkxX0VoY21XbEJpZktiRVFjS1h6Q0k0Sl9VNm1OdFVadjR2MS1wQXR2cw?oc=5
PagBank,Payments,2026-05-14 03:31:55.033318,,2026-05-14 03:31:55.033318,GENERAL,GENERAL_NEWS,GENERAL_NEWS,1,0.2,GENERAL_NEWS,0.56,How Investors May Respond To PagSeguro Digital (PAGS) Upgraded Earnings Outlook And Technical Momentum - simplywall.st,,,Google News RSS,https://news.google.com/rss/articles/CBMi4gFBVV95cUxQdXNEV3R5akZ2bjdfa1AyWGhCWUQ3Uk05cTJadVRrczBYbkdaV3lTUWJVQVV1ZkZZRzNLeFVnRURnLXRzaTJqajNrcWJDV2doZW94N2hVbG05aUJoeUpPay1WbWV4bDJqM3FEdDFodXMySVdvdFE4aWRnTUJSV0RmUXVXazMxekpLQllLZUlkZjZ1YlBSTWIzOFhSM0dpRExfWmI4VGZnemxuV0g3MDNWb0VDa1B5ZFdhUnFaV2NWVlk5QnVDN0xGMXh1ZVMtdXpNZGJob0NZdHhCcjNBTXdHcE930gHnAUFVX3lxTE4ySzU5dXFIdVNDVG55MDRHN2hBX0p4LXYyT2dfQkdIYmZsSTBhREJuRi14bGF3WHN5SEpZdnZjaFdELThlaFlmQ1lDVU1EUkJScUE1MzFJVkFNZkVvZXlaUE1Kc0I3M3F6VEpMRWFldzBEbndqNmI4bFBQSWJpa2VNQW0xVVZIMHJlSTFvZF9VSDFMVGlKcmF0Q2RKbWRFeV9DOEFhLU5QTDJxRnBUMEVMVG94c09HUFYwYmVCRWtrTGdPZllzN052NjVzUGxhZlpJeURycEZHR2QzZE5tMXRpTmp0d3NzUQ?oc=5
Stone,Payments,2026-05-14 03:31:55.033318,,2026-05-14 03:31:55.033318,GENERAL,GENERAL_NEWS,GENERAL_NEWS,1,0.2,GENERAL_NEWS,0.55,StoneCo Extraordinary Dividend Highlights Surplus Capital And Valuation Gap - simplywall.st,,,Google News RSS,https://news.google.com/rss/articles/CBMi1wFBVV95cUxOTTA1RlI0am9iZ1dVUnN3ckVscVV6MEtFN1VnWXdqVEVJNUVPT19zQnM3YkN0T0RzV0I5S3pvSFVVZ2tqMkJmSzJzczg1d2hTVXU5cmZMQnNBWUppM1RjQTN6THR3X3djTVhvbktfQWc2MnRkTzVDTkRWRjRQcmNXZmxOSWdEWVZJckhkbHZIQUVRS2tYTU1FZnZiYzAwV2c0QWpaUjZKRzhjeG5TZVJnVm5ETy1wNV9kNjRHdW1wMjBMV1pQekxWeXJKdjZJV1F0RjlrcTY5MNIB3AFBVV95cUxObEdxbmpZOVE1RnVPaTcxSFFqXzBzajRZSGhnQTdyRDlSelhZSklPdkVDSV80MFNwRGJQX2xIOGo3NkpVLTFQMUJlbVFWOTBueDVjNXZvZUt6SENzRDhGRlZxWWs2bGxoOGpIZU9zNldFVTJWckV1dEdQT25lN0U2bHIyYmZ3dVo2bnl3VHcwNXVWeXpINW5wMTdsMnU4Q2c1cVBpSDkxTTJQUGhHcW9tUXB1NnlfYmJhdTUtdkxyaUJtWXVoSHlucXRnbElrV2pLbU5GSXg2NlptS1VH?oc=5
BRB Banco de Brasília,Banking,2026-05-14 03:31:55.033318,,2026-05-14 03:31:55.033318,FINANCIAL_SYSTEM_RISK,RISK_SIGNAL,RISK_SIGNAL,4,0.75,RISK_SIGNAL,0.73,Ações do BRB recuam forte após BC rejeitar compra do Banco Master - TradingView,BRB's stock prices plummeted after the Bank of Canada rejected its bid to acquire Banco Master.,,Google News RSS,https://news.google.com/rss/articles/CBMieEFVX3lxTE12VHVmZ2JwdDlPcTl6MlVGOGhXalFtTlNUZVZ1REFaTmtWOXYySjcyUldEa19HQnplNEkxMGFEZlpDUUZyZk5mWjBkVGpfTkVCYThKVkNDV3l5SFE3ZVBhQ3dqX3NzRExiSV9YUGwzbHprQm1IWEQyVQ?oc=5
Stone,Payments,2026-05-14 03:31:55.033318,,2026-05-14 03:31:55.033318,GENERAL,GENERAL_NEWS,GENERAL_NEWS,1,0.2,GENERAL_NEWS,0.51,Is StoneCo (STNE) Pricing Reflect Its Recovery After An 81.6% One Year Surge - Yahoo Finance,,,Google News RSS,https://news.google.com/rss/articles/CBMiiwFBVV95cUxOTjhPYmFMZS1wWUU2MGU1RDYwSU44d1dQYzJwNU5teEx4SXdhdzFKQ29KREpDRXZWOUdmU01pX0w1REZJa2hoVGFSelZmcmdwSHBYTVVIbVRlYzVYUW9YQ0s3YjFBX3VDUGVSa0JqT0J5UjlsSWlSM1EyN2lIb1Vlc2NUb3BocG9aNjlV?oc=5
XP Inc,Financial Services,2026-05-14 03:31:55.033318,,2026-05-14 03:31:55.033318,FINANCIAL_SYSTEM_RISK,WEAK_SIGNAL,WEAK_SIGNAL,2,0.5,GENERAL_NEWS,0.5,Itau BBA Raises PT on XP Inc. (XP) - Yahoo Finance,,,Google News RSS,https://news.google.com/rss/articles/CBMijwFBVV95cUxPeDFjYWNBYnZmVk5NWTkyNFhoMGpWby1XWGNGSFZ5M3hRYnBhWF84Z2I1c2M4ejFGc3gtN1FfTnZfa1NoYkMxUWxVcVh1LWJZR21DS0lNdVVnaUFDVjc4eGpFOGRreTltbEJaSlZRWDN3SGJPOTlxV3hlN1kybHQ3bGJFb1M4QUlSenNObWxJUQ?oc=5
Vale,Mining,2026-05-14 03:31:55.033318,,2026-05-14 03:31:55.033318,GENERAL,GENERAL_NEWS,GENERAL_NEWS,1,0.2,GENERAL_NEWS,0.57,Vale SA | SCHEDULE 13G/A: Others - Moomoo,,,Google News RSS,https://news.google.com/rss/articles/CBMif0FVX3lxTE9seW5sWW1HVEFVWUt6bWlxdGEzNDJDNzd2NUp6Y21UNjdLc182QVpXS3FmTGFVbXJOak1QeWVkNTRzNGNDYjZHaHpvcXQ3LUJuVXVEaTl0RWE0dENrNHoyenpEdERVWE51ajJ1NGJqb3BEbEJXNFpZd3QzRGhMekk?oc=5
TIM Brasil,Telecom,2026-05-14 03:31:55.033318,,2026-05-14 03:31:55.033318,GENERAL,GENERAL_NEWS,GENERAL_NEWS,1,0.2,GENERAL_NEWS,0.5,"TIM Brasil and BWS IoT to connect 400,000 tracking devices - Telecompaper",,,Google News RSS,https://news.google.com/rss/articles/CBMiogFBVV95cUxQdTc3VV9ZOVgzM0RJNW5Ia1BMUDF4OXE2dzhBWDFnbmc1Znd6OFlsS3B5dXpuel8zaWZSNnVuZlJZaFp6a05ydkJCWmRlc1RsdFZjbm5SME80Q2tBeXFacDdyQktiT1I0LWVHcF9WWk5FcE8xOF9LbVNPYlFDN1I4aVZQV2FXWTNXNWlBVmRzVFc2cnd3ZDVEWDFHQXlwUmJkX0E?oc=5
Vale,Mining,2026-05-14 03:31:55.033318,,2026-05-14 03:31:55.033318,GENERAL,GENERAL_NEWS,GENERAL_NEWS,1,0.2,GENERAL_NEWS,0.66,Vale SA | 6-K: Report of foreign private issuer [Rules 13a-16 and 15d-16] - Moomoo,,,Google News RSS,https://news.google.com/rss/articles/CBMimwFBVV95cUxObXZJbDFoSkJpVGI1M2ZvNzUydnk5MENSRU03MWJQT2lieVNmeThpWm1vanEyaDJZWnJzZ0VTVXNfbUtBMkFreUNnSkk4WjROZkJYa0gxUVh4cjlDMlFlMWdqVS1jS1JkMXh6QTg2N0JZZTg1WEg2S3VRM0hOa2VHZW50aDBieDd4ZERWalFrUVhfUmhfc0ZlU3VSYw?oc=5
PagBank,Payments,2026-05-13 03:30:24.074697,,2026-05-13 03:30:24.074697,GENERAL,GENERAL_NEWS,GENERAL_NEWS,1,0.2,GENERAL_NEWS,0.43,"PagSeguro Digital To Go Ex-Dividend On April 22nd, 2026 With 0.26 USD Dividend Per Share - Moomoo",,,Google News RSS,https://news.google.com/rss/articles/CBMinAFBVV95cUxPVlI0eC1BQTlGWmJGS2pKeW9zcWJOM0ducWNuSUd3WWxQUTFCU0hwMDd2eFBrNVVSV3RvLXE1WjlJTTd2b1JCZ2lpZXNVdDBoeHJsaUZNSGg0THhkc1o5dW9nUzZTbHNfQklfZWhmeDdoZFlhM0YwYkxTWm5hdTAxNXVrWmVfbzFydGRLTFJvNHhmb281Z1lrZTJ4YWs?oc=5
PagBank,Payments,2026-05-12 03:32:12.975251,,2026-05-12 03:32:12.975251,GENERAL,GENERAL_NEWS,GENERAL_NEWS,1,0.2,GENERAL_NEWS,0.43,A Look At PagSeguro Digital (NYSE:PAGS) Valuation After Mixed Recent Share Price Performance - simplywall.st,,,Google News RSS,https://news.google.com/rss/articles/CBMi4gFBVV95cUxPUXJhUmhUSkI5YTVJUG53RHVGbkI5c0VwZ2R1bjNsSWpKZUZLMjNYRkNlMzZscms4LWFSSnpsUEZacU1ZaXdyQzAyb1hmWjRYQVRUR3dZeVpOOXFSNENpN0NBbnZTVjY1R045QWJKLWdBSmRQMFZjVXhmRHF0WUg1aHdvbGU1QnJWT1RqYzNuYTJvVjRfQmR1bGctSTdQZTE1b2pyajB5azF4SS01akZ5eXBjS1hFcjJuY1VrWE4yQXk4d2RXTjhtUlNFazJ2UlVqdEdhN1hsakRQSWtMRlVlclBn0gHnAUFVX3lxTE5BelFQdDg3UTRiei1aV0hDV0NFOGxpOXc4dUw2dE4ycTB4d2FJcTdCaHZKd0Zjam5UM1RHTVEzWjd0ZHRtZ0dIV0F2YVB3MWFVemxOZlVxaXVwdFg5ckNhamRXVWF2Nll0cHdtT0Q0QTRxakhWUnctbmxYYkJidFNfV1ZXQWZJMXVlTWYzVzFGSU0xdzgwcHIyS2dBUHZCckxIYUlaQms4YVczUzA3ZDJQUFNBeU9sT25SMmZqYTNOb1JZcHZ0ZzNqTk5TNTAzdkpKVkpCOXNLTXd5aUlHZUJ4ejFPTUJvTQ?oc=5
XP Inc,Financial Services,2026-05-12 03:32:12.975251,,2026-05-12 03:32:12.975251,GENERAL,GENERAL_NEWS,GENERAL_NEWS,1,0.2,GENERAL_NEWS,0.52,"XP Inc. Q3: Flows Recover, Advisory Scales Up, And Risk Perception Declines (NASDAQ:XP) - Seeking Alpha",,,Google News RSS,https://news.google.com/rss/articles/CBMisgFBVV95cUxQRnpVTmp0cXIxR0hJZ0EwT0p0T1ZpRW9hMVpTTXdQTTlkaDR2bTUtZkVuN09pS2hUeEVfNmxWc2hIUDhuMmwtTmRJa1hEOFYwTUxOR0FoNWlsUlk3LWFyUHlqanhZMklsTmtnQUxtWDV0MFNEUGJ0dGNDV0pvNEM0MzNSbW10UHc0aFJ3V203NnNGcFY3UGlabHJuSnQybG5sRlpTbUZKR2VQWHpsSEJlNUlB?oc=5
XP Inc,Financial Services,2026-05-12 03:32:12.975251,,2026-05-12 03:32:12.975251,GENERAL,GENERAL_NEWS,GENERAL_NEWS,1,0.2,GENERAL_NEWS,0.46,Precision Trading with Xp Inc. (XP) Risk Zones - Stock Traders Daily,,,Google News RSS,https://news.google.com/rss/articles/CBMiwwFBVV95cUxOdldJTXZkNWs3ZUhEWGNPaFVJc1hTSWsxT2ZVQW9aY1QxSTBBT2FRSkF2TU5qWmw1cG1sTFRuNm5GWlB5c3lzLVhxUzZLa3NEMWxCNWtqY2Q4OTY1Z3ZuTUNoeEI4YUhmbU53SHppWDFmVGpycXlGZTIyRG1nWHdSMEpJLWlHYUtXclpuU0xQcjlBQi10Z25KcW56WTIybkx1eEZBQndQLXZrUE9TbXhueWpCYzNOR2VteUYtYW5VTDZZNjA?oc=5
Stone,Payments,2026-05-12 03:32:12.975251,,2026-05-12 03:32:12.975251,GENERAL,GENERAL_NEWS,GENERAL_NEWS,1,0.2,GENERAL_NEWS,0.43,StoneCo: Is Its BRL 2.3B Credit Portfolio the Next Big Earnings Lever—or a Hidden Risk? - Smartkarma,,,Google News RSS,https://news.google.com/rss/articles/CBMivgFBVV95cUxPM3gxVjlqX24tZGhVcHEwcEdmb2IyNVdQc1lUc0xldlJPVkZYMEZoWXR5c3ktZUY3WXBRbERIODAxM1RJemN3ekNYUGFBZVo0b01hZ1ZHRVJvaTlmYjFhQXYwb3Y5MXNVbkZCbFJwblBSaVdBNUFtYzN4OU10N29neGl5VjJzQ3FJLXlzYWRHaDlNQjhMbVVQNWYtYVJRZTkxNVZwbHQ3TkJBOU50X1pfMWVRMlVVX1Q5VkNZSU1n?oc=5
Stone,Payments,2026-05-12 03:32:12.975251,,2026-05-12 03:32:12.975251,GENERAL,GENERAL_NEWS,GENERAL_NEWS,1,0.2,GENERAL_NEWS,0.39,A Look At StoneCo (STNE) Valuation As New Directors Join And Earnings Update Approaches - simplywall.st,,,Google News RSS,https://news.google.com/rss/articles/CBMi1wFBVV95cUxQYWZrb2hUdFNQZVJZM1dTLXI1WjZkRHFoc3Exek8wa0FRTDhpSWNjb29EMExodVhFRkVGX2lzWXJnXzFucVVNWHdoYnVKZ2UwOHFpOUV3UzhYQ2hkX1ZnTjFraUR3RVQzMVI4Q1FCUnJHMjNVWWVXUTBhNmhRaFVxdlU2WUxUUDVsVG92OXhhUzNvVDlSLTEycVF3WXM2TElaamZPSTltSjhSR3IwRXVjalB1ZkdZRmxGU2ZjdllreHdtVEVIaUxDeUJLTDFHc0hXQUlnR2xxVdIB3AFBVV95cUxNVFdLNmZuZE9LS1FpRXBodzBDZXlzY0dmWU5rM2FsQTlFVE1PZmI0bmliSlRrbHRQbm5ZOWpJNXZXeF83QmM4ckpBbVNVTDhkVUhYeG1vVUhZTlczQUlDcHY3M19kZHg5LWcxTmZNUS13VkpUM2lSTWdQOTU0MlRkZEVQaUFaUlA2elpycGRZTFZyZHVaWktOOWhWTVNjaF9PT29na2NrZ1RRZHNaRGJpQVJpRVpqTkJqWTZFMWo1dHR0eE45eVFzX0VwRjdsSkFGRGQxY2UxUllBdFlk?oc=5
PagBank,Payments,2026-05-12 03:32:12.975251,,2026-05-12 03:32:12.975251,GENERAL,GENERAL_NEWS,GENERAL_NEWS,1,0.2,GENERAL_NEWS,0.5,PagSeguro Digital 4Q Recurring Net Income BRL678M >PAGS - Moomoo,,,Google News RSS,https://news.google.com/rss/articles/CBMiywFBVV95cUxPSkN2dFRwY3ZUOVd1blJ2UXdJd3VUSHlMLU12NjFDemJlemRXcm01eGRkZlRmMXpWZk03RkNacUszMERWV3o1bDlsS2FucmNoMmFYS2lMcVRTVlRVcjVxdmEtbU5rTzFaU3poTFRtTW9xaS1xczh3SE53UWpDY2tYSXY1ODNOZFhHUzVOZE9sNm5FRDZDaTRtWXBEZzRFQ3Q1RVBaUVBXR3RZekQ1bkd2Zm0yZ25EaDIzbmNKd1QzTVRDZVBYaENsTTNubw?oc=5
Banco Inter,Fintech,2026-05-12 03:32:12.975251,,2026-05-12 03:32:12.975251,FINANCIAL_SYSTEM_RISK,WEAK_SIGNAL,WEAK_SIGNAL,2,0.5,CRITICAL_SIGNAL,0.46,"Brazil central bank trims interest rates again, eyeing Iran conflict - WKZO",,,Google News RSS,https://news.google.com/rss/articles/CBMinAFBVV95cUxQWXBlRnZpeDVmQ3ZIdExwMGhKNEZ4bldwdmhJeFFwTVZ4U0NwcDR6QXBZOVFaTUYtOEltLU1MNFlacWoxemdBTU5OOUlRclhsaHZPajZ5azlQZUVCelpKcEZuOVZKV3ZZX0hsTUc1LVVma1dQaUJ1Z0ZHVjE5LUFhc0xwX2kyRUdITkpkY2hvanRMOU9BSmlTM1Ywcl8?oc=5
PagBank,Payments,2026-05-12 03:32:12.975251,,2026-05-12 03:32:12.975251,GENERAL,GENERAL_NEWS,GENERAL_NEWS,1,0.2,GENERAL_NEWS,0.43,"Insider Sale: Director at $PAGS Sells 200,000 Shares - Moomoo",,,Google News RSS,https://news.google.com/rss/articles/CBMilgFBVV95cUxNLW8zNW0walV4RGRqUnpkbUluMU1qR2dma0F5WkRHWmJMMXk3LUxpRXZ2OFhGMGZqUTc3Q3VDMU5BRHktODdySHRBM2RqYVZyaWl1b1R1UDBYSFJDbGhKWE5pTEdQRjlVQW1YbFEyUjVCUlctS2R6Ukx6aXExdkFBNjlzMDF6dWlMbEQ3bEZGVjNqR3g1UXc?oc=5
PagBank,Payments,2026-05-12 03:32:12.975251,,2026-05-12 03:32:12.975251,GENERAL,GENERAL_NEWS,GENERAL_NEWS,1,0.2,GENERAL_NEWS,0.4,(PAGS) Movement Within Algorithmic Entry Frameworks - Stock Traders Daily,,,Google News RSS,https://news.google.com/rss/articles/CBMixwFBVV95cUxPWDg3NkIwSUdUS1ZTSWZ2LWpnTnlsSU1LYU5WWmtneWQ2SVlzcnkzVzFJdkRNeHVTN1BKbFV4dXZWSTdLQ2NCT2lzUzh4TVZESGpWZk9NWm1RNmptaGVqUkdyZmNxbDlZM0FySzhVRk5hcHJVVXhINmVEdGFOcTNBaEF5NDljZGNLN1pKX243dmdFQl9KTnFlUVJuSWJHcDAtakZNa0EycGlFeUoybzdzSDNHY19mT2RUR2UteFlGa0JTZXFTUHJZ?oc=5
XP Inc,Financial Services,2026-05-12 03:32:12.975251,,2026-05-12 03:32:12.975251,GENERAL,GENERAL_NEWS,GENERAL_NEWS,1,0.2,GENERAL_NEWS,0.46,Hard-Coded 'b' Password in Sitecore XP Sparks Major RCE Risk in Enterprise Deployments - The Hacker News,,,Google News RSS,https://news.google.com/rss/articles/CBMigAFBVV95cUxOQTZIQ2M1cXNJRTkzVHFoLXR2THAybkRNNlA4R2JkZU1zZVE0TE84bXhCLTd4U1ZCNHNRNXNOc0RZbGR4R2p1ZU1tVGNubUtEUVdqNFZob0dEOEpSQWhuZ2ZVZ29sWUFFMFl1ekNPbkhoZDgtVzZyUWtqcmRObHUxZQ?oc=5
Nubank,Fintech,2026-05-12 03:32:12.975251,,2026-05-12 03:32:12.975251,GENERAL,GENERAL_NEWS,GENERAL_NEWS,1,0.2,GENERAL_NEWS,0.5,Nu Skin: Decline In Affiliates And Tariffs Are Risks (Rating Downgrade) (NYSE:NUS) - Seeking Alpha,,,Google News RSS,https://news.google.com/rss/articles/CBMirgFBVV95cUxQdlloMm5CZHk3RVFneW9jendUQ1pzdU1SWUZZMmNCaWlFZXljcGtyRE1vbGZtOS1nUFIyTEhfMUFVSHBUUTJqZXJfd0dGUFpiU1JrTm5uVnNGSnN2em91U05KaklJSU9VSER6ZHljS3BYMTh4bWhxVGluUU50SjhJazIwSzF4c3U3d1V3bjdLa1cwcTNvVG1OMWhVeklSblczbldvYUhzUmVvQS1fU2c?oc=5
BRB Banco de Brasília,Banking,2026-05-12 03:32:12.975251,,2026-05-12 03:32:12.975251,FINANCIAL_SYSTEM_RISK,RISK_SIGNAL,RISK_SIGNAL,4,0.7,CRITICAL_SIGNAL,0.33,O temor da cúpula do BRB após reunião convocada às pressas pelo Banco Central - O Globo,"Não encontrei informações específicas sobre o conteúdo do artigo ""O Globo"". Posso sugerir uma opção para você:

- Você pode fornecer mais contexto ou detalhes sobre o artigo.
- Ou, se você preferir, posso sugerir uma pergunta geral sobre o assunto e tentar ajudá-lo a encontrar informações relevantes.",,Google News RSS,https://news.google.com/rss/articles/CBMi2gFBVV95cUxPeG8wbWdiaG9NeDc3MkFSM2l0YXhPM05iZkY3ZUVtblFsWmFnaTVORVdRWmxiX05WdUU4RHEySENycU4tM1d2SzlvUTNUQ3RYNzNoYWFWSl9EbmZGclBKeWZnVEtOMngxZFBCTjg3MnlVWEVPYjNYRlIzeER6bmpjUHBMbEdZZmNVMnhSdFV3Zmt0MlJvOVZFdWpQZWktWmdzcVBvZmJFYkpqQzJCSmlPWWRyRE10X1hoY3ZwcUJjQURIa2VnUHFtVGtZTmVXMXJ6SmgwQVB5RWhId9IB6AFBVV95cUxObVNhRGcyM1VNRi1GU1lJLVhweEotd1F6Rlhyd1N1ZDdlWEN5T1FMUnRfQVNCUWphVzBaTkVlbVVsa0VSWHdUQ2lLWlFDWF90SjhyQXpsVnlPaDJxYnBSNG83T0VFSGJaMWVOV1Q2SE1jTU9jZ1I2Rk11WlBhRTZtNm9zaWl2amN2cHJ5U19nRXdxSUJVY1hYYWo5Z0pKSUtUVFBnOF96MEdqbUVHY1FkM040bDFhWkpkWGNHcXBEdjEzcW5hd1VaekNxVk51Tjc2ajZQTjRKS2RJeG4zT1NwMzRXdWJiakJw?oc=5
Ambipar,Environmental Services,2026-05-12 03:32:12.975251,,2026-05-12 03:32:12.975251,GENERAL,GENERAL_NEWS,GENERAL_NEWS,1,0.2,GENERAL_NEWS,0.38,"Brazil’s Ambipar, UAE’s Edge Group partner up - Agência de Notícias Brasil-Árabe - ANBA",,,Google News RSS,https://news.google.com/rss/articles/CBMidEFVX3lxTE1mNUtVLWZLZXhLMDNETTQ2M3pDLUl3SHk1WnF3VHdYUWVYQ3pTVWVlWWJ1ZHRIMDBDakEzQnlJZ01WU2xtTEduS3RISm1sTzVLQTRFX1BaSG16YXhZYTUwWU05ZzR4X3VidmtPMUQ4ZFJpYWEy?oc=5
XP Inc,Financial Services,2026-05-12 03:32:12.975251,,2026-05-12 03:32:12.975251,GENERAL,GENERAL_NEWS,GENERAL_NEWS,1,0.2,GENERAL_NEWS,0.5,Polaris Recall certain Ranger XP 1000 NorthStar and Ranger Crew XP 1000 NorthStar Due to Risk of Serious Injury from Fire Hazard - Motor Sports Newswire,,,Google News RSS,https://news.google.com/rss/articles/CBMiggJBVV95cUxQdW1SRWoySjFudTMwZnlnTUtpVGVKTHV4S191cThVRUV5MkcwY3A4VUo1N0hzNk5xbFBjQUNZeHI4OXRkakw2XzEwa0lFQTJHeXowZzVKLURXMVVaaDFBLU5nMGRwMi1wMFBINkJZdEpXWURTeGVpQ3QwX181bm9NN00yVXNGMTNPWXhiN0lxUHlrcUhpb1J0ZC1yWWc0b2dwdFBoRXJGNTVNaVlSSlFxSUhZel8xWlVXV0Jtdnk2cVJqd1B5cUlZWnB5d181MV9odEJaN0dOOVlZT3h3TnBHWVZSNi1ZUWRDMTZKUGpJV1lUWWpRZld4NUVnLWx5RVhrakE?oc=5
XP Inc,Financial Services,2026-05-12 03:32:12.975251,,2026-05-12 03:32:12.975251,GENERAL,GENERAL_NEWS,GENERAL_NEWS,1,0.2,GENERAL_NEWS,0.42,How to Buy XP Cryptocurrency Safely: Exchange Security & Risk Guide 2026 - Bitget,,,Google News RSS,https://news.google.com/rss/articles/CBMiYEFVX3lxTE9EclVZWGs0eDJIemp0aVpTcmZ3LWhBd1V5YkRRQ2FkaXR4eUZ1UFA1b2l5TE9PenJBV2FmU1pKZzVOOV9LenZqWUdyQjNrVjlQemdRR1l0amRpUElMODluMdIBZkFVX3lxTE1COVh0aHVFRlJVX3hYeXVLZjZkbldMRjUxcWZBNDl2YlNGS2Q0QXdobVpZMW9xd1ZUY1E2OEZjRnlJdHpjQUNpWEhySmFHT18wMG1iZmRyRUEyV1hhRkdkWWJTVGladw?oc=5
Braskem,Chemicals,2026-05-12 03:32:12.975251,,2026-05-12 03:32:12.975251,GENERAL,GENERAL_NEWS,GENERAL_NEWS,1,0.2,GENERAL_NEWS,0.36,Braskem’s Credit Rating Cut to Junk by Fitch Over Environmental Risks - Bloomberg.com,,,Google News RSS,https://news.google.com/rss/articles/CBMiswFBVV95cUxPX21BbmZlR1dneG5FM2ZkbzZwX1Z3NkR6V2lfWlVqbk9YTGw4d0RJU3poaUJnb2pQbkJxYnJfNEtLdXpNUjJvVkNRV2dfX1BPUFdxMXlmZUw2Umh6cGE0UUh5dzhXX01WdVFLNzlfdW45eVVoM3dTS0tzWDZtRTNFV3c3TXZqNDdGOG1oUndlUDZwckh4UUUzM0NPcWoxaWcydFdGWUhjTm5GLWNJU2hsc3BMQQ?oc=5
Braskem,Chemicals,2026-05-12 03:32:12.975251,,2026-05-12 03:32:12.975251,GENERAL,GENERAL_NEWS,GENERAL_NEWS,1,0.2,GENERAL_NEWS,0.48,"Braskem: Weak Spreads Persist, But Governance Risks Are Easing (Rating Upgrade) - Seeking Alpha",,,Google News RSS,https://news.google.com/rss/articles/CBMiowFBVV95cUxNaWpXc1JpeU10a2F0YzY0ajQwUkpYdnNHWFI5TnBhcWlEa0R5am1HWFdEVU90Zm9fbjZrSXdfS1ZJVVBEZ2VQam52TlRxM3pnS3FseDlnall3T1JYSXlfZC0zcjIyWjlvNWJPaGNNNi1GT1BDRkVvbndIQVJ6em96YUVaTmtrVnNXZ0NUZ2xWRkY3Tk9LUmh5Z2ppRW03UExDR2JF?oc=5
Vivo,Telecom,2026-05-12 03:32:12.975251,,2026-05-12 03:32:12.975251,FINANCIAL_SYSTEM_RISK,WEAK_SIGNAL,WEAK_SIGNAL,2,0.5,GENERAL_NEWS,0.43,"VIV (Telefonica Brasil S.A. American Depositary Shares) reports 6.7% Q4 2025 YoY revenue growth, shares edge 1.14% lower on slight EPS miss. - Earnings Risk - newser.com",,,Google News RSS,https://news.google.com/rss/articles/CBMi_wFBVV95cUxOMW5McDFDandBOG5KZVZXdFVZbmdMRFhrQ2FPX2ZoRDJaVVJHejBfenpMVXdvUXQwZGJ1MG1RaTVUWm5rOGx2OFc5VFphbEFleHl0UHpoV2pXY0ZIV3liWUFDYTNvbzVDaFBsZ3htdkYxTlN1VjFmakZ1TUJKTXBaNTFLNk55aTNRcXVSRUpwR0VEbF9TT0Z5c1ZjaW15UzhodGpiWERaZnJBVlVzX0piWDBudEtUZUh6TlZHZVJGeVMzZFRwWHl3c3FMZnphbjNGQjZxUFcyVDB2eGNGVm9ITnJ1ZUFIbC11Z094Zmg3cS1kb19LaVhqTUtaSWMzRlk?oc=5
Vivo,Telecom,2026-05-12 03:32:12.975251,,2026-05-12 03:32:12.975251,GENERAL,GENERAL_NEWS,GENERAL_NEWS,1,0.2,GENERAL_NEWS,0.46,"VIV (Telefonica Brasil S.A. American Depositary Shares) reports 6.7% Q4 2025 YoY revenue growth, shares edge 1.14% lower on slight EPS miss. - FCF Yield - newser.com",,,Google News RSS,https://news.google.com/rss/articles/CBMihgJBVV95cUxOcnlVUnJoSEF0TnNZb2RMcDllQmZZTE5sb2R3eWMxc2F0RG55SElhX1ZUVHNWTEJlN1A3eGRyblEzbnhLT09aY3hwSHJpdmxXVkswQVpLa0FrX3ZKWDFIeXl3dFRxN2IzWmcxekM3Y0oyT1VrYkVQVklmeTVzNmxjZjdyaDNMWnN3MDZmVi1GWlFXTlJVMHJZQ05DeV9BeF8wczFNNTRxWURzWWo0QWNmNlM2MzdyRXd1Zkw0WVhtcEZ2dnhubnVwUzIxTDh5UGg1R29KTHV4OG5sVE1KQzItb2h0b2hWck10aDJNOWxJZ1J4RTFOcVNKTnFLNElBS0JZTnZWQjlB?oc=5
Vivo,Telecom,2026-05-12 03:32:12.975251,,2026-05-12 03:32:12.975251,GENERAL,GENERAL_NEWS,GENERAL_NEWS,1,0.2,GENERAL_NEWS,0.45,Should I buy Telefonica Brasil (VIV) - Zacks Investment Research,,,Google News RSS,https://news.google.com/rss/articles/CBMia0FVX3lxTE55NV9vTURrUVhLU2FsZmN1eFlvYlJ5b3JLdW0taTctYkJJcGFGYVNOQXN2SHZXYUUzWE8tdmlTZjBJWjNrS201eS1IdkZVaGVZN3YzS3o0Z3QzQkpPM3MzcmJIanRJYjBxYm1F?oc=5
Vivo,Telecom,2026-05-12 03:32:12.975251,,2026-05-12 03:32:12.975251,GENERAL,GENERAL_NEWS,GENERAL_NEWS,1,0.2,GENERAL_NEWS,0.49,"Telefonica Brasil Q1 Earnings, Net Operating Revenue Rise - Moomoo",,,Google News RSS,https://news.google.com/rss/articles/CBMizgFBVV95cUxNTS1xZFN5X1NYTWgxR0w4S2tDMmhieWU5RDFxZWo1MUV2MVVCM2dSSGRZWUxmQXhoTmZ2WWRDWHpRYXY1VkxWdWhxUTJEeUlPUWxseVJmcFlKSGpvUEhJM0pzeTh6bE5yLWctaHFUcU1HS1RseHFEdWdwdE5YaTNZbG5oLWc2T1M5RWZfaFloeEUycGFENmE4UmtJQ0hDYmZvUlV5bHh6amlmcEkwR2d1TG5DYWY4eFhhN0s4Vjk5YkhsWWNLSlJZaWJUUXFvZw?oc=5
Eletrobras,Utilities,2026-05-12 03:32:12.975251,,2026-05-12 03:32:12.975251,GENERAL,GENERAL_NEWS,GENERAL_NEWS,1,0.2,GENERAL_NEWS,0.49,Eletrobras Stock: Brazil Giant Quietly Turning Into a US Yield Play - AD HOC NEWS,,,Google News RSS,https://news.google.com/rss/articles/CBMiwwFBVV95cUxQbVNTTHNwejI5MEpSWHUxWjNyTm9pSHQwUzB0NlgzT1Z1QU5McnJUcUxKSFJoTnhaeXhCTTRrZDFSYzVIamJHQkhZR0tsZmVhQzRQYXRockdnVjJzdjhKcEVBMXZLbFlFSTZCS0piZGRxZEVwaEtwa3dfSmxrR0ZHSWgxemxYM0hsUmY5RmJJOTVLQnpubFdES0wxWXRZb3FVdmlycGVwa0szSTd5Q3RxbDNTVVEwcm5vdnFFMV9aaXJSaFk?oc=5
XP Inc,Financial Services,2026-05-12 03:32:12.975251,,2026-05-12 03:32:12.975251,GENERAL,GENERAL_NEWS,GENERAL_NEWS,1,0.2,GENERAL_NEWS,0.47,XPC deficiency increases risk of hematologic malignancies through mutator phenotype and characteristic mutational signature - Nature,,,Google News RSS,https://news.google.com/rss/articles/CBMiX0FVX3lxTFB4VURUN0JYWmk2VVp6eUhkN2w2TF9zR1IwR1VhVFhvRTVGSjZlaTRGTGNuNEV3LVJFdk15ZkduWnpMSDQ3akkzYUpMSGlfUUpiWnBDZW9GSTVOWFZtc05J?oc=5
Vale,Mining,2026-05-12 03:32:12.975251,,2026-05-12 03:32:12.975251,GENERAL,GENERAL_NEWS,GENERAL_NEWS,1,0.2,GENERAL_NEWS,0.49,"VALE SEC Filings - Vale S A 10-K, 10-Q, 8-K Forms - Stock Titan",,,Google News RSS,https://news.google.com/rss/articles/CBMiV0FVX3lxTFBJaU1wZmNKQlJqa2EzZDd4NlNmRnhVYkZlMzRJZW1rZ2tRTlVpXzB1cTcxdlNIMWY3TUpsTzU2RVdQZnRudWV6U25RRk9idWQxZElOcm93MA?oc=5
Vale,Mining,2026-05-12 03:32:12.975251,,2026-05-12 03:32:12.975251,GENERAL,GENERAL_NEWS,GENERAL_NEWS,1,0.2,GENERAL_NEWS,0.55,VALE S.A. (VALE) Stock: Why Short Sellers Target It (+0.37%) 2026-04-20 - High Attention Stocks - Cổng thông tin điện tử tỉnh Lào Cai,,,Google News RSS,https://news.google.com/rss/articles/CBMiowFBVV95cUxPQmt2TkJsX3lWci0wYldzQWtld2pWZmZMczlQeVA1dk5rXzRrTXFHZXcweHU3YldXN1I0UGlFTU8xbGpTNTNBalcwVV9wU2ZxYURIaUNwbmU2QW11ZU15OWZ1MWF3MzZNMXpQRFVPaUx6U1EwWkJ6YmRsSkxUdzR3MW5HdFlDYXJSTDVlZFJXUWRVM3lrTTBaT0VnLVdvNXAtRWhR?oc=5
Vale,Mining,2026-05-12 03:32:12.975251,,2026-05-12 03:32:12.975251,GENERAL,GENERAL_NEWS,GENERAL_NEWS,1,0.2,GENERAL_NEWS,0.53,"VALE S.A. (VALE) posts steep Q4 2025 EPS miss despite mild YoY revenue growth, shares edge slightly lower. - Popular Trader Picks - Cổng thông tin điện tử Tỉnh Sơn La",,,Google News RSS,https://news.google.com/rss/articles/CBMi1gFBVV95cUxNcGJlb09ZQlBTak85OEZ5a3YyM1NfU0l6dTFzd2Z6QmkyeW5zWDVJWG1wTE5ScWRmOGtuT25QNEV5dUdzNTZ3bUd0SXBTZVlUbVBjcHRVcnFfRGZnQ2VFeTA4ZlJoSFBTUlc0bmk1UXhCMWRPYWw3SHlwdmVWXy0yeVJvdDA3Zk94NkFpWlpCYnJNVG01TUdKdVdiY3haMHRkNkJmcy1xbl9OOGMyWnVzWGNjREVla2lmZjhnYXpueWN6dmxnTXZsb3ItTWFPdHFOQTBJaXVB?oc=5
Petrobras,Energy,2026-05-12 03:32:12.975251,,2026-05-12 03:32:12.975251,FINANCIAL_SYSTEM_RISK,WEAK_SIGNAL,WEAK_SIGNAL,2,0.5,GENERAL_NEWS,0.36,"Petrobras Gave Up Projects in Brazil to Reduce Chartering Costs, and Mero 3 FPSO Risks Being Built Abroad - CPG Click Petróleo e Gás",,,Google News RSS,https://news.google.com/rss/articles/CBMi-wFBVV95cUxQQ2haM1NQd3VJNmZYWDBHTURpd3AwcDBGSEdPZGkzTy11bW5qRG1LWTRBc2RLR2VNeUtoeXFENWVrT29nc09DSm9fWkk0UHZQVU5lUV9zYW0xQ25SODVVRE9YaUgtbEM1LWxkblRTYmJMcWF1Z0VkS20ybGotUzZVZG01dHlLQzMta09rRHJXdDAyc09LVVR4YXpNSkp2YVpyZG5VOEtzdjY3M2ZQd200b2o4RVI5OTBCbzQxbGs4cWNWdkQ3LTE3czFUcm1zT1FMaDlOZDczQl80SWxmTlBpMndPQ0ZMTmFaZzBSakRVaVYyMXR6b0E2V3dDdw?oc=5
XP Inc,Financial Services,2026-05-12 03:32:12.975251,,2026-05-12 03:32:12.975251,FINANCIAL_SYSTEM_RISK,WEAK_SIGNAL,WEAK_SIGNAL,2,0.6,WEAK_SIGNAL,0.42,LatAm private banking: XP reaches outside the comfort zone - Euromoney,,,Google News RSS,https://news.google.com/rss/articles/CBMivgFBVV95cUxOVlBqSWNQQWdpVWNLd0Nud2FBemgtckhudnNSd2pJNnZpcGZLNF9DZGdSOVRJd2kyYm1Bam0yZXNlLVJNNVNDRzhkOXRRd2pNQUZfS0FHczFhRUVVcm1YaGlDaHFldHBkZlNXdTlISXZJNXBlT1ZaYTBZaVg3YVNJNWJwMlkyWF9pZnVrdURwS1p2YTB3UGJuYmtfRnZtdXpxYTBmOEJVQzBCZkFhUlE5X0RjOW1RbFBQOWJlcGdB?oc=5
XP Inc,Financial Services,2026-05-12 03:32:12.975251,,2026-05-12 03:32:12.975251,GENERAL,GENERAL_NEWS,GENERAL_NEWS,1,0.2,GENERAL_NEWS,0.44,Polaris Recalls Some Model Year 2025-2026 Ranger XP 1000 and Crew XP 1000 Vehicles - polaris.com,,,Google News RSS,https://news.google.com/rss/articles/CBMiygFBVV95cUxQUWJSZWc5VllmRGRhaEF0UUQ3cDdRSFlmSGF2RGdRT3I3RTJZVWg2SG1tQnBETjZSaHZiNUdsSVhjclo0WjBXLXpYQ1ctN1RlUWpCMk5YX3dibHd5aHhJaW9ZaDZZVWlyTWdxaGJPM1ZVQjZaLVBralVpRlNuNC1ONDY3M3M1dkZOclpOR3gyaGRkOU96LVMxdFhlanRxN3YzRlJEVVRET2QzR3JEUVc3ZnVTdkNseV9JWTZVTmQ1bTQtcE9uODZncGFn?oc=5
XP Inc,Financial Services,2026-05-12 03:32:12.975251,,2026-05-12 03:32:12.975251,GENERAL,GENERAL_NEWS,GENERAL_NEWS,1,0.2,GENERAL_NEWS,0.5,Xanthelasma Palpebrarum Increases Markers Indicative of Atherosclerosis Risk - Dermatology Advisor,,,Google News RSS,https://news.google.com/rss/articles/CBMiuAFBVV95cUxNRjAyQ193OUJ1VDRLbVRaZlRwWEltNEhobXFOekxNb0g5cVdoSVVIeUliZHVSOXZUXzIxeElVODhwNjlBTlZNZ1ZQMklPN3hSYVpBVk5TZUVBT09zbkVXSm9XNWhobHVnb3VMN0pRUVBVY1ExajJIamlJc0ltUHRHVWNYbXBNVnRKTXdFc3Ewd3FCOUVtNnJTU3dub29teGd5VDloQVpPY0poWU1EcGtUTThTMGp3QXpI?oc=5
PagBank,Payments,2026-05-11 03:30:23.188430,,2026-05-11 03:30:23.188430,GENERAL,GENERAL_NEWS,GENERAL_NEWS,1,0.2,GENERAL_NEWS,0.39,Does Softer EPS Estimates Amid Expected Growth Change The Bull Case For PagSeguro Digital (PAGS)? - simplywall.st,,,Google News RSS,https://news.google.com/rss/articles/CBMi5wFBVV95cUxNNmNNV3hqLTNEZ2ZlZDM2STJLWl9tNW1pbHJCYlpUd0FhUEE1UXRZNk9BVjB1MGJ5RzYwWVJaMGNta3hKdjNkTzBVZHJHeWNra0x0WjlaU1BVUkE4ZjA1aVI0ZUlwTWhmWWR0Si1xUXJfU2J2a21oZzJkNlVYMmZsdmdkNkRWZmRPQ3JSdVZOSVRDREdCdlVFYmlFU0VOMkROdHR3Wnh6aG9fQ1RDU2h4WmNENVZnQnIwWGJJMC1YTjBkUHRqcGs0WjBtNHZPNmNnZ2loS3dkNHRnd011a2RaVllqa3ZhT0XSAecBQVVfeXFMTTZjTVd4ai0zRGdmZWQzNkkyS1pfbTVtaWxyQmJaVHdBYVBBNVF0WTZPQVYwdTBieUc2MFlSWjBjbWt4SnYzZE8wVWRyR3lja2tMdFo5WlNQVVJBOGYwNWlSNGVJcE1oZllkdEotcVFyX1NidmttaGcyZDZVWDJmbHZnZDZEVmZkT0NyUnVWTklUQ0RHQnZVRWJpRVNFTjJETnR0d1p4emhvX0NUQ1NoeFpjRDVWZ0JyMFhiSTAtWE4wZFB0anBrNFowbTR2TzZjZ2dpaEt3ZDR0Z3dNdWtkWlZZamt2YU9F?oc=5
PagBank,Payments,2026-05-11 03:30:23.188430,,2026-05-11 03:30:23.188430,GENERAL,GENERAL_NEWS,GENERAL_NEWS,1,0.2,GENERAL_NEWS,0.43,A Look At PagSeguro Digital (NYSE:PAGS) Valuation After Recent Share Price Weakness - Yahoo Finance Singapore,,,Google News RSS,https://news.google.com/rss/articles/CBMiiAFBVV95cUxNZ3VlRnV1RVpaYS1FU1NXVEZaejN4OUlNb3NvRnI1ckdrYVZFQ3pNdl9WQk1YRkNjazlRQkNPaExzYUc5UXQ5MGstbTFURy1uWmFEN0gwaWFHUVVGTEc1NFBIME90SVlhM3ZwaElhN3F6VWl6SW84a3R3Z3BROFRJUG13U2lkUUlh?oc=5
XP Inc,Financial Services,2026-05-11 03:30:23.188430,,2026-05-11 03:30:23.188430,GENERAL,GENERAL_NEWS,GENERAL_NEWS,1,0.2,GENERAL_NEWS,0.41,New cybersecurity report details risk of running unsupported software - The Official Microsoft Blog,,,Google News RSS,https://news.google.com/rss/articles/CBMiwAFBVV95cUxOSWR1N1VNaHdRTDY1eUlTMmQyMWdyLVNhN0IwYUtxU1hsQWFucGJuTWNlLUhVUVR6dVRROXprd2t6YnhRUkxOTnRDZHliOXVRM1o5Z0l6YzlmcFVvS2FtOVJRQ052SXBkV0NsdHJ6bVhQMzdGdzh4eFZNdTZBZE8tbEptNzRxLUFXazRmekFtc0U1d1FoVW9rWmxQQjRqRXR1TmpKdTg1R2ZhZ09SVlV1a3lvbW44QzdJa3VUdlpCT3U?oc=5
Nubank,Fintech,2026-05-11 03:30:23.188430,,2026-05-11 03:30:23.188430,GENERAL,GENERAL_NEWS,GENERAL_NEWS,1,0.2,GENERAL_NEWS,0.42,Nu Holdings Ltd. Reports Fourth Quarter and Full Year 2023 Financial Results - Nubank,,,Google News RSS,https://news.google.com/rss/articles/CBMivAFBVV95cUxNeVRNdk9vUUhibWkwRWh1RWx6amh3c1FhcmR5TTJsR3JGa0Q0UlVrcjJQTkZQLTVpSjNzaEgxMVdKNkRZdVZYRWRjb3liYmNjNmR0SERJbDR3eV9jeHliZ3NldlJJejZ2MUdlMWdMQmd0TXJCbndZWTRWTHEwMG1EelBRWklLY1dFaXVRdEhXd2xCN0Q3V2d5YnZsQTNKQjd6WDFGVVBzQjZVcHZ2cTZWN1MxU0dFSGJLM2U0aQ?oc=5
BRB Banco de Brasília,Banking,2026-05-11 03:30:23.188430,,2026-05-11 03:30:23.188430,FINANCIAL_SYSTEM_RISK,RISK_SIGNAL,RISK_SIGNAL,4,0.75,RISK_SIGNAL,0.34,"Acionistas do BRB aprovam aumento de capital de R$8,8 bi - TradingView","Os acionistas do BRB aprovaram um aumento de capital de R$ 8,8 bilhões.","This news could represent a corporate risk for several reasons:

1. **Increased debt**: By issuing an additional $8.8 billion in shares, the company is essentially increasing its debt burden. This can lead to financial instability and make it more challenging for the company to meet its financial obligations.
2. **Dilution of ownership**: The increase in capital could result in a dilution of ownership for existing shareholders, potentially reducing their equity stake and influence over the company's decision-making process.
3. **Reduced profitability**: The influx of new capital might lead to an increase in costs, such as higher interest payments on the new debt, which could negatively impact the company's profitability.
4. **Risk of financial instability**: If the company is unable to generate sufficient cash flow to service its increased debt, it may face financial difficulties, including bankruptcy or even delisting from the stock exchange.
5. **Perception of excessive borrowing**: If the increase in capital is seen as excessive or unnecessary, it could negatively impact the company's reputation and lead to a loss of investor confidence.

However, it's also possible that the increase in capital is a strategic move, such as:

1. **Expansion plans**: The additional funding might be used to invest in new projects, research and development, or expansion into new markets.
2. **Mergers and acquisitions**: The increased capital could be used to facilitate strategic mergers and acquisitions, which could lead to increased revenue and market share.

To assess the corporate risk associated with this news, it's essential to consider the company's overall financial health, its industry dynamics, and the reasons behind the increase in capital.",Google News RSS,https://news.google.com/rss/articles/CBMieEFVX3lxTE9KMEpHc3Z0Z3ZsSkprbDR4RFJLOTk0MzZrMU9JMjQ2VV9pVDlCR1cwMzVfSDV2U1FNY0d5cDJOMTNRdTJUTEhvbjA4aVdORm9iMFZ0R3V6UUN6RlhIbU5Jd0lDaWd5MHZzWnVhVTEzQnhNOFF5TG1pUA?oc=5
Stone,Payments,2026-05-11 03:30:23.188430,,2026-05-11 03:30:23.188430,FINANCIAL_SYSTEM_RISK,WEAK_SIGNAL,WEAK_SIGNAL,2,0.6,WEAK_SIGNAL,0.38,Is StoneCo (STNE) Resetting After A 78% Five Year Share Price Slide? - simplywall.st,,,Google News RSS,https://news.google.com/rss/articles/CBMi1wFBVV95cUxQRHpNc2FaU3BHbmNvQkRFTnF0dHBCenhkYnJ4b2FuWkg0NGJNdTFhVjJIai1hcWxCc1ZoN1RNMTQxQ1dlSzdKQ3BRQzcyZy01Q3JZc0NodVJnWmdHLUJ5bWhKUWxCZzJzNnNFN2NNUTFYT0w0YUxqN2tMQ1pLQnhqRDVHcUlXUUdMMmdEcldPVkt0RmtzdU5NZmwtcVdHSnBNeUQ5S1N4aHk2cEZjZ2RHallCdEFtamdtQ1FKVThCYkZkOEJYUVdiNVBBX29SVWwzbGZhZXRGc9IB3AFBVV95cUxQNUNBalZoYTJzeUxMUFZ5ZVJseUNJU0RWaHBUODJva1BkZnB4ZTBVLUJKMGZMeGptaHd4T1psYjF1aEdFYTdNT0Zwb3NQZTZmeTMtampVc2l5bDRCUnBWbThrOXdDalZWajVQc0s4SmtuRmJqakJtTGpYLWNULVBXQXZ3NHZjSzVsOEU5ZHVnNlJyc1pvT1R0ODdobTI2ZE96eGl5YXFWeDJPZnR1eURxV1hOeXc2Q1VORS1ESi1jSkJJTjQzNHUxUkk1RGxxUHBTMzlsV2xoU0pfNURy?oc=5
Eletrobras,Utilities,2026-05-11 03:30:23.188430,,2026-05-11 03:30:23.188430,FINANCIAL_SYSTEM_RISK,WEAK_SIGNAL,WEAK_SIGNAL,2,0.6,WEAK_SIGNAL,0.47,"Eletrobras: Low Beta, High-Yield And Easy Pick (NYSE:EBR) - Seeking Alpha",,,Google News RSS,https://news.google.com/rss/articles/CBMiiAFBVV95cUxPTGRoSU1hSGhTWFpNbmlQNm9IdzBSekhhdWZ6SWd1Y00wQUtwZkJreUd4TzBmNks2X3M3SVEybzBFNUxtbWVJT045NGQ3RHF6bkw0Z3RFWlJXa1NzcWdqRTZBS3VudC1RQkJ4U3BFdG5TcFhFY0JZVVBCcGdESWNVR01QUGFwLTZt?oc=5
Vivo,Telecom,2026-05-11 03:30:23.188430,,2026-05-11 03:30:23.188430,GENERAL,GENERAL_NEWS,GENERAL_NEWS,1,0.2,GENERAL_NEWS,0.53,"Telefonica Brasil (VIV) Stock Price, News & Analysis $VIV - MarketBeat",,,Google News RSS,https://news.google.com/rss/articles/CBMiVkFVX3lxTE14cHpvekUzRGoxNW5HbWh1a3loTjRBaDVuNzJoQnZHLWZ3eDhtR05CcFBZcUtoMHdQZG1ubjRMcWJ2eUVDV0tFUW03ZmJXVF96X2NKeURR?oc=5
Vivo,Telecom,2026-05-11 03:30:23.188430,,2026-05-11 03:30:23.188430,GENERAL,GENERAL_NEWS,GENERAL_NEWS,1,0.2,GENERAL_NEWS,0.47,"Telefonica Brasil To Go Ex-Dividend On April 28th, 2026 With 0.04604 USD Special Dividend Per Share - Moomoo",,,Google News RSS,https://news.google.com/rss/articles/CBMinAFBVV95cUxPNmI5U3d6NFF2UnFuU2dOQjJXaURYVjBpRDUwdUxLS2tGWmRDQTdzWDRjTTh3Wk1RUjQ0VVEzbkhCOFVFRGhqNmtBZnlzQ2U5WjFBNExQVlpkU1JlMFYtMlRKc0lvc2tGWWMzcHhyUHoxcEdiVU51WFlBVW9VRlRjbEZGZWFMYXpISnJjdlUyVXhKUGE0SnlhRXQwczA?oc=5
Vivo,Telecom,2026-05-11 03:30:23.188430,,2026-05-11 03:30:23.188430,GENERAL,GENERAL_NEWS,GENERAL_NEWS,1,0.2,GENERAL_NEWS,0.52,Telefônica Brasil Stock: From Yield Play To Defensive Compounder (NYSE:VIV) - Seeking Alpha,,,Google News RSS,https://news.google.com/rss/articles/CBMinwFBVV95cUxNcHBMTU5UdEVIUW9nVVVKZ1YzNUVqcE1qa1hmcm1rc182aXhpNllFMUxpMDdMTnJMMm5IeXg5bnhHR3J1QUgyaTF6Tmx4SGJnQzhDbnd6V2VybXZJSm1aU21zZXp0LXNHU0lqZ2wtUXp3UnJTVks3dVF3R3FzMUpzMkhHbDRzQ3VXZUVJdWVVbFc0ekhYeWVtdV9Ld3RSTUk?oc=5
Vivo,Telecom,2026-05-11 03:30:23.188430,,2026-05-11 03:30:23.188430,GOVERNANCE,WEAK_SIGNAL,WEAK_SIGNAL,2,0.5,GENERAL_NEWS,0.42,Telefonica Brasil appoints new CFO and IR officer - Telecompaper,,,Google News RSS,https://news.google.com/rss/articles/CBMilwFBVV95cUxOQWtEM3BhSHRDQUFVb05sTVlyQVlTUXFCZ1pydFlyOFhGVVlZcHRYRHZIT1UyMDVkNTZNdFJpTEVHM1NManJXcWRUTGFnSGVHcUY2S0NfZXBxVVE2V3RId052cVVDQXVPckZ2SV9hYk52bzhTaDBqYS1ZSVFiTWEwYi1IMG1GWDFjYXBycDlIWUwzTUJqSmRv?oc=5
Vivo,Telecom,2026-05-11 03:30:23.188430,,2026-05-11 03:30:23.188430,GENERAL,GENERAL_NEWS,GENERAL_NEWS,1,0.2,GENERAL_NEWS,0.46,Is the Options Market Predicting a Spike in Telefonica Brasil Stock? - TradingView,,,Google News RSS,https://news.google.com/rss/articles/CBMixAFBVV95cUxQYzI2NnhZeDFpT1M0b05OVEFNeUhBbWhrMjFWYzl0NGpYeGxFakp3dFNUT2lqaS1fLUdHTURMYzhZYkNaRzVuV1JnbDlpX3NGV2xRdUR1QVZNSW04TE41c2xqMDJZWExCMGNKZnRORmJ3VTA2QjEtVG15NlF0Q19nUGNUYmQteDRqdFhLSjg3LWVPekU0Nl9qYTA5V2tZV1B2SVlXS2VZQXl1dUotcVg2YWhzM1RQa2IwaHRjaWNBNmtmVW5z?oc=5
Eletrobras,Utilities,2026-05-11 03:30:23.188430,,2026-05-11 03:30:23.188430,GENERAL,GENERAL_NEWS,GENERAL_NEWS,1,0.2,GENERAL_NEWS,0.47,Eletrobras (NYSE: EBR) holders back 1.1-for-1 conversion of class B1 preferred shares - Stock Titan,,,Google News RSS,https://news.google.com/rss/articles/CBMivwFBVV95cUxOVUFMNDVKYjVaWnNIVG5BZXkzeE9QVjgwYVBTcHR6YXFNNE4xcjIwbHZQaFNJUWdzbVlBNGlfS1MzT1NDNFdTRWFCZWxNUzFmRkFqQms4YlRYbm9pYkkyd2JQLXYxMEhuSU1GTFdZQlppSHhWYUdjUnRNZUFMM0JISHhtVnUwTFpnb3lRbG03MGdGX3M0TkhNbi1WOW5HRVpIN3VLd2JxcUhVdnRXTmExVzFxUzcwQVZ0SHNBVHg1aw?oc=5
PagBank,Payments,2026-05-10 03:31:14.649865,,2026-05-10 03:31:14.649865,GENERAL,GENERAL_NEWS,GENERAL_NEWS,1,0.2,GENERAL_NEWS,0.38,PagSeguro (PAGS) Declares Special Cash Dividend for 2026 - GuruFocus,,,Google News RSS,https://news.google.com/rss/articles/CBMizgFBVV95cUxQSWRVNERfckx6ejFjX0t3NDJUUzdGaHZ6TFktUlRFZjhIMC1RVE9fTUw3MHUtZnF0MElmek5ieWhXYlBYNGFwZmpDVTlUVTVtbUMzX3gzVUFLc3BNY2tCX3IwUzd2SG04ZUFXVXQwcW1kclZXUmFCNVFBX1N4NVVxSUx2TUVEWElUZmh0S0VqWHE2WHNRWmg0MFk2QWxSRnRUazVRVUlUZnFTWmhpVExXVFBmSGN2c1FIWWdURHdDQ05WSkV1UUlVRHRMVUxNZw?oc=5
BRB Banco de Brasília,Banking,2026-05-10 03:31:14.649865,,2026-05-10 03:31:14.649865,FINANCIAL_SYSTEM_RISK,RISK_SIGNAL,RISK_SIGNAL,4,0.75,RISK_SIGNAL,0.36,Brazil's BRB raises $604 million in FGC-backed bond sale - marketscreener.com,Brazil's BRB raised $604 million through a bond sale backed by FGC.,"This news could represent a corporate risk for several reasons:

1. **High debt levels**: The fact that BRB raised $604 million through a bond sale suggests that the company has significant debt obligations, which can put pressure on its financial health and limit its ability to invest in growth initiatives or weather unexpected expenses.
2. **Dependence on external funding**: By issuing bonds backed by another company (FGC), BRB may be relying heavily on external funding sources, rather than generating revenue through core operations. This increased dependence on external capital can make the company more vulnerable to changes in market conditions or funding availability.
3. **Risk of credit downgrades**: If FGC's creditworthiness deteriorates, it could negatively impact BRB's ability to service its debt obligations, leading to a potential credit downgrade for BRB and increasing its borrowing costs.
4. **Lack of transparency and control**: By issuing bonds backed by another company, BRB may be ceding some control over how the funds are used, which can make it harder to manage risk and respond to changing circumstances.
5. **Regulatory risks**: The use of FGC-backed bonds could also raise regulatory concerns, particularly in Brazil where there may be specific laws or regulations governing debt financing arrangements.

Overall, while this news may seem like a positive development for BRB in terms of accessing capital, it highlights the company's significant debt obligations and reliance on external funding sources, which can represent corporate risks.",Google News RSS,https://news.google.com/rss/articles/CBMirAFBVV95cUxOSEdCalNQZ1pWbUx6VVFNYVlMZW9vXzV1dmpnQ21jLTdfcVF4QnFnWW56NkxrQmtrMzdtTEptNlRQZVp1WWJSOUlNYVl6aXNxc2Y4LUExMjBPQXlHWERmSmpZZVppMGRKMlRPYkZNVHRJQUVSRENUUEFBMExfb0VGUmg1ZGdZLTBMY1NaaVp5VjZJOFBqVXRwVkF4ZWpUemJqZElMYndXaEdMNU1G?oc=5
BRB Banco de Brasília,Banking,2026-05-10 03:31:14.649865,,2026-05-10 03:31:14.649865,FINANCIAL_SYSTEM_RISK,RISK_SIGNAL,RISK_SIGNAL,4,0.75,RISK_SIGNAL,0.3,"PF prende ex-presidente do BRB Paulo Henrique Costa em investigação relacionada ao banco Master, diz CNN - TradingView",O PF investiga o ex-presidente do BRB Paulo Henrique Costa pelo envolvimento com o banco Master.,"This news could represent a corporate risk for the following reasons:

1. **Association with a major financial institution**: The mastermind behind this investigation is the former president of BRB Bank (BRB), Paulo Henrique Costa. As the ex-president of a bank, his actions and decisions can have significant implications on the overall stability and reputation of the banking sector.
2. **Investigation into Master's finances**: The fact that Paulo Henrique Costa is being investigated in relation to Master Bank suggests that there may be concerns about financial irregularities or mismanagement at Master. This could lead to a loss of investor confidence, reduced access to capital markets, and decreased credibility for the bank.
3. **Potential legal implications**: As a former banker, Paulo Henrique Costa's involvement in an investigation can also raise questions about his personal liability and potential legal exposure. If found guilty or implicated in wrongdoing, he may face serious reputational damage and financial penalties.
4. **Ripple effect on other banks**: The news of the investigation could create a ripple effect throughout the banking sector, potentially leading to increased scrutiny and regulatory pressure on other financial institutions that have dealings with Master Bank.

In summary, this news represents a corporate risk due to its association with a major financial institution (Master Bank), potential legal implications for the ex-president (Paulo Henrique Costa), and the possibility of a loss of investor confidence and reputational damage for the bank.",Google News RSS,https://news.google.com/rss/articles/CBMieEFVX3lxTE16WmNielhOdEVQSVp2OG8zaGxsR2FKMndURlV3YkZNQ2RPaG43eGRMcXNmLVdWT2N3M2J1NmFuNl9FZFVfWVRGU2pvZWtuSnFQMDF0YW10UlUwdEdLczkxVk5DVUFWNGJ5UHFZQ19ydlpNMXV0a0RlNg?oc=5
Banco Inter,Fintech,2026-05-10 03:31:14.649865,,2026-05-10 03:31:14.649865,GENERAL,GENERAL_NEWS,GENERAL_NEWS,1,0.2,GENERAL_NEWS,0.46,"Banco Inter and Chainlink complete first cross-border, cross-chain trade experiment - American Journal of Transportation",,,Google News RSS,https://news.google.com/rss/articles/CBMirAFBVV95cUxNdmN5bEkwUmV2VzlUSldDelV4RkdGUkV6NktwYkJvZG1TMVNjbDh6RElGWXpRZE5VaWlxdXEyREVCV1VzZXliZUlaTmZGUjJKLV91MkJxLWdURVNVMDVzSkZjUlB6QnpTNUhDMmVxa3VkTk91MDlBaWdVRlBNTzlfWGdlcGd2NUdBNmdJYkhVczhIcHAyNnY3bHZmUDNtZGNGc0JjMmE3Q0ZtbXow?oc=5
Stone,Payments,2026-05-10 03:31:14.649865,,2026-05-10 03:31:14.649865,GENERAL,GENERAL_NEWS,GENERAL_NEWS,1,0.2,GENERAL_NEWS,0.5,"STNE (StoneCo Ltd.) beats Q4 2025 EPS estimates by 7.1 percent, shares rise 2.48 percent in today’s trading. - Crowd Risk Alerts - Cổng thông tin điện tử Tỉnh Sơn La",,,Google News RSS,https://news.google.com/rss/articles/CBMi1AFBVV95cUxPSlE4bmtzaDRqOGtveUljVXBmTUVqeE5MOURkZVZkdjU3X1hualBuOWxkUWtWcUlteUFPWjVmbEsxSWpndWp5QTVSZUhZY2RiQnJsR0UzWE91bHBkclBxR2pWUG9heXFPY09IbGJlbmVTYzFkQWdYUnhWV3NobmNQb0hObUxoZGR1ZDQ5NmR6VVFncmFaeFZTRk9xVVliSHRCR25jdUlVdWZWaWxndGFESlpQTUxzeUtxWGpfWi12ajhZcGtNeXpMYjhGZ05uTUsweVd1UQ?oc=5
PagBank,Payments,2026-05-10 03:31:14.649865,,2026-05-10 03:31:14.649865,GENERAL,GENERAL_NEWS,GENERAL_NEWS,1,0.2,GENERAL_NEWS,0.4,How Pagseguro Digital Ltd. Class A (PAGS) Affects Rotational Strategy Timing - Stock Traders Daily,,,Google News RSS,https://news.google.com/rss/articles/CBMi6gFBVV95cUxNM2dvR2VvOWVQcTZ0MTI2ZTRVWUNnejlUbTBkV1pzeGZtSFM2dDlvS29wa200SVVocGNoQk5qSy1FVkhlS3Z4XzVTcC1BdkpPSHRqY2E5bk94YUpFTUVVWFZ1OXU1RVZicmJQbkM5T3N0cG41RFBfWndnbDJSYk55NzB2TWg5N3FiTnJVY19BaWc5Z3JwMElUZURYUUdXM2ZvVHhBZWNHc1VLOXMyLU96QXNGNHZhSWpNaFA4eE9Fc1U1MUtTZVBVMHdEcjVIN21IM0sycmg2d1VsUVNER1hHV3FfOU9LV1ZMeEE?oc=5
Vale,Mining,2026-05-10 03:31:14.649865,,2026-05-10 03:31:14.649865,GENERAL,GENERAL_NEWS,GENERAL_NEWS,1,0.2,GENERAL_NEWS,0.52,"VALE S.A. (VALE) posts steep Q4 2025 EPS miss despite mild YoY revenue growth, shares edge slightly lower. - Market Hype Signals - Cổng thông tin điện tử tỉnh Tây Ninh",,,Google News RSS,https://news.google.com/rss/articles/CBMi3gFBVV95cUxPU1FmLTl0WDlWVTJaVzJkemJLRTdKakd1QWtZcXlVcDhSeVNkWm42WVR5b1gtZnBGNDRYNmRaRHVoZ2d4Rl9kb0V2QUtpaUhndE5zRlZ4eGdfZkdFUjM5WGQta21GRE5WUTdDcWFqUjkzdERVNTZZX2VlNTRmZGdnRWV1X2xfR1pyaF9CYmd2dGdEbXdudXFuSUUzczJoOWo2Q1lxcVpaeGYyMEs1UFU1LW1ySUJKdzViaGx6NTVnbzhHWWJSMTNfWkhRLXpKcXRaMXdFSnlMZ1FRWUhJR1E?oc=5
Eletrobras,Utilities,2026-05-10 03:31:14.649865,,2026-05-10 03:31:14.649865,GENERAL,GENERAL_NEWS,GENERAL_NEWS,1,0.2,GENERAL_NEWS,0.5,Eletrobras (NYSE: EBR) moves Form 20-F filing to April 24 - Stock Titan,,,Google News RSS,https://news.google.com/rss/articles/CBMivwFBVV95cUxOX19yTGZBWVZrOHdyTXQ5aVh6T25WRlNVLThHYlA5d2FjTm5uV0hOYnN0TDFyektjRndUT1hGaGZ6dnJZdEpxcmRFdUNJdlhQWkdOeV9sdnRZME14MmtwUFRqZlAwUjlHeklnZTRHc2wzU0ZxYVJhc1haNzdIU2lSRWhmbjhQUF91Tk1qSmV3LXRYX1JqYkFlWXJrMmU4Z0h2UzQxNUpKRUxWOV9Ha1JhcmtBQTloZlVYcGFYajN2MA?oc=5
Vivo,Telecom,2026-05-10 03:31:14.649865,,2026-05-10 03:31:14.649865,GENERAL,GENERAL_NEWS,GENERAL_NEWS,1,0.2,GENERAL_NEWS,0.47,"Barclays Maintains Telefonica Brasil(VIV.US) With Hold Rating, Raises Target Price to $16.5 - Moomoo",,,Google News RSS,https://news.google.com/rss/articles/CBMitgFBVV95cUxQNmhlekFIZmZrcjFwYVBjOEpNMFliVDRQTWpQWmk3RWd0b29tOEVnMUQzSUlheE0zMldRa21nSlVEWEVnYkZtRjN6WFpfSXNqMGpVMW4wcUN4MjhJVVFJTUpCcTJucmdKeTlNblBZbHhHZ3c4cWNuVktVdklxQnVoVW5xaURVMDNWRHk1blNRdVJGRFNUX3hlb1hJekQtRktJYk13NHhRTUkyNG5aa201V2hXRVFHZw?oc=5
PagBank,Payments,2026-05-09 03:31:26.903113,,2026-05-09 03:31:26.903113,GENERAL,GENERAL_NEWS,GENERAL_NEWS,1,0.2,GENERAL_NEWS,0.49,"PagSeguro (NYSE: PAGS) outlines macro, AI and data risks in Brazil - Stock Titan",,,Google News RSS,https://news.google.com/rss/articles/CBMiwgFBVV95cUxNVmRkMkU5OVEzb1NlOW5VS2N6aURkdVJGbm5QN2Q5VlJGWElpS2w4UEF1M2Y5T2lEUnZaZk5MQWNJcGU1UEtVR3ZuTExPZnlPZUM4SXN4eS1GUjM4ZDRDVEZFd3hDOEJnT2xDYlNsRUh5X2s2RHAyNG5hRWdnQWJ1Y25wVFBHaGJLR2ZwVjBnaWRMNHNxSEdPTXg3cDVCV2RJdmpocWNEN1h0RzFNR3FVREU3cWFXVXlzSkp0UUpRaGVBZw?oc=5
PagBank,Payments,2026-05-09 03:31:26.903113,,2026-05-09 03:31:26.903113,GENERAL,GENERAL_NEWS,GENERAL_NEWS,1,0.2,GENERAL_NEWS,0.51,"PagSeguro Digital: Cheap, But With Some Country Risk (NYSE:PAGS) - Seeking Alpha",,,Google News RSS,https://news.google.com/rss/articles/CBMiigFBVV95cUxONWZSWkhaM3lRSEYxZGJtek1kNTJ0WlN1b2Y4T2pvU1NmQ29YOHRFbHJMVmdyV2pvdENPWEt4YTF1bVdESVJxNmVzX19CNm1CZ1lpdW5pSWpkV0RfTzBJMEdqOEFxbTdGRjNwUVI5eXVoNTZ6MjNoZ2xTV252YXI4U3pRTnc4VDNxZ3c?oc=5
PagBank,Payments,2026-05-09 03:31:26.903113,,2026-05-09 03:31:26.903113,GENERAL,GENERAL_NEWS,GENERAL_NEWS,1,0.2,GENERAL_NEWS,0.41,A Look At PagSeguro Digital (PAGS) Valuation After Recent Share Price Momentum - simplywall.st,,,Google News RSS,https://news.google.com/rss/articles/CBMi4gFBVV95cUxNNU52T2VuSUdrdDNYRnItWkVKaUZjVlhlOE5qNlhMZElNeGJZa3FMZFloYTg5SnJhbFh4WUFJR1k3aFBqSEZYc0dKS04wbTFfYlRPSVVtNkxUQkRKdWdQQk5UTXU2VVBKN0xmendUY2hYaDBGX0VoRHJyV2hGZWFCSERIdUs4b0lwaVVnZFp1QW9YMldRMmdEcjVUVXphZDNWOElnTzBodjIxSXhWSmR3YXk4bmZHLUFfWF9OdllPOEd4N0tRTXN1Y3lkdXlqRWM4eE5ON1VHaFc4SnBpZnNmbWJ30gHnAUFVX3lxTE9CWC1QY2ktMVRRMWxZdk9BQjlHZ1N3U09ZX1JGeXpsYkZTcHAxZ1dMV3lCMXpvaXI2N3A4Y0dlRmJZWHNnejZSM2pBSzJpQjVZOEJ4RlE5NUFNd3BzcVYtSllZNXBXZ2FmeDNSNm9kYjZPbndKanNHYmNtc3Y0QkRfN3hNQ1BEVl80OWthRlVnSkIwRkNJUzBkRWhQdS1vaHB6N0RBUHRlLWp6T2FXWDh3aWk0SExETS1CSGZfMVgyWnVyTG1ESW93WF8yNmJxNmw4VE5WcGVOb1d2T3FYOTFxQzM3MTZOaw?oc=5
PagBank,Payments,2026-05-09 03:31:26.903113,,2026-05-09 03:31:26.903113,FINANCIAL_SYSTEM_RISK,WEAK_SIGNAL,WEAK_SIGNAL,2,0.5,GENERAL_NEWS,0.45,PagSeguro Digital Is Exploding – But Is PAGS Stock Actually Worth Your Money? - AD HOC NEWS,,,Google News RSS,https://news.google.com/rss/articles/CBMixgFBVV95cUxQWWE1T0tLcHNzTmdEb0lXcjI1NEZIbmxRX2hZdlFGcWNWX1gtaXFzdTFQczhacHpYRDJlSE42UHFPaFJ0Ulg0NzhNdktLaXJUVjF6VWFBX2NGczlvUXJWUWRJQ0pZdDhENlh5UGJ1R0ZmSFlVeEpwRVVDOEp2TE9pbnVCZFJiNVFHem9tYXRYSXFmLWIwNFlrc09aalpNbUw3UkNhR3o2azZ5MWFDMk9BRDQyQ2FIaEI0OElxYk8xY2xHLWV6cFE?oc=5
PagBank,Payments,2026-05-09 03:31:26.903113,,2026-05-09 03:31:26.903113,GENERAL,GENERAL_NEWS,GENERAL_NEWS,1,0.2,GENERAL_NEWS,0.47,PagSeguro's Discipline In A Market That Overlooks It (NYSE:PAGS) - Seeking Alpha,,,Google News RSS,https://news.google.com/rss/articles/CBMilgFBVV95cUxQWmpZaW1na3NuUVdZRTEzVjVvbjk5bVg5T01qSkhWZkZKdTYxdm1nQjZuZVFaWUMzeFBHRUd2ZEprQm13NmkyRW1pNnhOR3VVYUoyMW5qaWNXMnVRS0dYVmt6ODNHSklWaWtFTWZaQ1A1M2JHZVM2V2prTXEwZUZjVjdTNkFmZHRZbmRvaVhSNlhmcHItb0E?oc=5
Vale,Mining,2026-05-09 03:31:26.903113,,2026-05-09 03:31:26.903113,FINANCIAL_SYSTEM_RISK,WEAK_SIGNAL,WEAK_SIGNAL,2,0.5,GENERAL_NEWS,0.49,VALE (VALE S.A. American Depositary Shares Each Representing one common share) gains 2.01 percent even after sharp Q4 2025 earnings miss. - Dividend Safety - Cổng thông tin điện tử tỉnh Lào Cai,,,Google News RSS,https://news.google.com/rss/articles/CBMi_wFBVV95cUxPeXlUVkdrcC1IM2dPUkdzT3dmVS0zV0UzaVdOMFlyZnN5V01NOS1CNnQ3ZC1HRTgwMy15VlpORlRnNEJZcTJiY1JsbC05VlpVZFVaeU1QanpFTTI5U0ppRU9Gd1RMd2FDWjd1QnhibkJlRmw4UEVmWjVIU0s3cFZSdlVLWl9qcHhwd0ZFeWR0cGQxRlNybXZPazVyMmpRcXFWelVjQS1XYmNyU1JnRlg5cDFUZHkzeVQ4Q3BzNTBsOUNpVkh1R2xwc21zWVRyNlhnNU9IWmtTN0JKTUxUVm11ZzItbk1ZS1VDNzdOQzdScXRvTTZsY0JBQ001UTI0ZGc?oc=5
Eletrobras,Utilities,2026-05-09 03:31:26.903113,,2026-05-09 03:31:26.903113,GENERAL,GENERAL_NEWS,GENERAL_NEWS,1,0.2,GENERAL_NEWS,0.47,"Officer at Eletrobras (AXIA3) sells 34,186 company shares - Stock Titan",,,Google News RSS,https://news.google.com/rss/articles/CBMivgFBVV95cUxPZS1tZEFnT1NiQXpjeXVsLVdKcnFnUzIzR2JMbnJTSk5TenlXRENzUHVyRFBBM1BoN0xRSFhOWkdWMVhXOE9Jd1M5dDk1MzF5eTFCQVp6UWtVTkdPUUZKdlV4d2JjYnBmVE81Ym1Hb1d1NWR0U3BYUG9yWi1jdnJVRGZsOWUwOGpvdDNKb09UQmJiWFZ0N2dQbXlPdnFqUFppVlp1MG9qbG5lOWt4TF9aMjVTMExsNHk4bENNQjRR?oc=5
Vivo,Telecom,2026-05-09 03:31:26.903113,,2026-05-09 03:31:26.903113,GENERAL,GENERAL_NEWS,GENERAL_NEWS,1,0.2,GENERAL_NEWS,0.48,Telefonica Brasil (VIV) Beats 2025 EPS with BRL 15.6B Q4 Revenue Driven by Mobile and Fiber - Finviz,,,Google News RSS,https://news.google.com/rss/articles/CBMiuwFBVV95cUxQRHpnLTl0YlJlWlhkd1JJNk1QRXZTeWZrblkyUlBSQnZuUUFLRTNSY0RuM0l6VG5wX0xLbk1qUGoxQmdOMjl2VUhvajYxYUhGcUtnYjFoeVRVeDg2SXJtVmQyVkxlRThtOXVGUzIzRUh0MEhDTFN2b20tMy1PRlN2WWxBQldZSnQ2SlJwa2J4c2ltbWctbnJaMnpNOVR5TmNEd0hvMHlUZVV0TWNWdUlzN2NlLTRwT3g4SEhn?oc=5
Vale,Mining,2026-05-09 03:31:26.903113,,2026-05-09 03:31:26.903113,GENERAL,GENERAL_NEWS,GENERAL_NEWS,1,0.2,GENERAL_NEWS,0.44,Vale SA | 6-K: Report of foreign private issuer (related to financial reporting) - Moomoo,,,Google News RSS,https://news.google.com/rss/articles/CBMingFBVV95cUxOOGwtRTR6cFFfV0RjQWg2OWZlaG5PbXFWWk9rcnNtT1E3ZDlWQ2J1VFdmdTlKVWNYTHQ0REJqUkhzU09NcWNJRmJCamdPME10X1QtU3FXRUFtNGN2U1ZlQWxuWV85NjZpZTRVdGJ3ek9aRmUwZGFsMjRRT0otc1RLbERkTUNCN2NSVlAwWXJ0T0JDaGxOaUtYRnV5SWo3dw?oc=5
Banco Inter,Fintech,2026-05-08 03:33:06.097070,,2026-05-08 03:33:06.097070,GENERAL,GENERAL_NEWS,GENERAL_NEWS,1,0.2,GENERAL_NEWS,0.53,Inter & Co’s Banco Inter Raises R$300 Million via Perpetual Subordinated Notes - The Globe and Mail,,,Google News RSS,https://news.google.com/rss/articles/CBMi8AFBVV95cUxOUHBubWFQNUdaRnVzTHRYSDNza19RLWlKdlhzR2dFQ2NRaEFlMkxBUDVtNHJWWkZYUFZkUURyRUpzSkVEdkJwc0NFaXhFenY4Tzl3RnIxaFROc0xrdjc1RWo3dHRURndsamNKYXRvbHFTVTdmTEI4bEFmUGdQY016eDZtdl9UYnVWT01Qamp1aVZyZHlMQ2NjOXdQMllMaFk3RGo1R2FWVmZ4Rk5qRVNaUTB0M0NuSWUwRlljYUdGWUJ3bEFiRE8yWFlybVM3MzR5QU5sajAxRGtCWHhaTGxBb3lKbndMZ3hpbS1PSXNpR20?oc=5
Ambipar,Environmental Services,2026-05-08 03:33:06.097070,,2026-05-08 03:33:06.097070,GENERAL,GENERAL_NEWS,GENERAL_NEWS,1,0.2,GENERAL_NEWS,0.41,From First Brands to Ambipar: latest flashpoints in credit markets - TradingView,,,Google News RSS,https://news.google.com/rss/articles/CBMi0AFBVV95cUxPZUNNY19fUHZaVEpXbXlMOEdURjMxQUtsRFFSWkZpaHN4dFFLeUJybVo0X2FDUHNIMUFSX1NKeUxsVHUxb3c3T1psTTEwRHZWNWoxNEkyaGRDWlF0MkxSRmV0RnNYS0wtZWp4NHZCYTZJZjFZU2ZkS3pTUTItSTVHV3ZHWWtQLVlRNmZTbjJSaGtwVjdtN1FPVk1IRzczUTU5RXB5QzJpWERPQkdvNDdrSUk4VTlFdE9lU1J2NTkyMUlhS3NkNGd4SWthUnBuY2xI?oc=5
BRB Banco de Brasília,Banking,2026-05-08 03:33:06.097070,,2026-05-08 03:33:06.097070,FINANCIAL_SYSTEM_RISK,RISK_SIGNAL,RISK_SIGNAL,4,0.75,RISK_SIGNAL,0.4,"Acionistas do BRB aprovam aumento de capital de R$ 8,8 bi - Bloomberg.com","A assembleia dos acionistas do BRB aprovou um aumento de capital de R$ 8,8 bilhões.","This news could represent a corporate risk for several reasons:

1. **Increased Capital**: The approval of an increase in the company's capital (R$ 8.8 billion) may lead to a significant expansion of the company's operations, which can be risky if not managed properly. This increase in capital can also attract more investors, but it also increases the company's debt and liability.
2. **Financial Burden**: The additional capital will likely result in increased financial burdens for the company, including higher interest payments on loans and potentially higher taxes. If the company is not able to manage its finances effectively, this could lead to a decline in profitability or even bankruptcy.
3. **Debt Vulnerability**: A significant increase in capital can also make the company more vulnerable to debt if it is not managed carefully. Higher levels of debt can limit the company's ability to invest in new opportunities or respond to changes in the market.
4. **Shareholder Concerns**: The approval of an increase in capital may also lead to concerns among shareholders about the distribution of the additional funds, potential dilution of ownership, and the impact on existing share prices.
5. **Regulatory Scrutiny**: A significant increase in capital can also attract regulatory scrutiny from authorities such as the Securities and Exchange Commission (CVM) in Brazil. Failure to comply with regulatory requirements could lead to fines or other penalties.

Overall, while an increase in capital can be beneficial for a company's growth, it is essential to carefully manage the associated risks and ensure that the company has a solid financial foundation to support its expanded operations.",Google News RSS,https://news.google.com/rss/articles/CBMiqwFBVV95cUxQOGZjREUtdzFlLVplT3Q2Q181NzNsSWVocWxwdExZUlUzUndIczJYT0s3S1E5UFIzTlFtTGUzTHJEQlp4cFlDLW5SRTBGVk1DdERManVERGVUNU8yd1l1bVYtb1F3T2pOcm9IZ0NPZzA5V29UUEJZWWJ6WVZkb1Y4VFBId2N5YnpYZml3ckxCZmxVaFFsWk15ZXZLWWs1NGdKczhsNnNjc1pMbDg?oc=5
XP Inc,Financial Services,2026-05-08 03:33:06.097070,,2026-05-08 03:33:06.097070,GENERAL,GENERAL_NEWS,GENERAL_NEWS,1,0.2,GENERAL_NEWS,0.45,The Price of Exposure: Xeroderma Pigmentosum and Skin Cancer - Cureus,,,Google News RSS,https://news.google.com/rss/articles/CBMinwFBVV95cUxNeGgzNTBZcG9CNkpqeEtYY1c3ZDItSzRrZExLVjVTSE05b2RyM0k3MTJ0WUhwMm8zc3BBZGRGbVdKNndCZUlwTFVzUXhpeXprdDh2aUI2ZE4xS3FUZjhBb1BBRXZUejRSdEZLbS1KQXhGR2xsQS1qMlNra0VRU0t1eVA0aTFRTDFMem10QjVPdTJWZkhxTHpWeHB6aDJ1dDQ?oc=5
Vale,Mining,2026-05-08 03:33:06.097070,,2026-05-08 03:33:06.097070,GENERAL,GENERAL_NEWS,GENERAL_NEWS,1,0.2,GENERAL_NEWS,0.44,Vale SA | 6-K: Report of foreign private issuer (related to financial reporting) - Moomoo,,,Google News RSS,https://news.google.com/rss/articles/CBMingFBVV95cUxONmJ6QjZ6ek8yQ1pJLVNlaE9GQlB6ZXE1OEJEZ2kzc3pKRVpqMUYtNzZfNkVpX0lQZHVNd01sWU9HeHp0dS10Q011WW4yYi0zYzdmQXJjeDZqN21qSHQ1cmdfX2ltT3FNdlFDYXhMTXJVQ0RScjJUZEFILU5LaUNUR0ZGV2VMalBYd2hiOEdkY3AzQldYNDZlQnZkVDh4Zw?oc=5
Vivo,Telecom,2026-05-08 03:33:06.097070,,2026-05-08 03:33:06.097070,GENERAL,GENERAL_NEWS,GENERAL_NEWS,1,0.2,GENERAL_NEWS,0.5,Telefonica Brasil outperforms NTT in investor valuations and earnings outlook By Investing.com - Investing.com South Africa,,,Google News RSS,https://news.google.com/rss/articles/CBMivAFBVV95cUxPcE5uNjFKOTZXSU92QTBMTjNkTVA0TDdOSDhqM3UtcUFNVnk1Q3A1MUVUaVhYU2xmRlB3eTR3Q003NmgxNksxY1dvb1R4bFpYdEhqcEdxNk9TQ2ZLS0VBSmczbXhDUGF0dGltc2RFNThiM2lIVlpnZHozUmt1WUFXMzRwVnNHMlZTcUNZSWhmZjQxUDBlNWh6NG1IMExrWEpiaWh6WjRJb0hvQzhoMUdXT05hRlpaYU85c21Heg?oc=5
Vivo,Telecom,2026-05-07 03:30:21.660913,,2026-05-07 03:30:21.660913,GENERAL,GENERAL_NEWS,GENERAL_NEWS,1,0.2,GENERAL_NEWS,0.47,Is Telefonica Brasil SA (VIV) Overvalued After 4.3% Rally? GF Va - GuruFocus,,,Google News RSS,https://news.google.com/rss/articles/CBMiuAFBVV95cUxPS2MwSjFCUzFwRms2RVZVYnhyU2pSQVd5OTB2V2pmQXZndG9sYnl5N21Vb2gxM0k0SHRPNENFNy1vZTM4NVFDWk5nYm5ySXFKNWdmblBLSkNtTEkyeDFlcXR4UzJobXVmVFM0TEltMXRkZ21mM01mSFVJd0xzaEVLejhPSGdPS1NaVERKT0FuRE16Q0xDbHhfLVZmaFJ6dDJVOEdjVDAyWmtUUmJvWkNCajlWUVdHNlll?oc=5
Oi,Telecom,2026-05-07 03:30:21.660913,,2026-05-07 03:30:21.660913,CREDIT_LIQUIDITY,RISK_SIGNAL,RISK_SIGNAL,4,0.7,GENERAL_NEWS,0.36,Fitch cuts Oi S.A.’s issuer default ratings to ’C’ By Investing.com - Investing.com India,"Fitch has lowered its credit rating for Brazilian telecommunications company Oi S.A. to 'C', indicating a higher risk of default.",,Google News RSS,https://news.google.com/rss/articles/CBMiqgFBVV95cUxNSDdxekZuY3JXZlFtbHNqcjJjZ1dxMk4xZEZyT0ltdTA4b2locGM0NEs0U2Y1d1BXVWtPcFo2Mi05cGpleTZBREJjV3FnNllLcnhmV0c3dU5KOFNrMXF4eWNwQWV4eW1Cb1hKbnJVX1hoTWV3eWNkeVZrTnZxNWs1bHVFVGtxUHJSV01HVm1DclhWX1ExbXM5bmYzZ1Q3TnZISmRFMzNORmlKQQ?oc=5
Braskem,Chemicals,2026-05-07 03:30:21.660913,,2026-05-07 03:30:21.660913,CREDIT_LIQUIDITY,WEAK_SIGNAL,WEAK_SIGNAL,2,0.6,WEAK_SIGNAL,0.5,Liquidity strain and Alagoas costs in Braskem (NYSE: BAK) 2025 annual report - Stock Titan,,,Google News RSS,https://news.google.com/rss/articles/CBMisAFBVV95cUxPRmZ1VWZiVHp1U0wxMWNmZjUwMHI5OHAwOHFYdExNbjg5TkZxQklZVk1IRTBjVnJlUEpBejVWUXRxQjF3YVdpSHpBYWJKOFl2bVJhOHJTTTBjVXh0OHN6dGptUFhOdE03Sk82TFpRWUQzSHlGVGs3SVAzZkR5ZVJXd211dlg5dDBXaDNKTUpfdWtVSVBhMlZSN0c5WGRkUk9OQk5qWk83M0JMeHJqay1BVg?oc=5
Stone,Payments,2026-05-07 03:30:21.660913,,2026-05-07 03:30:21.660913,GENERAL,GENERAL_NEWS,GENERAL_NEWS,1,0.2,GENERAL_NEWS,0.52,Earnings call transcript: StoneCo Q3 2025 sees revenue growth and stock dip - Investing.com,,,Google News RSS,https://news.google.com/rss/articles/CBMiygFBVV95cUxOSVh2cE85WDdpMFNjd09DNHBtMEt2X0plM2ZDN3NaTmdXeWQyYU02eWJNSWtTRE1rU2pxRFA1R0lXSHRwS1RpeFF6Q09fdGNHSkp5M1Z6TWVpS2JQdktnM055d1NZUVoxMzBDQS1GRF9kd3ZWTkd0LTNXeGZ2VDBnSXMtZzJ4ZmZoZzRhMzZoVjJWMGlGUldNTFIxeTBvMk9RenFlZXlYSXFZeWthcDNwaTNRMUJUMmN4WlJPRlRZRS16ODZLaVBNN2R3?oc=5
PagBank,Payments,2026-05-07 03:30:21.660913,,2026-05-07 03:30:21.660913,GENERAL,GENERAL_NEWS,GENERAL_NEWS,1,0.2,GENERAL_NEWS,0.48,PagSeguro (PAGS) Reports Strong Q4 Earnings with 9.4% Revenue Gr - GuruFocus,,,Google News RSS,https://news.google.com/rss/articles/CBMitgFBVV95cUxOeWhvc1J3WlhpU2pfbmJfc1Q2ZXF6NEd4LVZXT28wZUFWaTJ1VVNQU1Bqa3hZVDh2cmNvSjY3OTAzM3UwOTA3VmZkNUtoM0NJaV85WExSOWlOZXBQYzMwTzdjWTJFTjRxbnpqc2I2b0hQYVlxSzB6X1pvUzRLUmtmeklKYk1nVFAwVHI1bjhMb0h0VjdlWkZYZnktT3BzV1pVRWRzWHNnSVlMWDNzMWNEUmxFTWh4Zw?oc=5
Nubank,Fintech,2026-05-07 03:30:21.660913,,2026-05-07 03:30:21.660913,CREDIT_LIQUIDITY,WEAK_SIGNAL,WEAK_SIGNAL,2,0.6,WEAK_SIGNAL,0.54,NU E Power Hires Market Maker to Support Liquidity on CSE - TipRanks,,,Google News RSS,https://news.google.com/rss/articles/CBMirgFBVV95cUxPYzB1ZVlaME1rTFZ4VmNSXzc5RlEzMDI1b2taWS1ncmlPaFhzNlBQU3RWRUh5OEF0NTdfakpnRXNxTXhzMC1Dc0lmS0prbVpTY29zY201TjQwckZrT2gzM0VjNzUtZ3RDaE9WLTdZSkltNzlOTVpsRkJEWDVhY3R0VlUta1ZzMlIteFdIMmZyT3l4dFhNZ1c3WUtLck04NVdXeWY3UGphNmNMSUVzbEE?oc=5
Americanas SA,Retail,2026-05-07 03:30:21.660913,,2026-05-07 03:30:21.660913,GOVERNANCE,WEAK_SIGNAL,WEAK_SIGNAL,2,0.5,GENERAL_NEWS,0.41,Messages show how Americanas executives tried to avoid scrutiny - Valor International,,,Google News RSS,https://news.google.com/rss/articles/CBMiywFBVV95cUxPMHJtR2RSTGRHejB1UFU3STlpZEt5YUlZNUMwOUg0bGJMN2JEUVZDRHhxdEN0U3VCY3lLZ2ZRSDkxdllyTU0wRm9nMkRfTm41WlI4dWNTUS1UUzNFRkdEaXpuMkRnTFFkc2FFd24wZGluS2gybWttWU15a3RqU1gxTnVyb3l1M2hVN1k5Y1dTMG91U09mX3ROQlJvNk92M3NYd1ZySnpSSUNwTnJlbXM5YkpWalY4UWl1Q2R3bldZY1VXSnRycW9Ec1c2VdIB2gFBVV95cUxNR0ZPQS1CMzduY0pGUDNSbDdEdnE1N0h0Y1BxaXZwbm05UkZndnY4ZUUzZUtfZ1EyVjR2U19Wc29nZzNycjRfa0lHODVsOTRGalU0TU9oRloybFRmTThaelBDVTdmY2o3WHZ6T3FhQzM5QzJhdVczc0dRZWtDel9QYno4bWVpcEVrTXRTMTlZVENld0hWQm5kNzB0NG8wdG1GeTZ6V3NKRjRNU3pHQ1NBMl9JUlFzRTdCTlUyTHBTOUdTcnNaa0h0VzBmMUZneElEU1NKdE1XbmpIZw?oc=5
PagBank,Payments,2026-05-06 03:31:44.897229,,2026-05-06 03:31:44.897229,GENERAL,GENERAL_NEWS,GENERAL_NEWS,1,0.2,GENERAL_NEWS,0.54,Is PagSeguro (PAGS) stock fading in strength (Underperforming) 2026-04-18 - Earnings Beat Stocks - Cổng thông tin điện tử tỉnh Lào Cai,,,Google News RSS,https://news.google.com/rss/articles/CBMirwFBVV95cUxQZUdYc0JYdHBDdXZ5d1FwejhwWU02WVMydEd2WGpnMXZEcFc5LWwtdndia1FyTkNDOE5LVmlzUVVfemhiSTVMRW9OOXlDcVpIWEdELThKRG5kNHhvbXN6Y2dCbXpnUTAtcVdvRVdhS0ZaZ3MtMjQ3SXJERHZQUnpCOUVPODczckNGdVlIb2lIa0ZwYk4wZzNQU21uMFRRVjI1OXZZUUpyWnc5NmIxUTFV?oc=5
Vale,Mining,2026-05-06 03:31:44.897229,,2026-05-06 03:31:44.897229,GENERAL,GENERAL_NEWS,GENERAL_NEWS,1,0.2,GENERAL_NEWS,0.53,VALE (VALE S.A. American Depositary Shares Each Representing one common share) gains 2.01 percent even after sharp Q4 2025 earnings miss. - Dividend Safety - Cổng thông tin điện tử Tỉnh Sơn La,,,Google News RSS,https://news.google.com/rss/articles/CBMi_gFBVV95cUxOTEV6dXdmSHhWdHM4M2N6UFdEMXgxZURlZGpZTExPekUwaG5jc3pjTkJKZzV4aHV4WW9TenNKRndsbnFBeTdnTGlJXzU1MnRkTEJKaXBsQTh3d0hQM19zZUl1QjZTaWtLMlAzZGxSU1lfX1QxOGxnYkdmMFFldHcyaERxOGZRcVVBY3VSMkU3Zm1nTF8tSmt3d3FmWWIyUDlqenh1WGRDMnA4ajhBUTZYbVF5TzA5TVdkT0c5MEphQkluT0pWc1haSFc5bTV5YVNIZEoxbGVXODFnQmE0TGJZX3dQbnpDMU50N3ZNZGw2ZElpSDZlVUxkcjROeFJtQQ?oc=5
PagBank,Payments,2026-05-06 03:31:44.897229,,2026-05-06 03:31:44.897229,GENERAL,GENERAL_NEWS,GENERAL_NEWS,1,0.2,GENERAL_NEWS,0.41,"Press Release: PagSeguro Files Its Annual Report on Form 20-F for the Fiscal Year Ended December 31, 2025 - Moomoo",,,Google News RSS,https://news.google.com/rss/articles/CBMi0AFBVV95cUxNZHlwM0Nvb055MkQybmh6UW9QOHMyUUxOeG5BRnVkdC1nS0F3a0FLVHRkOTAyQzRQS1Y0cW4xeVVabjFqRUQ1UXFsellhSXhIZ3FfRWFyVkI0bGtaZHhnX2xEcW1peHJUeW9HUllnWHNKTEVId1hjaHJ6M1dSRW9sQjk2Sm5WdVEzZW5PYWY5ZEpKMWJLdG5XbUJsN0NVSDkxci1Oc0VUeWZJWFhDRldDNFZOdkdhY1RmMy02VFFpUE5meHA0NFZSdkJ4cGM4VVRQ?oc=5
Stone,Payments,2026-05-06 03:31:44.897229,,2026-05-06 03:31:44.897229,GENERAL,GENERAL_NEWS,GENERAL_NEWS,1,0.2,GENERAL_NEWS,0.45,StoneCo Extraordinary Dividend Highlights Surplus Capital And Valuation Gap - Sahm,,,Google News RSS,https://news.google.com/rss/articles/CBMixgFBVV95cUxPUHFVc0JBdE5VM1lsUlFPRDhVY0RzSU5jLXluOEl6c1VrQ0J6ZUtVWDdxcm1KSk1ldUxpSHhKdWRnV01qRnQtYm1QLUtLbkt6QmlXV2tlYWdDdkVCRVlrT0RKdUdMY3RsM0k3cGcxT2Q5enZRWDREY3B0NERHZ0hsa3NRTlUwNjZEUmlRRlFlRzJHcjdzbTRFX1ZCRzZEUXFhMU5rU085NmxsSjk1eklOLVJtcVIxVlpjT3VkRFFsX0pRX1pZSXc?oc=5
BRB Banco de Brasília,Banking,2026-05-06 03:31:44.897229,,2026-05-06 03:31:44.897229,FINANCIAL_SYSTEM_RISK,RISK_SIGNAL,RISK_SIGNAL,4,0.65,WEAK_SIGNAL,0.34,O pessimismo do BC sobre a tentativa de capitalização do BRB - O Globo,Eu não consegui encontrar informações específicas para uma notícia recente com esse título. Pode ser útil fornecer mais contexto ou detalhes para que eu possa ajudá-lo melhor.,"Parece que você está referindo a um artigo em português. Vou tentar ajudá-lo a entender o que isso pode significar como um risco corporativo.

A frase ""O pessimismo do BC sobre a tentativa de capitalização do BRB"" sugere que o Banco Central (BC) tem uma visão otimista sobre as negociações para capitalizar o Brasil Telecom (BRB), mas há um ponto de vista mais sombrio ou pessimista dentro da instituição.

A capitalização do BRB é um processo em que o governo pode investir em ação no banco para garantir sua estabilidade financeira e reduzir o risco de falência. Isso pode ser uma forma de evitar a intervenção direta do governo nos negócios do banco.

O BC, como autoridade reguladora financeira, tem um papel crucial na supervisão das instituições financeiras, incluindo os bancos. Se o BC expressar pessimismo sobre as negociações para capitalizar o BRB, isso pode indicar que:

1. Há preocupações sobre a capacidade do banco de pagar seus dívidas ou manter sua solidez financeira.
2. O BC tem dúvidas sobre a viabilidade do plano de capitalização proposto pelo governo.
3. Há medo de que a capitalização possa não ser suficiente para resolver os problemas do banco.

Essa perspectiva mais sombria pode representar um risco corporativo porque:

1. Reduz a confiança dos investidores e acionistas no banco, o que pode afetar negativamente o valor das ações.
2. Pode levar a uma perda de credibilidade do BC e da instituição financeira em geral.
3. Possa aumentar os custos de capitalização para o governo e aumentar o risco de falência do banco.

Em resumo, se o BC expressar pessimismo sobre as negociações para capitalizar o BRB, isso pode ser visto como um risco corporativo porque sugere que há preocupações sérias sobre a capacidade do banco de operar de forma segura e sustentável.",Google News RSS,https://news.google.com/rss/articles/CBMiwAFBVV95cUxQcWVJQUJ5OUtyYmJvMlhCQzl3dWs0eXlhSVdWbzJZNHFfTUZmZ284QlgxZHV4NE93ak1aX1F2WHk5dkNCeVBTcEZrdzFfZkZyMEV2SDFIS3c5eC1HaDRJY1lTenFURHdFNnNGZEhOYjQ5dHlyZXBfamR4SjNxN3BrM0hROUlHY2VtT0dzT2xpZ3ExTUg1UWpwNmFZSTctMzJNV24tbUZaMTJyYmFyaEh6SkUzZTBROTlwQzh5bHY1azDSAc8BQVVfeXFMUF9VUkd0QW1jMHlUaUZ3WFByaXZFVE5KVnRMNUVYZGxiNXAxUlZ5ZTN6cmZjTnEtZUFsbm1fRm1nXzd4akxLRmw0MXRBNG1fZlUxVjhsdWhrMzB6bkFacEpFdXBOamMtTDVEOE1YUGJrdHZLT2haNGpiaDhEcWVrRzRGUkx5TXBBbXU2eWNXSm15MmFvTnhTaVJYSi1lbG9RcU55dGxPaDBnUXBqSUowa21TYXBBQmJ4dzdGbWIwdFNSWG1ESjM1TGN2bzdVNXJZ?oc=5
Vale,Mining,2026-05-06 03:31:44.897229,,2026-05-06 03:31:44.897229,GENERAL,GENERAL_NEWS,GENERAL_NEWS,1,0.2,GENERAL_NEWS,0.51,"Vale SA (ADR): Yield, China Risk and a New Pivot US Investors Can’t Ignore - AD HOC NEWS",,,Google News RSS,https://news.google.com/rss/articles/CBMivwFBVV95cUxQcUVfZHllN0tJdlZEcWdVY0dNVlE2LVZtVncwcktmVGRVN2h6T1BzVm9uWUxOQzNDN1pYRUN2V1ljQUVOOVFVZ2FEdnpRUXJVV1QxVU1NXzJHdlBRN2sxOTNHeFh5YUZ6cUQxZi1FdFVocnlQZ2VQdkY2UTgzY2Z1UU9ERlh1Z0dXbFdTNjR4Zk9mZ2JVX3VFa1dCN25HbGkzaXRzS1VSTkJMbl9xS1NHQ0FuVlRsRjVfUjRYOUwwMA?oc=5
Totvs,Technology,2026-05-06 03:31:44.897229,,2026-05-06 03:31:44.897229,GOVERNANCE,WEAK_SIGNAL,WEAK_SIGNAL,2,0.6,WEAK_SIGNAL,0.48,"Will generative AI kill software? ""That's nonsense,"" says the CEO of Totvs. - NeoFeed",,,Google News RSS,https://news.google.com/rss/articles/CBMirwFBVV95cUxQYXBKOHlOUmRvUXFOa0xGRE5Hdjk3QjQyOEQwNXBoeG9ySE5iN1U0ZHczMzZHdGNCblBiRHFzcGpCcjgyaUQ1RlNGSmNGaHg0dDhPU1I4QmhValdQNXNzV3ZwVGdmLUpQNlFtalc2S18zeTNZNnY3RTJ1cjZxWlJOX1JMXzAyUTAxdnJvdmFLakN1enJtd2h3ZFhfWF9ieGtvX0k5YmNhLXBvRVBLMFhB?oc=5
Vale,Mining,2026-05-06 03:31:44.897229,,2026-05-06 03:31:44.897229,GENERAL,GENERAL_NEWS,GENERAL_NEWS,1,0.2,GENERAL_NEWS,0.44,Vale SA | 6-K: Report of foreign private issuer (related to financial reporting) - Moomoo,,,Google News RSS,https://news.google.com/rss/articles/CBMingFBVV95cUxPbWpNbWNkc195S2hvaGFoQjdGRGh6R1EtYk1yaHBKUzZJSjJINFloUS14LTBFLUt6MEZIdklkTzNzTGJmdjZUUmxKaVNDb3loUFJUVC13NDlzUjdROGl5bGJHYk1qdVpQRDg2em4yNTdUTUJSVTFoanNMdHRrblVVMkJjVG9Pd0czTWRuLTVuQUtxYTNjdFNEeEpPVFpiQQ?oc=5
Braskem,Chemicals,2026-05-06 03:31:44.897229,,2026-05-06 03:31:44.897229,CREDIT_LIQUIDITY,WEAK_SIGNAL,WEAK_SIGNAL,2,0.6,WEAK_SIGNAL,0.56,BofA cuts Braskem stock rating on liquidity concerns By Investing.com - Investing.com South Africa,,,Google News RSS,https://news.google.com/rss/articles/CBMisAFBVV95cUxQVlJqWmFrWnZ5NlhsTHVXUzcwVUd0SHc2a0t6elpXeFAyM3MyRXZrekxlUWR1NXJvMjFPQ2hBN2xtNW5qUUh6akRnaXgxWVNDdGluMWV1V2lJWUZjcXZKU2haZkcyQVZSRXA3ZjAzVzkweUlCWTl1ZjU4RGtwRGgtQVRWSURfZy1FSnZ3ajdUZ3ZVaEtETW1WZzlaQXRKemRQY05sSWV6d3BkZXdlZTVRMA?oc=5
Stone,Payments,2026-05-05 03:31:00.638003,,2026-05-05 03:31:00.638003,GENERAL,GENERAL_NEWS,GENERAL_NEWS,1,0.2,GENERAL_NEWS,0.47,Stoneco (STNE) Receives a Buy from BTIG - The Globe and Mail,,,Google News RSS,https://news.google.com/rss/articles/CBMivgFBVV95cUxNOEZxS2JUN0UtSkJCc2VXUThnZVl6a0NzRWpFS0pYQThMRUNReThLcGJtaW9JQVhiWWYxc3lxcTNkNkN6c3NjcG02dE55dElCLTdqRkY4OE9jN3RYdUlKRHZRUXRGVGRWSW5nYm1lRDA0VXh0STBsOW9EQkZCcUNlUHRmSDhlSHRBekt3MC1HRkg0LUR5aURoUlEwUHY0V3hCdDhFc0NKUVNUYzlNYjc0OUduQTZyYVFaMVk3VHRB?oc=5
Vivo,Telecom,2026-05-05 03:31:00.638003,,2026-05-05 03:31:00.638003,GENERAL,GENERAL_NEWS,GENERAL_NEWS,1,0.2,GENERAL_NEWS,0.46,"VIV (Telefonica Brasil S.A. American Depositary Shares) reports 6.7% Q4 2025 YoY revenue growth, shares edge 1.14% lower on slight EPS miss. - Professional Trade Ideas - Newser",,,Google News RSS,https://news.google.com/rss/articles/CBMiggJBVV95cUxQNklUS0g1aWhhb01ySFplTXRfZXcxTHdnTXZrTXZnbHJWZDZ5M1hrTklldFVZRGl1QVZZRU1BeFlCVVYyYkpPemtBRXhGLVp5b1VseDdDZFlDQ1dwcndqd1FTc09SMWNKeWJFM3Z6SkUwYk5LZlNNODlFVkpHUzF4VVFnZV84aXNzZ1Q3QnRCZHdGRVAzNGVYWm9jWUZ2N05LYVFkemVZbWFEczc0OHY2M1NmWHNxdUpkTW02LVpBOFpzOFhNOUZjRVBWZVJZcTBDSV9mYXJGUFdPeWFjcF8tMlVWd2tsWVhrZkpKTWc2Ykh1RGlXV1hoM0pnSTlxOFNjTEE?oc=5
PagBank,Payments,2026-05-05 03:31:00.638003,,2026-05-05 03:31:00.638003,GENERAL,GENERAL_NEWS,GENERAL_NEWS,1,0.2,GENERAL_NEWS,0.5,PagSeguro: Undervalued Double-Digit Growth And Yield Amid Rising Global Uncertainty - Seeking Alpha,,,Google News RSS,https://news.google.com/rss/articles/CBMiswFBVV95cUxQdDE5RXpwSEE3S2k4ODRaakZVYlozS1JVRWo0c0pUdjNpYi1seGNoWWtpcUFLbUlMVm10NlZxSkR1NTN2ZGNreWNCTFM4RmtEU2dlWXFram1DYURPUGNSUUp4T1FsT1FkNVBmMFRFWEdzb2N3X2tGS2I5RDY4RmRRQWs0MzEtSHc1RHZlb1BqRXJzd0lUSExTY2VieHBRckc0WVk1UXlnUjBmVFRpNnpGal90Zw?oc=5
Americanas SA,Retail,2026-05-05 03:31:00.638003,,2026-05-05 03:31:00.638003,FINANCIAL_SYSTEM_RISK,WEAK_SIGNAL,WEAK_SIGNAL,2,0.6,WEAK_SIGNAL,0.3,Trump diz que petroleiras americanas vão operar na Venezuela; entenda por que controle de reservas do país dá vantagem estratégica - O Globo,,,Google News RSS,https://news.google.com/rss/articles/CBMi2AFBVV95cUxNMGVOZGpUUUplcFE3OTdmTlE4Rjh0elZpOW1SdWoyOWViaXhNd3NKUHdvNVNBbnBOU3d5RWw0bFJTZzVSanhBcm1JbXJ5RzVOcnIzYzVIYjF0TVJTMlJRaG5vdlpKd0R1N3RxNHhScGJoVVhKMy1qcTRJZ1JhVzZyOGJjNDVTWDVCYlZRQ2lSVHY3UWhEdHA2TUFxcUEtb1RZWWQxbkJxRVVMVlJ2RGxqNXlFdFJ1UEsyakV3a3hicFdFcHMxR0l3TU5hbGFJVjhzQkMxRHNWdkvSAecBQVVfeXFMT1dWOEdYTWFkcjFvYW54c19LSEZlYnpIV20td2g1SFF0ZnBhQ2loRFJmSlZ4VlBPUG5IV3M5TURvWXI3UDJ4RjRmcUZ0bEJMVjA2bGlnYjRJcml6Q0VZcnR3UUkxWnJ4b0tINGlJY0xNU3pneUxieFI4VHVYblpEakNPWW9nU0dBcUlDbGRFSDk3NlVvMU5wTTBLdmF0MzZKc1E5TUJaVnR2MFF5X2xxT0ZZUlBtb3pFbWRxWWxIZmFUbmlaczdIakNHQVNyejBrY1VreEc5X3JoU29XaU9iMzlaZ2pVXzBn?oc=5
XP Inc,Financial Services,2026-05-05 03:31:00.638003,,2026-05-05 03:31:00.638003,GENERAL,GENERAL_NEWS,GENERAL_NEWS,1,0.2,GENERAL_NEWS,0.41,Zest and XP Launch Their First Joint Investment Committee - Funds Society,,,Google News RSS,https://news.google.com/rss/articles/CBMipwFBVV95cUxNWldGS1BFdjZtQlhXS1VUZFVJZl95RnlvLXlGWVZiMXJ2Mm5SdnAxeVlJLTFqbHNiQURuRVVoQ3JPc05CWDNOY09CbmN2X0R3NTQxTnkzR2ZfQUtfS1FJZFFGQzlhMUZUWWpSUDdwRkdmRTFKLVd2Z3VrTkFpVUJzVXh1cC1rQ05hR3cyZnZEVkgxeDU5MkhZU2h5b3VjbldhMzhoNHkydw?oc=5
Vale,Mining,2026-05-05 03:31:00.638003,,2026-05-05 03:31:00.638003,GENERAL,GENERAL_NEWS,GENERAL_NEWS,1,0.2,GENERAL_NEWS,0.53,"VALE S.A. (VALE) posts steep Q4 2025 earnings miss, logs slight revenue gain as shares edge higher. - Crowd Breakout Signals - Cổng thông tin điện tử Tỉnh Sơn La",,,Google News RSS,https://news.google.com/rss/articles/CBMizAFBVV95cUxNV0VnUER3YkZFam03SnNTQ2Y5dC1TcXNjSWM3cVFFUU0zZkJiekdBaDgyQld2NnVpQ0Q5YmYzdGpoTWZBT25uOEt2Y3BoV21iV1dZZklpZENlaUp5NzR5THE1R0ZYcHp0RXBsVGpCMklHbTdHU1U5RVRTS08tV2hRU1VEV29LM3YtNldwR3J0bjU0b0pTRkhSRHpyYVNMRnBfNEQyOHRPZktvRzFqQWtfYkcxODNpbWNuQlF6cVJDd2xwUnpGSmFUUHF3ZkM?oc=5
Vivo,Telecom,2026-05-05 03:31:00.638003,,2026-05-05 03:31:00.638003,GENERAL,GENERAL_NEWS,GENERAL_NEWS,1,0.2,GENERAL_NEWS,0.47,"Telefonica Brasil To Go Ex-Dividend On April 28th, 2026 With 0.04604 USD Special Dividend Per Share - 富途牛牛",,,Google News RSS,https://news.google.com/rss/articles/CBMimwFBVV95cUxORnRWZTlKeDVMZFdGMEFKaTd4Zk9ubUJqS0Iyb0t4TXc0bXR1QUtaU0RrQlpubm1HM2N6ZmcxTy1EY2xvcDRSRnZnTFNtUldGSGEzZVNBZXBvOWFUbEZ0eF9RVER2djBidDhacDVlYnU3eC16YnNYd1FSS2FzeWZLeWg3M2VtZ3JaTmtENXJ2R2xBTVFHY0xYYTY3RQ?oc=5
Americanas SA,Retail,2026-05-05 03:31:00.638003,,2026-05-05 03:31:00.638003,CREDIT_LIQUIDITY,RISK_SIGNAL,RISK_SIGNAL,4,0.7999999999999999,RISK_SIGNAL,0.44,"Court suspends payment to 1,3 creditors of Lojas Americanas - O Maringá",A court has suspended payments to two creditors of Brazilian retailer Lojas Americanas.,"This news could represent a corporate risk for several reasons:

1. **Cash Flow Disruption**: The suspension of payments to its 1,3% creditors indicates a liquidity issue, which can disrupt the company's cash flow and ability to meet its financial obligations.
2. **Reputation Damage**: Delaying or failing to make payments can harm Lojas Americanas' reputation among suppliers, customers, and investors, leading to a loss of trust and potentially harming future business relationships.
3. **Credit Rating Impact**: The suspension of payments may negatively impact the company's credit rating, making it more expensive for them to borrow money in the future or increasing their interest rates.
4. **Insolvency Concerns**: If the payment suspension is not resolved promptly, it could lead to insolvency concerns, potentially triggering creditor protection laws and limiting the company's ability to restructure its debt.
5. **Potential Impact on Suppliers and Employees**: The delay in payments can have a ripple effect throughout the supply chain and among employees who may rely on their salaries or benefits being paid on time.

In summary, this news highlights potential corporate risks related to cash flow management, reputation, creditworthiness, insolvency, and the impact on stakeholders.",Google News RSS,https://news.google.com/rss/articles/CBMimgFBVV95cUxOMVIxRjZQd3Q1LVdVVFdxd2NoNUFhOWN1UHlaemJWWldXa21vb0IxenVnMURBU0gwWjAzQTAwa2dnaVpLQVBHa2dMalc3ZVlkR042OGxYa2VqZ196NTNRTHFQeDVYS05xcElQQVVneXdUekw3VnZOaEdIX1JDbGxpclRhc0E2SkZ6RE11TURxMFdfaUxpSTcwcFlR?oc=5
Braskem,Chemicals,2026-05-04 03:32:35.905163,,2026-05-04 03:32:35.905163,GENERAL,GENERAL_NEWS,GENERAL_NEWS,1,0.2,GENERAL_NEWS,0.35,Does Braskem S.A. (BAK) Have Momentum? - AAII.com,,,Google News RSS,https://news.google.com/rss/articles/CBMijAFBVV95cUxOOTg0RWhreVRVdWFGZ2NqX3J5NDdqXzZKWXFLak1wSGRRb1NUbVoyT0o4LWFvWHRlbTFoSldhaERHbmFJYU8wdUdrMkZHTEdHcnVoYzB0bkxoZWRjX2RHOUhVbVZUQTM5X1hmRTFFTHg2dU13NTM2U0hVTjNoSURBR2NHNTYtYm9ocXRJVQ?oc=5
Stone,Payments,2026-05-04 03:32:35.905163,,2026-05-04 03:32:35.905163,GENERAL,GENERAL_NEWS,GENERAL_NEWS,1,0.2,GENERAL_NEWS,0.44,StoneCo's April 23 AGM May Lead to Governance Changes or Reinforce Credit Risk Concerns - Bitget,,,Google News RSS,https://news.google.com/rss/articles/CBMiXkFVX3lxTE9GQnp0VDJzTDhoSkxqVDZxQldOeE1OZUQtazZzM19wN1VkZU9GSXA1TUhjaVY5N1gzeEFXWWJ3cGMzVFgxbm5ocmx0TjJ1VFk2Q0ZVckhMX0ljb01uM2fSAWNBVV95cUxQbVZLeUhDazNRTnFJcXZPOXdyaDZMRnYzM1hKQXBNWUw2RUg2WE9EVEJabHJpbFNGYnVyZDh2cGRfWWRVc3dZYU1obmFKWFB0OUFPdVJQNUl2TmczTWYxbVczdmc?oc=5
PagBank,Payments,2026-05-04 03:32:35.905163,,2026-05-04 03:32:35.905163,GENERAL,GENERAL_NEWS,GENERAL_NEWS,1,0.2,GENERAL_NEWS,0.42,Trading Systems Reacting to (PAGS) Volatility - Stock Traders Daily,,,Google News RSS,https://news.google.com/rss/articles/CBMiwAFBVV95cUxNOEpQc28zaU52cU1CSHZtSVdKcWp1UExvWm9wQnlrd2N5TlBDdlprRGpYVzBJM0RqMkczbnNjZUczay16bjczNkZzOU9nUmFhZlFMa2V5RkVodVE2cXRSUmNNR1Y0dUlNU0daYWpVYjV2OWVELW0wbTc5eFFta1ZDdlAydXplMzhGM2ctcE9ZVnJHcDJxc05saWg1TkJnVHg4emgybTV4NGhLRVRRVW1MS0Z0a0VzcC05TWZaRXFQSXA?oc=5
Ambipar,Environmental Services,2026-05-04 03:32:35.905163,,2026-05-04 03:32:35.905163,CREDIT_LIQUIDITY,WEAK_SIGNAL,WEAK_SIGNAL,2,0.5,RISK_SIGNAL,0.37,"Brazil's Ambipar gets court protection in debt dispute, shares dive - Reuters",,,Google News RSS,https://news.google.com/rss/articles/CBMixgFBVV95cUxQSVE2ODk4aDhQSWlDQ3RkM3pNR3pjUHYyRkFHVTFrOVBkbFpuR2pxa3JrRURJd3M1eWVXZjQtamVIaW5nS3RUUXlqeE5BOVBqVlFicktVdV9kVF8tZ2RyS3MtXzlUNnNqUm9hREVnYjE4UDdUdmMxMmJFNjJZRXQzYVNyNnJhM3ZkUXlmVHhIVWRWN25vbnlMU0FrOExxUXBFUG9lMWI0YkN3OHdBR29rbmhPbTFDNlZoUGlKMTZEYlNaT19sd2c?oc=5
Stone,Payments,2026-05-03 03:31:46.593679,,2026-05-03 03:31:46.593679,FINANCIAL_SYSTEM_RISK,WEAK_SIGNAL,WEAK_SIGNAL,2,0.5,GENERAL_NEWS,0.37,[Form 3] StoneCo Ltd. Initial Statement of Beneficial Ownership - Stock Titan,,,Google News RSS,https://news.google.com/rss/articles/CBMiwAFBVV95cUxNTHdlTW5kVTJBV2hlZUQwakFXSnJ0QTlhemFydmlSenJ6a0ZDTlQ5MjZ3Z056WFlQY01la1VwMC1SQmZDUjdXRjlJRkw1QVQyS3ZNMGZyS3EwelNFVElNQlBCSm5YX0w1b2JHbmR4NXQ1NGpQdzB5cDAzcTg5VlItdGtuZ3ZsTzZ5bjQ5dnlTT0VxQ0lEODFzbWpCUnpVLUZJZ3lTdEpnUlFvVWVTdG9lbFB3aGJLQnJoZDdlaWFncDM?oc=5
BRB Banco de Brasília,Banking,2026-05-03 03:31:46.593679,,2026-05-03 03:31:46.593679,FINANCIAL_SYSTEM_RISK,RISK_SIGNAL,RISK_SIGNAL,4,0.75,RISK_SIGNAL,0.36,Governadora do DF pede reunião com Lula para tentar socorro ao BRB com aval da União - O Globo,"A governadora de Goiás, que é presidente do Conselho Nacional do Desenvolvimento Caminhável (CND), pediu uma reunião com Luiz Inácio Lula da Silva para obter sua aprovação para um socorro financeiro para o BRB.","Esta notícia pode representar um risco corporativo pelo seguinte motivo:

A Governadora do Distrito Federal (DF) está pedindo uma reunião com o Presidente Luiz Inácio Lula da Silva para tentar obter apoio federal para ajudar o Banco Regional de Desenvolvimento (BRB), que é uma instituição financeira local. Se a União for a favor, isso pode significar que o BRB terá acesso a fundos ou recursos adicionais para lidar com problemas financeiros.

Risco corporativo:

*   A dependência excessiva da União pode tornar difícil para o BRB manter sua autonomia e independência.
*   Se a União decidir não apoiar o BRB, isso pode afetar negativamente a estabilidade financeira da instituição.
*   A intervenção federal pode levar à perda de controle da governança do BRB, pois a União pode tomar decisões que não se alinham com os objetivos e interesses da instituição.

Portanto, é importante que o BRB desenvolva uma estratégia para minimizar os riscos associados à dependência da União e manter sua autonomia financeira.",Google News RSS,https://news.google.com/rss/articles/CBMi4gFBVV95cUxOQzFJQTF1OWVIRlhheUFSZGY2UGQ4eGU3b0tfWGlPdUVkNXFrVm5zUUpPX09OQmxvVUlJZWg0bmFjcFhpSm9ONkJtek5yS011YTZvNURGZldIV2FKRjU4dDYyT0pkdFBNZGY4VE1FRXpqbXNkVXA5emFLNlpVYjV2VWQ3VU5kQjNNNmV6SWlGQUZ0Z25pUlc3dmxWMDhkOUlpdUJVQ3AzU2dsY2c0NnpWTGN6YXlJZThlUkZWZzc3eE1qczRqMjMzc25mWm01ZVhzekZ5UURLTU5hb1hkLV9tWVRB0gHwAUFVX3lxTE9yVC10Y1BfVEVLQ1ppVnBzamctcEV3WVFJV0dzeHVYVHgzaGJsb1FQRkNiVHp2M0x5N0xGVnhramhMc0sxQUxIOWJ4TTNQUG1NbjNiSFg4bTJxX3BfZGttVmZZWUt5aTBUU2ZUODB5MGpqajdnYndYUlpTTmEyYlhiNzBqYUpxckNEUldmOXJkMFB3QzZDYWRWd0hibDhuUTY5aU9WQUtNVmFaUE1IZFZ6eEpHZENkNElMNG5rVndKV0VXa3ZkdGlVYS1tOXlaZ1JOMV9EdlJfdzRlNGVFT3lHN2hVaW5LOXhmV1hsZEYyUQ?oc=5
BRB Banco de Brasília,Banking,2026-05-03 03:31:46.593679,,2026-05-03 03:31:46.593679,FINANCIAL_SYSTEM_RISK,RISK_SIGNAL,RISK_SIGNAL,4,0.75,RISK_SIGNAL,0.41,Ibaneis pede R$ 4 bi ao FGC após rombo do BRB com o Master - CBN,The Brazilian player Ibanez is seeking approximately R$ 40 billion from the FGV (Fundação Getúlio Vargas) after a dispute with the BRB over the cancellation of their contract.,"This news appears to be related to Brazilian football, specifically the controversy surrounding the Romário-led club BRB and its alleged ties to former president Fernando Henrique Cardoso (FGC) and current government.

If this news is true, it could represent a corporate risk for several reasons:

1. **Regulatory scrutiny**: The involvement of a former president in a sports organization could lead to regulatory scrutiny from authorities, such as the Brazilian Football Confederation (CBF), which might investigate potential irregularities or corruption.
2. **Reputation damage**: The association with a politician and a controversy surrounding it could harm the reputation of the BRB club, its players, coaches, and even sponsors, potentially affecting ticket sales, merchandise, and overall revenue.
3. **Financial risks**: Depending on the nature of the controversy, there might be financial implications for the club, such as fines, penalties, or even withdrawal of sponsorships.
4. **Brand association**: The BRB club's brand reputation could become linked to that of the politician (FGC), which could have negative consequences if not managed effectively.

Therefore, this news could represent a corporate risk for the BRB club and its stakeholders due to potential regulatory, reputational, financial, and branding implications.",Google News RSS,https://news.google.com/rss/articles/CBMiswFBVV95cUxOU2pMM3NyenM0ZjFkV1pTQzRpTVkwYVZXN2g1YVZsOFJrZG0zQTdOR3dpZVlWTUtmRi1ZZmhQbzYxbUlDd1JWTUhUSXI0ODZWblJobjJvM3dGbnQzUUE1YWRhMFcyZ3M5clZzcGdYUkhIdng3bHlkYjVZdFJUa3hwa3hNQjYwTDdYcFF3aEk0Z3JEenlzb3JLakVvQ1Qtd2QwRld3NlNjZDRVakRycVhQaDdRd9IBwgFBVV95cUxPT2k4bWk0T3VHa2o0RzBKTnJuQ0xqclo2Z0V1cmJCSXdEU3Bjbmoyd1lsZjI2LVNheG1faDVpTTc2aDFDYUV4VXdEM2V2b05xUDZUQ1FRc0s5RUl1eHlXT3NsVDJNSDE2QXUwOWNXVjhQVFVyTGYtanRmcDdmVXJFUGNZYkU3XzV1SmczSS1WakZqRjhsZmF4d3BLOVo2REg3MVVOeFVDbS1qdE5OMVJHNGZRcml5MVhfSWNZajhSTy1uUQ?oc=5
Nubank,Fintech,2026-05-03 03:31:46.593679,,2026-05-03 03:31:46.593679,LEGAL_REGULATORY,WEAK_SIGNAL,WEAK_SIGNAL,2,0.6,WEAK_SIGNAL,0.36,Otávio Ribeiro Damaso joins Nubank as an advisor for regulatory and risk management affairs - Nubank,,,Google News RSS,https://news.google.com/rss/articles/CBMi0gFBVV95cUxPVktkenBmODR2cURKYmplcDdQOTVMY1Ftd2YxM1NKN0xIUHd0eW5tSElxSjhRQVdzckhyMmxXOVhfWTl6M3lwbUdpb2I2ZzNXVXROZkJaZ0JrY0w5TFZFVlFpbU9zZThYMV96N0tXTDdzZkxhamNlaEpaZzVZUjE3WHRNR2JzU1VFdlB2UFBxU29oM3V4WTdkalZ5cnV5bjI0V1lmYlVLdVJfaER6b19JTnFfUkZoVHhIdlNzT01qYTA2WnFzZU9Wb2d2YTN3Tm4yaGc?oc=5
PagBank,Payments,2026-05-03 03:31:46.593679,,2026-05-03 03:31:46.593679,GENERAL,GENERAL_NEWS,GENERAL_NEWS,1,0.2,GENERAL_NEWS,0.47,How Investors May Respond To PagSeguro Digital (PAGS) Upgraded Earnings Outlook And Technical Momentum - Sahm,,,Google News RSS,https://news.google.com/rss/articles/CBMi5wFBVV95cUxQMWhnNi11VEFaUmVhdENnSVUyYkU1MmVXRzVPbkMxNzdkRVJMU3NsSWNBMi0tVzNDZWM3N3hoZmxwS1kybjZjSFJnQ2pWSng5R1NzUEZHRGk0bHRBV2JUVkRlNEltbXg3VmtEdVFkaUFTRXRCTVM4QWxfT1N3cU5GSVVzeExGUWFwTUh6S3BqSktQVWlaX0hFTGltWklVV2ZVSkJwNVNodEJzWGMtMC1Uc1NfQVg5Q1padldaMktJYl90QzZmU0JoNVA0bFFsMnBTbnpNTU4xUFFrU0JKSTJsQWw1TC0zeVU?oc=5
Stone,Payments,2026-05-03 03:31:46.593679,,2026-05-03 03:31:46.593679,GENERAL,GENERAL_NEWS,GENERAL_NEWS,1,0.2,GENERAL_NEWS,0.41,StoneCo Delivers Strong Growth As Brazil's Fintech Booms - Finimize,,,Google News RSS,https://news.google.com/rss/articles/CBMiXEFVX3lxTE1EZzZfbXg5V1VrUHc1SmNDekJhNVRSWjZSeHNGbUtjUmVhUzc5cTlmdVhSU2ZJZC10dmZIZVBKNG51SG9zSC1vZ1lheGJHc19fNHRGZzJMbjUycVBh?oc=5
Vale,Mining,2026-05-03 03:31:46.593679,,2026-05-03 03:31:46.593679,GENERAL,GENERAL_NEWS,GENERAL_NEWS,1,0.2,GENERAL_NEWS,0.43,Earnings Preview: Vale SA to Report Financial Results on April 28 - Moomoo,,,Google News RSS,https://news.google.com/rss/articles/CBMipgFBVV95cUxOOUF4NS1MTEtmYUFVMGg5N2tNeU5YWVdZdVh5cFZUX3RDRXpDOG1CYU1IMVp4bGkzdjBfRWUtdUhJTV94QWJ1T19GSGR2TmtSMkwzV050dk9aRjNyRzVUVnRfZmV4NzlYTDdkNG5VUVhJWFlSTFRITVBTSjJtMGkyRFQ0cGwxbHoyTDdzc1V1bmVmcnBlZzdSNTdCZ0pWQkNlU3paVTRn?oc=5
Eletrobras,Utilities,2026-05-03 03:31:46.593679,,2026-05-03 03:31:46.593679,GENERAL,GENERAL_NEWS,GENERAL_NEWS,1,0.2,GENERAL_NEWS,0.49,Eletrobras: 3 Reasons To Remain Bullish (NYSE:EBR) - Seeking Alpha,,,Google News RSS,https://news.google.com/rss/articles/CBMihgFBVV95cUxQYW1qQXNmOVBobWdvY1N0M2o1dWhiMnBvUU9FNWExYno0bHY1SndmQVU2TWtNNDAtYkdTbkh2NmxhMXEzUVNDSGx1WkFmRTI3TFhMQjIxX0JKTjFlQVBxV1hjQV9vak4zWTdUNzlEMTY0VVdYakMxVm5xVGxBLTkxYzJ5ZUg0dw?oc=5
Vivo,Telecom,2026-05-03 03:31:46.593679,,2026-05-03 03:31:46.593679,GENERAL,GENERAL_NEWS,GENERAL_NEWS,1,0.2,GENERAL_NEWS,0.49,SEC fines Telefônica Brasil $4.13M in World Cup ticket case - Compliance Week,,,Google News RSS,https://news.google.com/rss/articles/CBMisgFBVV95cUxPQXpSYklOX3BxMkkzaWxuSWw1d29CWWdWU3ltNm5vZlM3dHkyWGVxUkIzT0VQdkNWXzdjTERJTE5SVzhmQ3NaUk9wSm5fWFhjTmxuUGc2SGJoczdaRmM0MklIRXl0b0haV1lKSWVua0gzcEd2ajh4OHgyTUtfNXV3Ynd1VUwzdEk4NUdrMWJqbS0tM21wRV9pV1dzaGJ6aDBIS3BYLWZYSlBkcEhFQzVzNGJn?oc=5
Vale,Mining,2026-05-03 03:31:46.593679,,2026-05-03 03:31:46.593679,GENERAL,GENERAL_NEWS,GENERAL_NEWS,1,0.2,GENERAL_NEWS,0.49,"VALE SEC Filings - Vale S A 10-K, 10-Q, 8-K Forms - Stock Titan",,,Google News RSS,https://news.google.com/rss/articles/CBMiZ0FVX3lxTFBqbEZHb3RqYlpHR1NCNEZmS1NfZi1ud1gwd1pGZWJWMVd1QTY1VXRYcWgxOVBqMlZhUDNBWDRVVWQ1bU53cm5JT29XM3kxZENnOEZienlzUW1sSzZCNDlVUkdaYWNsc3c?oc=5
Stone,Payments,2026-05-02 04:11:34.751235,,2026-05-02 04:11:34.751235,FINANCIAL_SYSTEM_RISK,WEAK_SIGNAL,WEAK_SIGNAL,2,0.6,WEAK_SIGNAL,0.4,Does StoneCo's (STNE) One-Time Dividend and New Directors Hint At A Shift In Capital Discipline? - simplywall.st,,,Google News RSS,https://news.google.com/rss/articles/CBMi1gFBVV95cUxQczlsNFpsMGNBNUNDTEZlaC1vVVhGY3NCNkRYOGM4SlFIQl9CQmt0RkpvLVpJU1BtbE1qXzdabHllRndIcFp3dGphNjY0WGE4b1JHblU0ZnhOeEZNQ3JXOFdqQzZNVzVqaUJad2NUUXNWems5NzBaeS1tQ3ppT3FfX0NwRmNOUWJoX09wSk5jUV9XRlp5OWdUbjlwamRVcDNBckYxRlJFcTFGVWxBYkNJOUlxSjQzMUZKUjVsb293M3V3Ny0taGtZdmZYdnlUUk1BY0lsWmJB0gHbAUFVX3lxTE84ZlFLaFV2QWtvNWFpOEJEc2pHQzVIdmlNLTZfQ2JfWVhEMGFnczBrQTRpTG5lVGZMXzlNMUhvdGVCWVdYSzhPMTdOSTZtSndhU2VvV1JXUWNGbFJXNDRzUmJzX3Rfd0dZaTlQMFNmNFBDdTZoSU5JSGJLNlY3cVkzQnlQN3RFZTlVSXk1QTZyQU5JTGtROGFIR28tcDItTjlUZlJxM2VsZHNaU1N5WHVWZGQ0MmYxQjdEWW43QkxkVDNhNDJ5Y3BrOUhBTC1DaC1lV05rRWhBSFUtSQ?oc=5
Ambipar,Environmental Services,2026-05-02 04:11:34.751235,,2026-05-02 04:11:34.751235,CREDIT_LIQUIDITY,RISK_SIGNAL,RISK_SIGNAL,4,0.7999999999999999,RISK_SIGNAL,0.62,Brazil's Ambipar Gets Emergency Court Protection as Creditors Pounce - Bloomberg.com,Brazilian company Ambipar has received emergency court protection to prevent creditors from seizing its assets.,"This news could represent a corporate risk for Ambipar, the Brazilian company in question, because it indicates that creditors are taking action to protect their interests. Here are some possible reasons why this development could be a concern:

1. **Distress signals**: The fact that an emergency court protection was granted suggests that Ambipar is facing significant financial difficulties or liquidity issues. This can be a distress signal for investors, lenders, and other stakeholders.
2. **Increased risk of default**: By seeking emergency court protection, Ambipar may be indicating a high likelihood of default on its debt obligations. If the company is unable to meet its payments, it could lead to a credit crisis, damage to its reputation, and even bankruptcy.
3. **Loss of control**: The fact that creditors are taking action to protect their interests implies that they may be attempting to gain control over Ambipar's operations or assets. This could lead to a loss of autonomy for the company's management team and potentially disrupt its operations.
4. **Reputation impact**: News of a company facing financial difficulties and creditor intervention can damage its reputation, leading to a loss of investor confidence, reduced market value, and decreased access to capital in the future.
5. **Potential for asset sale or restructuring**: Ambipar's use of emergency court protection may indicate that the company is considering asset sales or restructuring as a means of addressing its financial difficulties. While this could be a necessary step, it can also lead to complex negotiations, disputes among stakeholders, and potentially significant losses for the company.

Overall, the news highlights the potential risks associated with Ambipar's financial situation, which could have significant implications for investors, creditors, and other stakeholders.",Google News RSS,https://news.google.com/rss/articles/CBMirwFBVV95cUxQMzd5VDFUR1hJV0FCUXBjZE12TWJBNVo1M3BLTll5TEhKcm5qcE5tbFJJVGZya0xCUFVvYUg2TkQtOU1jLWlKVVVicWNzTkJTWkFMVmZWTzJUWUhJdVFxZDBldW92MVJRZEl2VnNEQ0VYdjd1bEpoeTZUWGlQTDdCU0dzckVXTDhaaENFdGJ3b3RMUGV5ejhZd3RXLWl4aWZfX2NjS2gzTHh2ZnZSb0cw?oc=5
Nubank,Fintech,2026-05-02 04:11:34.751235,,2026-05-02 04:11:34.751235,GENERAL,GENERAL_NEWS,GENERAL_NEWS,1,0.2,GENERAL_NEWS,0.47,(NU) Risk Channels and Responsive Allocation - Stock Traders Daily,,,Google News RSS,https://news.google.com/rss/articles/CBMivwFBVV95cUxQRVpVLUs4dlgtNE9MMUFzdDc4anVRcllTcnBMM2xYQWZfd21CS0pucTJMWTg2V2djTERkVjlMamRjcTUzM1l0ejdDVHJENktMMnFPZGFKMGRlQk96U1NnbHkzNzRVVVl2U0hsVHRiWkFaSGg2aXg0TnpKeDg2LXVJTGpDYW9vekRkZlJyQzZKMWlERUZwWFZHRGtrWTc0QWs0QUlSUy16bURwdE9hYmZLdDNnTjA3MnA5MkNjQjdWbw?oc=5
Nubank,Fintech,2026-05-02 04:11:34.751235,,2026-05-02 04:11:34.751235,GENERAL,GENERAL_NEWS,GENERAL_NEWS,1,0.2,GENERAL_NEWS,0.52,Nu Holdings: Investors Are Overestimating These Two Risks (NYSE:NU) - Seeking Alpha,,,Google News RSS,https://news.google.com/rss/articles/CBMingFBVV95cUxQbE1naXQwZ2ZXaWE4QW1Vamxzb2M1aWtTTERUY1RyVEFnWUtrdUticmdMbzYxRzFYMkhYcU1zWDRRbV82TmVQd1NMZUxFejB0QzRMajFsQ3B2bDVMNjJKVW9MMUFBT2xUYzA0R1lrVTlSWU8tZ3ZvQl9TVkNLdnJYc0haY0twanBpVHNtQkhZZldVTUdVOGlZZFo1eDR3dw?oc=5
Banco Inter,Fintech,2026-05-02 04:11:34.751235,,2026-05-02 04:11:34.751235,GENERAL,GENERAL_NEWS,GENERAL_NEWS,1,0.2,GENERAL_NEWS,0.5,"Inter & Co (NASDAQ: INTR) details 2025 growth, NIM and risk metrics - Stock Titan",,,Google News RSS,https://news.google.com/rss/articles/CBMitAFBVV95cUxPUHprRFJ6UmdyRTIxMFpPaGJQTE02dUlBSnUtaXJDQWpkdExIOW5jOWdpakVvUnZ2NVN2cWhHbkdhVjBfSDJIX01BdzFwMDdMcUE2ZFFQR2M5Wl9qVVg0dV9OWmhyZ1BOeHJIRDNSeUMtMXlXdllkR0p3cWNsQTJtd0E2aW9kVm4xZEVORmJrVGtmQ1prYmY2OGoxQVZwVXNWckxNNTNJV19Kd3lkNnkxUG0talg?oc=5
Stone,Payments,2026-05-02 04:11:34.751235,,2026-05-02 04:11:34.751235,GENERAL,GENERAL_NEWS,GENERAL_NEWS,1,0.2,GENERAL_NEWS,0.43,StoneCo Special Dividend And Incentive Shares Put Capital Choices In Focus - Sahm,,,Google News RSS,https://news.google.com/rss/articles/CBMixAFBVV95cUxQV3gxZnE4QWNIWFFGdDhRa044enI3RFBkSnBRT1k0R05LZnRaWktzbmV2VnBWYm52TERNTkpsQkNlai1uSUJCREpFWDRrX3h1bGZDM3BVbW9VQ0trdHdERndXNkJDRnpjYkJQcFdfUGxyQVM5RExoYWJYYWtDLVluOGtTektTcmJtcmVONWlTQktZWFdUemp2SzFMajA2Q0xHZVdaWlh2T3psblY4VkFvUkxtRnRqQmstMW1BbFh1R0xnd3JZ?oc=5
Stone,Payments,2026-05-02 04:11:34.751235,,2026-05-02 04:11:34.751235,GENERAL,GENERAL_NEWS,GENERAL_NEWS,1,0.1,WEAK_SIGNAL,0.43,JPMorgan Maintains Overweight Rating on StoneCo (STNE) - Insider Monkey,,,Google News RSS,https://news.google.com/rss/articles/CBMinAFBVV95cUxPTmtpT0Z4VEtQTWU3VzV3a19GcmhVU1VhZWVZU0xkZUp4UXU1TVhyQkpySnFTODljUU1oa044bG5zcHY2SEpaY01RZGYzVGJpZXF0T3JfSGIydmw4a0VoLWg4elU4ZXp6TTZvYnFrNVBxNWVueXByWkE3SnFXZmtHcnpCazR4cG5xYzdTbUs4bGJ0NDBsYnMzR3ZpYk7SAaQBQVVfeXFMTU1wU3VwNGg3cDZxVkFaNDBsUWJyclB4dHFwd1REems1YXo3Y2RCQmEwRDNZNHpnR2xqVFRuMEZhWEYzVDItWWVLUkV4dkxUejNRTi0xOVo5blZMaVpJZ3kzcGh1ZTF3T1hTYnQ4Ri1POW4zMHEtRWRhZWRZMDF1YjZrWWVWeUhCbzc5em1lelFzRG52MVc1Y2ZQWkx4TjBjSDZUOFA?oc=5
Stone,Payments,2026-05-02 04:11:34.751235,,2026-05-02 04:11:34.751235,FINANCIAL_SYSTEM_RISK,WEAK_SIGNAL,WEAK_SIGNAL,2,0.6,WEAK_SIGNAL,0.4,Trading Systems Reacting to (STNE) Volatility - Stock Traders Daily,,,Google News RSS,https://news.google.com/rss/articles/CBMiwAFBVV95cUxQMXU2MjVRZlVzemJaYjB1SmsxZUlyR3AtS1V3T0RHbWxWalFpMzBLQUFENDBaVWJjQWZlVDZvSE9YeFBCZGJSNDJodnNtYjBjYnZzaGZ0VVVuaG4yWlZzWXk3ZnBwNnB0UWlOSjQ3ajQ3bzBPS0xZUVFLd2puLW9pVmNBRmRKTUh2dTFuV0lVUTU0UWt4bFNmcVYxY2o5SXlRMFNwV29UaFBjcWRwUlEwNTlObHpQSTlPVFJraVRPZGw?oc=5
XP Inc,Financial Services,2026-05-02 04:11:34.751235,,2026-05-02 04:11:34.751235,GENERAL,GENERAL_NEWS,GENERAL_NEWS,1,0.2,GENERAL_NEWS,0.47,Polaris Industries Recalls Ranger XP Kinetic Recreational Off-Road Vehicles (ROVs) Due to Fire and Crash Hazards - CPSC.gov,,,Google News RSS,https://news.google.com/rss/articles/CBMi3AFBVV95cUxNMHQxU2s4S0RZeVNBR3pNTk82MXh6MXljYWoteXp5OEU0aG5qbGNLUm1WdkUtTUNOd2pGdTNrNUhaTEhPU0xFaWNBOVNrc1FROWNOTFR1QTFjelZoc3QwcG5OT0NWSmlYXzY5YmRlVlNtV3pyRFl0a0pKT1g0dVZpMGRUenJ2MFJiTkswMC1KRHZHZ29ZWDM5UExRTEYzZ3h2ZnVPUDl1aktDMTRYN1NlNWhjamlfTmY3M2lBVndvMGRsaFhLeHo2eUdySzJ1eGF4bXFOU3V0cXpZTmFV?oc=5
Vale,Mining,2026-05-02 04:11:34.751235,,2026-05-02 04:11:34.751235,GENERAL,GENERAL_NEWS,GENERAL_NEWS,1,0.2,GENERAL_NEWS,0.51,"Vale SA (ADR): Yield, China Risk and a New Pivot US Investors Can’t Ignore - AD HOC NEWS",,,Google News RSS,https://news.google.com/rss/articles/CBMiuAFBVV95cUxPZV9HV1lOSlJqUFl5UHllVll4RUZmeTFVZFJHQ1g5a1lIU2N5ZjJ2dDZTSlZKWHJ2WlpZYU5HMlY2eHZRUmFnQUllVFpOekV1R25hS0F0Q2N6anMteDJfZHMxLWNNVERBMWpWSV9zN0YtT2NFZEhSbjJXbGo5RGdqSUJaRE5uRVlqakQ1eGpYQVRGOEo0dm0wY00tdDlxVDJFbkxaVUVvVEpRZWtDdEtxUUhWeUhod0xw?oc=5
Vale,Mining,2026-05-02 04:11:34.751235,,2026-05-02 04:11:34.751235,GENERAL,GENERAL_NEWS,GENERAL_NEWS,1,0.2,GENERAL_NEWS,0.45,"BofA Securities Maintains Vale SA(VALE.US) With Buy Rating, Announces Target Price $12 - Moomoo",,,Google News RSS,https://news.google.com/rss/articles/CBMirAFBVV95cUxOeVdpRzZ6WS1aakpPYnczcUlyZDBZeWtVTlVTTUZRRDE2YzVXT0t4TW9fS1pXZjVIczNESVBnTkp5dHNJSEJ0VWlRNmZndUE3U3NaRFU0UGl1dV95OTE3enozaVU1Q2Vod0FUMFU4N2VuNmtGX2wzbGozV0Q5N3pGS2ZCcHhIS2hRMHRTSUUyMkVQMXI0N3VKajVPY2RlU2RwZkxwZnZpbzJodVV3?oc=5
Vale,Mining,2026-05-02 04:11:34.751235,,2026-05-02 04:11:34.751235,GENERAL,GENERAL_NEWS,GENERAL_NEWS,1,0.2,GENERAL_NEWS,0.47,"Vale SA (ADR): Iron Ore Giant At A Crossroads As The Market Weighs China, Dividends And ESG Risk - AD HOC NEWS",,,Google News RSS,https://news.google.com/rss/articles/CBMiwAFBVV95cUxNcUZpZFdoM21FSFo3bkNsQkNpWlo5VUp3MXc1ckxqSXVxNGI4YjJjcnRfaVdqd0F6S3RTaUluUGh6clBEWElnUUhGZ283VU9WOG5FSjlLemRUY3VpZzZMUEtITUJHd0NqcFRIRmNRNVV1ZWc5Wm9RV1JMTm1FYWN2RmdKY21rNGNhTUk0S29oWDMxRDF1QmFhVGVwNkhaMTRGU1N6VFREMkFaeXluZjVMZ2tOcHU5ZEVjOU80MENiMzU?oc=5
Eletrobras,Utilities,2026-05-02 04:11:34.751235,,2026-05-02 04:11:34.751235,GENERAL,GENERAL_NEWS,GENERAL_NEWS,1,0.2,GENERAL_NEWS,0.49,Eletrobras Stock: Brazil Giant Quietly Turning Into a US Yield Play - AD HOC NEWS,,,Google News RSS,https://news.google.com/rss/articles/CBMivAFBVV95cUxNdlVJelZIQlJCS1FqYkRhWHBUTC1TWU56UkRpanFUV3RrSHVUNGxfNm1ReUljSVl4VkNjZF82MEc1VktubjF0MFlObld3dXY2R3prQzV1aWNITjJiYm1XLW9mMmhJUXBKbkJSNWgwaThvX1U0THR3b3pOV1p4RGtYRDNhRVhhaW4yTmRwS09jVFhEaTd6STFlU1J2WG54aEU2eV9acXZTUDlUMXRMUjFFSkVkOUJzUkdCRkdzOA?oc=5
Vale,Mining,2026-05-02 03:31:51.172029,,2026-05-02 03:31:51.172029,GENERAL,GENERAL_NEWS,GENERAL_NEWS,1,0.2,GENERAL_NEWS,0.48,The Truth About Vale SA (ADR): Is This Sleepy Metal Giant a Secret Money Cheat Code? - AD HOC NEWS,,,Google News RSS,https://news.google.com/rss/articles/CBMiwAFBVV95cUxQNS1QY2RLcTdBel92LVVabWwxcTdoWVdNSVZhZ2ZZU0JGOEREUkVmaW9HNzJxRVVtc1FsVGFWeG9JUUh3UUVaSjc1VHh5VmF4c0FUMEdPaVA3S0hIYWV4bWtFLVRROXRuVGFDc19DXzQ2UkJJS3dwVGhpR2wtS2E5U0M3WEtnSW00ZkVPZnpqWkNfenpJUjVMaDZ2ckNBNjE3MXFUa3dURWZjWmxYNDZiYUtmYm5wMkZWTWtnVlVjdGw?oc=5
Banco Master,Banking,2026-05-01 03:30:24.993410,,2026-05-01 03:30:24.993410,FINANCIAL_SYSTEM_RISK,CRITICAL_SIGNAL,CRITICAL_SIGNAL,5,0.9,WEAK_SIGNAL,0.31,Master Bank Liquidation Becomes Case at TCU and STF - CPG Click Petróleo e Gás,A master bank liquidation case has been filed against Texas Christian University (TCU) and the Student Teacher Fund (STF).,"This news could represent a corporate risk for several reasons:

1. **Regulatory scrutiny**: The involvement of the Securities and Exchange Commission (SEC) and the Federal Reserve in investigating Master Bank's liquidation suggests that regulatory bodies may be taking a closer look at the bank's financial practices, potentially leading to increased costs and reputational damage.
2. **Loss of investor confidence**: If the investigation reveals wrongdoing or irregularities, it could lead to a loss of investor confidence, causing the bank's stock price to plummet, making it harder for the company to raise capital in the future.
3. **Systemic risk**: As a liquidation case, Master Bank's failure may have systemic implications, potentially destabilizing the financial system and affecting other banks or financial institutions.
4. **Reputation damage**: A high-profile bank liquidation can lead to significant reputational damage for the company, making it harder to attract customers, investors, and top talent in the future.
5. **Potential litigation**: The investigation may uncover potential liabilities or wrongdoing by Master Bank's executives or board members, leading to costly lawsuits, settlements, or fines.

Overall, this news suggests that Master Bank's liquidation has significant corporate risks implications for its stakeholders, including shareholders, customers, and employees.",Google News RSS,https://news.google.com/rss/articles/CBMinAFBVV95cUxQbFlYbmhlWmRaQkNzNDdOQXpKci1wQmF0Q2ZSdWh3U3Y0UTVZajJDbUJLc1NOb08wOTExWERKT3VBMjgydUpMMndZWkZaeHVVUXduVFFWaGR5S1RGSVhRak1aY05jeEpydE1TVEZvdTVrMTJEdWRnR1Bub0w4dW9nYl81dDJHblVLYmlTaXhjRXRJUWxZN1VHcFRDQkY?oc=5
Banco Master,Banking,2026-05-01 03:30:24.993410,,2026-05-01 03:30:24.993410,GENERAL,GENERAL_NEWS,GENERAL_NEWS,1,0.2,GENERAL_NEWS,0.31,Banco Master’s Vorcaro Moved to Federal Jail Due to Safety Risks - Bloomberg.com,,,Google News RSS,https://news.google.com/rss/articles/CBMitgFBVV95cUxOeDZNc3NHUmtsUmloNFFtUkx6U2E3X1h0RVg1VXlWOUJmZllFdkxqLWdpSnpWd2xPVzNlSjVacFNWTTVCYjRkZjJlSjg3eHNUUHlzVlM1enR0YmtaSVlzZm4yTGhYai1GVVhQeTVJT3VMVTBKZUJ6NF9RRU9pREVkRXRMMklaS09zdFJZWHdoMlZkQ3YwQjlEajg0bExsMHY5ZTFaYnlHczV6V2VLdnVxX3dSWE9VUQ?oc=5
PagBank,Payments,2026-05-01 03:30:24.993410,,2026-05-01 03:30:24.993410,GENERAL,GENERAL_NEWS,GENERAL_NEWS,1,0.2,GENERAL_NEWS,0.48,Is PagSeguro (PAGS) stock fading in strength (Underperforming) 2026-04-18 - Earnings Beat Stocks - Xã Châu Thành,,,Google News RSS,https://news.google.com/rss/articles/CBMiuAFBVV95cUxPUU4tb3BTdEpTZHBlcTJVSFRQLU5vQXlPZ292UnppVVYxT0ZPbUJvUlJ3SGFYN2dyYUJWU3pwSEY3SEZZeE9EY0pXUUtydUUtckN2NWJ2OElTYkJjU29fRENoWUh5Q2R6RnJrU0J0czFNTkViQ2UtVl9Ud3diaXg5V3kxTThnY0UwRnZLajRoWlljaHlkcjdNU2xxNGhtdkZtdU02akRvTUZfWnQzNk1sYTZXQ1N5VU9N?oc=5
Petrobras,Energy,2026-05-01 03:30:24.993410,,2026-05-01 03:30:24.993410,FINANCIAL_SYSTEM_RISK,WEAK_SIGNAL,WEAK_SIGNAL,2,0.6,WEAK_SIGNAL,0.4,Denúncia da ANP contra Petrobras avança no Cade - O GLOBO,,,Google News RSS,https://news.google.com/rss/articles/CBMiqAFBVV95cUxNUUxJc01KTUhYLWNVN3g0N20wWkdqbmFJSU1veGl3WjNaWGotQi1zdG0tTHdrMWQ2alplNGM0RUp2VzlacUN3STlHSDZRMVlfeTR3WUM3V3c3cnNsbzVEM1NEb2xXT3d4dk05Mkx1bWZ0ODBmaXpMUVJ6ZGhHY0N4ZjNiRnB6OWRncWlwd3E4cWNHVGVaWi1ubWgyX0RHdXhCTG1ZZEowWXXSAbcBQVVfeXFMTmFEZnZQNVAxSW5kQkJXUk14U0VLY2d6QjYyRVd4MFJ1bjR5ZkxvRzJFZ29WR0Y0ZlVaTXBJeENuU0pkbkhaVHFEalBfUlJscms2RWh3Z3RQUDlwSlFEMTJ4M3M4RTlSZU1jSGlORUExNmh6SEt0Z09GcHhnWW9qY2Ftc1gxcDhVcUJBRmk5MlotSFdldFZrUFhCTHl5OGRid2xtRVRNZGppWWMwNmtkRTh4SFk0S1ln?oc=5
Petrobras,Energy,2026-05-01 03:30:24.993410,,2026-05-01 03:30:24.993410,GENERAL,GENERAL_NEWS,GENERAL_NEWS,1,0.2,GENERAL_NEWS,0.41,"Masterstroke? Petrobras And Government Support Sale of Braskem, Sixth Largest Petrochemical Company in the World, And the Real Reason Was Revealed - CPG Click Petróleo e Gás",,,Google News RSS,https://news.google.com/rss/articles/CBMi-wFBVV95cUxNOFBLM1cyTnhXbXdGQmg3RUp4bmxkQTcyWjRhdko0Qnd4TzI2QWo1Wm1Bam5TVVVRQ0NEeXBZdmlhWnpncDNYTU4wR3ZxMUVtd3ZSMEp2SjU0ZFdSbmpHUVZyUnVTa2o4SDFPaDczSGhZbXVjQ3M4TEJvN2lIbjJfWDFRbjlCXzNOTDREUVkyQ0FLS215NFlzOHFEa2JGSzlkeVQ2MHJfdlNrN3dPdWFVRVE1TGc0OXdMbTBjMFcwcXRrZThwdnY3bklxcllmakJVV1c3MkJHS0xUMWpmRF95d2YwMDZjb25YbFlUSm1LWnc2TXl5NDRhS3VObw?oc=5
Vale,Mining,2026-05-01 03:30:24.993410,,2026-05-01 03:30:24.993410,CREDIT_LIQUIDITY,WEAK_SIGNAL,WEAK_SIGNAL,2,0.6,WEAK_SIGNAL,0.43,Vale (NYSE: VALE) retains AAA.br rating as cash flow and liquidity stay strong - Stock Titan,,,Google News RSS,https://news.google.com/rss/articles/CBMipwFBVV95cUxPdU5WT1RMcEtjUzlXTU1iNWYxZTB3N0NjRHpTYmV2RndKUG9jcVJ6S1FDSUlKWkdKLVdjUEE1eXdzQVF6b2FIUlhSWlhRNEcyUU82enpuZ1QzTy1nMkhnWHNkYk1OUVBXNDhfbDJkbi1IYWxMWWFmS3VXM0ZXYWItVHRFUDlJSzlublpTX3VoZkd2R2tSbnVoX3RhMnpueXc1Tk9IckFqNA?oc=5
Braskem,Chemicals,2026-05-01 03:30:24.993410,,2026-05-01 03:30:24.993410,GENERAL,GENERAL_NEWS,GENERAL_NEWS,1,0.2,GENERAL_NEWS,0.39,"BAK SEC Filings - Braskem Sa 10-K, 10-Q, 8-K Forms - Stock Titan",,,Google News RSS,https://news.google.com/rss/articles/CBMiVkFVX3lxTE1WT05kdWdxWFY3WXpDSUZYc2tLUEdqQkhjaGtxV0NId0NCMnhsYTVnUXpfbHNCcEFPZl8wVDRJY0JTTFMxS2Z1anVVT2hxNmE0X0NhbXZn?oc=5
Eletrobras,Utilities,2026-05-01 03:30:24.993410,,2026-05-01 03:30:24.993410,GENERAL,GENERAL_NEWS,GENERAL_NEWS,1,0.2,GENERAL_NEWS,0.48,Germany’s SEFE partners with Brazil’s Eletrobras on green hydrogen supply - S&P Global,,,Google News RSS,https://news.google.com/rss/articles/CBMi7gFBVV95cUxQYjlLY1gySm5kU0V0UkxkZjNlSTVFdHBJWmFxdUhuU3A0MjdVMmdaR1RBQmRzdGNlVWwxajhvbmVENWNDM1JSYS1Kd3Z5WTBRdDJBV0VLSjV2ZXFzeE50ODZhQ0NzQ2R4R2VUOFJma0pZMkM5U2t3LW9Td0pBOVBpUGJza2d4Zk9UdzVKMlp0RXQxNmlQN2dhV01VMDhuZG5SOWZ6TmZtZG5ERUtLSTgzNlg2ZGN2ZW9rREUyM1kyWWdOVUc3TWtCSkxCdEZvNzJLTk04WEtKZkFYaVVva25sUDRMdk1NSnFORXEzeUJ3?oc=5
Oi,Telecom,2026-05-01 03:30:24.993410,,2026-05-01 03:30:24.993410,FINANCIAL_SYSTEM_RISK,WEAK_SIGNAL,WEAK_SIGNAL,2,0.5,GENERAL_NEWS,0.32,Brazilian Telecom Oi Loses Bid To Dismiss Ch. 15 Case - Law360,,,Google News RSS,https://news.google.com/rss/articles/CBMiswFBVV95cUxPWUc2anVZZWZ4US1rNmhPZzlkUHBQVWlNdE1zN0tPUHR4NGdxSTE2TjNqYV9FSXB1bDV4Z21Qa3ZXbDVONUsydXZjU3g3Ulh1ZjJhdkxLMmlUTFZ6dFY3N3o1VDdiWGpyaGRGMEphOTRWRC1tZk5kVHFWQ3ItMTZTbHhydU8zNHlDdjQ1R0dSVHNoV0xsRjVmTURTV2NiNk10c2ViSzg3YWNsNnZZM1VxM01YNNIBckFVX3lxTE5LV29IVnJRaDJua1ZJb2U1aXRTNUY5S3M2aDFmT09jWndRMW9IUjFxUW5PVlhvR1hHRkZZTjBwbDBBMW5JNEh4eDhSaE9JNXRfcUxUQmZ4QTdKS0JPc09GU0pLaXgtVnl2dkxGbU1BMERZUQ?oc=5
Vivo,Telecom,2026-05-01 03:30:24.993410,,2026-05-01 03:30:24.993410,GENERAL,GENERAL_NEWS,GENERAL_NEWS,1,0.2,GENERAL_NEWS,0.52,Telefonica Brasil (ADR) Stock (ISIN: US92662Q1058) Holds Steady Amid Brazil Telecom Resilience - AD HOC NEWS,,,Google News RSS,https://news.google.com/rss/articles/CBMiuAFBVV95cUxPTWhUZ204ZDFKSzN1QW5xMzdqLWZxNXEtYVBSVVMyZ09xWS1tTGhVN05UV0VNTzY1ZlBHcmptek5ydHE0MkJROFlxMGVlMnJ1YkEybEdZTVZ3dzhGcXJqMWVSTm5TMVFZWHd0UXlfRjhySnpOWTFVaVh0U0o3TEJYQ3p6V2doOFJGRVdUUUcyaE0xWF9GSEM0RWxhdC1IT3JVeFpIQ0JsbHBqdHBvZkpHYTJvSWFvbHVC?oc=5
Eletrobras,Utilities,2026-05-01 03:30:24.993410,,2026-05-01 03:30:24.993410,GENERAL,GENERAL_NEWS,GENERAL_NEWS,1,0.2,GENERAL_NEWS,0.5,Eletrobras (NYSE: AXIA) wins approvals to migrate shares to B3 Novo Mercado - Stock Titan,,,Google News RSS,https://news.google.com/rss/articles/CBMiwAFBVV95cUxQNm9EUTR2el9WNE1CZkhpbVRhUmg2dkVkS2RQeEc5WU9YU00waEhwNDNmc0ZzZ1NFUnpOR2hodTBUVGZPR3JScHFoNmw2NHd4bmVQWE9teGR3bzRlbFpOU012Q1BsVGRPM3RNOFF2T0tORl9xSFFONXBYNU1zWHJDbFhhWWc1UmJRYk9KTVh5RHc4UHU3TkFqMmVLZnVFc0xDTHNSN3B4bUM5T19nZG9RSjB3QXFYUXVOVDA2eWt5Vk0?oc=5
Vivo,Telecom,2026-05-01 03:30:24.993410,,2026-05-01 03:30:24.993410,GENERAL,GENERAL_NEWS,GENERAL_NEWS,1,0.2,GENERAL_NEWS,0.49,Telefônica Brasil Surpasses Adversity And Reports Great Q2 Result (Rating Upgrade) - Seeking Alpha,,,Google News RSS,https://news.google.com/rss/articles/CBMingFBVV95cUxQQ2dCVXNkLTdEV2FGRXBPclVHMzdrdUhGdlZTTUVyeldYaUoxUGVZcnp3Zi1vaFItZW5FZ0VPQktqYW95bXJORWVtZTZrYS1FSDZxTXBoa2FsYmxjU0djSjBwdVk2N1VIU2Frb1l5em53cExrdkhuQzJ3UndPLXhIOS1hWldWU05iM2xaSXg0cWN6Q3VkZG1tS09OakczUQ?oc=5
Stone,Payments,2026-04-30 03:33:14.834636,,2026-04-30 03:33:14.834636,GENERAL,GENERAL_NEWS,GENERAL_NEWS,1,0.2,GENERAL_NEWS,0.4,Does StoneCo's (STNE) One-Time Dividend and New Directors Hint At A Shift In Capital Discipline? - simplywall.st,,,Google News RSS,https://news.google.com/rss/articles/CBMi2wFBVV95cUxPOGZRS2hVdkFrbzVhaThCRHNqR0M1SHZpTS02X0NiX1lYRDBhZ3Mwa0E0aUxuZVRmTF85TTFIb3RlQllXWEs4TzE3Tkk2bUp3YVNlb1dSV1FjRmxSVzQ0c1Jic190X3dHWWk5UDBTZjRQQ3U2aElOSUhiSzZWN3FZM0J5UDd0RWU5VUl5NUE2ckFOSUxrUThhSEdvLXAyLU45VGZScTNlbGRzWlNTeVh1VmRkNDJmMUI3RFluN0JMZFQzYTQyeWNwazlIQUwtQ2gtZVdOa0VoQUhVLUnSAdsBQVVfeXFMTzhmUUtoVXZBa281YWk4QkRzakdDNUh2aU0tNl9DYl9ZWEQwYWdzMGtBNGlMbmVUZkxfOU0xSG90ZUJZV1hLOE8xN05JNm1Kd2FTZW9XUldRY0ZsUlc0NHNSYnNfdF93R1lpOVAwU2Y0UEN1NmhJTklIYks2VjdxWTNCeVA3dEVlOVVJeTVBNnJBTklMa1E4YUhHby1wMi1OOVRmUnEzZWxkc1pTU3lYdVZkZDQyZjFCN0RZbjdCTGRUM2E0MnljcGs5SEFMLUNoLWVXTmtFaEFIVS1J?oc=5
BRB Banco de Brasília,Banking,2026-04-30 03:33:14.834636,,2026-04-30 03:33:14.834636,FINANCIAL_SYSTEM_RISK,RISK_SIGNAL,RISK_SIGNAL,4,0.75,RISK_SIGNAL,0.35,"BRB diz que planeja aumento de capital de até R$8,8 bi - TradingView","O BRB (Banco do Brasil) planeja realizar um aumento de capital de até R$8,8 bilhões.","Este artigo da TradingView relata que a empresa ""BRB"" está considerando realizar um aumento de capital com uma quantidade máxima de R$ 8,8 bilhões. Isso pode representar um risco corporativo por várias razões:

1. **Riscos financeiros**: Um aumento de capital pode ser necessário para financiar operações futuras, mas também pode significar que a empresa está enfrentando dificuldades financeiras ou que está buscando equilibrar suas finanças. Se o aumento de capital não for bem-sucedido, a empresa pode precisar buscar novos investidores com termos menos favoráveis, ou mesmo enfrentar problemas de liquidez.

2. **Alterações na estrutura de ownership**: Quando uma empresa realiza um aumento de capital, ela está abrindo seu capital para novos investidores, o que pode mudar a dinâmica da propriedade e do controle da empresa. Isso pode ser um risco se os novos investidores tiverem objetivos ou influências opostas àquela da gestão atual.

3. **Riscos legais e regulatórios**: Em alguns casos, o aumento de capital pode envolver a realização de reorganizações jurídicas que afetam a estrutura da empresa, como a alteração do número de ações ou a distribuição de direitos dos acionistas. Isso pode gerar riscos legais e regulatórios se não for feito corretamente.

4. **Impacto na confiança dos investidores**: A decisão de realizar um aumento de capital pode afetar a confiança que os investidores têm na empresa. Se o aumento de capital não for bem-sucedido ou se as condições oferecidas aos novos investidores forem consideradas adversas, isso pode afetar negativamente a percepção da empresa entre os investidores potenciais.

Em resumo, um aumento de capital pode ser uma estratégia corporativa que visa financiar operações futuras ou equilibrar as finanças, mas também apresenta riscos significativos.",Google News RSS,https://news.google.com/rss/articles/CBMigAFBVV95cUxOSU90UkZpYVNtUXhKYVpPYlpwbnVzSzFteEpZYVI3MTVnQUd2aEJkTEZxaFNPRnYwQW8yVUNjQ2QwQU1OVk1BR3RtbWsySDJEZFp4VGEwVXo3ZzNINlVIU3djaDlnRy1BTmRiYm5uMFRCREIxQUN1ek9HN3dMaGdoMg?oc=5
BRB Banco de Brasília,Banking,2026-04-30 03:33:14.834636,,2026-04-30 03:33:14.834636,FINANCIAL_SYSTEM_RISK,RISK_SIGNAL,RISK_SIGNAL,4,0.75,RISK_SIGNAL,0.47,BRB diz que captou R$3 bi com emissão de título garantido pelo FGC - TradingView,Um investidor afirmou ter feito um lucro de R$3 bilhões com a emissão de títulos garantidos pelo Fundo Garantidor de Créditos (FGC).,"This news could represent a corporate risk because it suggests that the Brazilian company BRB (Brazilian Railway Company) has issued a large amount of debt securities, specifically ""títulos garantidos"" which are essentially bonds with collateral, guaranteed by the Federal Government of Brazil (FGC).

The potential corporate risk in this scenario is that if the Brazilian government defaults on its debt obligations, it could negatively impact BRB's financial health and potentially lead to:

1. **Credit rating downgrade**: A downgrade of BRB's credit rating could increase borrowing costs and reduce access to credit markets, making it harder for the company to finance its operations.
2. **Loss of investor confidence**: If investors lose faith in the Brazilian government's ability to repay its debts, they may become more cautious when investing in BRB's securities, leading to a decline in their value.
3. **Increased borrowing costs**: A default by the Brazilian government could lead to a rise in interest rates across the economy, increasing the cost of borrowing for BRB and other companies.
4. **Reduced access to credit**: If investors are concerned about the risk of default, they may reduce their lending to BRB or demand higher interest rates, making it harder for the company to access credit markets.

Overall, the issuance of large amounts of debt securities guaranteed by a government that is perceived as being at risk could pose significant corporate risks for BRB.",Google News RSS,https://news.google.com/rss/articles/CBMieEFVX3lxTFBJZ09RMHRmUGowcjdBZF9mNmF0eGFhNUF6X3Vib2V3NFFiZElEUnQwV3lUZ0VCUlRhTXBZdEwtS1hleloya3ZRZzhsOW4tRGJKTG9kV2NMdENLR09McWVOZWhGZXpxb3M4SmYxVXFKNUFLSXVTcWVQaw?oc=5
PagBank,Payments,2026-04-30 03:33:14.834636,,2026-04-30 03:33:14.834636,GENERAL,GENERAL_NEWS,GENERAL_NEWS,1,0.2,GENERAL_NEWS,0.38,Here’s What Wall Street Thinks About PagSeguro Digital Ltd. (PAGS) - Insider Monkey,,,Google News RSS,https://news.google.com/rss/articles/CBMiqgFBVV95cUxQbXhsajlyMHJqXzlaTVZmZE5XZ2hPX3IySFB2WXpXWnhJOUtteXJmR0wwY0p4UUVYNGU4QTRsbXc1ZGIybGp2MEFrcjNHeExNd1FyMThsZTRaaWRid0NrUi1JUTY4RjBfay1DdHBvOElERHZ0dThFYjNuZF9nWDE1cmlfZUZueW1vakhzUFN2Vm1ERjNTRW5vcXJlTlpmZUIwYTZ6b3I5MzRHd9IBsgFBVV95cUxQLVNrU09aWXB3ZTRaY2VYWTV4TTRjUnhZRGo4WTRyMnpZdGtnNFpWdHNCcWpHWlZMMVdtejdOeWh6M3VObld1eC1ZajB5bWlYTG9BWjRHeHc1bVpPT1ZiWlZZUG5kME1pdjcyWERWanYzN1IyOUxteTZWbG1oSmc0a3NNRjFKUlI4b0NJb1FudFgweTZQbnVDTld3dlZiVWEyV3Y3NjZWTjRTNXV2bDllemJ3?oc=5
BRB Banco de Brasília,Banking,2026-04-30 03:33:14.834636,,2026-04-30 03:33:14.834636,FINANCIAL_SYSTEM_RISK,RISK_SIGNAL,RISK_SIGNAL,4,0.75,RISK_SIGNAL,0.4,"No FGC, empréstimo ao BRB não avançou porque não levaram nada o que foi pedido - O GLOBO","Brazil's Banco Regional de Desenvolvimento (BRB) did not advance a loan to the Federal Football Confederation (FGC), as they failed to deliver on requested items.","Based on the article, it appears that the Federal Government of Brazil (FGC) did not obtain the requested loan from the Brazilian Development Bank (BRB), and as a result, they were unable to advance any funds. This could represent a corporate risk for the following reasons:

1. **Cash flow disruptions**: The inability to access funds can disrupt the FGC's cash flow, making it challenging to pay its debts, salaries, or fund its operations.
2. **Impact on financial stability**: A lack of funding can compromise the FGC's ability to fulfill its financial obligations, potentially leading to a credit rating downgrade and increased borrowing costs in the future.
3. **Influence on economic policy**: The FGC plays a significant role in shaping Brazil's economic policies. Without access to funds, it may struggle to implement or maintain its current policies, which could have far-reaching consequences for the economy.
4. **Loss of investor confidence**: This development may lead to concerns among investors about the FGC's ability to manage its finances and fulfill its commitments, potentially eroding confidence in the institution and its bonds.
5. **Potential impact on public services**: If the FGC is unable to access funds, it may be forced to reduce or eliminate certain public services, which could have negative consequences for citizens and the broader economy.

Overall, this news highlights a corporate risk that can have significant implications for Brazil's economic stability and policy implementation.",Google News RSS,https://news.google.com/rss/articles/CBMi2AFBVV95cUxNeGdfZE9EZ2JCaVljUFNrOUpZWkhKQlp4WFZZOVVOWjI3ZGZMT2NzNmlSRUFucDd5Mmd5eTVMNGUxWUwtdkloLWtoVlFaMlBEY052ZjFmRGl1MmpLTklPWDBzNEdoTzh5ZHZnX1ZGTnRncVFvdjJjei1zbmJWakQzdkU5dkpiV3NlemIySFdyQ0VjLUUxMzY0X1NQZi1VakExZjljOUNOVm1oX2RHbGdYQ19JYUpwWXNCbDl4MXlacTJHOWNnU0NOejBVZk5QMWxvVVQzRE9TZkTSAecBQVVfeXFMTWZMR2JOMEl0SXlxQkNXeUo1UW9fbkF5UlhZbHR1Qlh5Mi0yZm92S1VwZjE0aUw3cUxOSURISWFCekxnajJMc2Nuc3dpNnVOXzQ1bUtEQTdXcUE0cWQxdkxPaVFKektCeVJHNEdNNDloN0N1Z29qYmYwUXRQc2g3cmtDTFBza1o0cWNlbmhHQ0UtbzN3ZkZqc0FBRHJfaXRZV3pNaGwzSXBFX3NQaXpPbkZBeWM1SzVmY2hjOGpqSlNwMGlXWWZ0X2hqV0RYWDNaYmRfNGhUc1A4eXA5QlJfbERBSmJ6VXBF?oc=5
Stone,Payments,2026-04-30 03:33:14.834636,,2026-04-30 03:33:14.834636,GENERAL,GENERAL_NEWS,GENERAL_NEWS,1,0.2,GENERAL_NEWS,0.43,Assessing StoneCo (STNE) Valuation After Mixed Short And Long Term Shareholder Returns - simplywall.st,,,Google News RSS,https://news.google.com/rss/articles/CBMi1gFBVV95cUxPUGlwVmRBbVZLNjE4LTRjUWt0d2pDQnkwYW14V2h6VjlYcEFlVjF6cE1LNFdJRVpVYVY3djlFdG50VnlnclpHMkZPV3JrdEpTZWxta2JLZVlQTTlqMGpXX0lBQVNGeUtUT0YzS1pUQVZYc2NwQmh5V1lBSmdYSmJPd05NZVhGYW9aVTdiWEp2eE1vd1VmSXVSMU80LXZzaHJyVVFlTTNadEpsRjlJcXlHZHNrOVhJVWVfb1ZZbEs5OEEwcy1xZnI0NUpBU0lmRm80V1FqRFB30gHbAUFVX3lxTE0wQXlNaWhRSUFlb3pCcDlNbXUzbEJGRFhfY2sxYkhqUEkxNl9VT09qOUZFQzdWT205ckR5N3hmY3R5QTdmVjdvM2J0RzM4YVhVTElZSTYtWWV2RUp4aUdTX2lEMVFsWWJYRVdCN3A5TkE3VzRfT1BOLXQ4ODZzUG9JZ0V4X3Y1Y0lkQW1NN2twdmg1RWdSY2E5RUtQcjdKU0JuM3kzd0RDT213UFRhVFowZjgxRy1fdTEtc2h6VE5kRzFSUlZXR010dUlYOUtxeVQyTzBmVXh6VXlPMA?oc=5
Petrobras,Energy,2026-04-30 03:33:14.834636,,2026-04-30 03:33:14.834636,GENERAL,GENERAL_NEWS,GENERAL_NEWS,1,0.2,GENERAL_NEWS,0.5,Ibovespa recua na abertura com aversão a risco global; Petrobras sobe - TradingView,,,Google News RSS,https://news.google.com/rss/articles/CBMieEFVX3lxTE1ZS3oxM1c1alJ3dWJ3TWs3QXF6dkdOM3dmYWNFRHFSS1dQOGJFVVEzMXl3Nmhsb01NbGprbElIdTVLTlowYnhWOS1uTGVtcjRxaXJGQ2p6TEVRMmlGeEhxWXo1UnRYVG9RWGxUcktjUGxfNWJwTUlZeg?oc=5
Oi,Telecom,2026-04-30 03:33:14.834636,,2026-04-30 03:33:14.834636,CREDIT_LIQUIDITY,WEAK_SIGNAL,WEAK_SIGNAL,2,0.5,GENERAL_NEWS,0.35,Fitch cuts Oi S.A.’s issuer default ratings to ’C’ - Investing.com,,,Google News RSS,https://news.google.com/rss/articles/CBMiqwFBVV95cUxNWU9sSVZ4UG5IU2gtR1ZFZEF5U2JxUnZHWDVRWXpSVHhnNm95ZG5ZSjR5MlFQV3prNFlsZ3RnUlQtSGZMM01VUnBxYmxDZXZ6cXdqWjZLQlJ2ckNnTGxXYmFxWm90dTRGNXVfeDY2eUFjTXVHWjJ4dE5DdTA2aUtXYXY5ZU94MjZXLUpLcE94aEIyWk9qa2Z5cm92QUh5OE1mTll0MUNTU0JvTVE?oc=5
TIM Brasil,Telecom,2026-04-30 03:33:14.834636,,2026-04-30 03:33:14.834636,GENERAL,GENERAL_NEWS,GENERAL_NEWS,1,0.2,GENERAL_NEWS,0.57,"AST SpaceMobile raises $75 million, partners with TIM Brasil - Data Center Dynamics",,,Google News RSS,https://news.google.com/rss/articles/CBMipAFBVV95cUxNTXY2ODNzalZ3Q1ZueUVfQ3pMbzVyejAzUmVFOGpLZXhNRUVvLWpIN0xsZnl1Q3FjVGdkS2lQSGhIWDVlRVZvY3NpRWNaMkM0TUFRaWZHenBTWVJ2cVA2Y3NhdXhvTFFxejUtdVFUVWlCT1U1WXR6VVlEc2hpakM5WDBBeE5xbjNnbXNrTG5RemlPVTFTX1lWZ2s1QkR5eU9HVUhETA?oc=5
Raia Drogasil,Healthcare,2026-04-30 03:33:14.834636,,2026-04-30 03:33:14.834636,FINANCIAL_SYSTEM_RISK,WEAK_SIGNAL,WEAK_SIGNAL,2,0.5,GENERAL_NEWS,0.33,RD Saúde propõe aumento de capital de R$750 mi e estabelece projeção de abertura de lojas em 2026 - TradingView,,,Google News RSS,https://news.google.com/rss/articles/CBMieEFVX3lxTE9JaGZXMkYxakRkbW15T1RSMkwzQnlkOWlENjZoUFpVZXYxN3ExQ3FLM25icEZmajREMWdqdEJFRFkzWDBDeEF6WkRITEdmcUtCdTRzZjNYRm93cjJQOXVqdm9CVmhYZmQwYjkyNFduQnBHTjNrT0NvcQ?oc=5
Oi,Telecom,2026-04-29 18:27:23.536300,,2026-04-29 18:27:23.536300,FINANCIAL_SYSTEM_RISK,WEAK_SIGNAL,WEAK_SIGNAL,2,0.5,GENERAL_NEWS,0.35,"Q2 2025 Oi SA - em Recuperacao Judicial Earnings Call (English, Portuguese) Transcript - GuruFocus",,,Google News RSS,https://news.google.com/rss/articles/CBMic0FVX3lxTE9SNWY0X1YyQ1ZoQ25XSm5uSXdybjBMZnN1NERKbjNMT3pBeU5hYjFRdF9DRFdoSTV0MElVYUoyQjN3MjFwVXRBcFVad21KbGpLckllRU1rMERRSTE2dUxRc1NkVTUwNHRvb2l4S2hsUXhLSGs?oc=5
Vale,Mining,2026-04-29 18:27:23.536300,,2026-04-29 18:27:23.536300,GENERAL,GENERAL_NEWS,GENERAL_NEWS,1,0.2,GENERAL_NEWS,0.5,"Vale (NYSE: VALE) posts 2025 cash flow, higher metals output and ESG risk improvements - Stock Titan",,,Google News RSS,https://news.google.com/rss/articles/CBMipwFBVV95cUxQRUxhS1FnazBrYUIyaWg3OWRGd1Z0bUhIV0cxNEZ4ZjJrTVZBN0NhRFVmZzZWdFJHbUJJamo5bERKVHA2NFBHN1VCMFR4VTd0eWtzd2YyZFdpSVFyTHoycThxYXQwX29YTl9YOE1GOVhCOWlRMVA2TzdMa1J5VGxqcjRWZlR6UlpILU10R1lBVUJEZnpGamRQMTZ5OElzRDcwOTlINEI5UQ?oc=5
PagBank,Payments,2026-04-29 18:27:23.536300,,2026-04-29 18:27:23.536300,GENERAL,GENERAL_NEWS,GENERAL_NEWS,1,0.2,GENERAL_NEWS,0.41,Responsive Playbooks and the PAGS Inflection - Stock Traders Daily,,,Google News RSS,https://news.google.com/rss/articles/CBMiwwFBVV95cUxOTURlTWluYVN6WExVMURraTJGYkFtM3BLbTN2NHR1Vk5Vb2t4TEVxTnB0ODJQcG9xRzJHakhTbFh3Y09jQk1TZEYwTjhsbS1JRnVBZWV2aUVROFhLNVhZbDlFeXBtNDdWM0tBRE9rdVROVVdzNEZyYWN5Z09jSXJHZGtNNE5qa0M2VE43OXBEdk9jNUNMX3pBTWRMajlOSW9Cd3lrcVJsNmYxUkxZbGVKRTRlMzlvVFNaSUZFd3ctdTFrRkE?oc=5
Banco Master,Banking,2026-04-29 18:27:23.536300,,2026-04-29 18:27:23.536300,FINANCIAL_SYSTEM_RISK,CRITICAL_SIGNAL,CRITICAL_SIGNAL,5,1.0,CRITICAL_SIGNAL,0.6,Central Bank says Banco Master collapse poses no systemic risk - Valor International,The Central Bank of Brazil has downplayed the potential impact on the financial system following the collapse of Banco Master.,"This news could represent a corporate risk for several reasons:

1. **Lack of transparency**: The Central Bank's statement that the collapse of Banco Master does not pose systemic risk may indicate a lack of transparency about the true nature of the bank's financial situation. This could lead to concerns about other potential risks that have not been disclosed.

2. **Inadequate regulation**: If the Central Bank is downplaying the risk, it may suggest that regulatory oversight was inadequate or insufficient. This could raise questions about the effectiveness of the regulatory framework and whether similar risks exist elsewhere in the financial sector.

3. **Insider knowledge vs. public perception**: The statement's tone may imply that the Central Bank has access to information that is not publicly available. If this is the case, it could lead to concerns that insiders have knowledge about potential risks that they are not sharing with the public.

4. **Systemic implications**: Even if the collapse of Banco Master does not pose an immediate systemic risk, it could still have far-reaching consequences for the broader financial system. For example, it may lead to a loss of confidence in the banking sector or create an environment where similar failures become more likely.

5. **Opportunity for manipulation**: The statement's reassurance about the absence of systemic risk could be seen as an attempt by the Central Bank to influence investor sentiment and stabilize the market. This raises concerns that the institution may be using its regulatory position for purposes other than ensuring public safety, potentially creating a self-serving agenda.

6. **Potential cover-up**: If the collapse of Banco Master is not considered a systemic risk, it could imply that there are underlying problems in the banking sector that need to be addressed. However, if these issues are swept under the rug, investors and stakeholders may feel they are being deceived, which can lead to decreased trust and increased corporate risk.

7. **Risk of future exposure**: Even if the current collapse is not deemed a systemic risk, it could still lead to future exposure for other financial institutions or entities that may be more vulnerable to similar risks.",Google News RSS,https://news.google.com/rss/articles/CBMiyAFBVV95cUxPT01oVWJ1a041UWc3aWRUTlJVaHN5andVMVVUalhnX292NG1PbHpoblYtV09HTVR2T2pHN3RnT1ZLYndtaU9VOTFOUTNMdTY4N3ZlNFFXSkdCLWJncDBZTDlBZjV4LW5lWVBRZ1NTOEcwTW5IX004dUs0dWJnM3NaYUhiZ0pXMElKcUlpM3pycnliNjFtS2dUWFhTdmluYUpweGZCTXV6QWt5eXRxa2gwa3EyVGtxZjJTN3pPRGVzQ3RuTXpWZC1ySdIB1wFBVV95cUxOWTdlanJyQ0h2aVd0MzI5Rk03eGVDZFlFY2stMmIwenlsUzU0U1dqQjRjZktVNTFsdi1YbHI2Z2ZUOUFSZ00wTURZRXMxWFNnLV9GZEhxVWZWYkl0SnNCaElDaTYzQ25OQ3BJcFFja2JOWkw1em9NaF9BLVdrUTdTR1JVZW1KaHpKM1dHOTRUUnpvelQtR3o3dF9BRndub0JJWWFkSnlmSEh3c0lTM1pVeTcwUmNWWUVieWdKUmdVV1hoN3FqZDFNdTJMTHFnUWQyV20zUGhqQQ?oc=5
PagBank,Payments,2026-04-28 03:35:22.268701,,2026-04-28 03:35:22.268701,GENERAL,GENERAL_NEWS,GENERAL_NEWS,1,0.2,GENERAL_NEWS,0.46,PagSeguro (PAGS) Director Makes Significant Stock Purchase - GuruFocus,,,Google News RSS,https://news.google.com/rss/articles/CBMimwJBVV95cUxOMzFRRmg2YjhTS0NoM2FYRFpXLWlDWTNQZjlZaUEyUEl0ekNqajR5WDJtdjVqNFh0Uk1PazZkeHNxc0pXSjFKN0ZoR1ZXeWdWTUo2N3FWWGNkR3U2eDJzODJ6blVhS1ZuTjkyeVZkZ1Z2ZnNIeGloMjZMWlZMRFJiY1B0TXFCM0ZHd1NqRURwZmZFaV9mZlJseVd0OXlmVWtVNlZHeXpueFA2SGdiVlg4X3lNTnNVdGtRZGpFTWFXZ3JmQlpnMW0wMHREX0laNkV5dWpGN1puM2gyam1rYjE3d2g0WVo3RUVQSWthM2pQcnZidDJDU1lXcEtEeHZtekdsYWlQVnVtSzM0N09YaXhhekxoSHpiTmpXcFE0?oc=5
Ambipar,Environmental Services,2026-04-28 03:35:22.268701,,2026-04-28 03:35:22.268701,CREDIT_LIQUIDITY,WEAK_SIGNAL,WEAK_SIGNAL,2,0.6,WEAK_SIGNAL,0.49,Here's Why Ambipar Participações e Empreendimentos (BVMF:AMBP3) Has A Meaningful Debt Burden - simplywall.st,,,Google News RSS,https://news.google.com/rss/articles/CBMijAJBVV95cUxORHRmUm9jcGw4ZkJ6TnZQYm56ZWdESi03WWgtaU5ncEZKS0ltZ3NVWW9oWEQwV0ZQU0FSYm1kRzhXNnpvSFFDN3NPbkw4NW1sd0NqbmR5TGtYNF9FYmxqZWlEdHRCY0VvUlZjMV9wQjdPNWU3aG4wVm56cnU3dDR2ZXRRNFJqcmFPbThKUkxsUXJPTVM2UUxPWGROdVlMUkx6dTB4V0FweHh2dG5WcUUycTJMYkJRRmRvbG41WWFtaVlzdXNOV0RFcVZzZDNiaW5aSThiOTNiaXBVWWhYbjJxMW9CblFJaGloMnJUcHVwSXpaRjc5VnBpcXdsNjUxN1hMYUNwbGtDZFNUak1m0gGSAkFVX3lxTE5LdDY0blhNZGR0NXl3VGpfQlBobDlGcEpOUVoxaXliR2oxWnhDcHdfVk1MMGFWUGk0SEs2cnY0cnF2THZuQlYwU0JPQ0lsVFpJN2Q4U2J3NlEyMFpPSF82eGktUll6NnRmbEdWalFpVm9HWDVscTdmQVNHV0RhZkRKZmN6czZoLU1IZmZJRjRjM0ljN2Vway1ILWJUNkFzTFhwYWpmelVuY0thMDBYYUtlVzIzTkduSUlCVmd1TnFLdlh0MUQzSXVMV1pJYUFtUHVYSHdtUk5VVUxJMlI3WGpmWnJ1OGxYd3F2TkZ5MURCcXV0Z1RGTjVYYmZ0RDNqZGd4TWNqLTZUT2hWYTFfd0ZRdWc?oc=5
BRB Banco de Brasília,Banking,2026-04-28 03:35:22.268701,,2026-04-28 03:35:22.268701,FINANCIAL_SYSTEM_RISK,RISK_SIGNAL,RISK_SIGNAL,4,0.75,RISK_SIGNAL,0.47,BRB adia divulgação de balanço de 2025 - CBN,"I don't have the specific article to summarize, but I can try to help if you provide more context or information about what ""BRB adia divulgação de balanço de 2025"" means.","The mention of ""balanço"" (balance) in the news likely refers to the release of the company's balance sheet for the year 2025. This could represent a corporate risk if:

1. The financial performance is worse than expected: A negative or weaker-than-expected balance sheet may indicate that the company's financial performance has been impacted by various factors, such as reduced revenue, increased expenses, or decreased profitability.
2. Debt levels are high: If the company's debt levels have increased significantly, it could be a concern for investors and stakeholders, potentially affecting the company's credit rating, interest costs, and overall financial stability.
3. Cash flow is inadequate: A balance sheet showing low cash reserves or slow cash inflows may indicate liquidity issues, making it challenging for the company to meet its short-term obligations or invest in growth opportunities.
4. Assets are undervalued: If the company's assets appear to be underpriced or not accurately reflected on the balance sheet, it could lead to overvaluation concerns, affecting investor confidence and potentially leading to a loss of market share.

Overall, a weak or concerning balance sheet for 2025 may signal potential corporate risks, such as:

* Reduced investor confidence
* Decreased stock performance
* Difficulty in meeting financial obligations
* Increased risk of bankruptcy or restructuring

Investors and stakeholders should carefully review the company's financial statements to assess the implications of these factors.",Google News RSS,https://news.google.com/rss/articles/CBMirwFBVV95cUxQR3ZhQ2VDME9OUzFuVGVmLWc4NXhjalFYTWNNNjQ1WjZ3cHNQbm9EVkRKWlg1Vmp2Wkg2MHVXY2hDT2Z5WENzUFA1ckk1cWRib0RsajV0Y1ZuS0w0X0swNWcwMEVkbm90Qi1xT29UcF9wTzdpWjRXVFNTMTBLd2wyMksxa2RpZTg2NnBzMzRxQlpMVTV1SDlJenc2Z3N4SDUxUVFiQlZ5NHQxWFFRbVZr0gG-AUFVX3lxTE9TVDZ3X0ZIc19RSll6TG5FWkVBeEtPN25PX2R3ZHI0MHptYTdSeGZueDBOcTFkU2hXc2kzUUVFQWRWTXBYWTdueEtWZE5sU3ZFR3llYV8tSE1lQWtoZ2JOSnFyNWVNSEtUdXZqckdTTExXdVZXSTdHaXRnczFERkZhcDViVVVMb2ZaVGRucVo3TGRNMi1xQmw5WFJ2cTRfU3d3RU9VM0xITlE0UnljZmpNN210bC05NFdPVkQwU3c?oc=5
Nubank,Fintech,2026-04-28 03:35:22.268701,,2026-04-28 03:35:22.268701,FINANCIAL_SYSTEM_RISK,WEAK_SIGNAL,WEAK_SIGNAL,2,0.6,WEAK_SIGNAL,0.49,Nubank taps former Brazil central bank chief Campos Neto to management team - Reuters,,,Google News RSS,https://news.google.com/rss/articles/CBMiwwFBVV95cUxQMVhlMTB2VkRxcHg4ak8tSDRYTENOZXY5aG83dXdTaUJRLXROc0w3ZjNIVEJ5SHdYNkttaG5jSkhFMzM4ZTFzODk5Um9KRkhBR0FCb3hIam51S3YzS3F0MEFpTnhtLXZzRWNQYWtrei0zMXlpM0hsVUJ2VElmbW9iNEhkRFp4MkNrY0NrcXdORFBsaUFUQjZvR3VZVXBMa20xQUkwTFlHTFkzcUtLdFQ2S1NDLW5CN0xlZGhQOUxWZ0wtMVE?oc=5
PagBank,Payments,2026-04-28 03:35:22.268701,,2026-04-28 03:35:22.268701,GENERAL,GENERAL_NEWS,GENERAL_NEWS,1,0.2,GENERAL_NEWS,0.48,Is PagSeguro (PAGS) stock fading in strength (Underperforming) 2026-04-18 - Earnings Beat Stocks - UBND thành phố Hải Phòng,,,Google News RSS,https://news.google.com/rss/articles/CBMirAFBVV95cUxOSHh1WG15ODA2d19jZ1l2X1NCQzRPTzJSMEVpeDhRdHBITkxWZ1U1Qy1RRjBUbUctaVYxUWVoOUN1aFU5NHhIczBfazNFbk9YMGNMaEV6UkFaQjlnV1FLazhjSk50S0ZoSmVmZ3Ixc1pYVERVRjNCSWJjN0dwcDhWTld5dDM4bm43V0xkeVl0Y0o3WndzaU9wdUpRLWJnNFd1bG81SVlRX1VldmZP?oc=5
Eletrobras,Utilities,2026-04-28 03:35:22.268701,,2026-04-28 03:35:22.268701,GENERAL,GENERAL_NEWS,GENERAL_NEWS,1,0.2,GENERAL_NEWS,0.5,Eletropar (Eletrobras) stock (BRLIPRACNOR7): Why its renewable energy pivot matters more now - AD HOC NEWS,,,Google News RSS,https://news.google.com/rss/articles/CBMiugFBVV95cUxNYkV0TW1WeTVkc3MwVWlaZmFRSU05N0JhbUw3RldQTk0xa28tUU5sRjhuUUJtMDJpampObWNacnN4SDNPMHVoVU5aRWZOdEZnWktBeVhHYk1sYW1vbkxDa0pwci01R1VpaHhmZ1BhTWFiOWFudjZpSEJLVFVwV1JKdWZ0UlhQeGE4M0VyUE9TRXVMOHNMNTkyMUR3cGJPTkVTeXNmVTZOUjZCUTFiWGRPYjdXWUJjTjN6emc?oc=5
Stone,Payments,2026-04-28 03:35:22.268701,,2026-04-28 03:35:22.268701,GENERAL,GENERAL_NEWS,GENERAL_NEWS,1,0.1,WEAK_SIGNAL,0.39,The Technical Signals Behind (STNE) That Institutions Follow - Stock Traders Daily,,,Google News RSS,https://news.google.com/rss/articles/CBMi1AFBVV95cUxONlZ6Wng1T1dzWVlVNjJKWEJwVnRReTlYaTI1M0w5bUVCX2VGYnl1UGNBUXVWdklUZnBfenhYWnE3YXlfcS1yUGdzUDZwMVVKMUEtZkhUTEFKazRWdExBTzdfT1JWZmhYN0pveEg5bjcxSjFicl9fY1ZzTzJjOWc4bG01bHM4bmpKSkRSa0FYYlhCTHZEYVk4LVN3cFVFLTFBaDhYczUtVVlxWWFfRmNfWHdTZTZYaGltU3EwVDNfM2wweFZaTW96Ung4Zy1fS1Y3MnZLXw?oc=5
Oi,Telecom,2026-04-28 03:35:22.268701,,2026-04-28 03:35:22.268701,CREDIT_LIQUIDITY,WEAK_SIGNAL,WEAK_SIGNAL,2,0.5,GENERAL_NEWS,0.4,Oi S.A. Stock: Brazilian Telecom's Restructuring Path and Investor Considerations Amid Market Challe - AD HOC NEWS,,,Google News RSS,https://news.google.com/rss/articles/CBMiugFBVV95cUxOM3E0UVNVNF9XZ2UyMjVpQVpYSFc4YjlrVElpU013TnBQWHpvRTdTTDNFMUF3VnZ1VklIZG5DUDR6anZ1ZW1la0tvTGhHQUJKWkt5SVFjRUxBejduU1djcEsweXRNWnpYcVFUaWhZWjl0S2hPOVNqZEFfZDhDOThHVmZWMDNSRVRnR0IzcXNHVW12cjZDb3g3NHU3X09UZEtZVjRpcXBwSUxGQTNCcmtDa0JpaXVSOUMtNUE?oc=5
Vivo,Telecom,2026-04-28 03:35:22.268701,,2026-04-28 03:35:22.268701,GENERAL,GENERAL_NEWS,GENERAL_NEWS,1,0.2,GENERAL_NEWS,0.52,Telefonica Brasil (ADR) stock (US92662Q1058): Why Google Discover changes matter more now - AD HOC NEWS,,,Google News RSS,https://news.google.com/rss/articles/CBMixgFBVV95cUxNS1UwSmdNUVJ5Z3hqZWhZUnlaUXRPQjlWcktRS21IamxfVmsybF9ReURRdFpwcTExZGlZY1ZEMWlMTHBBaHFzTXZWYnM4VVZubGxFUGU1b0pkX3JjTmg5NFBFTEZhaDBuNC1COXpySXpCWlFFa0ZzbEVUeFpicFN3dVVoMFBKNGNvRFVOeGRhX0hsSm9HVEFTcVNCVjBvUkNlTFozcjQ2ZlpCYnBpRmZYeGV6VE1DWHE0Y21ZcGVWeUpaNDUyQVE?oc=5
Braskem,Chemicals,2026-04-28 03:35:22.268701,,2026-04-28 03:35:22.268701,GENERAL,GENERAL_NEWS,GENERAL_NEWS,1,0.2,GENERAL_NEWS,0.41,Why Braskem's Stock Breakout Signals A Strong Buy Opportunity (NYSE:BAK) - Seeking Alpha,,,Google News RSS,https://news.google.com/rss/articles/CBMiowFBVV95cUxOQ2pRdEVCMGMweXBTeWJ6d3c2LVhnVE9XRnFudFFLU01xcWFMX1NvREw5T2cyc3k5UUItWmt0WV96VTVUeUcwOW5OXzI5RXhucE50SGJ6WlRsRmJkcWpHaHBXbFJrSUV6MFRXSE0tV3B2V1hrVVhXcmhucHpvMG1PTXNnRGtlSFpFam9zRVNlcC1WcW1Qa1JPOXB1VDdyMUJ5eVdJ?oc=5
Vivo,Telecom,2026-04-28 03:35:22.268701,,2026-04-28 03:35:22.268701,GENERAL,GENERAL_NEWS,GENERAL_NEWS,1,0.2,GENERAL_NEWS,0.49,Telefonica Brasil: The Dividend Story Remains Compelling (NYSE:VIV) - Seeking Alpha,,,Google News RSS,https://news.google.com/rss/articles/CBMinAFBVV95cUxNYUN0enp2R0lKaTZDUVZ4VnFtaUE1aWJyR211anVTLV9kSDBLdnBTSHczSUhMNnQxZGZnM0pHc0Q5dkYtZTVqaURtejFwX2NEY09kZWd4RmhFcmtJeHBtQlZKNFRSSFZlcVJCNk8tLWY4MjFHUmdRRjVmbW9oTUMzX1dNb3NVUDR5LUtPTUdaZzMxUjZjd3lmcURqb3o?oc=5
Vale,Mining,2026-04-27 16:57:37.680235,,2026-04-27 16:57:37.680235,GENERAL,GENERAL_NEWS,GENERAL_NEWS,1,0.2,GENERAL_NEWS,0.44,Vale SA | 6-K: Report of foreign private issuer [Rules 13a-16 and 15d-16] - Moomoo,,,Google News RSS,https://news.google.com/rss/articles/CBMimwFBVV95cUxPbjNBVVUtZGMtQUUwcFpCeTVtUjREeGpLS09KQjhvcERTa0tVaWwxdFNpMFBnSVJzOTJtX0pQRXlnTkc1ZTBXQzUwVW5uWHJFTE5saWNkaXpqbUpYVWV0cm14UWJLZE5BUVlpanNUNG9RRU4xRUx1MlN1NlI4U2NfODVWWVBjTHRHZW5oU0Q0TTlZTzNScEk4RXpPYw?oc=5
PagBank,Payments,2026-04-27 16:57:37.680235,,2026-04-27 16:57:37.680235,GENERAL,GENERAL_NEWS,GENERAL_NEWS,1,0.2,GENERAL_NEWS,0.45,PagSeguro Digital stock (KYG682601023): Why mobile-first delivery now matters more for fintech inves - AD HOC NEWS,,,Google News RSS,https://news.google.com/rss/articles/CBMivAFBVV95cUxQa1RBR3lqZkVhQ0ZrWkk2dGdSaTJPOEYwYVJjM2JFd0dZVjgySnpjWDN6bVlyWWU4M2YwX1otV1RNTTVMdmd1MnBWVkpvcUtIX2NJa1lzUWlVaGxKekVnQlBPbzBoUHJWd3V0UFFtdFJrQThvU2ZRUUJOOXdBZ2tNY3gwWGdoNzJsdnpuU3lCYWp6OGFQYThOMkFWQzV1NTFUTGlWWDdVLTN4Tkxza0NnT0MybHNHOVlJLXFNRw?oc=5
Banco Inter,Fintech,2026-04-27 16:57:37.680235,,2026-04-27 16:57:37.680235,GENERAL,GENERAL_NEWS,GENERAL_NEWS,1,0.2,GENERAL_NEWS,0.52,Inter & Co’s Banco Inter Raises R$500.4 Million via Subordinated Financial Bills to Bolster Capital - The Globe and Mail,,,Google News RSS,https://news.google.com/rss/articles/CBMijAJBVV95cUxNeHBBOExXTFotaXhSVWZCcTkwRFZLZWxwOG13OTVzTXA2dWYweVZYTXJnMXNLcnR0dnY3cldOSS1VRGFZcGFEZVN0Vl9fV2tJWjY1LUtzRUF1eVFSaS1JdHExcEU0SEhQYlBJeVZWN3VQN19BZFBMSmlTVzNWR2dZN3dPeDVUT0k2R1BZa3RsaERha1JGeHlJYV8tams0ODIxajU5NTMzTU00czg1cDk5bHJyU0NQbkdfVXZHazF1WmI3VC1hSG1CUmQ0QnZETTYzcDlxWDlMTjA0TU1Da0pWZ0kxWHh3RUVTc3dEZzY0bFBxZ2UtVjhzcC1TWGpFNDdtQXZVcDJTTWpZd09o?oc=5
Banco Master,Banking,2026-04-27 16:57:37.680235,,2026-04-27 16:57:37.680235,GENERAL,GENERAL_NEWS,GENERAL_NEWS,1,0.2,GENERAL_NEWS,0.3,Banco Master Seeks $2.2 Billion More From Brazil Insurance Fund - Bloomberg.com,,,Google News RSS,https://news.google.com/rss/articles/CBMiswFBVV95cUxOUkR3RGhfZDRrZFRQd2g1cWhNWERCdkstU21Tb2RVVGQ1YlpzT0l2ZzFFbTJDM1VNei1rZnh3Q1NsZmwzZk9sRm16V0pBbzhKckhrdHAzdFowMHpoWlJRaUFkSmpYWjdqaThLZlJNMFZJemdWUHJXWEFhOC1ob1JxN1ZCNlRVSlVPb0xPVXFKTjZ3bnczZjVTZ2JtSkQzMi04eDNZVzVjcjV4elJZaW0yeDN2bw?oc=5
Ambipar,Environmental Services,2026-04-27 16:57:37.680235,,2026-04-27 16:57:37.680235,GENERAL,GENERAL_NEWS,GENERAL_NEWS,1,0.2,GENERAL_NEWS,0.33,Ambipar Emergency Response (AMBI_t) Cash Flow - TradingKey,,,Google News RSS,https://news.google.com/rss/articles/CBMic0FVX3lxTE5sQjBOTUV2Y3JSdU90MWxUc1hkN0RwVzEzQXY3TGpjSHgtQmNBS0tKVXMzR2E2aDYxdzlGdzFsQm1jQjRrblB5TDhLa1RtZ0V6TDlreVJGQ25ya0tjdl9DVmJlQXVYOFRRWk5XbVVaYno3b3c?oc=5
Vertex Energy,Unknown,2025-02-10 00:00:00.000000,2025-02-10,,MARKET_STRESS,,,4,0.5,,,Stock dropped more than 20 percent in one week,,,,
Alpha Retail,Unknown,2025-02-05 00:00:00.000000,2025-02-05,,ACCOUNTING,,,5,0.5,,,Quarterly report delayed without clear explanation,,,,
Nova Environmental,Unknown,2025-02-03 00:00:00.000000,2025-02-03,,REPUTATIONAL,,,4,0.5,,,Increase in negative media coverage,,,,
Vertex Energy,Unknown,2025-02-01 00:00:00.000000,2025-02-01,,CREDIT_LIQUIDITY,,,5,0.5,,,Reports of liquidity pressure from creditors,,,,
Nova Environmental,Unknown,2025-01-25 00:00:00.000000,2025-01-25,,LEGAL_REGULATORY,,,5,0.5,,,Regulatory investigation announced,,,,
Alpha Retail,Unknown,2025-01-20 00:00:00.000000,2025-01-20,,ACCOUNTING,,,4,0.5,,,External auditor replaced unexpectedly,,,,
Vertex Energy,Unknown,2025-01-15 00:00:00.000000,2025-01-15,,CREDIT_LIQUIDITY,,,4,0.5,,,Company renegotiating short-term debt,,,,
Alpha Retail,Unknown,2025-01-10 00:00:00.000000,2025-01-10,,ACCOUNTING,,,5,0.5,,,Inconsistency found in financial statements,,,,
Nova Environmental,Unknown,2025-01-05 00:00:00.000000,2025-01-05,,GOVERNANCE,,,4,0.5,,,Chief Financial Officer resigned unexpectedly,,,,
