company,event_date,collected_at,event_type,risk_category,severity,confidence_score,matched_keywords,signal_type,rule_signal_type,final_signal_type,ml_signal_type,ml_confidence,description,source_url,source,ai_summary,ai_explanation
Americanas SA,2026-01-22 08:00:00,2026-05-07T03:30:21.660913,news_signal,LEGAL_REGULATORY,5,0.9,"CEO, regulator, fraud",CRITICAL_SIGNAL,CRITICAL_SIGNAL,CRITICAL_SIGNAL,RISK_SIGNAL,0.46,Brazil’s regulator accuses ex-CEO of masterminding Americanas fraud - Valor International,https://news.google.com/rss/articles/CBMizwFBVV95cUxPOXp4SldFMDFhRTh6OVhiSHNVMlJ3bm9hbUtOOXJKTEU4bTU0aWM5eXRTZ3NGcHJqVlZuTnRCX2x3UlNrVHVxbGNidkN2Vks3WnJoSnNHTTAzNXRsVzFvd1cwRnNVQl9YZkRoX3VaNkFJTTR3M3g4bjR3dzREQ0dSQ1lSZWsybmpqb3czdkFfZGUyT0hEX2ZoUXZPNEpWXzVnNTFMWW85dG1OWDhwdXR0Um5PYTduX0JVbHFFcFNZNkZGemtFQ19PeTdjVmdRMkXSAd4BQVVfeXFMTjh6cW1UTDBNQ2taRlJ6eGFLc3YwTUplV2E3THhhSHpkRVlPeE00c0FqQ0I2T0lWaWZDUDQyaE9QQ1pMMEN5Z3VtVTdTZ1otT1VSR0JPd1ZPTERyT2d6Y0lZVFNqTjNycGplWGxmZ0ZKdE1jc3VxNlR2S0dXV3hHMFFVTktxZGRiV2xSb1p5WHU0Tk83d2NYRXFtNW9aMjkzclMwUlZ5LVdoWTBhX0NGSW16UnVnMFBSaGFmTWVJWGszS01XMmxhZlVkNlE0SHRYSGdveVFaV250eTdSZ093?oc=5,Google News RSS,"Brazil's regulatory agency has accused the former CEO of Americanas, a major Brazilian retailer, of masterminding a massive fraud scheme.","This news could represent a corporate risk for several reasons:

1. **Regulatory scrutiny**: The involvement of the Brazilian regulator in investigating the alleged masterminding of the Americanas Group's (formerly Americanas S.A.) fraudulent activities suggests that there may be a lack of transparency or accountability within the company's leadership.
2. **Reputation damage**: If the investigation finds that the ex-CEO was indeed involved in the fraud, it could lead to significant reputational damage for the company, its directors, and executives. This could result in a loss of public trust, potentially impacting the company's brand value and ultimately affecting its financial performance.
3. **Financial consequences**: The Brazilian regulator's accusations could lead to severe financial penalties or even fines against the company and individuals involved. This would be a significant risk for Americanas Group, as it would require them to pay substantial amounts of money.
4. **Loss of regulatory compliance**: If the investigation reveals that the company was aware of or turned a blind eye to fraudulent activities, there is a risk that the regulator could strip the company of its licenses or permits, forcing it to shut down operations entirely.
5. **Potential for class-action lawsuits**: As a result of the alleged fraud, customers or investors who were affected by the scandal may file class-action lawsuits against the company and its executives. This would add significant uncertainty and potential financial liability for Americanas Group.

Overall, this news could pose a significant corporate risk to Americanas Group, as it highlights concerns about leadership accountability, regulatory compliance, reputational damage, and financial consequences."
Americanas SA,2026-04-28 19:51:09,2026-05-07T03:30:21.660913,news_signal,GENERAL,1,0.2,,GENERAL_NEWS,GENERAL_NEWS,GENERAL_NEWS,GENERAL_NEWS,0.45,Americanas S.A. stock (BRAMERACNOR6): Is the e-commerce recovery path now the key test for investors - AD HOC NEWS,https://news.google.com/rss/articles/CBMixwFBVV95cUxQbnY1VGlubjllRE9wdy1abkJZUzhydkVhX1JyQ21NcDQyWkRjcmVuRDNZcjRlZ0tWUko2YS1MVmJ3eE83X0RmUE1ZV2pWNDA1S0tkZ3hJV2lJRVlVWmlhTXJ1WV9iWDFmMUdSV0t4N3RtV3VhM2lpNGpaQnpWTk90OUtZbnZFY001QWhiSFF0OFF4NXJTRnViT1Z6XzZuX2duUmRFZTF2UVcxUk1xSUxvWjBkV1lJS1pRWkhwdFBpbms0WFZUVm5B?oc=5,Google News RSS,,
Americanas SA,2023-01-13 08:00:00,2026-05-07T03:30:21.660913,news_signal,FINANCIAL_SYSTEM_RISK,2,0.5,bc,WEAK_SIGNAL,WEAK_SIGNAL,WEAK_SIGNAL,GENERAL_NEWS,0.41,"Americanas’ $4 Billion Meltdown Hits 3G Billionaires Lemann, Telles, Sicupira - Bloomberg Línea",https://news.google.com/rss/articles/CBMiswFBVV95cUxOejJxeVBXMEwwa3p1OTRSRno4RlBlTHZYX2RldmhNcW9idFZyZlItRDN4bnhrZFZTMmNVRVVmajVjclR5ODl5SF90MjcwRGd5ZDd5OHl0WjllTUdFVjA3VGh2ZC1rZkthOGJqZU9lNGV4U1JOU3dia01wVU5HM0VWU3dOM216aW5mVHRWaU9GTWtEcGN6RXZwU3J2T0tWVWtKeHJYQUp2R1VLRXV1OEtGQXVsY9IBxwFBVV95cUxOaGZvRUtyT2NMbENndFI1SzRSRTFNLUZlVHhIRDJIdDZPM1BIdi0weTQzakIwTUJuckREU3pNZHU4WTlxLWFLUUo5MlBmUG9EdUZLbEVBclpjZTh3YnZUVHloYXdGMkdWQ2NDWERsTDlTYUlnQThBOUQwbHI3T01hT2xIY3hsMU1jV1ZCM2xLRXdfa1ZaSFJjMThyREhaVXMyZ0czS0xuLTBxeW40ZjRVelFSQXZrVU03T0xvOXc0Mk9qX2hyUU9n?oc=5,Google News RSS,,
Americanas SA,2026-02-10 08:00:00,2026-05-07T03:30:21.660913,news_signal,FINANCIAL_SYSTEM_RISK,2,0.6,bc,WEAK_SIGNAL,WEAK_SIGNAL,WEAK_SIGNAL,WEAK_SIGNAL,0.35,O que está em jogo na Venezuela? Feministas latino-americanas respondem - Portal Catarinas,https://news.google.com/rss/articles/CBMimgFBVV95cUxOSmJBaUxfMG80RzdYYThYUDlaaDNabzY1QzNnWmdUdUZZNmZDZmNORE9fekE1UnBlUi1uVFMxcXp1aWxkSGhDUXU0WDhrdGxST1BxX2N3cnNBcl9leFVHRlFDR3JrZVlMNjN4dkFVWTdFU3dkZnRXMGhBdU1XSURSV1plVE1NN29sem5CVFhwZ1VESEdhdXl1eHNB?oc=5,Google News RSS,,
Americanas SA,2023-01-18 08:00:00,2026-05-07T03:30:21.660913,news_signal,GENERAL,1,0.2,,GENERAL_NEWS,GENERAL_NEWS,GENERAL_NEWS,GENERAL_NEWS,0.4,"Americanas case start battle among Brazil’s wealthiest men, but may harm the poorest people - Brasil de Fato",https://news.google.com/rss/articles/CBMizwFBVV95cUxQRnlUWU9EUkU5V0p3Y1BjamxMLUZOckdQQlZSdktzaG1VaXQyTDNxelZfNnBEekJ5QmFLR1BXeU9RYVJjYzNVLUl5d3QyZjdEbjhRSGU5c01mS1RkRjBrNWFzejdpc3h2b1NEYmZMVU9NNDhlRERWaVB6YjNzRzJRb3pkM2V0RmV1REx1ZjdfT25vQ1pFZWw2dVdrb19UOVUzbTdDcWlLb3FxZmkzeUthekwydVVXbTF0dmRxVUNselVpcEdjclJhazdYYlFCblk?oc=5,Google News RSS,,
Americanas SA,2024-10-02 07:00:00,2026-05-07T03:30:21.660913,news_signal,GOVERNANCE,2,0.5,executive,WEAK_SIGNAL,WEAK_SIGNAL,WEAK_SIGNAL,GENERAL_NEWS,0.41,Messages show how Americanas executives tried to avoid scrutiny - Valor International,https://news.google.com/rss/articles/CBMiywFBVV95cUxPMHJtR2RSTGRHejB1UFU3STlpZEt5YUlZNUMwOUg0bGJMN2JEUVZDRHhxdEN0U3VCY3lLZ2ZRSDkxdllyTU0wRm9nMkRfTm41WlI4dWNTUS1UUzNFRkdEaXpuMkRnTFFkc2FFd24wZGluS2gybWttWU15a3RqU1gxTnVyb3l1M2hVN1k5Y1dTMG91U09mX3ROQlJvNk92M3NYd1ZySnpSSUNwTnJlbXM5YkpWalY4UWl1Q2R3bldZY1VXSnRycW9Ec1c2VdIB2gFBVV95cUxNR0ZPQS1CMzduY0pGUDNSbDdEdnE1N0h0Y1BxaXZwbm05UkZndnY4ZUUzZUtfZ1EyVjR2U19Wc29nZzNycjRfa0lHODVsOTRGalU0TU9oRloybFRmTThaelBDVTdmY2o3WHZ6T3FhQzM5QzJhdVczc0dRZWtDel9QYno4bWVpcEVrTXRTMTlZVENld0hWQm5kNzB0NG8wdG1GeTZ6V3NKRjRNU3pHQ1NBMl9JUlFzRTdCTlUyTHBTOUdTcnNaa0h0VzBmMUZneElEU1NKdE1XbmpIZw?oc=5,Google News RSS,,
Ambipar,2025-10-15 07:00:00,2026-05-07T03:30:21.660913,news_signal,CREDIT_LIQUIDITY,5,1.0,"creditor, creditors, restructuring",CRITICAL_SIGNAL,CRITICAL_SIGNAL,CRITICAL_SIGNAL,CRITICAL_SIGNAL,0.58,Ambipar's complex situation could take creditors to the cleaners — Restructuring QuickTake - 9fin,https://news.google.com/rss/articles/CBMifEFVX3lxTE1rd3pJbEw3QVlaTEc4WTNjZ0l1RXEwM25Db1B2Z2RoeGRZOXVOc2E2TUpBbDhoaGNjVVJJemo5V3h0Y3hpSVhIcVIzTXlCTVFGd2dTNTliZlA2R2JYYzJwQW91R3RjOFl3NGVPSlQ3SmZ3UVJBVVBfMkF6V0M?oc=5,Google News RSS,Ambipar is facing a complex financial situation that may leave its creditors with significant losses if not resolved.,"This news suggests that Ambipar is facing significant financial difficulties, and its restructuring efforts may not be sufficient to protect its creditors from potential losses. This could represent a corporate risk in several ways:

1. **Financial instability**: The fact that creditors are at risk of being ""taken to the cleaners"" implies that Ambipar's financial situation is precarious. If creditors are not adequately protected, it could lead to a loss of confidence in the company's ability to manage its finances.
2. **Reputation damage**: A failure to successfully restructure debt or address financial difficulties can have a negative impact on a company's reputation. This could make it harder for Ambipar to attract investors, customers, and talent in the future.
3. **Credit rating downgrade**: If creditors are not protected, the company's credit rating may be downgraded, which would increase borrowing costs and reduce access to capital. This could limit Ambipar's ability to invest in its business or respond to changing market conditions.
4. **Asset sale or liquidation**: In extreme cases, a company facing significant financial difficulties may be forced to sell off assets or undergo liquidation. This can lead to a loss of control and value for stakeholders, including employees, customers, and shareholders.
5. **Increased risk of bankruptcy**: If Ambipar is unable to successfully restructure its debt, it may be at risk of bankruptcy. This would have significant consequences, including the loss of jobs, disruption to business operations, and potential liability for creditors.

Overall, this news suggests that Ambipar's financial situation is fragile, and there are concerns about its ability to navigate the complex restructuring process. This could represent a corporate risk for investors, customers, employees, and other stakeholders who have a vested interest in the company's success."
Ambipar,2025-10-20 07:00:00,2026-05-07T03:30:21.660913,news_signal,CREDIT_LIQUIDITY,2,0.6,bankruptcy,WEAK_SIGNAL,WEAK_SIGNAL,WEAK_SIGNAL,WEAK_SIGNAL,0.42,Brazil's Ambipar files for bankruptcy amid growing credit market unease - Reuters,https://news.google.com/rss/articles/CBMiogFBVV95cUxNT1ZPZXNkRHJtdUMwTWNMQW5aemNjRzFTSTJzejhRRnowV1U0Qmg2T3dUMVBUaUpNSEhiUWoxRmY0M213amVZVmpDODdja2U2NE1vSGxLb1RfYWhvQ1I0Vy1ORjZCQ2g5NV9fZ0c5RXNIelJvT3JyakxlNkFQVk5ObUV4M0xqXzV1VWg5anZYaTRqa1M0YklUc2JEc3lxMWpneEE?oc=5,Google News RSS,,
Ambipar,2025-10-03 07:00:00,2026-05-07T03:30:21.660913,news_signal,GENERAL,1,0.2,,GENERAL_NEWS,GENERAL_NEWS,GENERAL_NEWS,GENERAL_NEWS,0.45,Brazil’s Ambipar shares extend decline amid legal and credit concerns - TradingView,https://news.google.com/rss/articles/CBMixAFBVV95cUxOWnNmRnRiQUJPS1F3MVNZRWI5cUQ5eWIzUHM4X1JsbUl2cExZRHN1c1JBZGhZMlJLQ2ZFaVRNbmkxQ3NuR0hBYnRlR3RPODhRdUJNaGxISXN3WmJFdU95Q3FySzRjbTJqSWYwUE9SeDEzc3h6UmdURTVKY2Q4ekpNc0dQTld4NWhiNEZjVTJRbzVMb2dDSkU0aXVJSFlNUTRSOHN1Q1N4NlZaZWE3RTlCRDVUNnZUYjFUYUNyR3NOb1BUZHJG?oc=5,Google News RSS,,
Ambipar,2025-10-22 07:00:00,2026-05-07T03:30:21.660913,news_signal,GENERAL,1,0.2,,GENERAL_NEWS,GENERAL_NEWS,GENERAL_NEWS,GENERAL_NEWS,0.45,Tense weeks preceded Ambipar’s collapse - Valor International,https://news.google.com/rss/articles/CBMiqgFBVV95cUxQNU5RY0ROYVE3WUJSc29MRjRCOFpBUENMWWRaSGJUREFtUEdKczJtbU1UNXNxMlEtWTJLOFU3WVE0NjJYam9OUG8xYkRHMUNGNjdQUDZCNmU3UTBJZkVvUFJhZFlWZEpDdjdlUFRfbXhVeFkxMjhTSi1tOFItUk5xY3FPM1cxTlF2SG9iUWRHWXJTVXFqTWxlcGgzYmVJd3R0dzlqWlV6M3U4d9IBuAFBVV95cUxOWERUR1ppRTJjbjNvWTNEM3JCUkU3Q05DUmVUV2I5Tk53WkRRdVowOWJDTHFUbFk2cVAtQXVLQWMxYTNUamxPeEJHNkliaXFmb21iWUx2RHZfM0VyejhyVk1haHRCYjVYcE1GR1ZNb1FjZVhuRGt3dTdnOWxHdW9YeXRrVnJSQ1BqYUIwdVJXQTUwbXZ1dWNISElsSW9zazdMVDRlZDRGSlYwZ1JmQmt6T3Joc0hIOXU5?oc=5,Google News RSS,,
Ambipar,2025-12-26 08:00:00,2026-05-07T03:30:21.660913,news_signal,GENERAL,1,0.2,,GENERAL_NEWS,GENERAL_NEWS,GENERAL_NEWS,GENERAL_NEWS,0.49,CNOOC and Ambipar sign agreement to accelerate oil and gas innovation in Brazil - Global Times,https://news.google.com/rss/articles/CBMiYkFVX3lxTE8yU1RaOUd2QTFDejdjSERLYy00U0tEbzk2YjlXZnAtX2h0Wi1GX3FERkw2Y3JBb29IN3NCNUZjOXdqRmNFNC1faEFzSEEydUxYLUU2ZjNiRXZ6Q0R6enBjTGFB?oc=5,Google News RSS,,
Ambipar,2025-12-26 08:00:00,2026-05-07T03:30:21.660913,news_signal,CREDIT_LIQUIDITY,4,0.7999999999999999,"creditor, creditors",RISK_SIGNAL,RISK_SIGNAL,RISK_SIGNAL,RISK_SIGNAL,0.58,Ambipar's recovery plan calls for more investments in the company - but they forgot to consult with creditors - NeoFeed,https://news.google.com/rss/articles/CBMizwFBVV95cUxNS003R3daRVVZc0hJSmptbUxjV3c1Wll6TThGSXVCcVc1VHVsenVJRzYwWWI5MUFtZGt6SDRwTFhEZmVfU05rdVFoT01CY3kwX1I0R1dKZjVwUFI5c2lvMjhlMGJYUVFXWjNOSlduSGlOVk5TQlN3cG02cGx4cDdIUWVXRjVJV2hJMC16b3BLLVVSdTFwYzFHUzdvNXNmdWNnMmpfR0JBNFhLeEhlaU0yQ1NDV2ZBM0N6NEJJOVlEY1EtSFB3S3N4TWlCS2ZMNzQ?oc=5,Google News RSS,"Ambipar's recovery plan proposes increased investment, but ignores consultation with creditors.","This news represents a corporate risk because it suggests that Ambipar's recovery plan, which is likely intended to help the company overcome its financial difficulties, may be flawed or unsustainable due to several key issues:

1. **Lack of creditor consultation**: By not consulting with their creditors, Ambipar has potentially ignored the interests and concerns of their lenders, who may have significant stakes in the company's recovery plan. This could lead to a power imbalance, where creditors are left without a seat at the table or a meaningful say in how the company is restructured.
2. **Insufficient investment**: If the recovery plan calls for more investments, but Ambipar has not consulted with its creditors about the terms of these investments, it's likely that creditors will not be on board with the plan. This could lead to reduced investor confidence, decreased funding, and ultimately, a higher risk of the company failing.
3. **Potential creditor pushback**: Creditors may view Ambipar's recovery plan as unfair or inadequate, leading them to refuse to participate in the plan or even take legal action against the company. This could result in a loss of trust among investors, further destabilizing the company's financial situation.

Overall, this news highlights a critical oversight that could have significant consequences for Ambipar's financial health and stability."
Ambipar,2024-09-24 07:00:00,2026-05-07T03:30:21.660913,news_signal,GENERAL,1,0.2,,GENERAL_NEWS,GENERAL_NEWS,GENERAL_NEWS,GENERAL_NEWS,0.45,SAP and Ambipar Unveil Net Zero as a Service - SAP News Center,https://news.google.com/rss/articles/CBMicEFVX3lxTE9ONFlfdTJWYk5iTGs5ZWlEaElTRXdONWpUbmpOaFNsWHdkNGRhMU9qWG9DbGZwSlFMcTREeEE5bURCNS0weDgtU2FwNmRkQlJuUU1vdWYxUF92amxtQzVaNUI0OHVhTEVzdVdNcDR6UVjSAXhBVV95cUxQYVd5eEZhcENCZkx2Ynk4MGRMUGJUQUw3QThLZWNjVHFxbHh4eW9iUS02bUhxYm9pTlBMOXI2eUFJYUdGNGQtVDdJVlRyWVdVNnRJYW5fSkVlYnBRYTdMTWJLcHRfV1ZpTGJrZFA1VHFPYV9YdTlDblg?oc=5,Google News RSS,,
Ambipar,2025-10-21 07:00:00,2026-05-07T03:30:21.660913,news_signal,CREDIT_LIQUIDITY,2,0.6,bankruptcy,WEAK_SIGNAL,WEAK_SIGNAL,WEAK_SIGNAL,WEAK_SIGNAL,0.31,Ambipar Sinks After Filing For Bankruptcy On Two Continents - Finimize,https://news.google.com/rss/articles/CBMikgFBVV95cUxNdnFnSmE4dzQ5RERwT29aY01HNWJXOEdneGhpUk5wNVNWQnp1cEZIQ2JBR2ZqYktncWMtMGRTaUhhcnZCcl9WRHJodWVCQ2I4TEs5TmRzOEpWR3lrbzRJT2lzT1c4SWdQRVp4X09zakdlMzlzZW1vMFpoRk03T3hLUjVwRHlVN3JGTEhBWEY2eVVIZw?oc=5,Google News RSS,,
Ambipar,2025-12-18 08:00:00,2026-05-07T03:30:21.660913,news_signal,CREDIT_LIQUIDITY,4,0.7999999999999999,"creditor, creditors",RISK_SIGNAL,RISK_SIGNAL,RISK_SIGNAL,RISK_SIGNAL,0.41,Ambipar creditors warn of conflict between U.S. and Brazil court cases - Valor International,https://news.google.com/rss/articles/CBMi0gFBVV95cUxQdVRqTEEzNGNxLXEtSEVIT2NBX0ZKNmVpVTlwSjhQM2NwQ1A0SXFQVkw2a0JubGhyZl8wNi1ZcjI0bzRrNXdHSWJGdWpyczNnRnlIRHhzVmdnVFdoRGtWTUN0Q2tBaTRVQ2xyTlFWa0Z3Q0FPQnhZdEZVSUp6Q2VKdHZQalM0c1BTZ1dLcVlYUEZaNWFsVGNqNE1rbVI5ZXptQ1o0ei14aHlTUUNBeVJJRk1iX1AwTjN0ZlBQeWVuVEJHT1hkenB2N3drNm5VMDZJeVHSAeABQVVfeXFMT2VNamNZRVhybFMxRlZpdHVIdGtGaUIzeVRQbnZVWUNQSWhFUEdkS0xZRnlRUllnbXB2NXV5Y2VyMWI0Q1dlZGllYy1vR040dXgzSHVCX0QtaWNlNGJpYUphc1oyVUVkSTYxQ3JHQkRTXzhTRUp3Y1RTT1d0VkZvM2theVhIemdDbklkX3o0YnVrNDNFa0dlb0hvLVU2QTlUWFJXRTRZdXVxTjRNZkNrM2t5RlB0MGpqUDA5dDRBRlI5YkxoVWw5cEJSbndibmxjZTcxUzY3SlJwdnZ1WThfTXk?oc=5,Google News RSS,Ambipar creditors are warning of potential conflict between court cases in the US and Brazil regarding the company's financial issues.,"This news could represent a corporate risk for several reasons:

1. **Cross-border litigation**: The fact that there are multiple court cases involving Ambipar creditors, one in the US and another in Brazil, suggests that the company may be facing complex and potentially conflicting legal challenges. This can increase the risk of costly and time-consuming disputes, which could impact the company's finances and reputation.
2. **Litigation costs**: Cross-border litigation often involves higher costs due to differences in legal systems, language, and jurisdictional requirements. The added complexity of navigating both US and Brazilian laws could lead to increased legal fees, which could be a significant burden for the company.
3. **Reputation risk**: Disputes between creditors can damage a company's reputation, particularly if it is perceived as unfair or biased towards one party over another. This could impact the company's relationships with stakeholders, customers, and investors, ultimately affecting its bottom line.
4. **Financial implications**: The outcome of these court cases could have significant financial implications for Ambipar, including potential losses, debt restructuring, or even bankruptcy. If the company is unable to resolve these disputes efficiently, it may struggle to maintain liquidity or access capital in the future.
5. **Regulatory risks**: Depending on the nature of the disputes, there may be regulatory considerations at play, such as compliance with local laws and regulations. Failure to comply could result in additional fines, penalties, or even suspension of operations.

Overall, this news highlights the potential for Ambipar to face significant corporate risks associated with cross-border litigation, including increased costs, reputational damage, financial implications, and regulatory concerns."
Ambipar,2026-04-28 13:42:00,2026-05-07T03:30:21.660913,news_signal,GENERAL,1,0.2,,GENERAL_NEWS,GENERAL_NEWS,GENERAL_NEWS,GENERAL_NEWS,0.41,Ambipar Participações e Empreendimentos stock (BRAMBPACNOR6): Why environmental services strength - AD HOC NEWS,https://news.google.com/rss/articles/CBMivgFBVV95cUxON2VJZ3JWSHpFLUJMVXR1RDZJb3M1TnkzYXphX0ZaRW1kR1Z1V0tabWx6bFRWMlNGVG9NWnZnWFc3cmxQb2tsaTFGaG9uMGllLWl4Q3U5aXFoMUFWakswQXNCV3VzZkllYWg1NjBrdjRtMTNVUjRzYVlpck1ZLXg4UndKT0p6SnBmOUhrcnVwTTJOYjN1ckxTVGU4ekxLc01TcnlDUDRwMENOY1o3S21fRFFPTVJxdmJhanRRVDNn?oc=5,Google News RSS,,
Ambipar,2025-01-16 08:00:00,2026-05-07T03:30:21.660913,news_signal,GENERAL,1,0.2,,GENERAL_NEWS,GENERAL_NEWS,GENERAL_NEWS,GENERAL_NEWS,0.38,"Brazil’s Ambipar, UAE’s Edge Group partner up - Agência de Notícias Brasil-Árabe - ANBA",https://news.google.com/rss/articles/CBMidEFVX3lxTE1mNUtVLWZLZXhLMDNETTQ2M3pDLUl3SHk1WnF3VHdYUWVYQ3pTVWVlWWJ1ZHRIMDBDakEzQnlJZ01WU2xtTEduS3RISm1sTzVLQTRFX1BaSG16YXhZYTUwWU05ZzR4X3VidmtPMUQ4ZFJpYWEy?oc=5,Google News RSS,,
Ambipar,2025-10-03 07:00:00,2026-05-07T03:30:21.660913,news_signal,GENERAL,1,0.2,,GENERAL_NEWS,GENERAL_NEWS,GENERAL_NEWS,GENERAL_NEWS,0.32,Ambipar raises concern amid FX swap dispute with Deutsche Bank - Valor International,https://news.google.com/rss/articles/CBMiygFBVV95cUxNc0hqR0w0dTRpRXhRbGtsMnJpbjhqaWN1MF9XVmI0Ykt2cmpyWlhmMTM0M184R0duRm9xUlh1MXJXTkR5dDlheWs2Q0wwUlRneE1EOXZMSXotemdqYWtuQVcwRXB1RkZEYldXUGNhRVlZcTRURExyTGczWDVoWXNPVjdzWW1PZDdnbzB4QWREX2tsUk9tWW1qY085Y0hSV2JlM1RJV2RTM3N2OVdiRXFhNTdsQU5vR2ZrN01CMmhqZlhUV1JLakQ5WGdn0gHYAUFVX3lxTFBQcWdqS1VvNW1mcEd1M0Z5UjNMQUZlVDV3Qk42VjVXTnphR3RMdXZKNDdHYzhoTEEwXzhtNEQ0WFlDQWMxdlNNa2VwN0F3YkwxTWFCN24yVjhQSXlNT1RwUV9uNmQ3MTFITTByMTQtZlM5RDFiUzlJdTFRZkFJYnozVjBhbFlrZ1Y3TWR6enprNmE2OVh2TWc1d0YzNEZ1bGtPVWpyTFhlUXdNY2JqUENFLURmWUVnRHAxUWRqLXN1SGtCUFlPRkN4SEdSS0xrX056UzJvdkc5SQ?oc=5,Google News RSS,,
Banco Master,2026-04-09 07:00:00,2026-05-07T03:30:21.660913,news_signal,GENERAL,1,0.2,,GENERAL_NEWS,GENERAL_NEWS,GENERAL_NEWS,GENERAL_NEWS,0.39,Brazil Banks Weigh Shifts to Insurance Fund After Banco Master - Bloomberg.com,https://news.google.com/rss/articles/CBMiswFBVV95cUxNUHliWUpGVWdsaGVEYVR4dlQ5cDk4b1A5Q3FjbVoyM3RNQlJxNWktVVc2UUxPcktldExPVzBDNklJYXZKNHhvVjlLT2FwM2dYLTNDUkRaOHc2bkc5eHdGSVl2Y0dCX0E4OUtBUFRCTmJqZHItTXBhZUZsemFtVVZYQ2ZzbkhrNGcyMkY4Uk9iVHJLTHdhdjRVdjIwQlBKdlN6ZU9za24xcmVRcm53NWk2NXZuYw?oc=5,Google News RSS,,
Banco Master,2026-03-05 08:00:00,2026-05-07T03:30:21.660913,news_signal,FINANCIAL_SYSTEM_RISK,5,1.0,"probe, central bank",CRITICAL_SIGNAL,CRITICAL_SIGNAL,CRITICAL_SIGNAL,CRITICAL_SIGNAL,0.71,Brazil rocked by probe of central bankers aiding failed Banco Master - Reuters,https://news.google.com/rss/articles/CBMitwFBVV95cUxQeDVub0N0cFFFbmVLbEZWZmd5TUhBRjRKNmJXRDdLcFdEb2F0MXlHT2FzN2czc25EZVc5dGdHSTZZd2JzTmZmX251OHBYMmRxNUZDc0ttcVlhWTVyUDNMS0RVUU5LMHdRa0NfcFc5WnVyODcxTmx5cUVEcEVoelVvRnpTQzVQS2FuWVdfQkswUDBBU3FCNDhCcDYtVWlIWHlpMVUtSjlhQWpOWDBBR0puQ0RIREVaTDQ?oc=5,Google News RSS,Brazil's central bankers are under investigation for allegedly facilitating the collapse of failed bank Banco Master.,"Error: HTTPConnectionPool(host='localhost', port=11434): Read timed out. (read timeout=60)"
Banco Master,2026-01-23 08:00:00,2026-05-07T03:30:21.660913,news_signal,LEGAL_REGULATORY,2,0.5,probe,WEAK_SIGNAL,WEAK_SIGNAL,WEAK_SIGNAL,CRITICAL_SIGNAL,0.37,Brazilian police target Rio pension fund as Banco Master probe grows - Pensions & Investments,https://news.google.com/rss/articles/CBMirwFBVV95cUxPMkk1MUlFMlNHbjhDczNLUUlRdEZMNkozUkI4dmNYVDVWcWpFOW9jeHlQOXZUbzNkZnY2dzBjU25QbWJVbllrdE0xMUw1bWJqcVVLWHVzUl9HTW1RcU5TeFJXbE1JZjIwRUFSZUdZVTFXZU52WXduQVRrTjdBVmhJNVdvMVU4elpHQ0tZNFZYalBibXhFaFNRaHNqRThrZW1hRDdHY1M0WXB6cFI2TVZv?oc=5,Google News RSS,,
Banco Master,2026-01-21 08:00:00,2026-05-07T03:30:21.660913,news_signal,FINANCIAL_SYSTEM_RISK,5,1.0,"fraud, probe",CRITICAL_SIGNAL,CRITICAL_SIGNAL,CRITICAL_SIGNAL,CRITICAL_SIGNAL,0.34,The Banco Master case: The $2 billion fraud probe that is shaking Brazil - EL PAÍS English,https://news.google.com/rss/articles/CBMixgFBVV95cUxPeWpsUWVaZVFCenlmZjNPcU92aWxvQkVIS1NQRS02SzIyY3lnQnVHd2tpS2t1N0JQZ2VGZnJlY0lsVTdBaEFsRnJWWVhmUy1NUENkbWhMekt1cWp5alpxRzF4RUtjbkNsbkZRdzNTcGxSREJBTGQ5WHh1M0QwbHQtblNaTzRTcm15U0ZkaUgxVkxaYkNGUVZzbmNHSVBVSXBVWGN2YUpROVFHdEl3N1RZWVQxZlNOMmJWTW5jY1dhd1M1dWlqLUHSAdoBQVVfeXFMTmlRMVJzdHhYRDg1aTE1dWJVcUFWcVpycm80Z3BBQkJRZXFZQ0tGTGlyR3NzbFoyMms1SjN3ZzdqcHJuWU9tdVJETXdxRllINkpyUm80WG9RZjhhazRWVHJzUEtuQngzSzFycXRHa2RoTThoUVlKbDVqRzdkNUpWRkF6RGhXcW1TS3Jxdk1pRXhhZUUxQ09uRzRIanFOaVFjZG5nandRamtEb0lDdDlJRFRnakNta1RqSmVjVUg3dHdMay1PdGJxZmt5LV93aVVMM3RrQm5UVTNIeWc?oc=5,Google News RSS,"A massive $2 billion fraud probe, known as the Banco Master case, is currently underway in Brazil.","This news article could represent a corporate risk for several reasons:

1. **Regulatory scrutiny**: The article mentions a $2 billion fraud probe, which suggests that the Brazilian authorities are investigating the bank's financial dealings. This level of regulatory attention can lead to increased scrutiny, fines, and reputational damage, all of which can impact the bank's bottom line.

2. **Reputation damage**: A large-scale fraud investigation like this one can tarnish a bank's reputation, making it harder for them to attract customers, investors, and talent in the future.

3. **Financial penalties**: If found guilty, Banco Master could face significant financial penalties, including fines, restitution, or even dissolution of the bank. These costs could be substantial and would likely have a negative impact on the bank's profitability.

4. **Impact on lending business**: A fraud probe can also raise questions about the bank's lending practices, which could lead to reduced lending volumes or stricter lending standards. This could negatively affect the bank's revenue and growth prospects.

5. **Investor confidence**: The news of a large-scale fraud investigation may impact investor confidence in Banco Master, leading to decreased stock prices, higher borrowing costs, or even a loss of investment.

6. **Systemic risk**: In Brazil, banks play a critical role in the country's financial system. A major bank like Banco Master is at the center of this investigation, which could have systemic implications for the entire financial sector, affecting the stability and confidence in the Brazilian economy.

Overall, the news article highlights the potential risks associated with corporate malfeasance, regulatory scrutiny, and reputational damage, all of which can impact a company's bottom line, growth prospects, and overall success."
Banco Master,2026-01-20 08:00:00,2026-05-07T03:30:21.660913,news_signal,CREDIT_LIQUIDITY,2,0.6,liquidity,WEAK_SIGNAL,WEAK_SIGNAL,WEAK_SIGNAL,WEAK_SIGNAL,0.37,Reimbursement of Banco Master CDBs injects extra liquidity in market - Valor International,https://news.google.com/rss/articles/CBMi0AFBVV95cUxQZzJwbmpjejFWRE11VXI3TG1lWmRuX1U2aW4yb3UxN25NVU9ZQzNYUXRjMElfcW9qWkxTWjVNdTJoMDJLSVBsOXRiVFZRWDhHZldkQkRCb2RkV2hHdjFDNWJ5UkxJWWJZVUpSMlRtNkhWZXB1OEt0SmlQVlE3N3o2aFE2NjNjNlEyN3hVWXQyUHMyYk9mX2NZX1FIekJTV0pXSlBtcEttWXcxLXVXNVc0X3dqaTc5SkVGR1JNQzZzR1E5bEEyalRBUVZPRVNfeERR0gHfAUFVX3lxTE1MdXI3S1VKZDB0X1NFT1FhYXF3dHAyTWN2Nk5ZSG5QYTNPdjVYUEhrTzRqWmo5TWg3bmtzNW13eFIxTEZWZTlTWmwwdDNaUTNjMmw2cWVFVkRtdDlYRHdENmptbjF2aDkzU0NKcE1XOUQ4ZmZScWZ2cm41eXZ4YXpLUXZSVDR4elQtMmVkdDlLTThnSjVKLTJONkdNenZaUEV4WHZ5VzAtNWg3MVBEODR5TEJMeDRMNWltRkJmU1RhZVRtcGxCSXVzOFExcUNyc0Z0Y2lyaFh0TUROckVBTTA?oc=5,Google News RSS,,
Banco Master,2026-02-09 08:00:00,2026-05-07T03:30:21.660913,news_signal,REPUTATIONAL,4,0.7,"scandal, bc",RISK_SIGNAL,RISK_SIGNAL,RISK_SIGNAL,WEAK_SIGNAL,0.32,Banco Master: The Scandal Shaking Up the Lula Sphere Ahead of Brazil Elections - ColombiaOne.com,https://news.google.com/rss/articles/CBMiigFBVV95cUxNR2NETklteEU1NEVmUjdUM0lRcmpxYXUteVAwelhGTWVxSF93NHdEaWVoaWhabDMxNGRJOWtpY3JBdWZwMU1BclB0S0FGUkZzVngweFVrZndMZHVBbmt0U1lLODY5dXJvbVBqT3dFYlhlLW5raDd4UEw3WDRpQ3U5ZWxuYUhnSUJoNGc?oc=5,Google News RSS,"A scandal involving Banco Master is causing a stir in Brazil ahead of the country's upcoming elections, potentially affecting President Luiz Inácio Lula da Silva's campaign.","This news article appears to suggest that Banco Master, a Brazilian bank, is embroiled in a scandal related to President Luiz Inácio Lula da Silva's (Lula) financial dealings. Given this context, here are some reasons why this news could represent a corporate risk:

1. **Reputational Damage**: A scandal surrounding a high-profile politician like Lula could reflect poorly on Banco Master, damaging its reputation and potentially deterring customers, investors, or business partners.
2. **Election Interference**: If the scandal involves allegations of corruption or impropriety related to campaign financing or influence peddling, it could raise concerns about the bank's independence and impartiality, particularly in a country where politics is closely tied to finance.
3. **Regulatory Scrutiny**: Brazilian regulators may launch an investigation into Banco Master's role in the scandal, which could lead to increased scrutiny, fines, or even sanctions. This could impact the bank's ability to operate normally and maintain its licensing status.
4. **Loss of Confidence**: Investors, customers, and other stakeholders may lose confidence in Banco Master due to the perceived link to corruption or impropriety, leading to a decline in share prices, deposits, or loan applications.
5. **Global Reputation Impact**: As a major financial institution, Banco Master's actions (or lack thereof) may be viewed as representative of the broader Brazilian banking sector, potentially harming its global reputation and relationships with international clients and partners.

Overall, this news could represent a corporate risk for Banco Master due to its potential impact on the bank's reputation, regulatory compliance, and stakeholder confidence."
Banco Master,2026-01-21 08:00:00,2026-05-07T03:30:21.660913,news_signal,FINANCIAL_SYSTEM_RISK,5,1.0,"central bank, liquidation",CRITICAL_SIGNAL,CRITICAL_SIGNAL,CRITICAL_SIGNAL,CRITICAL_SIGNAL,0.57,Brazil’s Central Bank orders liquidation of Will Financeira after Banco Master collapse - TradingView,https://news.google.com/rss/articles/CBMi3AFBVV95cUxOYTFzS1ZvUjFDQkliN0JkbTVnQXRKTEZjTGc2dWh1bGg5RVgwUml5dG9GLXdrRzdpR2NLclpyNVhnSUlwRFNibFEtQndjTkpOY3NjSFNaWGFTY0tKX3hZazhzTmJab2I3cTN5REFhRDBHakhwNmV1TkcyZnB2akYyd2tDaEpQYWFhVUNQcVB1ZU55aEd6SEtyelB0dGVwN0FEU1o5SlNPd3otQTBpTXJlTjN1dUZkc2V6cGxuWFJNQ2NZZkdUS2lFVk1IRDZIOGIxa1pFWTN1RkhEWWg3?oc=5,Google News RSS,"Brazil's Central Bank ordered the liquidation of Will Financeira due to its close ties with Banco Master, which collapsed recently.","This news could represent a corporate risk for several reasons:

1. **Systemic risk**: The collapse of Banco Master, which was a major bank in Brazil, has triggered the liquidation of another financial institution, Will Financeira. This can lead to a ripple effect throughout the entire financial system, potentially causing widespread instability and panic among investors.
2. **Lack of confidence**: The liquidation of Will Financeira may erode trust in the Brazilian banking system, making it more challenging for other banks to attract deposits, loans, and investments.
3. **Regulatory intervention**: The Central Bank's decision to liquidate Will Financeira suggests that regulatory oversight was inadequate or ineffective in preventing the collapse of Banco Master. This could lead to concerns about the effectiveness of Brazil's banking regulator and the ability of regulators to prevent future crises.
4. **Systemic vulnerabilities**: The news highlights potential systemic vulnerabilities in the Brazilian financial system, including weaknesses in risk management, capital adequacy, and oversight.
5. **Potential contagion effect**: The collapse of Banco Master and the subsequent liquidation of Will Financeira may have a contagious effect on other financial institutions, leading to further instability and potentially triggering additional crises.

Overall, this news could represent a corporate risk for investors, lenders, and other stakeholders in Brazil's banking sector due to concerns about systemic stability, regulatory effectiveness, and potential contagion effects."
Banco Master,2026-02-11 08:00:00,2026-05-07T03:30:21.660913,news_signal,GENERAL,1,0.2,,GENERAL_NEWS,GENERAL_NEWS,GENERAL_NEWS,GENERAL_NEWS,0.4,Another collapse mirrors Banco Master’s playbook - Valor International,https://news.google.com/rss/articles/CBMitAFBVV95cUxQTEhXQlZMVTNkNHhwdlhyWm00WGNld0F6WFZmRW5LTDRaRzMxSTJzZllvSHVwdHk1TS1LZUswV2h5Zzk4T3EyV0FwV0E0aURHcW1VUmhuMFRBSWVMQVhYM3VWREVmRFo2aXBkOUZWZTl6R1FzbmpCYkJSVTFvakxCNExqWm5UQzVuREh0RnowZFJxV0ZTQU9JZnlJZDJYVDhFcHpLUV9zMllJNEpiNURJa3B6elTSAcMBQVVfeXFMTmxlcVFLeG05MDZ0WUMyUW81b3p2UzhZQ29vZlBudmdOcVAxaGZOYTVyTWNqYUJCUFVDMEZzUE1ENWlLUXpsYVpHdFJEeEpqR3hoU0s5THFmcnAyM29tQldBTXZoU25vdkZ4TU5PdjdxS3E5cjBTTERDZUNwbDhSUE15V3RmMGxEbE5xYnBUdmx3U2Q0MzZuSmZiYlBpNk5BU0hoMUxyeUlhZWN6eXlxd1J4UmJkZVVYQkZsT1VGMlRmd0lz?oc=5,Google News RSS,,
Banco Master,2026-01-21 08:00:00,2026-05-07T03:30:21.660913,news_signal,FINANCIAL_SYSTEM_RISK,5,1.0,central bank,CRITICAL_SIGNAL,CRITICAL_SIGNAL,CRITICAL_SIGNAL,CRITICAL_SIGNAL,0.7,Brazil central bank liquidates Banco Master's Will as Mastercard suspends cards - Reuters,https://news.google.com/rss/articles/CBMixAFBVV95cUxQbi01b05tWjUyRXh3YWpMdXpvNVVjQ1BmWDlGN3BFOEl2ZEVqQ2ZBdUoxSXRHSW02eXV3c0dqMWljYmtuU2ZweWpDVXo0Zmw2V1hFTmdEUEExWU9HN2xqTEtnNG8zNDhGNnNxX0VxYmhBYjhpRm1MaWJDVlJGYkdzczdGTmRSZ1VGanpwS2l5WVNOX2t1MEUwdXBnZml6UU5FUkZ3RlpvbHZmaVpzUlhWT29pQ0FKa0dOSkI4MUxXcjlWSVRj?oc=5,Google News RSS,"Brazil's central bank has seized and frozen Banco Master's assets, following the suspension of Mastercard-branded credit cards by the bank.","This news could represent a corporate risk for several reasons:

1. **Banking crisis**: The liquidation of a major Brazilian bank, Banco Master's Will, suggests that there may be underlying banking system issues in Brazil. This could lead to a broader banking crisis, affecting not only the bank but also other financial institutions and potentially the entire economy.
2. **Mastercard brand damage**: The suspension of cards by Mastercard due to the liquidation of a partner bank could harm the reputation of the Mastercard brand. If customers perceive that Mastercard is not able to support its partners, it may lead to a loss of trust and confidence in the brand.
3. **Payment processing disruptions**: The liquidity crisis at Banco Master's Will could disrupt payment processing services, potentially affecting businesses that rely on these services. This could lead to financial losses for these businesses, particularly those with complex payment structures.
4. **Systemic risk**: The failure of a major bank and its partner card issuer like Mastercard raises concerns about systemic risk in the global financial system. Other banks and financial institutions may be at risk due to interconnectedness, leading to potential cascading failures.
5. **Regulatory scrutiny**: The news could attract regulatory attention, potentially leading to increased oversight and stricter regulations on banks and payment processors. This could result in higher compliance costs for Mastercard and other affected parties.

Overall, the liquidation of a major Brazilian bank and the suspension of cards by Mastercard indicate potential corporate risks related to banking system stability, brand reputation, payment processing disruptions, systemic risk, and regulatory scrutiny."
Banco Master,2025-11-20 08:00:00,2026-05-07T03:30:21.660913,news_signal,FINANCIAL_SYSTEM_RISK,5,1.0,central bank,CRITICAL_SIGNAL,CRITICAL_SIGNAL,CRITICAL_SIGNAL,CRITICAL_SIGNAL,0.64,Brazil’s Central Bank Was Warned for Years of Banco Master Risks - Bloomberg.com,https://news.google.com/rss/articles/CBMitgFBVV95cUxOWVhhWEhPVmk0bDRobm9UVE5kWEwyeFNmeU10WDF3OHdNVE5ONmthWnFaNFJkRUFEczJ4di0xTTgwLXFhdVZadmRvblRVWmJQZjFLakdlSVVNeHh1c1hkRGMtV2tlZVgxNHdsZDJKakw0MGRUS0ljRVhURy1iSXVYQ3hPakJnbkJjbWxORHU0WVM0WjNwanBlWDFlWHAtQXpOdHVEMFM2N2R2WHNldWl6TE5oWE94QQ?oc=5,Google News RSS,Brazil's Central Bank was warned about the risks associated with Banco Master for years prior to its collapse.,"This news article suggests that the Brazilian Central Bank was warned about the risks associated with Banco Master, a major bank in Brazil, for years. This could represent a corporate risk for several reasons:

1. **Regulatory non-compliance**: If the warnings were ignored or not adequately addressed, it may indicate a lack of effective regulatory oversight or internal compliance controls at Banco Master. This could lead to future regulatory fines, penalties, and reputational damage.
2. **Financial instability**: The warning about Banco Master's risks may signal underlying financial instability within the bank, which could impact investor confidence, market sentiment, and ultimately, the stability of the entire banking system in Brazil.
3. **Systemic risk**: If Banco Master is a large and systemically important institution, ignoring warnings about its risks could contribute to systemic risk, where the failure or collapse of one major financial institution threatens the entire financial system.
4. **Lack of transparency and accountability**: The fact that warnings were ignored for years suggests a lack of transparency and accountability within Banco Master's management and governance structure. This could lead to future issues with boardroom performance, leadership succession, and overall corporate governance.
5. **Risk of economic contagion**: If the Brazilian Central Bank was aware of the risks associated with Banco Master but failed to take action, it may have contributed to an economic downturn or crisis in Brazil, which could have far-reaching implications for the country's economy and global trade.

Overall, this news article highlights a critical corporate risk that could have significant consequences for Banco Master, its stakeholders, and the broader financial system."
Banco Master,2026-01-27 08:00:00,2026-05-07T03:30:21.660913,news_signal,GENERAL,1,0.2,,GENERAL_NEWS,GENERAL_NEWS,GENERAL_NEWS,GENERAL_NEWS,0.3,Business empire linked to Banco Master unravels - Valor International,https://news.google.com/rss/articles/CBMitgFBVV95cUxOeVpZdWlpSFhvTVNxSjYwNjJ3Tmt3eDFFX0ItSHY3QzRkUG91V2xLUUZfTFFZWmJWbmN2MDdIeExBeEVxVFZ2OU9SVDhMVFVLOFR2V0t5QUJvSDJqMk5LV2FzS3BQZ2NjSlhaNFM2WnFpUk42b0FBU3BxcjR3UG1qR2lmdUxfeHNjMWtydGtoQzU2d3ZEb0pOX3dDU0tFWkwxVTBxSS1qUGlrR0RDVEhfZURpb0ZFQdIBxAFBVV95cUxPeTZMU3N4czBBVzBMT3h3QW40OUt5VE5qeXBnQXBtTExFU0lMXzNsaFJrX3ZrS1lPZGQ0T1oxcHpOenlwTzdCMFRLVV83R0o4ZlUtYUNjQ2dOY1Fzek1KWVZsVFU5Z3d2QmpGdXpIOFlDUDkxbzMyWUJZVmlqcHFPWFprbnpWbDRqWGJHR2QtOTN3elRZZEV0S0JjR1dPOE8zamFaejVHaWdvd2ZlLTRoeExraFBmOVhBV05YdGJLSU92dzU1?oc=5,Google News RSS,,
Banco Master,2026-01-05 08:00:00,2026-05-07T03:30:21.660913,news_signal,FINANCIAL_SYSTEM_RISK,2,0.5,asset sale,WEAK_SIGNAL,WEAK_SIGNAL,WEAK_SIGNAL,CRITICAL_SIGNAL,0.29,Brazil judge considers blocking asset sales in Banco Master case - Reuters,https://news.google.com/rss/articles/CBMitAFBVV95cUxOcUk5OGk5S0ZOSW5NdGlSbHIyMW0tbmtzbmFqRUlNN2djekVKeHhrZkl6V2JyTkxDS3RXc2xJTG9ETDBEQnkxNk9uUE55Y0hLTVFzaDZEVlh0Y0JSZTQ4NVdmNFhKMEg2TGpDakRrVkJVVXdIWVh5Zmk0Uy1na1prX255UTFxbG1VM3VwQkJra2dqN2N2NjFtU2hfaXhLVFZUSFV0LWQwaUk1MkNMc3Z5MGVxbnc?oc=5,Google News RSS,,
Banco Master,2026-01-21 08:00:00,2026-05-07T03:30:21.660913,news_signal,FINANCIAL_SYSTEM_RISK,5,1.0,"crisis, liquidation",CRITICAL_SIGNAL,CRITICAL_SIGNAL,CRITICAL_SIGNAL,CRITICAL_SIGNAL,0.46,Will Bank liquidation increases scope of Banco Master crisis - Valor International,https://news.google.com/rss/articles/CBMiuwFBVV95cUxPTmdfMUt3MzhGczJLeXRmMm1UZVQyemhCQThDZlRWcnFpU0dpMkl6ajlRUkY4NUwyVXN1REpjZFc0aDhycDVQdHVlQjZwWW5HMWUzY3l5RjhSc0ZYYkxVdDN4S3V6bWpCQnZoSDZiRXhmMTBtVy1zWS1JUHRtQ0Z2UFRKWTVXUEptSWYxR1A3NkwzRVRoZC1OVDczZDduZDctRVdQWkdQLV91Zzk1YW1TZ3FoUi1rbk0tdXdF0gHKAUFVX3lxTE11Vlc5Nm1kRFVmU20zUUxzSWNmQnFYTldvSUJyVnlGZUI5SnBESmRWaENXMDBpRlhLNGNEQTNuNVM4R0d3eTdTNXRuZWIzNTAxUktFQ1FYdkJTcnFha1NidFl2Vy1weFBFUmRXNGNldVhHZkVVQmhtWl9kZUtrblRiUTBoUTdVWDgyR1Y4RXJ4MGpma0V3SkhESWZRWHVzWDBhbkQxRW1FWjFwZEh6a3ZoZThnZHdteVBiX0ZObmt2bXh4Q1Vqa3BvbUE?oc=5,Google News RSS,A bank's liquidation is escalating concerns about the Banco Master crisis.,"This news could represent a corporate risk for several reasons:

1. **Systemic Risk**: The potential collapse or significant impairment of one bank (Banco Master) can have a ripple effect on the entire financial system, leading to a loss of confidence in other banks and potentially triggering a broader crisis.
2. **Banking Sector Concentration**: If Banco Master is a large player in the banking sector, its failure could disproportionately impact the overall health of the industry, exacerbating systemic risks and making it more challenging for other banks to recover.
3. **Systemic Contagion**: The news that Bank liquidation increases the scope of the Banco Master crisis implies that there may be interconnectedness between Banco Master and other financial institutions. This can lead to a situation where one bank's failure creates a ""domino effect,"" causing other banks to become embroiled in the crisis as well.
4. **Market Volatility**: The potential for widespread banking sector instability could lead to increased market volatility, making it more challenging for investors to assess the value of Banco Master's assets and potentially leading to a sharp decline in its stock price or even a complete loss of investor confidence.
5. **Regulatory and Operational Risks**: A bank failure can also raise concerns about regulatory and operational risks, as it may indicate weaknesses in a bank's risk management practices, capital adequacy, or ability to withstand stressors.
6. **Loss of Investor Confidence**: The perception that Banco Master is facing significant difficulties could lead to a loss of investor confidence, making it more challenging for the bank to raise new capital, access markets, and conduct business operations effectively.

In summary, the potential collapse of Banco Master has far-reaching implications for the banking sector as a whole, highlighting the need for vigilance, monitoring, and proactive risk management strategies from regulators, investors, and other stakeholders."
BRB Banco de Brasília,2026-04-29 17:30:41,2026-05-07T03:30:21.660913,news_signal,FINANCIAL_SYSTEM_RISK,4,0.75,,RISK_SIGNAL,RISK_SIGNAL,RISK_SIGNAL,RISK_SIGNAL,0.38,Federal District governor seeks Treasury approval to assist BRB - Valor International,https://news.google.com/rss/articles/CBMiywFBVV95cUxNZEJSQzRoLW40aVB5QTFucm95Sk9NWExjQmEyRGt2N09lUWNjR3NBMFRMcVZKdXpqeV9Mc2VCT0xXMGRTRzdpX2YzVDVDVGQ2VzZ3cFZzcXkxT2tiY2dDbFB5a2pWNlhSNWQtMUlaLXpud29vZVlWRDRFZTItRWRtTFdrelVVUjRWV0VWVWVqSzNlOEtmaHlmZ0kzd2ZRaEVBR2xRSlBDeUttUmpPXy1pUjZFbzlVLXdBaTBPdE1VWGUtNlNaSWRqZ05jd9IB2gFBVV95cUxQNkJwWjdmN1hFMWpBbF9MNFVveENLUWJrT1h3S1VoMVRiRGt4TVhuQlN3VHFzWmZfcGs0cVVfSUZNNVJXUm5aVkhjdEM0N0ppVFU4TDRFZGN2V2xJejE2UEJkYU5tWTRzOXFLa08tNzJKNjZZRW8ybzY3WTk1YVVLWm51VkRLNzFhM3BQQk5MTVZzQ2dLYlB2dFhaT05wVWZxRjd4WFJpQ25pc3hrUjcwczFkUE9VTGZJUUpNeTh3TDVJRDJnNktFTEZIRmhTZ0RiekJ1bmRTRHJjZw?oc=5,Google News RSS,"The governor of the Federal District is seeking approval from the Treasury department to provide assistance to BRB, a Brazilian company.","This news could represent a corporate risk for the Brazilian government and its state-owned entities, specifically the Bank for the Development of Brazil (BRB) or any other entity involved in the deal.

The potential risks associated with this news are:

1. **Credit Risk**: If the federal district governor's request for Treasury approval to assist BRB is approved, it may indicate that the government is taking on additional debt or financial risk to support the bank. This could lead to increased credit risk for the government and potentially impact its credit rating.
2. **Regulatory Risk**: The Brazilian government's involvement in a financial institution like BRB raises regulatory risks. If the government is not careful, it may be seen as intervening too heavily in the market, which could lead to reputational damage, loss of investor confidence, or even stricter regulations being imposed on the bank.
3. **Political Risk**: The request for Treasury approval may be seen as an attempt by the governor's administration to gain political capital by supporting a strategic asset like BRB. If this is perceived as a partisan move, it could create tension between different branches of government and impact the stability of the financial system.
4. **Operational Risk**: Assisting BRB with financing or other forms of support may expose the Treasury to operational risks, such as managing complex financial instruments, dealing with potential losses, or navigating changing market conditions.

Overall, this news suggests that the Brazilian government is taking on additional risk to support a strategic asset, which could have implications for its creditworthiness, regulatory environment, and overall economic stability."
BRB Banco de Brasília,2026-04-22 07:00:00,2026-05-07T03:30:21.660913,news_signal,FINANCIAL_SYSTEM_RISK,4,0.75,fgc,RISK_SIGNAL,RISK_SIGNAL,RISK_SIGNAL,RISK_SIGNAL,0.33,Brazil's BRB raises $604 million in FGC‑backed bond sale - TradingView,https://news.google.com/rss/articles/CBMiwwFBVV95cUxQRFhJX0RNTTZmWVNhc0JmM3hBMl9nU2FCdUh2eEpyRlNxLTMyY2VVSk9vLTRZMUk3clJPaXRSeXRjN2RjSm5BNl9oQ01LTU4yNldwR1JGQkRtN1lxQy16VDZkaVdVNy1tajY5OGxlek5BejlCb0x2UU1IZE9DVjZqUnNFNDRCU2RuTTUydVJoa2gzdFVkZ2cxVEE2eXV1RFYyTExGWEZhOEQ4cndGQVhwMHRJSUtfSTRRZDA4SzNvZ010eWc?oc=5,Google News RSS,Brazil's BRB raised $604 million through a bond sale backed by private equity firm FGC.,"This news could represent a corporate risk for Brazilian bank BRB (Banco Bradesco) due to several reasons:

1. **High reliance on FGC backing**: The fact that BRB raised $604 million through a bond sale backed by the Brazilian Development Bank (FGC, or Banco Nacional de Desenvolvimento Econômico e Social) suggests that the bank's creditworthiness is heavily reliant on government support. If the government fails to honor its obligations to the FGC, it could negatively impact BRB's ability to pay back investors.

2. **Market volatility and risk of investor flight**: A large bond sale can lead to increased market volatility, particularly if investors become concerned about the creditworthiness of the borrower (BRB) or the underlying collateral (FGC backing). If investors lose confidence in BRB, they may withdraw their funds, leading to a liquidity crisis.

3. **Potential for rating downgrade**: The fact that FGC is providing backing for the bond sale could lead to concerns among rating agencies about BRB's creditworthiness. A potential rating downgrade would increase the cost of borrowing and debt servicing for BRB, potentially leading to increased corporate risk.

4. **Dependence on government policies and economic conditions**: As a bank heavily reliant on FGC backing, BRB's fortunes are closely tied to government policies and economic conditions in Brazil. Changes in these areas could negatively impact BRB's creditworthiness and the bank's ability to service its debt.

Overall, while the bond sale may provide short-term benefits for BRB, it also increases the corporate risk due to its reliance on FGC backing, potential market volatility, and dependence on government policies and economic conditions."
BRB Banco de Brasília,2026-04-22 07:00:00,2026-05-07T03:30:21.660913,news_signal,FINANCIAL_SYSTEM_RISK,4,0.75,fgc,RISK_SIGNAL,RISK_SIGNAL,RISK_SIGNAL,RISK_SIGNAL,0.36,Brazil's BRB raises $604 million in FGC-backed bond sale - marketscreener.com,https://news.google.com/rss/articles/CBMirAFBVV95cUxOSEdCalNQZ1pWbUx6VVFNYVlMZW9vXzV1dmpnQ21jLTdfcVF4QnFnWW56NkxrQmtrMzdtTEptNlRQZVp1WWJSOUlNYVl6aXNxc2Y4LUExMjBPQXlHWERmSmpZZVppMGRKMlRPYkZNVHRJQUVSRENUUEFBMExfb0VGUmg1ZGdZLTBMY1NaaVp5VjZJOFBqVXRwVkF4ZWpUemJqZElMYndXaEdMNU1G?oc=5,Google News RSS,Brazil's BRB raised $604 million through a bond sale backed by FGC.,"This news could represent a corporate risk for several reasons:

1. **High debt levels**: The fact that BRB raised $604 million through a bond sale suggests that the company has significant debt obligations, which can put pressure on its financial health and limit its ability to invest in growth initiatives or weather unexpected expenses.
2. **Dependence on external funding**: By issuing bonds backed by another company (FGC), BRB may be relying heavily on external funding sources, rather than generating revenue through core operations. This increased dependence on external capital can make the company more vulnerable to changes in market conditions or funding availability.
3. **Risk of credit downgrades**: If FGC's creditworthiness deteriorates, it could negatively impact BRB's ability to service its debt obligations, leading to a potential credit downgrade for BRB and increasing its borrowing costs.
4. **Lack of transparency and control**: By issuing bonds backed by another company, BRB may be ceding some control over how the funds are used, which can make it harder to manage risk and respond to changing circumstances.
5. **Regulatory risks**: The use of FGC-backed bonds could also raise regulatory concerns, particularly in Brazil where there may be specific laws or regulations governing debt financing arrangements.

Overall, while this news may seem like a positive development for BRB in terms of accessing capital, it highlights the company's significant debt obligations and reliance on external funding sources, which can represent corporate risks."
BRB Banco de Brasília,2026-03-10 07:00:00,2026-05-07T03:30:21.660913,news_signal,FINANCIAL_SYSTEM_RISK,4,0.75,,RISK_SIGNAL,RISK_SIGNAL,RISK_SIGNAL,RISK_SIGNAL,0.37,Brazil lender BRB to seek $637 million loan from credit guarantee fund - Reuters,https://news.google.com/rss/articles/CBMitAFBVV95cUxPWnJwT0lKRmszdXVXZ3hiS0NRSDN3a1FQY3hreC1IWHdOZVNQV21RdTZsVFNIRWs2MkJCVjdkX3RpZHh3ZWFfRklNSHVvd2d1dTNZRWt2UVlVZzhndUs1aW8zd3Npam8yQjJqdmw4cHFQRVdKMTVVM2p5NmlQbGFwVG9tODB5LVpVc0RUN000QVk5ZDFYc19OZzlyckFHWGdhSTJUa0VSTDRadlNrczJSb0FGQ0M?oc=5,Google News RSS,Brazilian bank BRB is seeking a $637 million loan from a credit guarantee fund.,"This news could represent a corporate risk for the Brazilian lender, BRB, in several ways:

1. **Debt burden**: The lender will be taking on an additional debt of $637 million through a loan from the credit guarantee fund. If the loan is not repaid or if interest rates increase, it could put a significant strain on the lender's finances and potentially lead to financial difficulties.
2. **Risk of default**: If BRB defaults on the loan, it could damage its reputation and credibility in the market, leading to a loss of confidence among investors and customers. This could result in a decline in the lender's stock price or even lead to a liquidity crisis.
3. **Credit guarantee fund risk**: The credit guarantee fund is essentially providing insurance against default by BRB. If the lender fails to repay the loan, the fund will bear the risk of losses, which could be costly for the fund and its investors.
4. **Interest rate risk**: The interest rates on the loan may increase over time, which would increase the cost of borrowing for BRB and further strain its finances.
5. **Regulatory risk**: If the loan is not properly managed or if there are regulatory issues related to the lender's business operations, it could lead to reputational damage and potential fines or penalties.

Overall, taking on an additional debt of $637 million without a clear plan for repayment or risk management increases the likelihood of financial difficulties or reputational damage for BRB."
BRB Banco de Brasília,2026-04-22 07:00:00,2026-05-07T03:30:21.660913,news_signal,FINANCIAL_SYSTEM_RISK,4,0.75,aumento de capital,RISK_SIGNAL,RISK_SIGNAL,RISK_SIGNAL,RISK_SIGNAL,0.4,"Acionistas do BRB aprovam aumento de capital de R$ 8,8 bi - Bloomberg.com",https://news.google.com/rss/articles/CBMiqwFBVV95cUxQOGZjREUtdzFlLVplT3Q2Q181NzNsSWVocWxwdExZUlUzUndIczJYT0s3S1E5UFIzTlFtTGUzTHJEQlp4cFlDLW5SRTBGVk1DdERManVERGVUNU8yd1l1bVYtb1F3T2pOcm9IZ0NPZzA5V29UUEJZWWJ6WVZkb1Y4VFBId2N5YnpYZml3ckxCZmxVaFFsWk15ZXZLWWs1NGdKczhsNnNjc1pMbDg?oc=5,Google News RSS,"A assembleia dos acionistas do BRB aprovou um aumento de capital de R$ 8,8 bilhões.","This news could represent a corporate risk for several reasons:

1. **Increased Capital**: The approval of an increase in the company's capital (R$ 8.8 billion) may lead to a significant expansion of the company's operations, which can be risky if not managed properly. This increase in capital can also attract more investors, but it also increases the company's debt and liability.
2. **Financial Burden**: The additional capital will likely result in increased financial burdens for the company, including higher interest payments on loans and potentially higher taxes. If the company is not able to manage its finances effectively, this could lead to a decline in profitability or even bankruptcy.
3. **Debt Vulnerability**: A significant increase in capital can also make the company more vulnerable to debt if it is not managed carefully. Higher levels of debt can limit the company's ability to invest in new opportunities or respond to changes in the market.
4. **Shareholder Concerns**: The approval of an increase in capital may also lead to concerns among shareholders about the distribution of the additional funds, potential dilution of ownership, and the impact on existing share prices.
5. **Regulatory Scrutiny**: A significant increase in capital can also attract regulatory scrutiny from authorities such as the Securities and Exchange Commission (CVM) in Brazil. Failure to comply with regulatory requirements could lead to fines or other penalties.

Overall, while an increase in capital can be beneficial for a company's growth, it is essential to carefully manage the associated risks and ensure that the company has a solid financial foundation to support its expanded operations."
BRB Banco de Brasília,2026-04-16 07:00:00,2026-05-07T03:30:21.660913,news_signal,FINANCIAL_SYSTEM_RISK,4,0.65,liquidation,RISK_SIGNAL,RISK_SIGNAL,RISK_SIGNAL,WEAK_SIGNAL,0.34,Perfect storm at BRB: increases the risk of bank liquidation (previously unthinkable) - NeoFeed,https://news.google.com/rss/articles/CBMiswFBVV95cUxNRWwwaW1ZUDY4dlpPb3g4VW85dENCVmlDSEFmbFg4ZjVNMlZLQ2Q4b2VpR3NDWlBpYUwtWjBSa0hRNmtFX0hkQlZaNmM1ZzN2bXJ5OURSMlJ2VC03U0xNWkh3by1rN2FWN2ZGX3Q5b2ptMzFjdEVqRElxanJXY18yZTF4N3FRMlJOeHFxQzJrUDRIWGZxd3k4eVYwMDFKdXY1TFZ0SlF5cnNCdkphaUROd3lHSQ?oc=5,Google News RSS,"A ""perfect storm"" of factors has increased the risk of a bank liquidation, previously considered unthinkable.","This news article suggests that there is an increased risk of bank liquidation due to a ""perfect storm"" of factors. A perfect storm in this context likely refers to a combination of severe and unforeseen events or circumstances that have created a highly volatile situation.

In the context of BRB (Bank of Ireland), which is one of Ireland's largest banks, this could represent a corporate risk for several reasons:

1. **Financial instability**: If the bank experiences financial difficulties, it may not be able to meet its obligations, including depositors' claims, leading to a potential liquidation.
2. **Loss of investor confidence**: A bank facing liquidity issues or other problems may lead investors to lose confidence in the institution, causing a decline in share prices and potentially exacerbating the situation.
3. **Systemic risk**: The failure of one major financial institution can have far-reaching consequences for the entire financial system, including potential contagion effects on other banks and institutions.
4. **Regulatory scrutiny**: A bank facing liquidation may require immediate intervention by regulatory authorities, which could lead to costly and time-consuming procedures, potentially disrupting the bank's operations.
5. **Reputation damage**: Liquidation of a major bank can have severe consequences for the economy, leading to a loss of trust in the financial system as a whole.

In summary, the article suggests that BRB is facing an unprecedented crisis situation due to the ""perfect storm"" of factors, which could lead to a high-risk scenario for corporate stakeholders, including depositors, investors, and regulatory authorities."
BRB Banco de Brasília,2026-05-05 08:00:38,2026-05-07T03:30:21.660913,news_signal,FINANCIAL_SYSTEM_RISK,4,0.7,"banco central, bc",RISK_SIGNAL,RISK_SIGNAL,RISK_SIGNAL,CRITICAL_SIGNAL,0.33,O temor da cúpula do BRB após reunião convocada às pressas pelo Banco Central - O Globo,https://news.google.com/rss/articles/CBMi2gFBVV95cUxPeG8wbWdiaG9NeDc3MkFSM2l0YXhPM05iZkY3ZUVtblFsWmFnaTVORVdRWmxiX05WdUU4RHEySENycU4tM1d2SzlvUTNUQ3RYNzNoYWFWSl9EbmZGclBKeWZnVEtOMngxZFBCTjg3MnlVWEVPYjNYRlIzeER6bmpjUHBMbEdZZmNVMnhSdFV3Zmt0MlJvOVZFdWpQZWktWmdzcVBvZmJFYkpqQzJCSmlPWWRyRE10X1hoY3ZwcUJjQURIa2VnUHFtVGtZTmVXMXJ6SmgwQVB5RWhId9IB6AFBVV95cUxObVNhRGcyM1VNRi1GU1lJLVhweEotd1F6Rlhyd1N1ZDdlWEN5T1FMUnRfQVNCUWphVzBaTkVlbVVsa0VSWHdUQ2lLWlFDWF90SjhyQXpsVnlPaDJxYnBSNG83T0VFSGJaMWVOV1Q2SE1jTU9jZ1I2Rk11WlBhRTZtNm9zaWl2amN2cHJ5U19nRXdxSUJVY1hYYWo5Z0pKSUtUVFBnOF96MEdqbUVHY1FkM040bDFhWkpkWGNHcXBEdjEzcW5hd1VaekNxVk51Tjc2ajZQTjRKS2RJeG4zT1NwMzRXdWJiakJw?oc=5,Google News RSS,"Não encontrei informações específicas sobre o conteúdo do artigo ""O Globo"". Posso sugerir uma opção para você:

- Você pode fornecer mais contexto ou detalhes sobre o artigo.
- Ou, se você preferir, posso sugerir uma pergunta geral sobre o assunto e tentar ajudá-lo a encontrar informações relevantes.","Error: HTTPConnectionPool(host='localhost', port=11434): Read timed out. (read timeout=60)"
BRB Banco de Brasília,2026-03-10 07:00:00,2026-05-07T03:30:21.660913,news_signal,FINANCIAL_SYSTEM_RISK,4,0.65,,RISK_SIGNAL,RISK_SIGNAL,RISK_SIGNAL,GENERAL_NEWS,0.36,BRB seeks credit guarantee loan while discussing capitalization - Valor International,https://news.google.com/rss/articles/CBMiygFBVV95cUxNd1BVVFFleGxhM3lQdW1nbU9Pb1JPNDVHNGVNOXd4dGxxdDhXSGRxdTRwOGZXclROX1ZXcHRvSVJSZVF3bWlrQURRZ1JoaTNMQ2R0UHdCVS1MQnNzZUpwMUZ2VXF6WGRCVjVtZVdTYzRPQ1B3SThjTXYzUVV0NnYxbks1WWcxWFdOdklfWWVBamNpZ2kxY2tBNEttMUtzU0w5QUhzOHRndFVycXlURzUzM0NtWEZ1NlQ2MG1DeHhrTGF0TzFWTE9tOTJB0gHYAUFVX3lxTE05WUVTS09XTmh2UGtKSFRzR2VhYWdmVjBzbkZsNmR6ZjQ0emgxb0hhV3M0cEx4cGVBUTJFeTVRd05tMW85RmlLNnpIUEJmamJHQmNBVUh6SnhlZUFicVo0TlprclBpRjJOcFJTN2o2cWFSVFdHamR5cXZLZU1CWU1ZR2NsTzNhUU80YlpTcno4VG1QeWZhVUhrVEtNSG83SmEteDZzSDhRM3dIczVabVg2SXhHVjRQZEg5N2ZTVG5pd0FlTGJLZGtEWkRZMnJNb1JtVUtDUWRmNg?oc=5,Google News RSS,BRB (Valor International) is seeking a credit guarantee loan to support its capitalization efforts.,"This news could represent a corporate risk for several reasons:

1. **Debt financing**: BRB is seeking a credit guarantee loan, which implies that they are relying on debt financing to support their operations or capitalization plans. High levels of debt can increase the risk of bankruptcy or default, particularly if the company's cash flow is not sufficient to meet its obligations.
2. **Lack of self-funding**: By seeking a loan with a guarantee, BRB may be indicating that they are unable to fund their own operations through internal resources, such as cash reserves or profit margins. This can be a sign of poor financial management or inadequate revenue generation.
3. **Dependence on external financing**: A credit guarantee loan implies that BRB is dependent on external financing to support its activities. If the lender were to withdraw funding or default on payments, it could have significant consequences for the company's operations and reputation.
4. **Capitalization concerns**: The fact that BRB is discussing capitalization plans suggests that they may be facing challenges in securing sufficient capital to meet their business objectives. This could indicate a lack of confidence in the company's future prospects or an inability to generate sufficient cash flow to sustain operations.
5. **Risk of increased debt obligations**: If BRB secures the loan, they will likely face increased debt obligations, including interest payments and potential penalties for non-payment. This can create a vicious cycle of debt accumulation, which can be challenging to escape.

Overall, this news suggests that BRB may be facing significant financial challenges and is relying on external financing to support its operations. This could represent a corporate risk, particularly if the company's management is unable to successfully navigate these financing arrangements or if the loan terms are unfavorable."
BRB Banco de Brasília,2026-02-09 08:00:00,2026-05-07T03:30:21.660913,news_signal,FINANCIAL_SYSTEM_RISK,4,0.75,,RISK_SIGNAL,RISK_SIGNAL,RISK_SIGNAL,RISK_SIGNAL,0.31,"If BRB's plan fails, the Federal District government's contribution could reach R$ 6 billion. - NeoFeed",https://news.google.com/rss/articles/CBMivwFBVV95cUxOVFUtdkhqNWxmR1M5LTJoNVdpd0FtOE43RXlBSzR4emd1ZkVpa1F6UktVc3lURXA0NndqdHZOOGlKUVFmM29kQ1dKcmNiM1V0U2pXa2RkanVwR2NkZkRmY2RrOWItODkzNjhTcHdzQ3U0Wk5kT251UWhxWDZoUFBWSHBPVTR3X0tlRnlicTNQeC1lakRFdmpWVFVVajJkMEEzTGMxc0lyY3hLSTJyOWpXZjdRWHFQVy1NMVoxWjAzRQ?oc=5,Google News RSS,A planned project by BRB could result in a significant contribution of up to R$ 6 billion from the Federal District government if it fails.,"This news could represent a corporate risk for BRB (the company behind the project) because it highlights the potential financial exposure to the government if their plan fails.

Here are some reasons why this is a corporate risk:

1. **Financial liability**: If the Federal District government's contribution reaches R$ 6 billion, BRB will be liable for the full amount. This could put a significant strain on the company's finances and potentially lead to bankruptcy or financial distress.
2. **Unforeseen costs**: The article mentions that the government's contribution is contingent upon the project's success. If the project fails, BRB may need to absorb the entire cost of the government's investment, which could be unforeseen and unexpected.
3. **Reputation damage**: If BRB fails to deliver on their promises and the government's contribution is not successful, it could damage the company's reputation and credibility in the eyes of investors, stakeholders, and customers.
4. **Impact on business operations**: A large failure could also impact BRB's ability to operate effectively, potentially leading to reduced revenue, cash flow problems, or even business closure.

Overall, this news highlights the potential for significant financial risk and reputational damage if BRB's plan fails."
BRB Banco de Brasília,2026-02-23 08:00:00,2026-05-07T03:30:21.660913,news_signal,FINANCIAL_SYSTEM_RISK,4,0.75,,RISK_SIGNAL,RISK_SIGNAL,RISK_SIGNAL,RISK_SIGNAL,0.41,BRB busca repor caixa após fiasco do Master - Bloomberg.com,https://news.google.com/rss/articles/CBMimgFBVV95cUxPc212M0k1UEhSb3ZaZERaMGE4Zm45b3B4OVFqSDV3UGZWU3dFVk9GSkF5ZkxIR1ktT0dRRWQzbVloNlMyTkVURkM2aUxLOThacEtZSTJDVG9nUUtfOTZoa3RZZjlKUDRyYnhib0Z3ZzBJcHlRMHZmS2dwYjZHZlhoZHpqY255cVRzdWYwTENOUHhlWnEwU1pEUjhR?oc=5,Google News RSS,The Brazilian bank BRB is struggling to recover from a recent scandal involving the Mastercard payment processing system.,"Based on the article title, ""BRB busca repor caixa após fiasco do Master"", it appears that Brazilian bank BRB is facing financial difficulties after a major failure of its Mastercard partnership. This could represent a corporate risk for several reasons:

1. **Reputation damage**: A high-profile failure like this can erode trust in the bank's ability to manage complex transactions and protect customer funds, potentially harming its reputation and damaging its brand.
2. **Financial instability**: If BRB is unable to recover from the Mastercard partnership failure, it may struggle with financial instability, including reduced revenue, increased debt, or even bankruptcy.
3. **Regulatory scrutiny**: Banks are heavily regulated, and a significant failure like this could attract unwanted attention from regulatory bodies, potentially leading to fines, penalties, or even changes in banking regulations.
4. **Compliance risks**: To recover from the Mastercard partnership failure, BRB may need to implement additional compliance measures, which can be costly and time-consuming, potentially disrupting business operations.
5. **Credibility risk for investors**: If BRB's financial situation remains uncertain, it may affect investor confidence, leading to a decline in stock prices or reduced access to capital.

Overall, the news suggests that BRB is facing significant corporate risks due to its inability to manage a major partnership, which could have far-reaching consequences for the bank's operations, reputation, and long-term success."
BRB Banco de Brasília,2026-04-16 07:00:00,2026-05-07T03:30:21.660913,news_signal,FINANCIAL_SYSTEM_RISK,4,0.75,,RISK_SIGNAL,RISK_SIGNAL,RISK_SIGNAL,RISK_SIGNAL,0.3,"PF prende ex-presidente do BRB Paulo Henrique Costa em investigação relacionada ao banco Master, diz CNN - TradingView",https://news.google.com/rss/articles/CBMieEFVX3lxTE16WmNielhOdEVQSVp2OG8zaGxsR2FKMndURlV3YkZNQ2RPaG43eGRMcXNmLVdWT2N3M2J1NmFuNl9FZFVfWVRGU2pvZWtuSnFQMDF0YW10UlUwdEdLczkxVk5DVUFWNGJ5UHFZQ19ydlpNMXV0a0RlNg?oc=5,Google News RSS,O PF investiga o ex-presidente do BRB Paulo Henrique Costa pelo envolvimento com o banco Master.,"This news could represent a corporate risk for the following reasons:

1. **Association with a major financial institution**: The mastermind behind this investigation is the former president of BRB Bank (BRB), Paulo Henrique Costa. As the ex-president of a bank, his actions and decisions can have significant implications on the overall stability and reputation of the banking sector.
2. **Investigation into Master's finances**: The fact that Paulo Henrique Costa is being investigated in relation to Master Bank suggests that there may be concerns about financial irregularities or mismanagement at Master. This could lead to a loss of investor confidence, reduced access to capital markets, and decreased credibility for the bank.
3. **Potential legal implications**: As a former banker, Paulo Henrique Costa's involvement in an investigation can also raise questions about his personal liability and potential legal exposure. If found guilty or implicated in wrongdoing, he may face serious reputational damage and financial penalties.
4. **Ripple effect on other banks**: The news of the investigation could create a ripple effect throughout the banking sector, potentially leading to increased scrutiny and regulatory pressure on other financial institutions that have dealings with Master Bank.

In summary, this news represents a corporate risk due to its association with a major financial institution (Master Bank), potential legal implications for the ex-president (Paulo Henrique Costa), and the possibility of a loss of investor confidence and reputational damage for the bank."
BRB Banco de Brasília,2026-04-13 07:00:00,2026-05-07T03:30:21.660913,news_signal,FINANCIAL_SYSTEM_RISK,4,0.75,,RISK_SIGNAL,RISK_SIGNAL,RISK_SIGNAL,RISK_SIGNAL,0.4,Brazil Deposit Guarantor Holds Off on BRB Loan Amid Banco Master Risk - Bloomberg.com,https://news.google.com/rss/articles/CBMiqwFBVV95cUxOT2tBWFNTM0hpU0Z4eTFLUjNqUXVOLU84SHBsdk9ObWktRktYS3NSeWtSbnRiU1FSRWV6RklQNklsbnRzTWhHS1NGdDBwSTkxLXF5VmhTNHEtcHlSMTVndV9ZeERqeWRzMmtZdGFZcXpEbW9BblNHWUhRd0ctRWxLbHMxcHJDOEZjQVhULVdjaEhmblpvVnNjSTdCMmZvZVJZUF84a0h3T19OQU0?oc=5,Google News RSS,The deposit guarantor for Brazilian state-owned bank Banco Nacional do Brasil (BRB) has delayed a loan decision amid concerns over the bank's risk exposure.,"This news could represent a corporate risk for the following reasons:

1. **Credit Risk**: The Brazilian Deposit Guarantor's decision to hold off on approving the BRB loan suggests that there are concerns about Banco Master's creditworthiness. If the bank is unable to secure financing, it may struggle to meet its financial obligations, which could lead to a loss of investor confidence and a potential default.
2. **Liquidity Risk**: The holding off of the loan approval implies that there may be liquidity issues at Banco Master. If the bank is unable to access funding, it may not be able to meet its short-term cash needs, leading to a liquidity crisis that could impact its ability to pay debts and maintain business operations.
3. **Systemic Risk**: The news suggests that there are systemic risks in the Brazilian banking system. If Banco Master's loan application is rejected, it could have far-reaching implications for other banks and financial institutions in Brazil, potentially leading to a wider systemic crisis.
4. **Operational Risk**: The decision by the deposit guarantor may also indicate operational risks within Banco Master. If the bank has inadequate risk management processes or governance structures in place, its loan application may be rejected due to concerns about its ability to manage credit risk, leading to potential reputational damage and future financial difficulties.
5. **Market Risk**: The news could also have market implications, as the rejection of the BRB loan may lead to a decrease in Banco Master's stock price, potentially impacting investor confidence and portfolio performance.

Overall, the news highlights potential corporate risks associated with Banco Master, including credit, liquidity, systemic, operational, and market risks."
BRB Banco de Brasília,2026-03-17 07:00:00,2026-05-07T03:30:21.660913,news_signal,FINANCIAL_SYSTEM_RISK,4,0.75,,RISK_SIGNAL,RISK_SIGNAL,RISK_SIGNAL,RISK_SIGNAL,0.36,Brasília government appeals suspension of BRB bailout - Valor International,https://news.google.com/rss/articles/CBMivAFBVV95cUxOSjE5VXg5SjJQZmlWanlkX0hHdUNEMFlud0R5UHY5dW1Zazc2RkpDRmhRNnlQZ1gxbUV0R002ZFJCcWhYYzVrTFhZa01RQTg5Q2s0LWI4T0d4NHc5YlczY0ZjR2I0U2xjSDFobHpURi1UUUpWRDBJeHptTlB5Q3BueGEyX2J4UlF2aGtxOG1MMXBWOHEwWWJMeGRwWDB6U002ZFllLVJVcTZXeXJzeVFqU0lTRFRuTk9vTngtRdIBywFBVV95cUxNUkRhNUxXRURfclVCUE9JenJVRi1lLU8yYzNjQnBLWUJBVnpESVppSm8zeVZFWWpvNGhJZFEzMGFQbkFWa09nVW9Zb0pyZVZlRHNaUWtVYTVXRGtMSkVualFHcmF5b1JYU3ZfRHVILUJkUVlBQTFmYmkwU2YyMXBMQnpWMGlFRlNpNWFSNU5SbWFXd3RzS1dJSkNQclpFSHZ5WEMxZEVKMi1nazNJUmRUTWk5bDZTVy05SlBQRDF5QWtDcmdrVGc1N1NMYw?oc=5,Google News RSS,The Brasília government has appealed the suspension of a €500 million bailout for the Brazilian Railway Company (BRB).,"This news could represent a corporate risk for several reasons:

1. **Reversal of a previously agreed-upon payment**: If the Brazilian government is appealing the suspension of the BRB (Banco do Brasil) bailout, it implies that there was a previous agreement in place regarding the payment terms. A reversal of this agreement could lead to financial difficulties for BRB or its investors.
2. **Potential credit rating downgrade**: The suspension of the bailout may have already affected BRB's credit rating, and an appeal by the government could further exacerbate any negative impact on its rating. This would make it more expensive for BRB to access capital in the future.
3. **Financial instability**: If the Brazilian government is appealing the suspension, it may indicate that there are concerns about the country's financial stability or the viability of certain investments. This could lead to a broader credit crisis, affecting not just BRB but other companies and investors as well.
4. **Regulatory risks**: The appeal by the government may also involve regulatory challenges, which could impact BRB's ability to operate or make decisions about its future strategy. Regulatory uncertainty can be a significant risk for any company.

Overall, this news suggests that there are potential risks associated with BRB's financial situation and its relationship with the Brazilian government, which could have broader implications for investors and other stakeholders."
Nubank,2026-05-06 00:23:00,2026-05-07T03:30:21.660913,news_signal,FINANCIAL_SYSTEM_RISK,2,0.6,bc,WEAK_SIGNAL,WEAK_SIGNAL,WEAK_SIGNAL,WEAK_SIGNAL,0.5,Nu Holdings Weighs U.S. Bank Charter Against Mexico Credit Risk - Yahoo Finance,https://news.google.com/rss/articles/CBMilAFBVV95cUxNTWgxdlV3anVjN190bGxXck91cTZ1VEY1bHV2QTRqQzl0REJYbzBCdHRKaGdkdUxTTmR5TVBhTzFRRElVLXRwRUJlbkh0MndJRW92M2lxUmc1ekV6U3h6bE9SMlpHbUxyS0JTRGNmdzNsNldLRHgwSmJKbU56UjY3R0tkUzhHQURUTEhKdkl4blczS1FX?oc=5,Google News RSS,,
Nubank,2026-05-01 12:30:00,2026-05-07T03:30:21.660913,news_signal,GENERAL,1,0.2,,GENERAL_NEWS,GENERAL_NEWS,GENERAL_NEWS,GENERAL_NEWS,0.44,1 Unstoppable Fintech Stock Is Up 196% in 3 Years: Here's the Single Biggest Risk With Investing in It Right Now. - The Motley Fool,https://news.google.com/rss/articles/CBMikAFBVV95cUxNSjVkUWQ1VEJkWG9uRGtjWmhEQVlUeENTbnRJekFpNFQ1Q0lDc0wyUkV3WGZCYy0xaUgtcVdaR09rODJ6WUZ1MTJRSVNEUlJ4NUpEdU1rSnl1NHZxbm1tb0RGMjVlNzN2MEZHX09seHM0N04zMktmN3lRQjVRTmU0TEZWSk1lWExvNlN3ajB1SjM?oc=5,Google News RSS,,
Nubank,2026-05-04 11:00:00,2026-05-07T03:30:21.660913,news_signal,GENERAL,1,0.2,,GENERAL_NEWS,GENERAL_NEWS,GENERAL_NEWS,GENERAL_NEWS,0.5,NU E Power: Standardizing risk to unlock disciplined power development | 2026-05-04 | Investing News - Stockhouse,https://news.google.com/rss/articles/CBMiuAFBVV95cUxQSEZKaTdkUW5ydENpRU94NmlycFUwNUxoUTB3UEV4dV9kWTExcG9fUHlvVkRxUUxsdGY4QXNKazA0UHN1RjJRb3Z2Z3BldGlhVkxvTi1reWdsOG1QWm9KQ0RtWW1NWjg5RGpiR1IwUlJvd3NmTlBKSk01NnJtN1V5UnYzOUFkUW9fUGlHV3ZheWR3bENIM3JhVEZvVjF5LW1JUDdhY0pQMWFmaDgtRV9tY2w3Y051SG1J?oc=5,Google News RSS,,
Nubank,2026-04-22 18:02:02,2026-05-07T03:30:21.660913,news_signal,GENERAL,1,0.2,,GENERAL_NEWS,GENERAL_NEWS,GENERAL_NEWS,GENERAL_NEWS,0.45,Precision Trading with Nu Holdings Ltd. Class A (NU) Risk Zones - Stock Traders Daily,https://news.google.com/rss/articles/CBMi2AFBVV95cUxNQlVjRkVkRG1VMGlSR1VUY2gxMGx5UEdRWVhnbTZlSkt4MlMzWXdCWGhNeHJnQXZzVVZwR01OSkRoRG8xRDRRVWxqMU5HSDF3XzkzUUlzbjJMdTltY2JZOTgwR2RyMllMZDVURERwNUxTQkRCczhKWFNxUlFpWFo0REhJMlhER3JGSFlTYlB6SHRJdHo1dlVuYjJEa2JoeUVVX0xtdm9JTjdqVllHQ3JiTXpwS2tycUF1OEVtTFFWQUJEQlJNc0ZSSWdOWUxjOFFhTW9UdjA2a1k?oc=5,Google News RSS,,
Nubank,2026-02-26 08:00:00,2026-05-07T03:30:21.660913,news_signal,GENERAL,1,0.2,,GENERAL_NEWS,GENERAL_NEWS,GENERAL_NEWS,GENERAL_NEWS,0.41,Nu Holdings (NU) slides as investors digest Q4 results and focus on credit-risk and margin signals - Quiver Quantitative,https://news.google.com/rss/articles/CBMi0AFBVV95cUxPNmx5X0x0R1NHSmdXRlNYRE9qWlM4dDVfbjEyeU1ERU81V3QtbU1LTjlsS2hJS2pBel9tTk9jb1FlMDM5eDB2U1lReHVOMDF4Z216OHJPLVQwZkUzY1RVd2JwbjFlY3lPUFljVW96VnBSeFE0SGtqQ1l6Qm50Q0ROcWg4Q1FkNU9ReDVEb1ctVkRkblZldmhsZmFLemZGaHBkV2VlRm1qbm9rWnFNOVJzZnlkd1pNRnNZcHFYeHFHUGFlTVlKRFMtUkVoN3ZUcGJS?oc=5,Google News RSS,,
Nubank,2026-03-30 07:00:00,2026-05-07T03:30:21.660913,news_signal,GENERAL,1,0.2,,GENERAL_NEWS,GENERAL_NEWS,GENERAL_NEWS,GENERAL_NEWS,0.45,NU Medicine study reveals early menopause linked to significantly higher heart disease risk - Evanston RoundTable,https://news.google.com/rss/articles/CBMizwFBVV95cUxPb29KLXZRV1Z2cm9zMEhlc3MzWXptTFV5YnVDWXFQMjJkMFZOSkxGbVY3Z0FCWkFMek41TmtlRTFKaVJRMFdhVjBmZzhueU95aDFTRUxyYWJsakFnRDV6Z1V3R05VRG1yRUo0YnN2Z1RKaUZTYTY4UVhiV2h3U2hEYjVXeFcxTldzejV1bkZibHotSG94VWZWS0h3eHhHZ0JzZ2lETVlfR3hqbF9FMmNrZThPSmx4T0FrTzdUbi1Qa1VXdjlZNldSV2E0MzFOS2c?oc=5,Google News RSS,,
Nubank,2025-12-04 08:00:00,2026-05-07T03:30:21.660913,news_signal,GENERAL,1,0.2,,GENERAL_NEWS,GENERAL_NEWS,GENERAL_NEWS,GENERAL_NEWS,0.43,Morgan Stanley weighs risk transfer to cut AI data centre exposure; Nubank seeks Brazilian banking licence - TheBanker.com,https://news.google.com/rss/articles/CBMiekFVX3lxTE5DVHpmUHRhR3JYSG9yQmxzSWtGWWVlZjhrZTAtWUduVENTVmRObW50dzREQmhGYVZKbk8xZFU1NHU4X0d3OGJ1UTJqOGRuTHpoeFlUSXNlbjQtYjI1cWdjNUI0QWpPRXpvU0VTcml4SnZ4NGpuNWh3YV9n?oc=5,Google News RSS,,
Nubank,2026-02-17 08:00:00,2026-05-07T03:30:21.660913,news_signal,FINANCIAL_SYSTEM_RISK,2,0.6,bc,WEAK_SIGNAL,WEAK_SIGNAL,WEAK_SIGNAL,WEAK_SIGNAL,0.45,Nu Holdings Wins OCC Nod Raising Questions On Valuation And Credit Risk - Yahoo Finance,https://news.google.com/rss/articles/CBMiekFVX3lxTE9BcF84TW5SWDZTZ0tDNllDcnAxanYxRFRQYWVUanloSUprMXpKT1NRNDZ5SlBjTzJTNGVJQ3lzSGw3YXM4ZEFtOWxjTmJvNHZwNkdFOV9HUDBXMDk1MXMxZElycnZHVEQwRlNqc0ZPVUQ4TWZmOFVwVUZR?oc=5,Google News RSS,,
Nubank,2025-11-14 00:12:06,2026-05-07T03:30:21.660913,news_signal,GENERAL,1,0.2,,GENERAL_NEWS,GENERAL_NEWS,GENERAL_NEWS,GENERAL_NEWS,0.4,Nu Holdings Ltd. Reports Third Quarter 2025 Financial Results - Nubank,https://news.google.com/rss/articles/CBMiqAFBVV95cUxQNnk0NWtLWkZnZzJZbnM4ZXdKbHhBU1hldmRwOGlvYXJkdkwwT3ZIaXBXRGRSZjZTYXFkX0VJTkE3OG9faFlCQjVOcXZjTDVLRzN4Q1JtQzRIR2FUOGFEa0Y4WEloS0RiTndDek5tbUJoNkFuRGlxWUNBREplUncwZ012bVVnNlB4WjVIUXo0dE8weXE0a1JYWEdWdF9QR3lLQUg4X0JwdUk?oc=5,Google News RSS,,
Nubank,2025-09-01 07:00:00,2026-05-07T03:30:21.660913,news_signal,GENERAL,1,0.2,,GENERAL_NEWS,GENERAL_NEWS,GENERAL_NEWS,GENERAL_NEWS,0.4,Nu Holdings’ SWOT analysis: digital bank’s stock poised for growth amid challenges - Investing.com,https://news.google.com/rss/articles/CBMi0wFBVV95cUxOeVFQREtLeUFXUmNaWldOWHoxb0tOZHBtclJIcWFLVDlmeDA1RnBnNlBxdUNCaHVZRWFYOXEzQjJJUlBibk05WkUzRzBuRDc1THdUN3NkZjMtQ1ZTRWNrUzh3NmhfS1FGWFlSb0VXLXNualRXQ3lkWi1NekxPUzloTkV1NjlBQWNVb3o2aEo5bHZQX1ZxV0cyWnBNYlRXTGFacjF1MFdPby1qS0RXYzJ0clVHanJNQlplWDFzT01hczVabDhJTnpxVHRlRzdlejZMNXgw?oc=5,Google News RSS,,
Nubank,2026-04-06 07:00:00,2026-05-07T03:30:21.660913,news_signal,CREDIT_LIQUIDITY,2,0.6,liquidity,WEAK_SIGNAL,WEAK_SIGNAL,WEAK_SIGNAL,WEAK_SIGNAL,0.54,NU E Power Hires Market Maker to Support Liquidity on CSE - TipRanks,https://news.google.com/rss/articles/CBMirgFBVV95cUxPYzB1ZVlaME1rTFZ4VmNSXzc5RlEzMDI1b2taWS1ncmlPaFhzNlBQU3RWRUh5OEF0NTdfakpnRXNxTXhzMC1Dc0lmS0prbVpTY29zY201TjQwckZrT2gzM0VjNzUtZ3RDaE9WLTdZSkltNzlOTVpsRkJEWDVhY3R0VlUta1ZzMlIteFdIMmZyT3l4dFhNZ1c3WUtLck04NVdXeWY3UGphNmNMSUVzbEE?oc=5,Google News RSS,,
Nubank,2025-08-09 07:00:00,2026-05-07T03:30:21.660913,news_signal,GENERAL,1,0.2,,GENERAL_NEWS,GENERAL_NEWS,GENERAL_NEWS,GENERAL_NEWS,0.44,Why Nu Holdings Remains A Buy Amid Brazil's Economic Uncertainty (NYSE:NU) - Seeking Alpha,https://news.google.com/rss/articles/CBMipwFBVV95cUxQZDZKcTlSMDdqMThoejd0emNRRWg4ektmWUdSdEpuQk4tNUZCQWZJcEx3SWptTGU5QzdKSVFjcVFXZTlMc1Z1NWVZM0p1MXRDSWp4aFk4RHRNb09YeEFKTk5FNWhaRDlmZno5Q090R1F4bzQ4QmZuLTRtZ285R18zR1FIQkRUSHJwTElFSlh3b0xtcXA2UGhRYVhPUDBiYUxNZVh4d0RsOA?oc=5,Google News RSS,,
Nubank,2026-01-16 08:00:00,2026-05-07T03:30:21.660913,news_signal,GENERAL,1,0.2,,GENERAL_NEWS,GENERAL_NEWS,GENERAL_NEWS,GENERAL_NEWS,0.38,Nu-World Holdings (JSE:NWL) Could Be At Risk Of Shrinking As A Company - simplywall.st,https://news.google.com/rss/articles/CBMi4AFBVV95cUxNWS1oQjhEalFFdnVGeHlmMWthOHRJam9nYTd4RE1SWG1fSzVHNUNiRkpXeEJUS0hTRENPWHMydy00U3lZUEVUVHFqV09NMWNiaWZxLUZBTHBMZE50QlRwZ3g5QlI2Z1oxNVpHNy1MTlFSejdaY3hjZUxzVUJGcU9TVmRpc0xhUFVMa0hrRlNYLXdFeDZHUF90S29DVU1MbnhKSThVMmJiRk00S280SFR5SldRZ3JyNUNaN0xJalo1cmQyaW9zbkxiRU5OR2lhdlBPanNjWXNJbWRseDBTdjBmWdIB5gFBVV95cUxQa0M1Skk2T2FVc2FLREdiQzdxQzdXZ2JHQUZvaFBjcnoxTElpUWhjR192U1Q2c20zNEdKcExGN1pQYzVXdUFCaFJubWtfSEhmbzlpTTF6TWZVZWJ6aVlOb3RZbTdkMHVsbWhlR0tPUW5JbldXX1pLb29aQ0dfN2RmZEk5c1dBbE1YZ0ZYOEdhNVJkQ3laOWtsOENlZFhhNl93d0M3NXpyTV9hbkNaTGZSeFZVSmU4ZFZMaGNVTFVXWTFnSG1sRDRkM0VWTWNrNnZMdGZDRzgzajBOOTQ0V2h1ZlN0Nmxldw?oc=5,Google News RSS,,
Nubank,2025-08-21 07:00:00,2026-05-07T03:30:21.660913,news_signal,GENERAL,1,0.2,,GENERAL_NEWS,GENERAL_NEWS,GENERAL_NEWS,GENERAL_NEWS,0.38,Are energy drinks like Alani Nu Witch's Brew linked to stroke-like symptoms? What we know - Snopes.com,https://news.google.com/rss/articles/CBMiggFBVV95cUxPZ0tSU2IwakJYM1hJNHk3UGRkVWNXR0hkQmlJSXNQTWhtT0x2V3dtbU5Xc0xRNWU0MThQeVR4WTFVQ1UxOVIxbENOVUFYaFE1QWhyWHZaVGFPOE81UThUZ2JFTTRaZE83aXMyUmpsX0hnc2pEQ0hMNG5KS3NVX09LMy1n?oc=5,Google News RSS,,
Nubank,2025-11-17 08:00:00,2026-05-07T03:30:21.660913,news_signal,GENERAL,1,0.2,,GENERAL_NEWS,GENERAL_NEWS,GENERAL_NEWS,GENERAL_NEWS,0.47,Is Nu Holdings' (NU) AI-First Strategy and Record Earnings Reshaping Its Growth and Risk Outlook? - Yahoo Finance,https://news.google.com/rss/articles/CBMieEFVX3lxTE5WS1RubWprSnJOdkpkVDgydDlZYU9vMVB6eUptc1JyY0NDMlh2ekhIZUFqMHNEWE1nbUlRdVMxc2d6T2ZZZVFRM0Y3YzhnTmxjOWVCZ3J5SG9nYWx2NTV5WURWRGhrZXJoRGpob09ndlo2SklxQy0teg?oc=5,Google News RSS,,
Banco Inter,2026-04-09 07:00:00,2026-05-07T03:30:21.660913,news_signal,GENERAL,1,0.2,,GENERAL_NEWS,GENERAL_NEWS,GENERAL_NEWS,GENERAL_NEWS,0.53,Inter & Co’s Banco Inter Raises R$300 Million via Perpetual Subordinated Notes - The Globe and Mail,https://news.google.com/rss/articles/CBMi8AFBVV95cUxOUHBubWFQNUdaRnVzTHRYSDNza19RLWlKdlhzR2dFQ2NRaEFlMkxBUDVtNHJWWkZYUFZkUURyRUpzSkVEdkJwc0NFaXhFenY4Tzl3RnIxaFROc0xrdjc1RWo3dHRURndsamNKYXRvbHFTVTdmTEI4bEFmUGdQY016eDZtdl9UYnVWT01Qamp1aVZyZHlMQ2NjOXdQMllMaFk3RGo1R2FWVmZ4Rk5qRVNaUTB0M0NuSWUwRlljYUdGWUJ3bEFiRE8yWFlybVM3MzR5QU5sajAxRGtCWHhaTGxBb3lKbndMZ3hpbS1PSXNpR20?oc=5,Google News RSS,,
Banco Inter,2026-04-08 07:00:00,2026-05-07T03:30:21.660913,news_signal,GENERAL,1,0.2,,GENERAL_NEWS,GENERAL_NEWS,GENERAL_NEWS,GENERAL_NEWS,0.47,Inter&Co (INTR) boosts Banco Inter capital with R$300M Tier I notes - Stock Titan,https://news.google.com/rss/articles/CBMirAFBVV95cUxNUGtKRzU0MkwwWWswQ0s5UHpKaVZMaFAyZTlNOG1saU12bTFZU2dfU2lyN0NVajJlMUk0LU9wYTBKUm1UbUp1eVRsUERqSU83blhtb1ByLXVDMnhNUTNmZENKNkN4UjVHRVRQQ2xIamtQY1dJbTR2cUpKR1BaSUVfbGpfUVktczhUanRod3JRemtjRmM1MUpLYXhFS0plY21RcFBzTnFrOGVQbF9K?oc=5,Google News RSS,,
Banco Inter,2025-11-03 08:00:00,2026-05-07T03:30:21.660913,news_signal,GENERAL,1,0.2,,GENERAL_NEWS,GENERAL_NEWS,GENERAL_NEWS,GENERAL_NEWS,0.43,"Banco Inter, Chainlink Power Real-Time CBDC Trade Settlement Between Brazil and Hong Kong - Yahoo Finance Singapore",https://news.google.com/rss/articles/CBMiiAFBVV95cUxPZFgtUGdvbHhMdUFZX09lRUF4ZHlHelZEZE5mSERITzY1ZGxyTkNQVnZmM1FOazZvRUJWajQtbWRrUDlWN3VDa1ZUbTBvZjZtdVI0WGJOOTRqME11S2YtMTV2M2IxbW5FeTg1Z2t4UXppWmhidlVGbmFRUjUtdUdONlZ6WGpjMzNN?oc=5,Google News RSS,,
Banco Inter,2025-11-04 08:00:00,2026-05-07T03:30:21.660913,news_signal,FINANCIAL_SYSTEM_RISK,2,0.6,bc,WEAK_SIGNAL,WEAK_SIGNAL,WEAK_SIGNAL,WEAK_SIGNAL,0.46,Banco Inter & Chainlink Pioneer First Cross-Chain Trade Settlement Between Brazil’s BCB and Hong Kong’s HKMA - Disruption Banking,https://news.google.com/rss/articles/CBMi5AFBVV95cUxNQmZrVGZYRFRpNTBhdXlvY3Y5eVhUR01lWGZ1aEFRRVowOFVOM0xjOE82cVNqcUxWOVN3bFcyZFBlODYybXQ0cnBVWlZDRkN2UGhUdDVJNDBua0dTXzBiZy1CRHN5Ynd6VDVReXFfR3FQendIS3FMUEM0eGlVaDA4TXI2VklncTV1QlY1NDlhUzNtRGx4T1NNX1RFTThKX1pja0pwTURZeUh6TTByRll6NnZST0c4Z2RMb1dPM1RwN0ZrS25BWUx6SHMtU1hGTGo1ZWhoN25remtlb3ZVYlZKQzhrX2Q?oc=5,Google News RSS,,
Banco Inter,2025-11-04 08:00:00,2026-05-07T03:30:21.660913,news_signal,GENERAL,1,0.2,,GENERAL_NEWS,GENERAL_NEWS,GENERAL_NEWS,GENERAL_NEWS,0.46,"Banco Inter and Chainlink complete first cross-border, cross-chain trade experiment - American Journal of Transportation",https://news.google.com/rss/articles/CBMirAFBVV95cUxNdmN5bEkwUmV2VzlUSldDelV4RkdGUkV6NktwYkJvZG1TMVNjbDh6RElGWXpRZE5VaWlxdXEyREVCV1VzZXliZUlaTmZGUjJKLV91MkJxLWdURVNVMDVzSkZjUlB6QnpTNUhDMmVxa3VkTk91MDlBaWdVRlBNTzlfWGdlcGd2NUdBNmdJYkhVczhIcHAyNnY3bHZmUDNtZGNGc0JjMmE3Q0ZtbXow?oc=5,Google News RSS,,
Banco Inter,2026-01-23 08:00:00,2026-05-07T03:30:21.660913,news_signal,GENERAL,1,0.2,,GENERAL_NEWS,GENERAL_NEWS,GENERAL_NEWS,GENERAL_NEWS,0.37,Banco Inter gets Fed approval for US digital branch - American Banker,https://news.google.com/rss/articles/CBMikgFBVV95cUxQNHhTS3o1X0RuUkhYNWdoNDFuemdqSzlOQkdDNTA5MHhnb2xHb1lNSXFzNVZDWGlKcVZWbUxJREhReE5GWmstdkNkUG5OUXpxS3VNanh5dTJyQnQ3WGVBUUJKZTRqcWM3NGtuTi02YkVZdWQzakRGRDJEZ1RqVm9hVWtpbHN4STJJRy05Q01Mb2Y1dw?oc=5,Google News RSS,,
Banco Inter,2026-01-20 08:39:58,2026-05-07T03:30:21.660913,news_signal,GENERAL,1,0.2,,GENERAL_NEWS,GENERAL_NEWS,GENERAL_NEWS,GENERAL_NEWS,0.33,Brazil's Banco Inter secures approval for US banking branch - FinTech Futures,https://news.google.com/rss/articles/CBMiogFBVV95cUxNRXFteEFidkhqVmhid0k1Ym1oQnM1WDlfNWgwMjR5QmRIdVRFLW9mb0c3S0FURWNLTEZFbTZSQWtDZnRlZEt3d2lBM0xob25GU0c3UjlodTBjeWpqMU42VWw1RUVTcWtFTXFGSjFkWDE2Nm04VnB1U1JqeUFGS1d4enFmVEYxTTU0YVNpRXgyZzI5UFhpYWVPOENFZ1FwMzE0X1E?oc=5,Google News RSS,,
Banco Inter,2026-04-30 02:46:35,2026-05-07T03:30:21.660913,news_signal,FINANCIAL_SYSTEM_RISK,2,0.5,central bank,WEAK_SIGNAL,WEAK_SIGNAL,WEAK_SIGNAL,CRITICAL_SIGNAL,0.46,"Brazil central bank trims interest rates again, eyeing Iran conflict - WKZO",https://news.google.com/rss/articles/CBMinAFBVV95cUxQWXBlRnZpeDVmQ3ZIdExwMGhKNEZ4bldwdmhJeFFwTVZ4U0NwcDR6QXBZOVFaTUYtOEltLU1MNFlacWoxemdBTU5OOUlRclhsaHZPajZ5azlQZUVCelpKcEZuOVZKV3ZZX0hsTUc1LVVma1dQaUJ1Z0ZHVjE5LUFhc0xwX2kyRUdITkpkY2hvanRMOU9BSmlTM1Ywcl8?oc=5,Google News RSS,,
PagBank,2026-05-01 09:00:47,2026-05-07T03:30:21.660913,news_signal,GENERAL,1,0.2,,GENERAL_NEWS,GENERAL_NEWS,GENERAL_NEWS,GENERAL_NEWS,0.43,A Look At PagSeguro Digital (NYSE:PAGS) Valuation After Mixed Recent Share Price Performance - simplywall.st,https://news.google.com/rss/articles/CBMi4gFBVV95cUxPUXJhUmhUSkI5YTVJUG53RHVGbkI5c0VwZ2R1bjNsSWpKZUZLMjNYRkNlMzZscms4LWFSSnpsUEZacU1ZaXdyQzAyb1hmWjRYQVRUR3dZeVpOOXFSNENpN0NBbnZTVjY1R045QWJKLWdBSmRQMFZjVXhmRHF0WUg1aHdvbGU1QnJWT1RqYzNuYTJvVjRfQmR1bGctSTdQZTE1b2pyajB5azF4SS01akZ5eXBjS1hFcjJuY1VrWE4yQXk4d2RXTjhtUlNFazJ2UlVqdEdhN1hsakRQSWtMRlVlclBn0gHnAUFVX3lxTE5BelFQdDg3UTRiei1aV0hDV0NFOGxpOXc4dUw2dE4ycTB4d2FJcTdCaHZKd0Zjam5UM1RHTVEzWjd0ZHRtZ0dIV0F2YVB3MWFVemxOZlVxaXVwdFg5ckNhamRXVWF2Nll0cHdtT0Q0QTRxakhWUnctbmxYYkJidFNfV1ZXQWZJMXVlTWYzVzFGSU0xdzgwcHIyS2dBUHZCckxIYUlaQms4YVczUzA3ZDJQUFNBeU9sT25SMmZqYTNOb1JZcHZ0ZzNqTk5TNTAzdkpKVkpCOXNLTXd5aUlHZUJ4ejFPTUJvTQ?oc=5,Google News RSS,,
PagBank,2026-04-29 20:06:17,2026-05-07T03:30:21.660913,news_signal,GENERAL,1,0.2,,GENERAL_NEWS,GENERAL_NEWS,GENERAL_NEWS,GENERAL_NEWS,0.49,"PagSeguro (NYSE: PAGS) outlines macro, AI and data risks in Brazil - Stock Titan",https://news.google.com/rss/articles/CBMiwgFBVV95cUxNVmRkMkU5OVEzb1NlOW5VS2N6aURkdVJGbm5QN2Q5VlJGWElpS2w4UEF1M2Y5T2lEUnZaZk5MQWNJcGU1UEtVR3ZuTExPZnlPZUM4SXN4eS1GUjM4ZDRDVEZFd3hDOEJnT2xDYlNsRUh5X2s2RHAyNG5hRWdnQWJ1Y25wVFBHaGJLR2ZwVjBnaWRMNHNxSEdPTXg3cDVCV2RJdmpocWNEN1h0RzFNR3FVREU3cWFXVXlzSkp0UUpRaGVBZw?oc=5,Google News RSS,,
PagBank,2026-04-29 23:54:02,2026-05-07T03:30:21.660913,news_signal,GENERAL,1,0.2,,GENERAL_NEWS,GENERAL_NEWS,GENERAL_NEWS,GENERAL_NEWS,0.43,How (PAGS) Movements Inform Risk Allocation Models - Stock Traders Daily,https://news.google.com/rss/articles/CBMixwFBVV95cUxNZjlQZEhEOThwOW03S3BYTDlsX05Jcy1MRGNWWWR5WVhjcUZ2ZjRXYmhRNFJZZE9SUzJadjVIVjhvNGl4bldOYllkRmlXdGpWZmgxRzNUTC1aemFBZnFWZkFzeS01UEV3cVJsaVp1ZVBXY2pfTEpZWVRERlpzc0xoLUE3eGZYUS1lV1pPdDVxT3RfLTJGWjhYQ2hSbkg2R1B4TlBtOFRqZ2dOc3ROQXJBaEV6ckRZZjZwTF9Pd0IxcGRTWmw5NkpF?oc=5,Google News RSS,,
PagBank,2026-03-24 05:48:09,2026-05-07T03:30:21.660913,news_signal,GENERAL,1,0.2,,GENERAL_NEWS,GENERAL_NEWS,GENERAL_NEWS,GENERAL_NEWS,0.4,PagSeguro’s Brazil Fintech Play Is Shifting From Payments To Credit - Finimize,https://news.google.com/rss/articles/CBMiXEFVX3lxTFBGenRtZTVCcUJWb2xXdzZ4M2E3N0hzdWtPV0xVdThINnBLTVJJUU1od3hmZWRsNjJnS3BRN3FlWEVYczhYWmw3SEpzQ2JNVVZZSVd1UjlVbTliTENY?oc=5,Google News RSS,,
PagBank,2026-01-15 08:00:00,2026-05-07T03:30:21.660913,news_signal,GENERAL,1,0.2,,GENERAL_NEWS,GENERAL_NEWS,GENERAL_NEWS,GENERAL_NEWS,0.39,PagSeguro Digital Ltd. (PAGS): A Bull Case Theory - Yahoo Finance,https://news.google.com/rss/articles/CBMigwFBVV95cUxPS0wtT0dpOWMwRWdlSGo1V3J3VmlIRnY3NHAyeXlNOVViS0dGdnpEbW5CV2lxLVVIVmY3WkYzQUI0aWJhaGFlQ0s1NDhmOHdvdnRwUE10dTJuM184c2VzN1o5RnVoTkZJaXdMLWI5a2NRbnl1VUxSZXhsZDJFcHBtZnoycw?oc=5,Google News RSS,,
PagBank,2025-12-30 08:00:00,2026-05-07T03:30:21.660913,news_signal,GENERAL,1,0.2,,GENERAL_NEWS,GENERAL_NEWS,GENERAL_NEWS,GENERAL_NEWS,0.38,PagSeguro (PAGS) Declares Special Cash Dividend for 2026 - GuruFocus,https://news.google.com/rss/articles/CBMizgFBVV95cUxQSWRVNERfckx6ejFjX0t3NDJUUzdGaHZ6TFktUlRFZjhIMC1RVE9fTUw3MHUtZnF0MElmek5ieWhXYlBYNGFwZmpDVTlUVTVtbUMzX3gzVUFLc3BNY2tCX3IwUzd2SG04ZUFXVXQwcW1kclZXUmFCNVFBX1N4NVVxSUx2TUVEWElUZmh0S0VqWHE2WHNRWmg0MFk2QWxSRnRUazVRVUlUZnFTWmhpVExXVFBmSGN2c1FIWWdURHdDQ05WSkV1UUlVRHRMVUxNZw?oc=5,Google News RSS,,
PagBank,2025-07-05 07:00:00,2026-05-07T03:30:21.660913,news_signal,GENERAL,1,0.2,,GENERAL_NEWS,GENERAL_NEWS,GENERAL_NEWS,GENERAL_NEWS,0.51,"PagSeguro Digital: Cheap, But With Some Country Risk (NYSE:PAGS) - Seeking Alpha",https://news.google.com/rss/articles/CBMiigFBVV95cUxONWZSWkhaM3lRSEYxZGJtek1kNTJ0WlN1b2Y4T2pvU1NmQ29YOHRFbHJMVmdyV2pvdENPWEt4YTF1bVdESVJxNmVzX19CNm1CZ1lpdW5pSWpkV0RfTzBJMEdqOEFxbTdGRjNwUVI5eXVoNTZ6MjNoZ2xTV252YXI4U3pRTnc4VDNxZ3c?oc=5,Google News RSS,,
PagBank,2026-04-21 07:00:00,2026-05-07T03:30:21.660913,news_signal,GENERAL,1,0.2,,GENERAL_NEWS,GENERAL_NEWS,GENERAL_NEWS,GENERAL_NEWS,0.41,A Look At PagSeguro Digital (PAGS) Valuation After Recent Share Price Momentum - simplywall.st,https://news.google.com/rss/articles/CBMi4gFBVV95cUxNNU52T2VuSUdrdDNYRnItWkVKaUZjVlhlOE5qNlhMZElNeGJZa3FMZFloYTg5SnJhbFh4WUFJR1k3aFBqSEZYc0dKS04wbTFfYlRPSVVtNkxUQkRKdWdQQk5UTXU2VVBKN0xmendUY2hYaDBGX0VoRHJyV2hGZWFCSERIdUs4b0lwaVVnZFp1QW9YMldRMmdEcjVUVXphZDNWOElnTzBodjIxSXhWSmR3YXk4bmZHLUFfWF9OdllPOEd4N0tRTXN1Y3lkdXlqRWM4eE5ON1VHaFc4SnBpZnNmbWJ30gHnAUFVX3lxTE9CWC1QY2ktMVRRMWxZdk9BQjlHZ1N3U09ZX1JGeXpsYkZTcHAxZ1dMV3lCMXpvaXI2N3A4Y0dlRmJZWHNnejZSM2pBSzJpQjVZOEJ4RlE5NUFNd3BzcVYtSllZNXBXZ2FmeDNSNm9kYjZPbndKanNHYmNtc3Y0QkRfN3hNQ1BEVl80OWthRlVnSkIwRkNJUzBkRWhQdS1vaHB6N0RBUHRlLWp6T2FXWDh3aWk0SExETS1CSGZfMVgyWnVyTG1ESW93WF8yNmJxNmw4VE5WcGVOb1d2T3FYOTFxQzM3MTZOaw?oc=5,Google News RSS,,
PagBank,2026-03-05 08:00:00,2026-05-07T03:30:21.660913,news_signal,GENERAL,1,0.2,,GENERAL_NEWS,GENERAL_NEWS,GENERAL_NEWS,GENERAL_NEWS,0.48,PagSeguro (PAGS) Reports Strong Q4 Earnings with 9.4% Revenue Gr - GuruFocus,https://news.google.com/rss/articles/CBMitgFBVV95cUxOeWhvc1J3WlhpU2pfbmJfc1Q2ZXF6NEd4LVZXT28wZUFWaTJ1VVNQU1Bqa3hZVDh2cmNvSjY3OTAzM3UwOTA3VmZkNUtoM0NJaV85WExSOWlOZXBQYzMwTzdjWTJFTjRxbnpqc2I2b0hQYVlxSzB6X1pvUzRLUmtmeklKYk1nVFAwVHI1bjhMb0h0VjdlWkZYZnktT3BzV1pVRWRzWHNnSVlMWDNzMWNEUmxFTWh4Zw?oc=5,Google News RSS,,
PagBank,2026-04-13 07:00:00,2026-05-07T03:30:21.660913,news_signal,GENERAL,1,0.2,,GENERAL_NEWS,GENERAL_NEWS,GENERAL_NEWS,GENERAL_NEWS,0.44,How Investors May Respond To PagSeguro Digital (PAGS) Upgraded Earnings Outlook And Technical Momentum - simplywall.st,https://news.google.com/rss/articles/CBMi4gFBVV95cUxQdXNEV3R5akZ2bjdfa1AyWGhCWUQ3Uk05cTJadVRrczBYbkdaV3lTUWJVQVV1ZkZZRzNLeFVnRURnLXRzaTJqajNrcWJDV2doZW94N2hVbG05aUJoeUpPay1WbWV4bDJqM3FEdDFodXMySVdvdFE4aWRnTUJSV0RmUXVXazMxekpLQllLZUlkZjZ1YlBSTWIzOFhSM0dpRExfWmI4VGZnemxuV0g3MDNWb0VDa1B5ZFdhUnFaV2NWVlk5QnVDN0xGMXh1ZVMtdXpNZGJob0NZdHhCcjNBTXdHcE930gHnAUFVX3lxTE4ySzU5dXFIdVNDVG55MDRHN2hBX0p4LXYyT2dfQkdIYmZsSTBhREJuRi14bGF3WHN5SEpZdnZjaFdELThlaFlmQ1lDVU1EUkJScUE1MzFJVkFNZkVvZXlaUE1Kc0I3M3F6VEpMRWFldzBEbndqNmI4bFBQSWJpa2VNQW0xVVZIMHJlSTFvZF9VSDFMVGlKcmF0Q2RKbWRFeV9DOEFhLU5QTDJxRnBUMEVMVG94c09HUFYwYmVCRWtrTGdPZllzN052NjVzUGxhZlpJeURycEZHR2QzZE5tMXRpTmp0d3NzUQ?oc=5,Google News RSS,,
Stone,2026-05-06 00:02:52,2026-05-07T03:30:21.660913,news_signal,GENERAL,1,0.2,,GENERAL_NEWS,GENERAL_NEWS,GENERAL_NEWS,GENERAL_NEWS,0.38,StoneCo’s ESOP Shelf Offering And New Directors Might Change The Case For Investing In STNE - simplywall.st,https://news.google.com/rss/articles/CBMi1gFBVV95cUxOUGMteU90VWFTY2I0Q0hwZ2FDQjdfbnhJVlcwTkczNlBtNXRsN0hzNDI3azJ5TGd2UkcwbjJQN1RqbWZuZ0ExamxSaGIybnJvb3ozQzdzQjFXRC0ycUM2czZjd3Noc0I1ZkNuUkgxQnR2SnJhdWx4cTdjc1pkS0Z2WThENzN2X2JIcjFfRTNvclhwUFRsVkN4b3RkX1RwNElJODhiLTUzTnAyS29kWl8yZzNRS0FkM3FIMjNlaUEyN0JkWWFIbXk0Q2tWWXpEZ1VxcHZLTmVB0gHbAUFVX3lxTFBKX2VtdkF5RmJZcjlGTEpDOUhzZDB1ZEFxRm9PRW91YlBwdmpQVG1SeU9HeUFMckY0Q2ltdHpkbmM4aVFFRy1USm90b0lYZXlUTTdTSXBRVWw3bmxBV1hya0lVX0lSUlpOak9XZUZyb0IxUjJpTERDd1o2Zlc5blRGWHhMTVZ4NHplWkI0dF8zM3BBeHVtd0IyT0JGbGtYQ1BzUkJBUTB5bWlrV1QzRm1jWE9tVHJlWEVDWmVINnlEZF92TFg0bmdNRkR1MVBQb09MN1gxR2pMOXFkYw?oc=5,Google News RSS,,
Stone,2026-03-03 08:00:00,2026-05-07T03:30:21.660913,news_signal,GENERAL,1,0.2,,GENERAL_NEWS,GENERAL_NEWS,GENERAL_NEWS,GENERAL_NEWS,0.41,StoneCo Balances Buybacks Banking Expansion And AI To Shape Outlook - Yahoo Finance,https://news.google.com/rss/articles/CBMikwFBVV95cUxPaWNaOFpJRTI1Q2FDdEtMNnFKSnhoM0Z5enNmSi1EUjg0bVpaVUt1UzNUVHhNU3E5dEluUEZjdWY3WU8wTEFPS2NCVzJjamJSVDNsbU8wc1owUFNEWWtrOHNhT1dxWkdtYUxvM1gxa3BqWThYYVpfUXYxRGc5VEpDbGJCM21wYXBRdVZveHRDSURjZjA?oc=5,Google News RSS,,
Stone,2026-04-14 07:00:00,2026-05-07T03:30:21.660913,news_signal,GENERAL,1,0.2,,GENERAL_NEWS,GENERAL_NEWS,GENERAL_NEWS,GENERAL_NEWS,0.41,StoneCo: The Bull Case Just Got Less Predictable (Rating Downgrade) - Seeking Alpha,https://news.google.com/rss/articles/CBMiqAFBVV95cUxQQlUycjRwaDl4SUFGSFpXeWtXdGhsaGlNMEEtdFcyN2pUMEs1akR3TDB3dUp2Y2xKUGNLckJqQkVFOXFxRE5RbWhYdWhnNUlNSE5jRlNpQ21ISDNtc1RxSTMzQWZNaWNaWkhCWkdmOWZheDItQkFXa3k1bzJnTHc5QktCczljc3dJYmwtTlZ6T0k1VG04UkpxOWJ2THBjTHlJaDBZWVZMWkc?oc=5,Google News RSS,,
Stone,2026-04-23 10:58:05,2026-05-07T03:30:21.660913,news_signal,GENERAL,1,0.2,,GENERAL_NEWS,GENERAL_NEWS,GENERAL_NEWS,GENERAL_NEWS,0.5,"STNE (StoneCo Ltd.) beats Q4 2025 EPS estimates by 7.1 percent, shares rise 2.48 percent in today’s trading. - Crowd Risk Alerts - Cổng thông tin điện tử Tỉnh Sơn La",https://news.google.com/rss/articles/CBMi1AFBVV95cUxPSlE4bmtzaDRqOGtveUljVXBmTUVqeE5MOURkZVZkdjU3X1hualBuOWxkUWtWcUlteUFPWjVmbEsxSWpndWp5QTVSZUhZY2RiQnJsR0UzWE91bHBkclBxR2pWUG9heXFPY09IbGJlbmVTYzFkQWdYUnhWV3NobmNQb0hObUxoZGR1ZDQ5NmR6VVFncmFaeFZTRk9xVVliSHRCR25jdUlVdWZWaWxndGFESlpQTUxzeUtxWGpfWi12ajhZcGtNeXpMYjhGZ05uTUsweVd1UQ?oc=5,Google News RSS,,
Stone,2026-03-08 08:00:00,2026-05-07T03:30:21.660913,news_signal,GENERAL,1,0.2,,GENERAL_NEWS,GENERAL_NEWS,GENERAL_NEWS,GENERAL_NEWS,0.44,"StoneCo Earnings Call: Profits Up, Risks in Focus - TipRanks",https://news.google.com/rss/articles/CBMioAFBVV95cUxNOFFhcXVoemM4a3pqa24zM0VfcGk3NjBSSjJlQkdsa1RIYWp3akh5emxpbk1haVZCNldnQWhTbVEtQ2NKbzE3VzNXUHFBM0ZfOVd6QXdabXdvUDBhaDBLcEh1MlNkanlsc0YtOFZEb19heEswd1ZYcWhNYWgwUlREaEFkR2twMG5JSHF5dEwxXzQ3Sm1naGxqSnRqUHU0RnV0?oc=5,Google News RSS,,
Stone,2025-11-06 08:00:00,2026-05-07T03:30:21.660913,news_signal,GENERAL,1,0.2,,GENERAL_NEWS,GENERAL_NEWS,GENERAL_NEWS,GENERAL_NEWS,0.52,Earnings call transcript: StoneCo Q3 2025 sees revenue growth and stock dip - Investing.com,https://news.google.com/rss/articles/CBMiygFBVV95cUxOSVh2cE85WDdpMFNjd09DNHBtMEt2X0plM2ZDN3NaTmdXeWQyYU02eWJNSWtTRE1rU2pxRFA1R0lXSHRwS1RpeFF6Q09fdGNHSkp5M1Z6TWVpS2JQdktnM055d1NZUVoxMzBDQS1GRF9kd3ZWTkd0LTNXeGZ2VDBnSXMtZzJ4ZmZoZzRhMzZoVjJWMGlGUldNTFIxeTBvMk9RenFlZXlYSXFZeWthcDNwaTNRMUJUMmN4WlJPRlRZRS16ODZLaVBNN2R3?oc=5,Google News RSS,,
Stone,2025-10-28 07:00:00,2026-05-07T03:30:21.660913,news_signal,GENERAL,1,0.2,,GENERAL_NEWS,GENERAL_NEWS,GENERAL_NEWS,GENERAL_NEWS,0.45,STNE vs. UPST: Which Fintech Stock Should You Pick Now? - TradingView,https://news.google.com/rss/articles/CBMirAFBVV95cUxQUWxRNTlrNlNaNmtoNnR4YmJOYVJEWnF3cUJmc0c3WG5EeWRHamVoVFhUVXpaWnUxNmFXaHVKMTBURDhfUE9IemcwazdLUldfei1waVI1M1Z6LVZ4QlRoSzladFA5QTlPSjRuWmEwdEdRTDhkaGpUSERUQ0dIQ3ZaMTcydTVfaUxCYWdqOHhfZE1vY0dmbk9JM3ZyeVRBQ2V2cWd4S2h3UHgtb1lz?oc=5,Google News RSS,,
Stone,2026-01-09 08:00:00,2026-05-07T03:30:21.660913,news_signal,GENERAL,1,0.2,,GENERAL_NEWS,GENERAL_NEWS,GENERAL_NEWS,GENERAL_NEWS,0.43,StoneCo: Is Its BRL 2.3B Credit Portfolio the Next Big Earnings Lever—or a Hidden Risk? - Smartkarma,https://news.google.com/rss/articles/CBMivgFBVV95cUxPM3gxVjlqX24tZGhVcHEwcEdmb2IyNVdQc1lUc0xldlJPVkZYMEZoWXR5c3ktZUY3WXBRbERIODAxM1RJemN3ekNYUGFBZVo0b01hZ1ZHRVJvaTlmYjFhQXYwb3Y5MXNVbkZCbFJwblBSaVdBNUFtYzN4OU10N29neGl5VjJzQ3FJLXlzYWRHaDlNQjhMbVVQNWYtYVJRZTkxNVZwbHQ3TkJBOU50X1pfMWVRMlVVX1Q5VkNZSU1n?oc=5,Google News RSS,,
Stone,2026-04-30 02:17:44,2026-05-07T03:30:21.660913,news_signal,GENERAL,1,0.2,,GENERAL_NEWS,GENERAL_NEWS,GENERAL_NEWS,GENERAL_NEWS,0.39,A Look At StoneCo (STNE) Valuation As New Directors Join And Earnings Update Approaches - simplywall.st,https://news.google.com/rss/articles/CBMi1wFBVV95cUxQYWZrb2hUdFNQZVJZM1dTLXI1WjZkRHFoc3Exek8wa0FRTDhpSWNjb29EMExodVhFRkVGX2lzWXJnXzFucVVNWHdoYnVKZ2UwOHFpOUV3UzhYQ2hkX1ZnTjFraUR3RVQzMVI4Q1FCUnJHMjNVWWVXUTBhNmhRaFVxdlU2WUxUUDVsVG92OXhhUzNvVDlSLTEycVF3WXM2TElaamZPSTltSjhSR3IwRXVjalB1ZkdZRmxGU2ZjdllreHdtVEVIaUxDeUJLTDFHc0hXQUlnR2xxVdIB3AFBVV95cUxNVFdLNmZuZE9LS1FpRXBodzBDZXlzY0dmWU5rM2FsQTlFVE1PZmI0bmliSlRrbHRQbm5ZOWpJNXZXeF83QmM4ckpBbVNVTDhkVUhYeG1vVUhZTlczQUlDcHY3M19kZHg5LWcxTmZNUS13VkpUM2lSTWdQOTU0MlRkZEVQaUFaUlA2elpycGRZTFZyZHVaWktOOWhWTVNjaF9PT29na2NrZ1RRZHNaRGJpQVJpRVpqTkJqWTZFMWo1dHR0eE45eVFzX0VwRjdsSkFGRGQxY2UxUllBdFlk?oc=5,Google News RSS,,
Stone,2026-01-21 08:00:00,2026-05-07T03:30:21.660913,news_signal,GENERAL,1,0.2,,GENERAL_NEWS,GENERAL_NEWS,GENERAL_NEWS,GENERAL_NEWS,0.47,"StoneCo Enters 2026 Cheap, With Credit Set To Drive The Next Leg Of Earnings (NASDAQ:STNE) - Seeking Alpha",https://news.google.com/rss/articles/CBMiugFBVV95cUxPanpWM1FVRkNoR0ZVSVVXQTM1czlTdHZya2w0TXFkY1VHam9XdVlLYXROeVNuckdUQzFzYlphbXJCV1AzdHNpV0VDT0QzR3Z2QWJubkIwa2I2SFlJUG9wRXZINUkzaHZxV2d1aURuWnVOWjNubXRIUkptTFplTENpQWk0YWxldGY1b2dncHdJTmdkTW1jNVlZdHNCTVF6Mzh4S3J0Y1FPR3g3TmlzS09uYzVvN0RyUVh1U2c?oc=5,Google News RSS,,
Stone,2026-04-23 07:00:00,2026-05-07T03:30:21.660913,news_signal,FINANCIAL_SYSTEM_RISK,2,0.6,bc,WEAK_SIGNAL,WEAK_SIGNAL,WEAK_SIGNAL,WEAK_SIGNAL,0.38,Is StoneCo (STNE) Resetting After A 78% Five Year Share Price Slide? - simplywall.st,https://news.google.com/rss/articles/CBMi1wFBVV95cUxQRHpNc2FaU3BHbmNvQkRFTnF0dHBCenhkYnJ4b2FuWkg0NGJNdTFhVjJIai1hcWxCc1ZoN1RNMTQxQ1dlSzdKQ3BRQzcyZy01Q3JZc0NodVJnWmdHLUJ5bWhKUWxCZzJzNnNFN2NNUTFYT0w0YUxqN2tMQ1pLQnhqRDVHcUlXUUdMMmdEcldPVkt0RmtzdU5NZmwtcVdHSnBNeUQ5S1N4aHk2cEZjZ2RHallCdEFtamdtQ1FKVThCYkZkOEJYUVdiNVBBX29SVWwzbGZhZXRGc9IB3AFBVV95cUxQNUNBalZoYTJzeUxMUFZ5ZVJseUNJU0RWaHBUODJva1BkZnB4ZTBVLUJKMGZMeGptaHd4T1psYjF1aEdFYTdNT0Zwb3NQZTZmeTMtampVc2l5bDRCUnBWbThrOXdDalZWajVQc0s4SmtuRmJqakJtTGpYLWNULVBXQXZ3NHZjSzVsOEU5ZHVnNlJyc1pvT1R0ODdobTI2ZE96eGl5YXFWeDJPZnR1eURxV1hOeXc2Q1VORS1ESi1jSkJJTjQzNHUxUkk1RGxxUHBTMzlsV2xoU0pfNURy?oc=5,Google News RSS,,
Stone,2025-12-24 08:00:00,2026-05-07T03:30:21.660913,news_signal,GENERAL,1,0.2,,GENERAL_NEWS,GENERAL_NEWS,GENERAL_NEWS,GENERAL_NEWS,0.51,StoneCo Stock: Credit Portfolio Growth Flashbacks Of 2021 But It's Different (NASDAQ:STNE) - Seeking Alpha,https://news.google.com/rss/articles/CBMiwwFBVV95cUxQMWdQdmFiNWdNSEthYjhfUFQyWXk5eXBDQ29LdnJXcWMzcFVLTTRWQVFDbk9seC0xenlYMkdLdkZmMlRUeEtFOVVLeDREd2VWYjBFZDZzWUo5NTFTaHJEQnpaM1EwLTEyREhBWWd2R0p1cTRTNkdNdllwU3QyQVUzVWpzTUZZcjFld28tRmVQT3pNWjdhdVNITmFlUjd6ODlRTFR1SG01LUtERXE2RjZYdEtxek5LeXB1SXB5dlFwSndwZmM?oc=5,Google News RSS,,
Stone,2026-02-28 08:00:00,2026-05-07T03:30:21.660913,news_signal,GENERAL,1,0.2,,GENERAL_NEWS,GENERAL_NEWS,GENERAL_NEWS,GENERAL_NEWS,0.4,Is StoneCo (STNE) Pricing Reflect Its Recovery After An 81.6% One Year Surge - Yahoo Finance,https://news.google.com/rss/articles/CBMiiwFBVV95cUxOTjhPYmFMZS1wWUU2MGU1RDYwSU44d1dQYzJwNU5teEx4SXdhdzFKQ29KREpDRXZWOUdmU01pX0w1REZJa2hoVGFSelZmcmdwSHBYTVVIbVRlYzVYUW9YQ0s3YjFBX3VDUGVSa0JqT0J5UjlsSWlSM1EyN2lIb1Vlc2NUb3BocG9aNjlV?oc=5,Google News RSS,,
Stone,2025-11-22 08:00:00,2026-05-07T03:30:21.660913,news_signal,GENERAL,1,0.2,,GENERAL_NEWS,GENERAL_NEWS,GENERAL_NEWS,GENERAL_NEWS,0.45,StoneCo Will Need To Amp Up Returns To Shareholders To Avoid Over Capitalizing - Seeking Alpha,https://news.google.com/rss/articles/CBMiuwFBVV95cUxPLWVXZ1hMTlBDV2h3WkZKZlFXUEhCNUJNN2RTTVNaeFM4N2NMWG85MzA4OF95RF9tMjNhOXRobExCTDlxR2ZQQUF0ZVJqa0pCUWx6eG5zVGxyWm1JVm53a1B6NFRqejc0SkZ0cThTWTd6QlZyQmpoSFEzVXE2eG5TVVJTdGI4MlpHd3ZiTi1PTmZXTngwcllMRWhfeGJiU0hIZ2NrWlREMGFyWnFNTzluVHJISlRObEx5LVJz?oc=5,Google News RSS,,
Stone,2026-01-21 08:00:00,2026-05-07T03:30:21.660913,news_signal,GENERAL,1,0.1,,GENERAL_NEWS,GENERAL_NEWS,GENERAL_NEWS,WEAK_SIGNAL,0.39,StoneCo’s Finance-Led Leadership Shuffle Might Change The Case For Investing In StoneCo (STNE) - Yahoo Finance,https://news.google.com/rss/articles/CBMijAFBVV95cUxPV3MyZklwc21rRVBPN09iUG80SlNlTEpFUnNxd0NEbEoycEI0MGtKbmNaVG5MYWIwbnBGNWNXc185dzBmSzdMOHVEQmtSUEtIU2ZlaWtpTU1DTlpMVGdnMExMT1FmSEN1RTFIbmlYMC1uM0IwM2FaYVdkdm5CV2xGSDMyeml3ZEFCZnE4Mg?oc=5,Google News RSS,,
XP Inc,2026-04-13 13:58:01,2026-05-07T03:30:21.660913,news_signal,GENERAL,1,0.2,,GENERAL_NEWS,GENERAL_NEWS,GENERAL_NEWS,GENERAL_NEWS,0.46,Precision Trading with Xp Inc. (XP) Risk Zones - Stock Traders Daily,https://news.google.com/rss/articles/CBMiwwFBVV95cUxOdldJTXZkNWs3ZUhEWGNPaFVJc1hTSWsxT2ZVQW9aY1QxSTBBT2FRSkF2TU5qWmw1cG1sTFRuNm5GWlB5c3lzLVhxUzZLa3NEMWxCNWtqY2Q4OTY1Z3ZuTUNoeEI4YUhmbU53SHppWDFmVGpycXlGZTIyRG1nWHdSMEpJLWlHYUtXclpuU0xQcjlBQi10Z25KcW56WTIybkx1eEZBQndQLXZrUE9TbXhueWpCYzNOR2VteUYtYW5VTDZZNjA?oc=5,Google News RSS,,
XP Inc,2025-11-18 08:00:00,2026-05-07T03:30:21.660913,news_signal,GENERAL,1,0.2,,GENERAL_NEWS,GENERAL_NEWS,GENERAL_NEWS,GENERAL_NEWS,0.52,"XP Inc. Q3: Flows Recover, Advisory Scales Up, And Risk Perception Declines (NASDAQ:XP) - Seeking Alpha",https://news.google.com/rss/articles/CBMisgFBVV95cUxQRnpVTmp0cXIxR0hJZ0EwT0p0T1ZpRW9hMVpTTXdQTTlkaDR2bTUtZkVuN09pS2hUeEVfNmxWc2hIUDhuMmwtTmRJa1hEOFYwTUxOR0FoNWlsUlk3LWFyUHlqanhZMklsTmtnQUxtWDV0MFNEUGJ0dGNDV0pvNEM0MzNSbW10UHc0aFJ3V203NnNGcFY3UGlabHJuSnQybG5sRlpTbUZKR2VQWHpsSEJlNUlB?oc=5,Google News RSS,,
XP Inc,2026-03-17 07:00:00,2026-05-07T03:30:21.660913,news_signal,GENERAL,1,0.2,,GENERAL_NEWS,GENERAL_NEWS,GENERAL_NEWS,GENERAL_NEWS,0.42,How to Buy XP Cryptocurrency Safely: Exchange Security & Risk Guide 2026 - Exchange Bitget,https://news.google.com/rss/articles/CBMiYEFVX3lxTE9EclVZWGs0eDJIemp0aVpTcmZ3LWhBd1V5YkRRQ2FkaXR4eUZ1UFA1b2l5TE9PenJBV2FmU1pKZzVOOV9LenZqWUdyQjNrVjlQemdRR1l0amRpUElMODluMdIBZkFVX3lxTE1COVh0aHVFRlJVX3hYeXVLZjZkbldMRjUxcWZBNDl2YlNGS2Q0QXdobVpZMW9xd1ZUY1E2OEZjRnlJdHpjQUNpWEhySmFHT18wMG1iZmRyRUEyV1hhRkdkWWJTVGladw?oc=5,Google News RSS,,
XP Inc,2020-11-17 08:00:00,2026-05-07T03:30:21.660913,news_signal,GENERAL,1,0.2,,GENERAL_NEWS,GENERAL_NEWS,GENERAL_NEWS,GENERAL_NEWS,0.47,XPC deficiency increases risk of hematologic malignancies through mutator phenotype and characteristic mutational signature - Nature,https://news.google.com/rss/articles/CBMiX0FVX3lxTFB4VURUN0JYWmk2VVp6eUhkN2w2TF9zR1IwR1VhVFhvRTVGSjZlaTRGTGNuNEV3LVJFdk15ZkduWnpMSDQ3akkzYUpMSGlfUUpiWnBDZW9GSTVOWFZtc05J?oc=5,Google News RSS,,
XP Inc,2019-09-23 07:00:00,2026-05-07T03:30:21.660913,news_signal,GENERAL,1,0.2,,GENERAL_NEWS,GENERAL_NEWS,GENERAL_NEWS,GENERAL_NEWS,0.5,Xanthelasma Palpebrarum Increases Markers Indicative of Atherosclerosis Risk - Dermatology Advisor,https://news.google.com/rss/articles/CBMiuAFBVV95cUxNRjAyQ193OUJ1VDRLbVRaZlRwWEltNEhobXFOekxNb0g5cVdoSVVIeUliZHVSOXZUXzIxeElVODhwNjlBTlZNZ1ZQMklPN3hSYVpBVk5TZUVBT09zbkVXSm9XNWhobHVnb3VMN0pRUVBVY1ExajJIamlJc0ltUHRHVWNYbXBNVnRKTXdFc3Ewd3FCOUVtNnJTU3dub29teGd5VDloQVpPY0poWU1EcGtUTThTMGp3QXpI?oc=5,Google News RSS,,
XP Inc,2025-10-30 07:00:00,2026-05-07T03:30:21.660913,news_signal,GENERAL,1,0.2,,GENERAL_NEWS,GENERAL_NEWS,GENERAL_NEWS,GENERAL_NEWS,0.44,Polaris Recalls Some Model Year 2025-2026 Ranger XP 1000 and Crew XP 1000 Vehicles - polaris.com,https://news.google.com/rss/articles/CBMiygFBVV95cUxQUWJSZWc5VllmRGRhaEF0UUQ3cDdRSFlmSGF2RGdRT3I3RTJZVWg2SG1tQnBETjZSaHZiNUdsSVhjclo0WjBXLXpYQ1ctN1RlUWpCMk5YX3dibHd5aHhJaW9ZaDZZVWlyTWdxaGJPM1ZVQjZaLVBralVpRlNuNC1ONDY3M3M1dkZOclpOR3gyaGRkOU96LVMxdFhlanRxN3YzRlJEVVRET2QzR3JEUVc3ZnVTdkNseV9JWTZVTmQ1bTQtcE9uODZncGFn?oc=5,Google News RSS,,
XP Inc,2025-06-10 07:00:00,2026-05-07T03:30:21.660913,news_signal,GENERAL,1,0.2,,GENERAL_NEWS,GENERAL_NEWS,GENERAL_NEWS,GENERAL_NEWS,0.45,The Price of Exposure: Xeroderma Pigmentosum and Skin Cancer - Cureus,https://news.google.com/rss/articles/CBMinwFBVV95cUxNeGgzNTBZcG9CNkpqeEtYY1c3ZDItSzRrZExLVjVTSE05b2RyM0k3MTJ0WUhwMm8zc3BBZGRGbVdKNndCZUlwTFVzUXhpeXprdDh2aUI2ZE4xS3FUZjhBb1BBRXZUejRSdEZLbS1KQXhGR2xsQS1qMlNra0VRU0t1eVA0aTFRTDFMem10QjVPdTJWZkhxTHpWeHB6aDJ1dDQ?oc=5,Google News RSS,,
Petrobras,2025-09-03 07:00:00,2026-05-07T03:30:21.660913,news_signal,CREDIT_LIQUIDITY,2,0.5,dívida,WEAK_SIGNAL,WEAK_SIGNAL,WEAK_SIGNAL,GENERAL_NEWS,0.35,Petrobras quebra hiato e se junta à enxurrada global de dívida - Bloomberg.com,https://news.google.com/rss/articles/CBMiswFBVV95cUxOdkF0eDMzcnlfeHlzTV9zT0U1c1dISnFEdmI0SGdQamdENE1MR3NXRHZnRGRfVjgzbVMxWkVxNWVKWkZOREJfSjdvaXRrcHZfVU9YVzk1WXdaWHJhc0tSOWJjeEpBWmFJMGJUNjN2WmxURWdLRFdYak1yU0tVWHFEelRrdkducm91T2RBZVpZOG9qczNCcG9qUGpsblh1VUVZSlZpNmExN0xuSFhQTXh1cnJWaw?oc=5,Google News RSS,,
Petrobras,2025-09-24 07:00:00,2026-05-07T03:30:21.660913,news_signal,GENERAL,1,0.2,,GENERAL_NEWS,GENERAL_NEWS,GENERAL_NEWS,GENERAL_NEWS,0.41,Ibama aprova Avaliação Pré-Operacional (APO) realizada pela Petrobras no Amapá - Agência Petrobras de Notícias,https://news.google.com/rss/articles/CBMiywFBVV95cUxPQ3lfU0FBMjZBaDVRcy1FcFlzczBnY2VTM0lNLUFwY0lwT0lsMmhSd3ZjaDN5WGs2bjFtT1lMU3VMZnF5TkVMejlpOXA2MlFSbFdtZHg2dUdjUmxDSUNFSmhOd0Z6d2VadFN3WU8ybXVWSlgyVTFOblQyTWF2QUJoQmhrN2dlUWFOd1VDOFBFdEVEYlpCeGkzRk01dnNRUGJmeC10SmdJQjluTDBXVDV5U3NPbXlHUDN3MTJxa3MzZXp1X2Y5YWszUUhQOA?oc=5,Google News RSS,,
Petrobras,2015-03-20 07:00:00,2026-05-07T03:30:21.660913,news_signal,REPUTATIONAL,2,0.6,scandal,WEAK_SIGNAL,WEAK_SIGNAL,WEAK_SIGNAL,WEAK_SIGNAL,0.36,Brazil elite profit from $3bn Petrobras scandal as laid-off workers pay the price - The Guardian,https://news.google.com/rss/articles/CBMimAFBVV95cUxNYXFXUEtTUHh5WjhuX01XdDVoeFN4VEpOTkpmanNPNzN2LWJIWUROWVVhcGNYdG83QVRsSW92V0xNZUFwNlE0bHVWZXNXU1l1dF9lLXZqRzNQa1MwNFV6aEdFQm1kck4tdXl2NUt4Wmw0WWNLamdCMlF4TlVORlg4NUFSTXU1aXIyZFJTSFRlV09QeWJaSHVidQ?oc=5,Google News RSS,,
Petrobras,2025-09-22 17:54:04,2026-05-07T03:30:21.660913,news_signal,GENERAL,1,0.2,,GENERAL_NEWS,GENERAL_NEWS,GENERAL_NEWS,GENERAL_NEWS,0.41,ETFs que Investem em Ações de Petroleo Brasileiro SA Sponsored ADR - TradingView,https://news.google.com/rss/articles/CBMiXkFVX3lxTE5hWkZqeGFLaUlQd0F2dGl0TGVUN1ZMUU80SlBodTY0bTF1Nnc2a0txTDV1UDNLYUFZdHlMcll0RWo4cE5KZE5UZWdBWEN4QjdnZUU1YXUyX3g5VEY1d3c?oc=5,Google News RSS,,
Petrobras,2025-12-20 08:00:00,2026-05-07T03:30:21.660913,news_signal,GENERAL,1,0.2,,GENERAL_NEWS,GENERAL_NEWS,GENERAL_NEWS,GENERAL_NEWS,0.45,P-68 paralisa após incêndio: vidas e meio ambiente em risco por culpa da intransigência da Petrobras e do governo - Esquerda Diário,https://news.google.com/rss/articles/CBMizgFBVV95cUxOQ1dnblZXSWtXa1pmLVlPQkltNUFSWmZnclo4bklKdU04SmhBZnFocnZOc1FFVkVsTW9zTGpIZWc0Q1RiVTRIRHRYVlJpTmIyQ1A3V1pjMkx2STdaZ0VSTTFZWTJBMVFKQk9POWR6ZjdlNkhaYXhoSjU1S2ZtQ3hCWXA2c2Z3Qmtqam1MdWdNNE9NNUFPVUJwYks5ZjlIOXJkZGZUbXhTMFB4TlN1WHVlbVhXQ3BicmRKbS1GRFQ1SG9KZWE4bm5zMlEwYXplQdIB1gFBVV95cUxNUEVnbDZ0NFhvN0ZteHM1QzhNX1dvQ0ducUJna0R2MW96RjhLTDU2TjI1eWxyXy0yTzhKbFVPd1hxS2FNNk9mRWR5MXc4X2hCZ3FhQV9wUXYxVHNBWEhUcW1ycnRja3FYdGNWNzhpQnQyTmJxaDZUZjhkRC03WXVxQkE0aXhEUl90M0QtRVpUbmxHaG5taG5Oc2V6NG51N0NYbkl2dXJqUDRtRy01U2pkTXFpVWFKYWtMZ3d0RGd4UHN1WFdPVUhCQkM3bm1PN1F1WFlHdEh3?oc=5,Google News RSS,,
Petrobras,2020-08-06 07:00:00,2026-05-07T03:30:21.660913,news_signal,FINANCIAL_SYSTEM_RISK,2,0.5,bc,WEAK_SIGNAL,WEAK_SIGNAL,WEAK_SIGNAL,GENERAL_NEWS,0.36,"Petrobras Gave Up Projects in Brazil to Reduce Chartering Costs, and Mero 3 FPSO Risks Being Built Abroad - CPG Click Petróleo e Gás",https://news.google.com/rss/articles/CBMi-wFBVV95cUxQQ2haM1NQd3VJNmZYWDBHTURpd3AwcDBGSEdPZGkzTy11bW5qRG1LWTRBc2RLR2VNeUtoeXFENWVrT29nc09DSm9fWkk0UHZQVU5lUV9zYW0xQ25SODVVRE9YaUgtbEM1LWxkblRTYmJMcWF1Z0VkS20ybGotUzZVZG01dHlLQzMta09rRHJXdDAyc09LVVR4YXpNSkp2YVpyZG5VOEtzdjY3M2ZQd200b2o4RVI5OTBCbzQxbGs4cWNWdkQ3LTE3czFUcm1zT1FMaDlOZDczQl80SWxmTlBpMndPQ0ZMTmFaZzBSakRVaVYyMXR6b0E2V3dDdw?oc=5,Google News RSS,,
Petrobras,2025-04-07 07:00:00,2026-05-07T03:30:21.660913,news_signal,LEGAL_REGULATORY,2,0.5,fraud,WEAK_SIGNAL,WEAK_SIGNAL,WEAK_SIGNAL,RISK_SIGNAL,0.4,CGU multa empresa em mais de 500 milhões de reais por fraude em contrato com a Petrobras - www.gov.br,https://news.google.com/rss/articles/CBMi2wFBVV95cUxPTzhZVnJ0SG11TkpZWFZIZElJYVdKMUd0bWlSU09HYzFsbEsxd3JFemVWTHg1UC1GQzJIZ2lBS0NDS29COUJ4azc5VjUyQVBSR0IxMm1IamQyQXEzYWJjQUtBVm1nRzdCaTdXUi10ZzN5cHVDQmIxZ1NWVXd6ZGpOXzNsd1dMUkU0cFVTLXZqWEJObUh3Z3dxSEpvbF9oemQwUXFSVmUtWmc3MmpURVFpdHh6cFRTaTZDcTFJWXNOdm9EeDdQaUFyU0hlYWltTExCU0FISG1YY2s4WGc?oc=5,Google News RSS,,
Petrobras,2024-12-30 08:00:00,2026-05-07T03:30:21.660913,news_signal,GENERAL,1,0.2,,GENERAL_NEWS,GENERAL_NEWS,GENERAL_NEWS,GENERAL_NEWS,0.45,Petrobras aumenta em 42% o investimento em transição energética justa - Valor Econômico,https://news.google.com/rss/articles/CBMi5wFBVV95cUxPVEV2VEtMaEtHNnVIUTBJMi1JSnpBZGpIdHdjZXRvOFhkSHVMNmpEb01UWVgwZXNCVlpIMmd1RGVSbE1YM1N5ZnZONmxGbmdjeUlJTWktalk2TTVLZktna0M0V3B2dnU5Xy1YMy1IYmNJYS1sTFVNYVYwTDcwMThvRXk0YlR1Qm9XYlV4OFdIbHVLMWJ4RlJNQ0xTaTVIaXFpNm9hRGx1WU04U1B3SEJtTjRiemZmSDZRaHEyS016U2twRUhhUnNZWV92bFlIcW0tRDNQdHVRQVlCQkhxYU01YjhPLXdhWW_SAfYBQVVfeXFMT0xIeWlkRlctVHMwakU2MjNCVkV6RGttUnpEd0UxNzRmZVp3TUQ5Sk96UHR2S1JrWC1COGNJT2VCX1N0VXFveGVzWGNDWmxfb2pPcnctUkI4NUVueDQ3cnZRd0dQdVhhNFdJckQxUUdhaUZUNktwU2FnTm5RWTdQRlRFX1dISnVnZ25rdkZ6czN6QUFRR1pTUXVtYnpwaFJUX0hyVUFfMGlHTFUxZUxPVFJYVjlSUEg3UDJSQnJUTWZBY0hMblBwM2tlaDZ0TF9JVWtPUzFZTy1vSzFvV0IzRlJIRHFPWFFWRXdpNlNWeFBiYkFXV1Vn?oc=5,Google News RSS,,
Vale,2026-04-24 06:50:02,2026-05-07T03:30:21.660913,news_signal,GENERAL,1,0.2,,GENERAL_NEWS,GENERAL_NEWS,GENERAL_NEWS,GENERAL_NEWS,0.48,Precision Trading with Vale S.a. American Depositary Shares Each Representing One (VALE) Risk Zones - Stock Traders Daily,https://news.google.com/rss/articles/CBMiigJBVV95cUxOby12VUtjOS10d0JRZzVyZjEtMDlvSTBUTjNNY0RVaHBMT0xqak5TQTRxdUdnR21MMzZnT0thUDBfZjZlY0lRZ3FKMXhNRm55NlFHYndFb2hRNTJfX0JCT1BVSk1yaFFOX1JIcFEtRllubUZ3ZUJTajRoQmJac2ItYklMc0pTc0s3NDJSM2N0M2dtMlhSTXc3b0dSLVc3Um9wLW1kZVJwUjloaXhpMjBRRTRUUmZtV2R4bVZuMmZIRXBHeVhwamV1YWFFRC11Um9JUXRZSGhtQ3Z4MHVtc3N3ZUxCRXZJS205SkNOa29TNC1HVFRRb1JRR0hEdkFWYmFQYVFFYm9ya2lzUQ?oc=5,Google News RSS,,
Vale,2026-04-30 20:41:54,2026-05-07T03:30:21.660913,news_signal,GENERAL,1,0.2,,GENERAL_NEWS,GENERAL_NEWS,GENERAL_NEWS,GENERAL_NEWS,0.44,Vale SA | 6-K: Report of foreign private issuer (related to financial reporting) - Moomoo,https://news.google.com/rss/articles/CBMingFBVV95cUxOOGwtRTR6cFFfV0RjQWg2OWZlaG5PbXFWWk9rcnNtT1E3ZDlWQ2J1VFdmdTlKVWNYTHQ0REJqUkhzU09NcWNJRmJCamdPME10X1QtU3FXRUFtNGN2U1ZlQWxuWV85NjZpZTRVdGJ3ek9aRmUwZGFsMjRRT0otc1RLbERkTUNCN2NSVlAwWXJ0T0JDaGxOaUtYRnV5SWo3dw?oc=5,Google News RSS,,
Vale,2026-01-15 08:00:00,2026-05-07T03:30:21.660913,news_signal,GENERAL,1,0.2,,GENERAL_NEWS,GENERAL_NEWS,GENERAL_NEWS,GENERAL_NEWS,0.43,Vale S.A. (VALE): A Bull Case Theory - Yahoo Finance,https://news.google.com/rss/articles/CBMifEFVX3lxTE9mZzVqUDFBdC1TR0dFV0hiSGFWaXVJOXI5T1R3Zi02NUQ1a3lUS3RtX05DbXdxX1ktY2dEVzBxTVd0cy1nTW5nbklDRncxdW1CcklNWFBmLWo3QmtIXzFRYXllRHJpTFBmeEQ3elpYOHFIa2xkT3dTTXRRSU8?oc=5,Google News RSS,,
Vale,2025-11-08 08:00:00,2026-05-07T03:30:21.660913,news_signal,CREDIT_LIQUIDITY,4,0.7,"debt, bc",RISK_SIGNAL,RISK_SIGNAL,RISK_SIGNAL,WEAK_SIGNAL,0.44,Vale (BVMF:VALE3) Takes On Some Risk With Its Use Of Debt - simplywall.st,https://news.google.com/rss/articles/CBMiyAFBVV95cUxQQ2ludUNXV1VhU0kwVTZhSXN2Z3paSTc5XzUwTWM3R0lJTjVPbzQwejlvMXlYVzhHRlB5a1VPaXJpd01WbzJWSTAzMG9TRHRBZ25SRXB1WGs1dkpFcTZibnFDSGY5amwzVVBySTg0YXlEVmRaOWxxQ2ZoeDk3SzBwbFZUWEJNX0Y0YllpWkdPMkVHMHpUYjlRY25uUmduN1dhTEUwUE5yNmdhcHlvV0ttLUV2anBZQTdFdnF6SGVITVJXZ1RFZjBxatIBzgFBVV95cUxNNmRLOGM3d1dFSzA2X1J5ajBybXdkVkJQc1JwOXhTcDVXWWlKd19meUtqQkR6R3VvLVU4QUVyaWdMa0xETUZXbUhQT0kzemk1TnZ0RUVacjFsQmtpUmIzbTZ5REEwZFlGSnprcDl6dnhJTUV1VVE3c19ycVlMUXVTX2hjZ0szRm9KaUljVmF4cGx3WUk1d0tUbzZyTkFWS0tvOGZwU0p1VHBCUkE0OWN6UkR0MmVQRnVwVmZSTVM0dTV6eTlWQW5LTTA4WjJMQQ?oc=5,Google News RSS,"Vale, a Brazilian mining company, is taking on some financial risk by using high levels of debt.","This news article suggests that Vale, a Brazilian mining company, may be taking on excessive debt in its financial dealings. This can represent a corporate risk for several reasons:

1. **Increased financial leverage**: When a company uses more debt to finance its operations, it increases its financial leverage. This means that if the company is unable to meet its debt obligations, it may struggle to service its debts and potentially face bankruptcy.
2. **Reduced flexibility**: High levels of debt can limit a company's ability to respond to changes in the market or industry, making it more vulnerable to disruption.
3. **Increased risk of default**: If Vale is unable to meet its debt payments, it may default on its loans, which could lead to a loss of investor confidence, reduced access to credit markets, and increased borrowing costs.
4. **Increased risk of asset sale**: To service its debt, Vale may be forced to sell off some of its assets at distressed prices, which could devalue the company's assets and reduce its long-term value.
5. **Reduced ability to invest in growth initiatives**: High levels of debt can make it more difficult for a company to invest in growth initiatives, such as expanding its operations or developing new products, which could limit its future growth potential.

Overall, taking on excessive debt can increase the risk of financial distress and reduced long-term value for Vale, making this news article a corporate risk."
Vale,2026-04-22 12:07:45,2026-05-07T03:30:21.660913,news_signal,GENERAL,1,0.2,,GENERAL_NEWS,GENERAL_NEWS,GENERAL_NEWS,GENERAL_NEWS,0.53,"VALE S.A. (VALE) posts steep Q4 2025 EPS miss despite mild YoY revenue growth, shares edge slightly lower. - Popular Trader Picks - Cổng thông tin điện tử Tỉnh Sơn La",https://news.google.com/rss/articles/CBMi1gFBVV95cUxNcGJlb09ZQlBTak85OEZ5a3YyM1NfU0l6dTFzd2Z6QmkyeW5zWDVJWG1wTE5ScWRmOGtuT25QNEV5dUdzNTZ3bUd0SXBTZVlUbVBjcHRVcnFfRGZnQ2VFeTA4ZlJoSFBTUlc0bmk1UXhCMWRPYWw3SHlwdmVWXy0yeVJvdDA3Zk94NkFpWlpCYnJNVG01TUdKdVdiY3haMHRkNkJmcy1xbl9OOGMyWnVzWGNjREVla2lmZjhnYXpueWN6dmxnTXZsb3ItTWFPdHFOQTBJaXVB?oc=5,Google News RSS,,
Vale,2026-02-18 08:00:00,2026-05-07T03:30:21.660913,news_signal,GENERAL,1,0.2,,GENERAL_NEWS,GENERAL_NEWS,GENERAL_NEWS,GENERAL_NEWS,0.53,Vale S.A. Earnings Call Highlights Strong Rebound - The Globe and Mail,https://news.google.com/rss/articles/CBMiywFBVV95cUxQVGRzdkJ3T21ZRFVVVEF3bTM5Rm5KUEpDRThENFlSdk4zcEZvZlRLcndibGxJVC1Pd1FjNF9sSTVreFM0R0dtNTlaRk9xOUFwMjBheWhnemFtVi14Y2Rwb1FGa2k4cHRDT1EwYWFIbmNoSW5LWS1ZTU5sZjU1YTVFYkllbUg3ZmVUZlo2enpNMm82TkczWXpfVXMyZF9pb3ZTS2V1X3N1akZoWk5NYm84TVJEMG00VkdOc2N3aERVdmFabWxMUWJZM2E5TQ?oc=5,Google News RSS,,
Vale,2026-04-23 07:41:55,2026-05-07T03:30:21.660913,news_signal,GENERAL,1,0.2,,GENERAL_NEWS,GENERAL_NEWS,GENERAL_NEWS,GENERAL_NEWS,0.52,"VALE S.A. (VALE) posts steep Q4 2025 EPS miss despite mild YoY revenue growth, shares edge slightly lower. - Market Hype Signals - Cổng thông tin điện tử tỉnh Tây Ninh",https://news.google.com/rss/articles/CBMi3gFBVV95cUxPU1FmLTl0WDlWVTJaVzJkemJLRTdKakd1QWtZcXlVcDhSeVNkWm42WVR5b1gtZnBGNDRYNmRaRHVoZ2d4Rl9kb0V2QUtpaUhndE5zRlZ4eGdfZkdFUjM5WGQta21GRE5WUTdDcWFqUjkzdERVNTZZX2VlNTRmZGdnRWV1X2xfR1pyaF9CYmd2dGdEbXdudXFuSUUzczJoOWo2Q1lxcVpaeGYyMEs1UFU1LW1ySUJKdzViaGx6NTVnbzhHWWJSMTNfWkhRLXpKcXRaMXdFSnlMZ1FRWUhJR1E?oc=5,Google News RSS,,
Vale,2026-02-28 08:00:00,2026-05-07T03:30:21.660913,news_signal,GENERAL,1,0.2,,GENERAL_NEWS,GENERAL_NEWS,GENERAL_NEWS,GENERAL_NEWS,0.43,Vale S.A. (VALE): A Bull Case Theory - Yahoo Finance,https://news.google.com/rss/articles/CBMifEFVX3lxTFBiZXlCbTBRZmZ0NVFmZWpZSUtSUVUxVzN6NGVyTUx3SU1VODItbHJsX1pEYS1KOFlPeFN1MWZFWlZIYWZFTC1kVjZoZGlRcGttTEppcDFVVnRlQnRuQjB3ZWNLV0pYenpKOXc1NzNJR2hYT25SMGVQZlNxM2w?oc=5,Google News RSS,,
Vale,2026-04-30 02:25:15,2026-05-07T03:30:21.660913,news_signal,GENERAL,1,0.2,,GENERAL_NEWS,GENERAL_NEWS,GENERAL_NEWS,GENERAL_NEWS,0.44,Vale SA | 6-K: Report of foreign private issuer (related to financial reporting) - Moomoo,https://news.google.com/rss/articles/CBMingFBVV95cUxONmJ6QjZ6ek8yQ1pJLVNlaE9GQlB6ZXE1OEJEZ2kzc3pKRVpqMUYtNzZfNkVpX0lQZHVNd01sWU9HeHp0dS10Q011WW4yYi0zYzdmQXJjeDZqN21qSHQ1cmdfX2ltT3FNdlFDYXhMTXJVQ0RScjJUZEFILU5LaUNUR0ZGV2VMalBYd2hiOEdkY3AzQldYNDZlQnZkVDh4Zw?oc=5,Google News RSS,,
Vale,2026-04-22 22:58:08,2026-05-07T03:30:21.660913,news_signal,FINANCIAL_SYSTEM_RISK,2,0.5,bc,WEAK_SIGNAL,WEAK_SIGNAL,WEAK_SIGNAL,GENERAL_NEWS,0.49,VALE (VALE S.A. American Depositary Shares Each Representing one common share) gains 2.01 percent even after sharp Q4 2025 earnings miss. - Dividend Safety - Cổng thông tin điện tử tỉnh Lào Cai,https://news.google.com/rss/articles/CBMi_wFBVV95cUxPeXlUVkdrcC1IM2dPUkdzT3dmVS0zV0UzaVdOMFlyZnN5V01NOS1CNnQ3ZC1HRTgwMy15VlpORlRnNEJZcTJiY1JsbC05VlpVZFVaeU1QanpFTTI5U0ppRU9Gd1RMd2FDWjd1QnhibkJlRmw4UEVmWjVIU0s3cFZSdlVLWl9qcHhwd0ZFeWR0cGQxRlNybXZPazVyMmpRcXFWelVjQS1XYmNyU1JnRlg5cDFUZHkzeVQ4Q3BzNTBsOUNpVkh1R2xwc21zWVRyNlhnNU9IWmtTN0JKTUxUVm11ZzItbk1ZS1VDNzdOQzdScXRvTTZsY0JBQ001UTI0ZGc?oc=5,Google News RSS,,
Vale,2025-06-29 00:03:10,2026-05-07T03:30:21.660913,news_signal,GENERAL,1,0.2,,GENERAL_NEWS,GENERAL_NEWS,GENERAL_NEWS,GENERAL_NEWS,0.49,"VALE SEC Filings - Vale S A 10-K, 10-Q, 8-K Forms - Stock Titan",https://news.google.com/rss/articles/CBMiV0FVX3lxTFBJaU1wZmNKQlJqa2EzZDd4NlNmRnhVYkZlMzRJZW1rZ2tRTlVpXzB1cTcxdlNIMWY3TUpsTzU2RVdQZnRudWV6U25RRk9idWQxZElOcm93MA?oc=5,Google News RSS,,
Vale,2026-03-01 08:00:00,2026-05-07T03:30:21.660913,news_signal,GENERAL,1,0.2,,GENERAL_NEWS,GENERAL_NEWS,GENERAL_NEWS,GENERAL_NEWS,0.49,Vale SA (ADR): Brazil Mining Giant Tests U.S. Investors’ Nerves Again - AD HOC NEWS,https://news.google.com/rss/articles/CBMiwAFBVV95cUxNYi14a0VqMkQ1Mkl1R2laR2dhWkhKTmhEd2sxTXlLaUlna0RfMW1McE9rSDJaX0dPeHh5TTZrM21IVnVaMjhabzBZTEc5YnEtVWswbmp1SGg0RUFlVS1LdVlBamQtbjNpdHlaNE5ncFlud0JwOWNRazlOSEpUOTRJUDJrdS1BVUdhYTdkX0ROTTFJN2NrSGxfQXVUY1A2d0x3X09JRzJzbmRiQXVBamctVG5ReUdTZndkQkUyU2UzNWc?oc=5,Google News RSS,,
Vale,2025-12-07 08:00:00,2026-05-07T03:30:21.660913,news_signal,FINANCIAL_SYSTEM_RISK,2,0.6,bc,WEAK_SIGNAL,WEAK_SIGNAL,WEAK_SIGNAL,WEAK_SIGNAL,0.39,Four Days Left Until Vale S.A. (BVMF:VALE3) Trades Ex-Dividend - simplywall.st,https://news.google.com/rss/articles/CBMizAFBVV95cUxPb0wzZHZOTDlVcnBkbUNvUDIwZnZTUzhDMUt1R09aQlM4T1ZKdWxNWlpOV1QtX25kVnJZSnNxVDN6Q0tJNUwtTkV4UnlmNnpRQTVFbVdxQ2JndG1Ib1pxZ1poOUhFUjNRcC00ZS12R1FpT0lfRWZVODRoUWpFY21yNGRzR2RYelYyNHUtbGlGNlUzRk9EVE5zRVpEZW5pZlZhTnNHeFE2bFdUWlltZFdQcGVsVHVKeXNYOFNzcjNKeW1BclhQSUFjYUoyQzPSAdIBQVVfeXFMT29rdHR3SExOSWI3TzBkQ2RXeXBVY3BBRUxIXzZmTGg2TDRqTkJSVDFKM3VtUmIwaGNybWxveEQ2S0VfZUp5ZUdjQmZVcmdfNEREVGRzamZ4N3loaEg5ZW9Vd280MTZ6UGc3NC05ZzF2OVdLd3RQeGFuLWJJcXE5d282VmROM3ZLU2t3emM4MllPM2NSYTlMX3J5bXZBZHFudzhBbWdWNGp4bGdBQlBQZDlhaXdLVzBzeUxSLWVzQ3NYUmZEcXEyWGpvaXZrSGV2bzdB?oc=5,Google News RSS,,
Vale,2025-11-21 08:00:00,2026-05-07T03:30:21.660913,news_signal,GENERAL,1,0.2,,GENERAL_NEWS,GENERAL_NEWS,GENERAL_NEWS,GENERAL_NEWS,0.51,Vale S.A. Maintains Baa2 Rating with Stable Outlook as of November 2025 - The Globe and Mail,https://news.google.com/rss/articles/CBMi6wFBVV95cUxPUmI5VUJvZEx5bzhadDV4bmxpdmZlQTh0X0wtVVFtNzlSaEY1RFJfZ1VjSTB2NC1JenAtbm9LM0lNN2FaTDVwY21TT04zbE1ZNk81MG5QS3ExNUdxTWVwYlVPNmtwOXBkS1FNTTE2VnI2MjlqbVpqZkt3ZXZQTzhPRk9jdDYwVDdkcXFtdjhUZTJUY2VWcmZpYWdVbVNtMHEtOWItVjJ6dzN4VmZoQjBXZUJaSGZDUlVyZ3F1OWNUQ1RBVTNQbDhkZ18wejdNX1h1akEzNFBFUnc1R016MndzN0lLVjZRVDlkMHBB?oc=5,Google News RSS,,
Vale,2026-01-27 08:00:00,2026-05-07T03:30:21.660913,news_signal,GENERAL,1,0.2,,GENERAL_NEWS,GENERAL_NEWS,GENERAL_NEWS,GENERAL_NEWS,0.52,Vale Mining Flood: Environmental Impact & Recovery - Discovery Alert,https://news.google.com/rss/articles/CBMilAFBVV95cUxQcFAwY3ZOckd1TFBNRHkzZDlVNldycnVaaHc4M2ZyYlVMMEpORXJsQVBMTHMzcEhuSXdRaDVGX0duNU1vSTFJSHBrZ0UxNEJJTGtJV3ZISWI3cHlXeWVlUVByb1BISEROVjcyZDRxa19aOXBJd2EyWGJwcjVQLUJwU21ITmc1dmRQbHQxQmFqVU5UREN2?oc=5,Google News RSS,,
Braskem,2026-04-20 07:00:00,2026-05-07T03:30:21.660913,news_signal,CREDIT_LIQUIDITY,2,0.6,liquidity,WEAK_SIGNAL,WEAK_SIGNAL,WEAK_SIGNAL,WEAK_SIGNAL,0.5,Liquidity strain and Alagoas costs in Braskem (NYSE: BAK) 2025 annual report - Stock Titan,https://news.google.com/rss/articles/CBMisAFBVV95cUxPRmZ1VWZiVHp1U0wxMWNmZjUwMHI5OHAwOHFYdExNbjg5TkZxQklZVk1IRTBjVnJlUEpBejVWUXRxQjF3YVdpSHpBYWJKOFl2bVJhOHJTTTBjVXh0OHN6dGptUFhOdE03Sk82TFpRWUQzSHlGVGs3SVAzZkR5ZVJXd211dlg5dDBXaDNKTUpfdWtVSVBhMlZSN0c5WGRkUk9OQk5qWk83M0JMeHJqay1BVg?oc=5,Google News RSS,,
Braskem,2026-04-30 10:48:00,2026-05-07T03:30:21.660913,news_signal,GENERAL,1,0.2,,GENERAL_NEWS,GENERAL_NEWS,GENERAL_NEWS,GENERAL_NEWS,0.47,Braskem Publishes Remote Voting Breakdown Ahead of April 29 Shareholder Meeting - The Globe and Mail,https://news.google.com/rss/articles/CBMi9gFBVV95cUxONENnWWNfakZzemVBNE1zNVZ5elhxYWlGbFpBdWdjN2EwbUtBRzd2TG1pcGtwYUdLVTRRWVVVcjg1MzM3ejhDR0x6ME5OM1JYYTdYR0tBNGY0Qk11MnZuZHdCUnF0TmpNeGdTemtFSlFNWG5iM1l5WjBkdWt2cHJLZ1EtLTY3UXBVbGJLczNvM2pvVDdnOGl6UkE4OHVnWlJFZHNPX0hsUG52MU1LeHhFMmt0ZEs0UE1OSzladVhZQ2UwMzE0OXloRk1HRWZPTzFqU1JCRGdqeHMtR0E3aXJ0MG11S0xLYm1vTmtGMXdoTjN5b2FTOVE?oc=5,Google News RSS,,
Braskem,2026-03-26 07:00:00,2026-05-07T03:30:21.660913,news_signal,CREDIT_LIQUIDITY,2,0.6,liquidity,WEAK_SIGNAL,WEAK_SIGNAL,WEAK_SIGNAL,WEAK_SIGNAL,0.64,BofA cuts Braskem stock rating on liquidity concerns - Investing.com,https://news.google.com/rss/articles/CBMisgFBVV95cUxQcDRBaUVxOFU5M20yQjNUU2RhUXY5bHNVaXNWY0hXb2NrYXZkZFdMUDRQSkxJU25iQVlQMmhwVGZSRUlVY0RrQ1NaUTlXT3FyR2Zvb2NXSnRSek95VmxSeThSbVNPN0lvNWlDNmRIWkNCN29ISjFMVl80NURnX2Nud1hqdWQ2X3R1eVQzTm8zZlA5MUJZV3RVTWRTV1FKSXdDdHJHemM5eE5QZGREQmY4cERn?oc=5,Google News RSS,,
Braskem,2025-12-30 08:00:00,2026-05-07T03:30:21.660913,news_signal,FINANCIAL_SYSTEM_RISK,2,0.6,bc,WEAK_SIGNAL,WEAK_SIGNAL,WEAK_SIGNAL,WEAK_SIGNAL,0.51,Braskem: 3 Key Reasons To No Longer Be So Bearish (For 2026) (Rating Upgrade) (NYSE:BAK) - Seeking Alpha,https://news.google.com/rss/articles/CBMiuwFBVV95cUxNcmJjenB2MlhVc0lwTEtFdndfTEQ1OThBclNReUR1NGQ5bWdsaTVEVWtGU1JkcnNyVzdMbFJkRlRBVFpCc1JvNWFZUkx5eHlkcHI4RDFaR2tJcVNTd28tU2NlWDRqcnZ6WTR1V1BhWFNQNzFFRmxnU1RlekRjTDFfemZtUHo5Y01fNklWUUo0Uk03cFVHdndOeFVsRjFmQWM5LTBSQzBROHZleUdfWFc0aFlnNmItSUplMUJZ?oc=5,Google News RSS,,
Braskem,2026-03-09 07:00:00,2026-05-07T03:30:21.660913,news_signal,CREDIT_LIQUIDITY,2,0.5,restructuring,WEAK_SIGNAL,WEAK_SIGNAL,WEAK_SIGNAL,GENERAL_NEWS,0.35,Braskem moves closer to restructuring after antitrust nod to IG4 deal - Valor International,https://news.google.com/rss/articles/CBMi0wFBVV95cUxPXzlEZmJtT2VReXdBY3NrYV9BbWFxSWQxM3pMNm50dDVOV3phN0JUYjQ1SjdnVUpCRWVFLUUxdmtvQXhoSGJOX2Z3YmpMWkVaUUxyS2RuclFTTFVJZF9fWThqLXE5am9CYjNuakEzNU1rdUhDRXh4RFBtNEswQnRLMXBXMFd2R0VodnFFUmNSbnFPSjlvb3U1R05zZndYbzgxclZla2VhT1BWd2UxaDdnQUZFTG9rbUxoSVhNTzQ0Q1lNb1RNT00tbk1SS2s1bjBteTVr0gHiAUFVX3lxTE1EdlRCVkxKTHExUWQ5dE1DSFlWa3YwN2lEVDZIbDZZNVhUSEtYQVhBR05MRUlZbmJZWFJPNnVickMyNW5pTndyd0hjaWRSd2Itby1nUlNFQVFFYkV5akdaNWlsMElMX19Pdk8yY2RPZEdpNzk3dmc3WDl2VjhlSm4wcXJIYTBUODhjSDFibktiMV8tV0RidW5yZUxQSjhsU201TG5YTFAwV3liZ0NRZ1Z2ZFhtMFg1SnFaUVlnOE1KTXUyanRGaWZZS0tXRGljeks1UGs1VS1xNFFSSWcxaGhsQlE?oc=5,Google News RSS,,
Braskem,2026-03-26 07:00:00,2026-05-07T03:30:21.660913,news_signal,CREDIT_LIQUIDITY,2,0.6,liquidity,WEAK_SIGNAL,WEAK_SIGNAL,WEAK_SIGNAL,WEAK_SIGNAL,0.64,BofA downgrades Braskem stock rating on liquidity concerns - Investing.com,https://news.google.com/rss/articles/CBMiugFBVV95cUxNbkxkUEREVDlqMkI4WXhHbHVxSHEtV0VFY1E1LUVpbk1rX0JNUk5lX1dELXlYTVBxV1dhOFdqd1c1OXZqcjBvWlZOWk9oWWJXb0p0NE41ZGxQUVV0RkxBaUdCYmc3LXoxUnRXVkxBWTFKSVZiZEJyU0w2SVQxNnpTczhkWFRwU0ZNSzFjQmtZaHU3TU5iRFNxNUh6c01rOUtQVHhkcnpUd1prOHduUkJQLThWS0JoN3REc0E?oc=5,Google News RSS,,
Braskem,2026-04-08 07:00:00,2026-05-07T03:30:21.660913,news_signal,CREDIT_LIQUIDITY,2,0.6,debt,WEAK_SIGNAL,WEAK_SIGNAL,WEAK_SIGNAL,WEAK_SIGNAL,0.51,Braskem (BAK) outlines Braskem Idesa missed interest and debt talks - Stock Titan,https://news.google.com/rss/articles/CBMiqAFBVV95cUxQMGJOSC1JMm1aaHd6MVJrZ0pDN3VlNFZ3ZTlHMXJFc1VzS3ZJNUZ4a0V4bW12MFdUdTlhMl9nRGROdVZNMll1OF9QTHQ5dEM1ajlxSWZ3TzNwV2JBeW9aSEN1N1g1WjZMc3VyZnhUbjVkVjBlX0dsZzcyVldJMTN3T00tRzlseEZ4MVdUbEswRHowOEdiLVdyd3pOdmlpeEdUWWpsYmZxWDM?oc=5,Google News RSS,,
Braskem,2025-08-08 07:00:00,2026-05-07T03:30:21.660913,news_signal,FINANCIAL_SYSTEM_RISK,2,0.5,asset sale,WEAK_SIGNAL,WEAK_SIGNAL,WEAK_SIGNAL,GENERAL_NEWS,0.4,Braskem considers asset sales as leverage climbs - Valor International,https://news.google.com/rss/articles/CBMitwFBVV95cUxOdXBvNGY3aTBOMVlGUEd4Vm5xalp4NGQ3Z3ZLcFExZW1Nb2ZCMFVnei1NYjBuYmpEYmhBRFBmQkROTWRKRF9TUUlaLUdjWDZpSHFPaGgwQUVyX2pqc1pXSUtTd3dEZzBtdlJmYVNMLVJfbm1VTkRyZVktYjg0bW5UNkJNS2VxRmV4LURhWEhSN3JuV0I2Z1lRblRqREwtVmJNVE43UEZUOHF4Y1JOTmt0YXRVVzA1RUXSAcYBQVVfeXFMUFhRb0gxdWlrbUM3LUlteHhDZEJQckdoUXlWeFpFX0R5Ujk5MWdMZ0dKMGo0Mk1Oa05rcnRTRXJKb0V6clNzRVYxLXNFVW1HUmtuYlBma3BDc2w0bVBWZzNkUG5NV3JJOFQwRXZRbzJMQjMwVkNKSExnZUdyVU52MjZxTWJvRFRoZ2NLZHVRX0pMWDZVZDdENFlteFBsdGdYOXNmRl9JOUlCSlBNRXkwUDBjNkwxaS00cTg3RzRLSUwyVm0tdU13?oc=5,Google News RSS,,
Braskem,2025-07-31 07:00:00,2026-05-07T03:30:21.660913,news_signal,GENERAL,1,0.2,,GENERAL_NEWS,GENERAL_NEWS,GENERAL_NEWS,GENERAL_NEWS,0.38,Braskem: 3 Key Reasons To Remain Bearish (NYSE:BAK) - Seeking Alpha,https://news.google.com/rss/articles/CBMihwFBVV95cUxNclJHUEZuZG1wbzEzN1d5S01ucUNDbXZlSHVlSlBac05aTDNSZzlpclA1aEM0ekFNZ0NpTzZBbXVLbkJPX3pJcklvTVVrVnBkNTFGSDNuaDhHS1FPeklpaGRlbFVoNFFhTTdlRzQySHNOSDhyV3I0UDVrYmhoUlVQY29FUjJSSFU?oc=5,Google News RSS,,
Braskem,2025-09-08 07:00:00,2026-05-07T03:30:21.660913,news_signal,CREDIT_LIQUIDITY,4,0.7,"liquidity, capital structure",RISK_SIGNAL,RISK_SIGNAL,RISK_SIGNAL,WEAK_SIGNAL,0.55,Braskem Idesa retains advisors to review capital structure and liquidity - Investing.com,https://news.google.com/rss/articles/CBMixwFBVV95cUxPWFpXejM4aVlsSEYwWVZiRjFpTHgyTEl5NXJRWEl5dG45ZW1ySnc2dzhiMm1Ld0pPV2MtTEVvVEdWcVM3UnR0eEJsODV0RDV2cy1XbEMtWktmOFg4N21senFmZ3BoRnVvdG8xZlhVVUl2OEhvVUQwUnpXbUM3SmhHUHNBMmJwMFFqcjFhUGVsUzRsNmVBWXM1LUtHTlRZc0k4T2JFMWtfd3o5NkJ1UFg0UmtFUFIzSklSQldXLW5HVUJHcWFSMzdR?oc=5,Google News RSS,Braskem Idesa has retained advisors to review its capital structure and liquidity.,"This news could represent a corporate risk because it suggests that the parent company of Braskem Idesa, Braskem, is taking steps to reassess its financial structure. The fact that they are retaining advisors specifically for this purpose indicates that there may be concerns about the company's capital structure or liquidity.

As a result, there could be potential risks associated with:

1. Financial instability: If the review of the capital structure reveals significant issues, it could lead to decreased investor confidence, reduced access to capital markets, and increased borrowing costs.
2. Reduced credit ratings: If Braskem's financial situation is deemed unsound, its credit ratings may be downgraded, leading to higher interest rates and increased borrowing costs.
3. Debt distress: If the company's debt levels are found to be unsustainable, it could lead to debt distress, which can have serious consequences for the company's operations, profitability, and ultimately, its ability to repay debts.

Overall, this news suggests that Braskem is taking proactive steps to address potential financial issues, but the outcome of these efforts is uncertain, and investors or stakeholders should be cautious about the potential risks associated with the company's capital structure and liquidity."
Braskem,2023-12-09 08:00:00,2026-05-07T03:30:21.660913,news_signal,GENERAL,1,0.2,,GENERAL_NEWS,GENERAL_NEWS,GENERAL_NEWS,GENERAL_NEWS,0.37,Braskem’s Brazil Mine at Risk of Collapse as Sinking Accelerates - Bloomberg.com,https://news.google.com/rss/articles/CBMitgFBVV95cUxNVjAzZXA4aXFLQVB3N18zcl9mdUZnNmkzaHJmaW91NjdEOXBMWmJwV0RrX2tOM1ZQVktWam5iR0lNQUlCMlk0SW10MkFrN2pRd0lOSkkzYm4xR0c4aFp0TjA4bHJvaWFnSjIySVgxNEp2Qkp0ellHWEkwczdkZjZIcTB6WE1jTHJrZUxQNW4xblQyVk4tcUtEYmtHaDJtYklibjVIQURUZDl2aE9NMWhXU05MeUpFQQ?oc=5,Google News RSS,,
Braskem,2017-06-22 07:00:00,2026-05-07T03:30:21.660913,news_signal,GENERAL,1,0.1,,GENERAL_NEWS,GENERAL_NEWS,GENERAL_NEWS,WEAK_SIGNAL,0.36,"Braskem Approves Construction of Delta, the Largest Polypropylene Production Line in the Americas in La Porte, Texas - braskem.com.br",https://news.google.com/rss/articles/CBMi7gFBVV95cUxQT3VBek04aVNnbWxYcFkxc1FLcE9XS1cxTTJmV2x6M3REQ203ZzQ2bG4yQnZIZU5qWHNyVkJXVDJ2SzYwdDRGLWx6dnR6emFLUXBvNlptM3Q3ZjVNUzZ1dktoV1VVdWtfeTI0aEZDX1d3Q0ZkRUxqek9FR2VDUjVaWENhZTJrd1h6Z2xVcnZCTWZYZ2IwN0pvNDN5dHBBNGRnRU5acVExNkF6WUZxeHNoWjRTaC1VY1dYdFJHLVV6RlNHaUVSNXdEeEJWbFJuS2h3T0oyU3BaM2NzZmFmU0FSd0FkZEdmQjRtZVVsX0xn?oc=5,Google News RSS,,
Eletrobras,2026-04-16 07:00:00,2026-05-07T03:30:21.660913,news_signal,GENERAL,1,0.2,,GENERAL_NEWS,GENERAL_NEWS,GENERAL_NEWS,GENERAL_NEWS,0.5,Eletrobras (NYSE: EBR) moves Form 20-F filing to April 24 - Stock Titan,https://news.google.com/rss/articles/CBMivwFBVV95cUxOX19yTGZBWVZrOHdyTXQ5aVh6T25WRlNVLThHYlA5d2FjTm5uV0hOYnN0TDFyektjRndUT1hGaGZ6dnJZdEpxcmRFdUNJdlhQWkdOeV9sdnRZME14MmtwUFRqZlAwUjlHeklnZTRHc2wzU0ZxYVJhc1haNzdIU2lSRWhmbjhQUF91Tk1qSmV3LXRYX1JqYkFlWXJrMmU4Z0h2UzQxNUpKRUxWOV9Ha1JhcmtBQTloZlVYcGFYajN2MA?oc=5,Google News RSS,,
Eletrobras,2025-08-08 07:00:00,2026-05-07T03:30:21.660913,news_signal,GENERAL,1,0.2,,GENERAL_NEWS,GENERAL_NEWS,GENERAL_NEWS,GENERAL_NEWS,0.46,Eletrobras Selects C3 AI to Scale Enterprise AI Across Operations - C3 AI,https://news.google.com/rss/articles/CBMikwFBVV95cUxON1JCbTJrYlQ0WlVtUGRZd01sMjNjOUhkLUk5SHFfOXpqY0NoenZsMU5LaWdoN3pJNzhvbjNVMHRnXzZLLS1DQVlqcWV4X1F4X19VQW0wY2tZMmlobFlGZ2hmeFJPNGtMQ3V3cGxkOWdwc1NDY21QSXFNNGk0WW1xZ2xRaDNia3pjZlBoUjA3V1NKd2M?oc=5,Google News RSS,,
Eletrobras,2025-10-16 07:00:00,2026-05-07T03:30:21.660913,news_signal,GENERAL,1,0.2,,GENERAL_NEWS,GENERAL_NEWS,GENERAL_NEWS,GENERAL_NEWS,0.45,"Âmbar, of J&F group, acquires Eletrobras’s stake in Eletronuclear - Valor International",https://news.google.com/rss/articles/CBMizAFBVV95cUxPRnR0bFlCLVR5Z05YOENtQjgxMmRLQkIzT3ZwMDNJalBXY3FEbDhqUVBLN2pzcVVsVVRIVlpkSld4S1FUMHA1U3BJZUJkZzRIcWttSGxoaTdTbmhoMnVPVzdobWx4M3NLbF9GdWxKVkxrV0g0NHhCRkRNTXZ0azJLZnlYeWFycTlUbWVPZlY3bmMweDZUcEZlS1hvd3VEckEyNTJwWkEyWm82bzNBQlVPOXcwbzB4Wlp3MDRoZ3FZRWZJWkVlbU11eE9iYWPSAdsBQVVfeXFMUHRpWV9WQmlhVzhoeWRoMzA4SzRqV21nUDlHVDFUUWF3Qnd1T0NHejVrNVdTRmd6bFlEYWJqSlZLQkxwcEROaktodU1uZUh2WGl5N2p5U1pVU2oxalJmZVlIZVVhTzFKenZJclFNcnBFZ0x3ME5NUVo1bUJkbTU2dC1teTZ3c2J4Rzl0NVBFR2w1NWRYc2VNLWtxM0pCSzExOWVlS0ZKMEJTR2V3dXhPS1pFVWxSTDlzMlptRWg2Qlhjb3BQcDg3TzVMaGpsLUpCOVJYUTNicFJURWNr?oc=5,Google News RSS,,
Eletrobras,2025-06-17 07:00:00,2026-05-07T03:30:21.660913,news_signal,FINANCIAL_SYSTEM_RISK,2,0.6,bc,WEAK_SIGNAL,WEAK_SIGNAL,WEAK_SIGNAL,WEAK_SIGNAL,0.47,"Eletrobras: Low Beta, High-Yield And Easy Pick (NYSE:EBR) - Seeking Alpha",https://news.google.com/rss/articles/CBMiiAFBVV95cUxPTGRoSU1hSGhTWFpNbmlQNm9IdzBSekhhdWZ6SWd1Y00wQUtwZkJreUd4TzBmNks2X3M3SVEybzBFNUxtbWVJT045NGQ3RHF6bkw0Z3RFWlJXa1NzcWdqRTZBS3VudC1RQkJ4U3BFdG5TcFhFY0JZVVBCcGdESWNVR01QUGFwLTZt?oc=5,Google News RSS,,
Eletrobras,2026-03-08 08:00:00,2026-05-07T03:30:21.660913,news_signal,GENERAL,1,0.2,,GENERAL_NEWS,GENERAL_NEWS,GENERAL_NEWS,GENERAL_NEWS,0.49,Eletrobras Earnings Call Signals Turnaround and Growth - TipRanks,https://news.google.com/rss/articles/CBMiqgFBVV95cUxPTEN0ZWM1VGxaN19MTGJfbHpSMnBlYzZ6aFUyRGphejNHWDVXQXN5MkNQTjBNbzdHOTlmRWotZXBIUE5MNE9rMHd6am1xQ1M0Sk0zaWtWOExYWlJKWXBWa0JETFFIUlRLR29QTUJ6a3dyMEV4WWtCczRMMnVmc0dWY3E5b0M3X1ZKMHBwYm1yN0lpRDNxN2tBUTFrcGEzRWhkZ3hRak1lalJFZw?oc=5,Google News RSS,,
Eletrobras,2026-04-08 07:00:00,2026-05-07T03:30:21.660913,news_signal,GENERAL,1,0.2,,GENERAL_NEWS,GENERAL_NEWS,GENERAL_NEWS,GENERAL_NEWS,0.47,"Officer at Eletrobras (AXIA3) sells 34,186 company shares - Stock Titan",https://news.google.com/rss/articles/CBMivgFBVV95cUxPZS1tZEFnT1NiQXpjeXVsLVdKcnFnUzIzR2JMbnJTSk5TenlXRENzUHVyRFBBM1BoN0xRSFhOWkdWMVhXOE9Jd1M5dDk1MzF5eTFCQVp6UWtVTkdPUUZKdlV4d2JjYnBmVE81Ym1Hb1d1NWR0U3BYUG9yWi1jdnJVRGZsOWUwOGpvdDNKb09UQmJiWFZ0N2dQbXlPdnFqUFppVlp1MG9qbG5lOWt4TF9aMjVTMExsNHk4bENNQjRR?oc=5,Google News RSS,,
Eletrobras,2025-08-20 07:00:00,2026-05-07T03:30:21.660913,news_signal,GENERAL,1,0.2,,GENERAL_NEWS,GENERAL_NEWS,GENERAL_NEWS,GENERAL_NEWS,0.43,Eletrobras (EBR) Places Colíder Hydroelectric Plant Under Alert Status - Yahoo Finance,https://news.google.com/rss/articles/CBMigAFBVV95cUxQMGhkMHVRSGtyWkR0ZzFNblFDU0d5WG1jZjlncVI2WkozNkJEV1A1Sjk5eUxjRFk3Qk1NaEt4UUIzYi1LWnR5NDRreFlBSzFBLTB3NWZEcGlQWDYzNlJzd196RUlIWmVPQ1U4ejZCcW5sYjBnVmVJOTBxVmZnUFNtLQ?oc=5,Google News RSS,,
Eletrobras,2025-03-31 07:00:00,2026-05-07T03:30:21.660913,news_signal,GENERAL,1,0.2,,GENERAL_NEWS,GENERAL_NEWS,GENERAL_NEWS,GENERAL_NEWS,0.5,Eletrobras Announces Merger with Subsidiary Eletropar - Investing.com,https://news.google.com/rss/articles/CBMirgFBVV95cUxNNndybDFYaXFKb3EteHVSaUw4UEFlSGRZcENMS1pnR2FLQVdyZW5sNzJWMzJiOUJsaFF3Z1RiYjByenpBaHU1NDhCSnNtOTR2ZHV2M0NoMDRxZzh1MUo2N3BzMXRyeElRMXJoeGo5cUEteUFDdGN4UGhJdm1jdTNlU2FJZHZjQTdEQzJndG9qYnJaYjhxODNWTzlLRnE0WVphVUdvTE1lYlFxYkpncHc?oc=5,Google News RSS,,
Eletrobras,2025-08-18 07:00:00,2026-05-07T03:30:21.660913,news_signal,GENERAL,1,0.2,,GENERAL_NEWS,GENERAL_NEWS,GENERAL_NEWS,GENERAL_NEWS,0.46,Eletrobras Selects C3 AI to Scale Enterprise AI Across Operations - C3 AI,https://news.google.com/rss/articles/CBMiqgFBVV95cUxQMEpoNEVUdmU4cWVhdDQwTnpQZFBSWUc1UFVjTWQ0WktEVkFWTkZfeDFZblctN3IxVEQ5RGQ4UldPNWhLU2N5TXFsaXgtdG9SeWFMYkpWT1h3NWZkbXhxRXNFWk9GVnR4b3RsSExldHVXWDZ2bE84MFFXaTNHbnJpX3FhMUpQSHFfeTVmWnJDNFd2RzFINzduaEF2cmdtT1dlLWItUUN3anVBZw?oc=5,Google News RSS,,
Oi,2025-09-06 07:00:00,2026-05-07T03:30:21.660913,news_signal,GENERAL,1,0.2,,GENERAL_NEWS,GENERAL_NEWS,GENERAL_NEWS,GENERAL_NEWS,0.41,Oi SA (OIBZQ) Q2 2025 Earnings Call Highlights: Strategic Shifts and Financial Challenges - Yahoo! Finance Canada,https://news.google.com/rss/articles/CBMid0FVX3lxTE9HZjh5NnZlNHVUYUcwU1MzX01HcHhKZ3pNcjVJOUxpSjM4VEppUkFJM0JiQXVFX01TbFRyUUlGUkllTzRWbmFJN0s4UVYyeXVyLTFMeGNWWnhfSHpMVGhwczk0ODA0bmx0aDh3MnB0SW5VbFMzS0NZ?oc=5,Google News RSS,,
Oi,2025-09-05 07:00:00,2026-05-07T03:30:21.660913,news_signal,GENERAL,1,0.2,,GENERAL_NEWS,GENERAL_NEWS,GENERAL_NEWS,GENERAL_NEWS,0.45,Earnings call transcript: Oi S.A. focuses on innovation in Q2 2025 - Investing.com,https://news.google.com/rss/articles/CBMiuwFBVV95cUxON2FraTg4NkhrZDRDRl9vU1lKMGxUYkI3T1BseDVYeFBycXU2WDBHcHg2SWpCM0tqWmRrOW92RkNfdGo5dlZ5YkxDa0RISml2bTZPZWNfc0tjQzZkaUZ0X3R1OU1ZUXNMT01uaDJlUzdKMG5ZZHVBaFQwVG01azhLd2sxMXZHaXpQcWlCMkd3dEc5ak5jajc4dkdzVmFpSVF5em00cWxGR0hjemZTaE1XVk1rdUR0Q19YV0Rr?oc=5,Google News RSS,,
Oi,2017-07-21 07:19:57,2026-05-07T03:30:21.660913,news_signal,GENERAL,1,0.2,,GENERAL_NEWS,GENERAL_NEWS,GENERAL_NEWS,GENERAL_NEWS,0.51,OIBR3 Stock Price and Chart — BMFBOVESPA:OIBR3 - TradingView,https://news.google.com/rss/articles/CBMiY0FVX3lxTE5RVnVnbk55TkczQ3o0WGdRNENRTVRTaDA4R0ZISkprbUNHdXhWYjJFSHFJWmpEOE1tRUpFODhPcmMtTU9YZ3JLbGFyYVhOVWxwbGRiakpTcE1kRmNtZmR6R3Raaw?oc=5,Google News RSS,,
Oi,2025-05-29 07:00:00,2026-05-07T03:30:21.660913,news_signal,CREDIT_LIQUIDITY,4,0.7,"default, CFO",RISK_SIGNAL,RISK_SIGNAL,RISK_SIGNAL,GENERAL_NEWS,0.36,Fitch cuts Oi S.A.’s issuer default ratings to ’C’ By Investing.com - Investing.com India,https://news.google.com/rss/articles/CBMiqgFBVV95cUxNSDdxekZuY3JXZlFtbHNqcjJjZ1dxMk4xZEZyT0ltdTA4b2locGM0NEs0U2Y1d1BXVWtPcFo2Mi05cGpleTZBREJjV3FnNllLcnhmV0c3dU5KOFNrMXF4eWNwQWV4eW1Cb1hKbnJVX1hoTWV3eWNkeVZrTnZxNWs1bHVFVGtxUHJSV01HVm1DclhWX1ExbXM5bmYzZ1Q3TnZISmRFMzNORmlKQQ?oc=5,Google News RSS,"Fitch has lowered its credit rating for Brazilian telecommunications company Oi S.A. to 'C', indicating a higher risk of default.","Error: HTTPConnectionPool(host='localhost', port=11434): Read timed out. (read timeout=60)"
TIM Brasil,2026-02-02 08:00:00,2026-05-07T03:30:21.660913,news_signal,GENERAL,1,0.2,,GENERAL_NEWS,GENERAL_NEWS,GENERAL_NEWS,GENERAL_NEWS,0.49,TIM Brasil Moves to Buy Back 51% Stake in I Systems Fibre Unit for $170M - Techi,https://news.google.com/rss/articles/CBMihAFBVV95cUxPSm5ZeGZVSTFsVFRwVV9sSURXbl9UMmEtaWRFMGx6NXRHRXdYRFN5V2s2MHJENHc4LWxtVlhtYkZrLTZ1TkNZUklnOW94ZDdkU1ROM3JyMEc2NmU5dnFGTVc5cVZqWVNaZHRqT0R0dlZGTG9RMWo2VmItTHdVcUNRa1A1SEM?oc=5,Google News RSS,,
TIM Brasil,2026-03-02 08:00:00,2026-05-07T03:30:21.660913,news_signal,GENERAL,1,0.2,,GENERAL_NEWS,GENERAL_NEWS,GENERAL_NEWS,GENERAL_NEWS,0.55,Nokia Partners with TIM Brasil to Cover 42% of the Country with 5G Using NVIDIA's AI - Idéal Investisseur,https://news.google.com/rss/articles/CBMi1wFBVV95cUxPZk1EUU9aalRySlBmbEgzNU45bDFsWUFGZXhTNnFRejJzVGZWS0d5dWYyNFV4aTdRT29PYVRrdVhtRGZLR21DZ0gxMlVaclpSXy0yTGlTTERJaUtiN1otOEY0Y1JwblNrRk1hX2JiZ2haektpMmlFTGpRQ21lQl9fVzNJNFpyNU9MZ1dXb2hrNUxGRnMtT3ZuU1o5R3phLUxvZ0RMX2dRTTR2N2x5LTNBZC1aSHdEbVpmaDZBVW1tLUg1MXZMS3R0amRVSmFoSlA4aHJWcUF5dw?oc=5,Google News RSS,,
Vivo,2026-05-05 09:44:02,2026-05-07T03:30:21.660913,news_signal,GENERAL,1,0.2,,GENERAL_NEWS,GENERAL_NEWS,GENERAL_NEWS,GENERAL_NEWS,0.45,How Telefonica Brasil S.a. American Depositary Shares (each Representing One) (VIV) Affects Rotational Strategy Timing - Stock Traders Daily,https://news.google.com/rss/articles/CBMinwJBVV95cUxQTTVxOVFNOXZnZlh0RmFEX2FoUThTZzlrWFJQQjg5eHhmeG01bk1ZYm5SVE9CNTFIVnJwbUxFNDZLR09RODh6cTg1akozQXIyV1Z3aDhsOVZRZ3ljTkxLRG1OMnhQamg5T1JVSl9wZXVTQ0dTbkwzM3dYcVNMbzdIZ2hBdlRPa0FRSU5raUJXVEdpMUJWUXJHdXlGTjE1YkpsSGVmSkpsd05NNHk0QU5ab1BPR3I0VEgyRHlMXzJvZU1hdzJpSlAwQUoxdzVZNE10Nm9zVGVXV05mdzBFSVNoNGthaC1meFlRUUxLMVBlcEdSUms0a2Y3LUFpV29jUnZ3dDZzeTRxejl0MlJfd2NWbWtrbGVkTzVkV0k2TXI3bw?oc=5,Google News RSS,,
Vivo,2026-04-30 22:35:18,2026-05-07T03:30:21.660913,news_signal,GENERAL,1,0.2,,GENERAL_NEWS,GENERAL_NEWS,GENERAL_NEWS,GENERAL_NEWS,0.47,Is Telefonica Brasil SA (VIV) Overvalued After 4.3% Rally? GF Va - GuruFocus,https://news.google.com/rss/articles/CBMiuAFBVV95cUxPS2MwSjFCUzFwRms2RVZVYnhyU2pSQVd5OTB2V2pmQXZndG9sYnl5N21Vb2gxM0k0SHRPNENFNy1vZTM4NVFDWk5nYm5ySXFKNWdmblBLSkNtTEkyeDFlcXR4UzJobXVmVFM0TEltMXRkZ21mM01mSFVJd0xzaEVLejhPSGdPS1NaVERKT0FuRE16Q0xDbHhfLVZmaFJ6dDJVOEdjVDAyWmtUUmJvWkNCajlWUVdHNlll?oc=5,Google News RSS,,
Vivo,2026-03-24 07:00:00,2026-05-07T03:30:21.660913,news_signal,GENERAL,1,0.2,,GENERAL_NEWS,GENERAL_NEWS,GENERAL_NEWS,GENERAL_NEWS,0.42,"The Zacks Analyst Blog Highlights Shell, Chevron, Allstate, Telefonica Brasil and OMV - Yahoo Finance",https://news.google.com/rss/articles/CBMiogFBVV95cUxPYk1udnN1ZUxsZnpDUzhnUGl4eEo5blJ4YzhCbTVtOTBBbmNyeEN5TFJQR0pwVVVDRzRnRlF3Wm1HeTNKXzZ2TVJzbUd1MkJzUkExRjRiZEhTTV9nZWpkZTVwU0tsSmVwV0l0eEdWMHRFUzVkekM4cE9iaDRHRXhyNEVTRXgybzdLYjRsUXo1OXR1bTRrTXNEeFdkLUxIcjY1LUE?oc=5,Google News RSS,,
Vivo,2026-04-16 07:00:00,2026-05-07T03:30:21.660913,news_signal,GENERAL,1,0.2,,GENERAL_NEWS,GENERAL_NEWS,GENERAL_NEWS,GENERAL_NEWS,0.47,"Barclays Maintains Telefonica Brasil(VIV.US) With Hold Rating, Raises Target Price to $16.5 - Moomoo",https://news.google.com/rss/articles/CBMitgFBVV95cUxQNmhlekFIZmZrcjFwYVBjOEpNMFliVDRQTWpQWmk3RWd0b29tOEVnMUQzSUlheE0zMldRa21nSlVEWEVnYkZtRjN6WFpfSXNqMGpVMW4wcUN4MjhJVVFJTUpCcTJucmdKeTlNblBZbHhHZ3c4cWNuVktVdklxQnVoVW5xaURVMDNWRHk1blNRdVJGRFNUX3hlb1hJekQtRktJYk13NHhRTUkyNG5aa201V2hXRVFHZw?oc=5,Google News RSS,,
Vivo,2025-10-22 07:00:00,2026-05-07T03:30:21.660913,news_signal,GENERAL,1,0.2,,GENERAL_NEWS,GENERAL_NEWS,GENERAL_NEWS,GENERAL_NEWS,0.52,Telefônica Brasil Stock: From Yield Play To Defensive Compounder (NYSE:VIV) - Seeking Alpha,https://news.google.com/rss/articles/CBMinwFBVV95cUxNcHBMTU5UdEVIUW9nVVVKZ1YzNUVqcE1qa1hmcm1rc182aXhpNllFMUxpMDdMTnJMMm5IeXg5bnhHR3J1QUgyaTF6Tmx4SGJnQzhDbnd6V2VybXZJSm1aU21zZXp0LXNHU0lqZ2wtUXp3UnJTVks3dVF3R3FzMUpzMkhHbDRzQ3VXZUVJdWVVbFc0ekhYeWVtdV9Ld3RSTUk?oc=5,Google News RSS,,
Vivo,2026-02-08 08:00:00,2026-05-07T03:30:21.660913,news_signal,GENERAL,1,0.2,,GENERAL_NEWS,GENERAL_NEWS,GENERAL_NEWS,GENERAL_NEWS,0.38,The Price Is Right For Telefônica Brasil S.A. (BVMF:VIVT3) - simplywall.st,https://news.google.com/rss/articles/CBMi1AFBVV95cUxQeTVrT1VvVHhHUUJSeU5hRWY2M19rNzhodFg3bVgxcE9KZTlvcHBsbm9kQmY2bjBiWFNzMDhTb2o2bVBIbGs0THUwRkhWRGo1Y1hqUS1KUG00WVpnOFdRTkFhc3JucVpBNU12Tk1UWnpuaE9BNDhrOXRrSmJ1TVhJZFUzSkp5RkRVVktSLTlQSUx3andlTlJHVEFZbXJacHBUZnVYNWotTlplNC16Rjg0OVZmdm1JNUZVanp3d0E4WGhCNThzVldrOC1VZmxmR2VaOXpGQdIB2gFBVV95cUxOLUVZMlBwNFNmbEQxWWxhMVlIaTNmXzMwZ29XM3ExcENWc0ctVTVST3l5U2NBaGhnNWtDUndWNHU0UXRDMl9oV0JPcEp3d21OX3dicGREM1NmekRnbW91cG1LNmlpSDR5UWhwUVhTSU5TZ09sRC1lN0R5SXdRQmRxaUpJdXVkX3BnYkJ0RlByOE5UV0hiTFUxZG1hN0VmOUNqb3p6UWJZV09iUDIwckJNWWNnY2NpTWc1V3Zob0VZMVVrVlNxQmF2eUgtT0lPODhPSjU2bU9jVkV2Zw?oc=5,Google News RSS,,
Vivo,2026-03-27 07:00:00,2026-05-07T03:30:21.660913,news_signal,GOVERNANCE,2,0.5,CFO,WEAK_SIGNAL,WEAK_SIGNAL,WEAK_SIGNAL,GENERAL_NEWS,0.42,Telefonica Brasil appoints new CFO and IR officer - Telecompaper,https://news.google.com/rss/articles/CBMilwFBVV95cUxOQWtEM3BhSHRDQUFVb05sTVlyQVlTUXFCZ1pydFlyOFhGVVlZcHRYRHZIT1UyMDVkNTZNdFJpTEVHM1NManJXcWRUTGFnSGVHcUY2S0NfZXBxVVE2V3RId052cVVDQXVPckZ2SV9hYk52bzhTaDBqYS1ZSVFiTWEwYi1IMG1GWDFjYXBycDlIWUwzTUJqSmRv?oc=5,Google News RSS,,
Vivo,2026-03-08 08:00:00,2026-05-07T03:30:21.660913,news_signal,GENERAL,1,0.2,,GENERAL_NEWS,GENERAL_NEWS,GENERAL_NEWS,GENERAL_NEWS,0.48,Telefonica Brasil (VIV) Beats 2025 EPS with BRL 15.6B Q4 Revenue Driven by Mobile and Fiber - Finviz,https://news.google.com/rss/articles/CBMiuwFBVV95cUxQRHpnLTl0YlJlWlhkd1JJNk1QRXZTeWZrblkyUlBSQnZuUUFLRTNSY0RuM0l6VG5wX0xLbk1qUGoxQmdOMjl2VUhvajYxYUhGcUtnYjFoeVRVeDg2SXJtVmQyVkxlRThtOXVGUzIzRUh0MEhDTFN2b20tMy1PRlN2WWxBQldZSnQ2SlJwa2J4c2ltbWctbnJaMnpNOVR5TmNEd0hvMHlUZVV0TWNWdUlzN2NlLTRwT3g4SEhn?oc=5,Google News RSS,,
Vivo,2026-02-24 08:00:00,2026-05-07T03:30:21.660913,news_signal,FINANCIAL_SYSTEM_RISK,2,0.6,bc,WEAK_SIGNAL,WEAK_SIGNAL,WEAK_SIGNAL,WEAK_SIGNAL,0.38,Telefônica Brasil Q4: The Cash Machine Is Working Again (NYSE:VIV) - Seeking Alpha,https://news.google.com/rss/articles/CBMimwFBVV95cUxQMldpTWoxVE9NaE9iNHgzaUVsNVVSUUVmZlFYZG1yUEw5YnNtdlNLczVPNzY5WERLR094WUx5eUtsaUdXaXdjR3hRQlZweE5LdWxZZFBqaGtaTHAyZnNGcW8zYnRBckxlemNVeEp2cnVSVkxUSDdCcjh6QlRXMEdSVmtpTFRvWm9QblVURTBGanE4bHdrYjROVXVIMA?oc=5,Google News RSS,,
Vivo,2023-11-15 08:00:00,2026-05-07T03:30:21.660913,news_signal,GENERAL,1,0.2,,GENERAL_NEWS,GENERAL_NEWS,GENERAL_NEWS,GENERAL_NEWS,0.5,Telefonica Brasil outperforms NTT in investor valuations and earnings outlook By Investing.com - Investing.com South Africa,https://news.google.com/rss/articles/CBMivAFBVV95cUxPcE5uNjFKOTZXSU92QTBMTjNkTVA0TDdOSDhqM3UtcUFNVnk1Q3A1MUVUaVhYU2xmRlB3eTR3Q003NmgxNksxY1dvb1R4bFpYdEhqcEdxNk9TQ2ZLS0VBSmczbXhDUGF0dGltc2RFNThiM2lIVlpnZHozUmt1WUFXMzRwVnNHMlZTcUNZSWhmZjQxUDBlNWh6NG1IMExrWEpiaWh6WjRJb0hvQzhoMUdXT05hRlpaYU85c21Heg?oc=5,Google News RSS,,
Vivo,2026-04-23 02:24:48,2026-05-07T03:30:21.660913,news_signal,GENERAL,1,0.2,,GENERAL_NEWS,GENERAL_NEWS,GENERAL_NEWS,GENERAL_NEWS,0.47,"VIV (Telefonica Brasil S.A. American Depositary Shares) reports 6.7% Q4 2025 YoY revenue growth, shares edge 1.14% lower on slight EPS miss. - Social Buy Zones - UBND thành phố Hải Phòng",https://news.google.com/rss/articles/CBMigAJBVV95cUxOblh0M1oyOUd2YTkyRWlDLXF5WGd4OTVmenM4WElxWFZueGk2NER6SDJXNzdsT3NUS3dGNjBNRVo5eVhXOFNneUVMQ0NFY3FKSkNaYkFhVEpybXJHSHl3YUYzOUQ2V1ZIM2lZWUo3X3NOYXZWWEdWNkZ6XzFUbGZPdkV3YTQ0a3pIdVVJc212ckZsaEVUQklYZXlSQmdYNVhWeUlNS1lrbU1pcEZEeFJjQXVuSVhmTS1GQWdMUHZIemY4eXFraFFSM1JWWVo5WTUzb1h5U0pOZnZaYW81MUdLUGV2SUU4WDdWcjZLRlFSMFBmdU02VVpuYzVNOTNwclB0?oc=5,Google News RSS,,
Vivo,2025-07-18 07:00:00,2026-05-07T03:30:21.660913,news_signal,GENERAL,1,0.2,,GENERAL_NEWS,GENERAL_NEWS,GENERAL_NEWS,GENERAL_NEWS,0.46,Is the Options Market Predicting a Spike in Telefonica Brasil Stock? - TradingView,https://news.google.com/rss/articles/CBMixAFBVV95cUxQYzI2NnhZeDFpT1M0b05OVEFNeUhBbWhrMjFWYzl0NGpYeGxFakp3dFNUT2lqaS1fLUdHTURMYzhZYkNaRzVuV1JnbDlpX3NGV2xRdUR1QVZNSW04TE41c2xqMDJZWExCMGNKZnRORmJ3VTA2QjEtVG15NlF0Q19nUGNUYmQteDRqdFhLSjg3LWVPekU0Nl9qYTA5V2tZV1B2SVlXS2VZQXl1dUotcVg2YWhzM1RQa2IwaHRjaWNBNmtmVW5z?oc=5,Google News RSS,,
Vivo,2019-05-10 07:00:00,2026-05-07T03:30:21.660913,news_signal,GENERAL,1,0.2,,GENERAL_NEWS,GENERAL_NEWS,GENERAL_NEWS,GENERAL_NEWS,0.51,Telefonica Brasil Pays $4.1 Million Fine in World Cup Ticket Case - WSJ,https://news.google.com/rss/articles/CBMiqAFBVV95cUxOQTZ3TDJ1OTFtUkhzc1hOaDBHY0d2NFd5a2pvVzNwX012SHhtdlFJOUpqS29kQkwzQWE2Tl90Ry1MSVB4cU1YZkpicWFpeTlLcTlNUHV3bVY3VU1OU0ZtTy0tVV9jWGx2eWJXb3RKR0x6WHlpODFBRTBqcmZXczZKRmRJZXIzWXgxR0ZscVE5c3FxekFPQzg0NE8xQ0pWNDJhVVVCdzF5b3k?oc=5,Google News RSS,,
Vivo,2016-06-01 18:21:59,2026-05-07T03:30:21.660913,news_signal,GENERAL,1,0.2,,GENERAL_NEWS,GENERAL_NEWS,GENERAL_NEWS,GENERAL_NEWS,0.45,Should I buy Telefonica Brasil (VIV) - Zacks Investment Research,https://news.google.com/rss/articles/CBMia0FVX3lxTE55NV9vTURrUVhLU2FsZmN1eFlvYlJ5b3JLdW0taTctYkJJcGFGYVNOQXN2SHZXYUUzWE8tdmlTZjBJWjNrS201eS1IdkZVaGVZN3YzS3o0Z3QzQkpPM3MzcmJIanRJYjBxYm1F?oc=5,Google News RSS,,
Raia Drogasil,2025-11-26 08:00:00,2026-05-07T03:30:21.660913,news_signal,FINANCIAL_SYSTEM_RISK,2,0.6,bc,WEAK_SIGNAL,WEAK_SIGNAL,WEAK_SIGNAL,WEAK_SIGNAL,0.4,Is Raia Drogasil (BVMF:RADL3) A Risky Investment? - simplywall.st,https://news.google.com/rss/articles/CBMi1AFBVV95cUxObU84R3JSVGctaG9hNG0zb2NHalZuZ2JrbHZ6dDAxU19BcFBzaWI0TllNRkgyRXRVS2I1SmVLM3R0VVdfLTdwcHJnNGNpeGlSaXctcVBZVV91MnlTd21fVFhkMlVDc3hnNkczcUtyREhzNm1FczgxUG92VldVSW1RQzMxMmV6dWlLM2tnWHJVN1hFSmRvTWdlR0J4clBsYmF0UUo3SFB1eHROSG4teUprSl9zWVVSRkNMeHV0Y1YxSVFOM0kyb2hhUHM5Y0NDQ0Nxd3lMMNIB2gFBVV95cUxNZjEyekVhU3Z5SkFXbzczTmtGMkFuSmF5eHpwemdNWDhLQWx3SWRVclFFS1Rua1RPRkJ3RFdFWHAyZTEzWnhHejFtaUxMNVJNZGQxZ3VhQk9HTEJxUnBTMnJTVEtlSGtLb0R5THpfUkNDV3pwa3hfZXhQLXZSZ3RBSzBGYUx1MEdyQjIzaGhoVTE0aXk0V3JpcXNPVWQwaFlxUk4xSWlJVHZzU1luamU3b0VjVjl5djlxVVMtN3ZrRGYwYnliTUpjdnhVUjQ5YTBnZXI3WVRXTmp6UQ?oc=5,Google News RSS,,
Raia Drogasil,2025-11-05 08:00:00,2026-05-07T03:30:21.660913,news_signal,GENERAL,1,0.2,,GENERAL_NEWS,GENERAL_NEWS,GENERAL_NEWS,GENERAL_NEWS,0.48,Raia Drogasil Q3 2025 slides: Digital sales surge 62% as market share expands - Investing.com,https://news.google.com/rss/articles/CBMizAFBVV95cUxQSzhheGgxdTdwS010Qld0RWd6RERJRUlKTERCODFJWFRHbDdtdC1mdmtHNFRYZ01oLTJQMHBUSl9SeFpHYUFRY3I4MEp6OWsyT3dZVU43bUREYzFpQlVOT1czdlNzRllPdkpCajZDcjdGNi1FZFJHenJQWWI2ci1MaUNyeFJtTXBKNVJrMkh1M0tCTWhBYUg2NkxfWjJjNXhkOGdGa3pBVkhCNEY4WXhMMW9yQ01raEVDSEV3c2RBajFGMlhROVp2MWtQb18?oc=5,Google News RSS,,
