company,event_date,collected_at,event_type,risk_category,severity,confidence_score,matched_keywords,signal_type,rule_signal_type,final_signal_type,ml_signal_type,ml_confidence,description,source_url,source,ai_summary,ai_explanation
Americanas SA,2026-04-28 19:51:09,2026-05-01T03:30:24.993410,news_signal,GENERAL,1,0.2,,GENERAL_NEWS,GENERAL_NEWS,GENERAL_NEWS,GENERAL_NEWS,0.45,Americanas S.A. stock (BRAMERACNOR6): Is the e-commerce recovery path now the key test for investors - AD HOC NEWS,https://news.google.com/rss/articles/CBMixwFBVV95cUxQbnY1VGlubjllRE9wdy1abkJZUzhydkVhX1JyQ21NcDQyWkRjcmVuRDNZcjRlZ0tWUko2YS1MVmJ3eE83X0RmUE1ZV2pWNDA1S0tkZ3hJV2lJRVlVWmlhTXJ1WV9iWDFmMUdSV0t4N3RtV3VhM2lpNGpaQnpWTk90OUtZbnZFY001QWhiSFF0OFF4NXJTRnViT1Z6XzZuX2duUmRFZTF2UVcxUk1xSUxvWjBkV1lJS1pRWkhwdFBpbms0WFZUVm5B?oc=5,Google News RSS,,
Americanas SA,2023-01-13 08:00:00,2026-05-01T03:30:24.993410,news_signal,FINANCIAL_SYSTEM_RISK,2,0.5,bc,WEAK_SIGNAL,WEAK_SIGNAL,WEAK_SIGNAL,GENERAL_NEWS,0.41,"Americanas’ $4 Billion Meltdown Hits 3G Billionaires Lemann, Telles, Sicupira - Bloomberg Línea",https://news.google.com/rss/articles/CBMiswFBVV95cUxOejJxeVBXMEwwa3p1OTRSRno4RlBlTHZYX2RldmhNcW9idFZyZlItRDN4bnhrZFZTMmNVRVVmajVjclR5ODl5SF90MjcwRGd5ZDd5OHl0WjllTUdFVjA3VGh2ZC1rZkthOGJqZU9lNGV4U1JOU3dia01wVU5HM0VWU3dOM216aW5mVHRWaU9GTWtEcGN6RXZwU3J2T0tWVWtKeHJYQUp2R1VLRXV1OEtGQXVsY9IBxwFBVV95cUxOaGZvRUtyT2NMbENndFI1SzRSRTFNLUZlVHhIRDJIdDZPM1BIdi0weTQzakIwTUJuckREU3pNZHU4WTlxLWFLUUo5MlBmUG9EdUZLbEVBclpjZTh3YnZUVHloYXdGMkdWQ2NDWERsTDlTYUlnQThBOUQwbHI3T01hT2xIY3hsMU1jV1ZCM2xLRXdfa1ZaSFJjMThyREhaVXMyZ0czS0xuLTBxeW40ZjRVelFSQXZrVU03T0xvOXc0Mk9qX2hyUU9n?oc=5,Google News RSS,,
Americanas SA,2024-11-08 08:00:00,2026-05-01T03:30:24.993410,news_signal,GENERAL,1,0.2,,GENERAL_NEWS,GENERAL_NEWS,GENERAL_NEWS,GENERAL_NEWS,0.41,"Credit risk made tangible by Americanas case, Allianz Trade says - Valor International",https://news.google.com/rss/articles/CBMiywFBVV95cUxPb0lsV0c3Rmtwem5lY3ZBaDlQSUZuMkdkd28xVHNHNEZQdEx3QTAzdXBlUG5wYTh4czh1MkhzQVJtQkNxSjgwVVQ3ME1wWmE0N0htNkNfSGMxSHRjYTdFRlBIeVJaM2RfX1FMTDdEMTZqLVpySmQ3SlVETE51Uy1oX2pOY1huWjV0NVRrR28zTXM1bkY1UGwxZ3JsMWlXQlEwcG9Cc2dyMWstNlQ5amcwWHNkR0V4WVNTUm1UdEVzR01OcmhGdy11M0lQSdIB2gFBVV95cUxNS2FpajM5OXoxY1RCaDZTT0oyRV9PeDVsR1VIZ294QzRHOXVZMm1Dc01qOHJDdTlWazJVbmcwbmNLS1ptcnBuU3B0YmxjYnZlbnZJRWU4TTQxM2J2bkk5ZHQ3WlM5WnM1c0duOE43UXo3aWpVMlRiUHhrT3RlZ3hqR3FJYjZEbWd5aTI4S2xpM3I1ckRCRmM1MXhNLXh5S3FJYzN5M3dPcVAzSnVCMmhWNEpKdlJYUEJhXy0xcGxQLThTTHFiT3paYWZaV0ZkYThJaXFrbnF0WDRsQQ?oc=5,Google News RSS,,
Americanas SA,2026-02-10 08:00:00,2026-05-01T03:30:24.993410,news_signal,FINANCIAL_SYSTEM_RISK,2,0.6,bc,WEAK_SIGNAL,WEAK_SIGNAL,WEAK_SIGNAL,WEAK_SIGNAL,0.35,O que está em jogo na Venezuela? Feministas latino-americanas respondem - Portal Catarinas,https://news.google.com/rss/articles/CBMimgFBVV95cUxOSmJBaUxfMG80RzdYYThYUDlaaDNabzY1QzNnWmdUdUZZNmZDZmNORE9fekE1UnBlUi1uVFMxcXp1aWxkSGhDUXU0WDhrdGxST1BxX2N3cnNBcl9leFVHRlFDR3JrZVlMNjN4dkFVWTdFU3dkZnRXMGhBdU1XSURSV1plVE1NN29sem5CVFhwZ1VESEdhdXl1eHNB?oc=5,Google News RSS,,
Ambipar,2025-10-15 07:00:00,2026-05-01T03:30:24.993410,news_signal,CREDIT_LIQUIDITY,5,1.0,"creditor, creditors, restructuring",CRITICAL_SIGNAL,CRITICAL_SIGNAL,CRITICAL_SIGNAL,CRITICAL_SIGNAL,0.58,Ambipar's complex situation could take creditors to the cleaners — Restructuring QuickTake - 9fin,https://news.google.com/rss/articles/CBMifEFVX3lxTE1rd3pJbEw3QVlaTEc4WTNjZ0l1RXEwM25Db1B2Z2RoeGRZOXVOc2E2TUpBbDhoaGNjVVJJemo5V3h0Y3hpSVhIcVIzTXlCTVFGd2dTNTliZlA2R2JYYzJwQW91R3RjOFl3NGVPSlQ3SmZ3UVJBVVBfMkF6V0M?oc=5,Google News RSS,Ambipar is facing a complex financial situation that may leave its creditors with significant losses if not resolved.,"This news suggests that Ambipar is facing significant financial difficulties, and its restructuring efforts may not be sufficient to protect its creditors from potential losses. This could represent a corporate risk in several ways:

1. **Financial instability**: The fact that creditors are at risk of being ""taken to the cleaners"" implies that Ambipar's financial situation is precarious. If creditors are not adequately protected, it could lead to a loss of confidence in the company's ability to manage its finances.
2. **Reputation damage**: A failure to successfully restructure debt or address financial difficulties can have a negative impact on a company's reputation. This could make it harder for Ambipar to attract investors, customers, and talent in the future.
3. **Credit rating downgrade**: If creditors are not protected, the company's credit rating may be downgraded, which would increase borrowing costs and reduce access to capital. This could limit Ambipar's ability to invest in its business or respond to changing market conditions.
4. **Asset sale or liquidation**: In extreme cases, a company facing significant financial difficulties may be forced to sell off assets or undergo liquidation. This can lead to a loss of control and value for stakeholders, including employees, customers, and shareholders.
5. **Increased risk of bankruptcy**: If Ambipar is unable to successfully restructure its debt, it may be at risk of bankruptcy. This would have significant consequences, including the loss of jobs, disruption to business operations, and potential liability for creditors.

Overall, this news suggests that Ambipar's financial situation is fragile, and there are concerns about its ability to navigate the complex restructuring process. This could represent a corporate risk for investors, customers, employees, and other stakeholders who have a vested interest in the company's success."
Ambipar,2025-10-20 07:00:00,2026-05-01T03:30:24.993410,news_signal,CREDIT_LIQUIDITY,2,0.6,bankruptcy,WEAK_SIGNAL,WEAK_SIGNAL,WEAK_SIGNAL,WEAK_SIGNAL,0.42,Brazil's Ambipar files for bankruptcy amid growing credit market unease - Reuters,https://news.google.com/rss/articles/CBMiogFBVV95cUxNT1ZPZXNkRHJtdUMwTWNMQW5aemNjRzFTSTJzejhRRnowV1U0Qmg2T3dUMVBUaUpNSEhiUWoxRmY0M213amVZVmpDODdja2U2NE1vSGxLb1RfYWhvQ1I0Vy1ORjZCQ2g5NV9fZ0c5RXNIelJvT3JyakxlNkFQVk5ObUV4M0xqXzV1VWg5anZYaTRqa1M0YklUc2JEc3lxMWpneEE?oc=5,Google News RSS,,
Ambipar,2025-10-22 07:00:00,2026-05-01T03:30:24.993410,news_signal,GENERAL,1,0.2,,GENERAL_NEWS,GENERAL_NEWS,GENERAL_NEWS,GENERAL_NEWS,0.45,Tense weeks preceded Ambipar’s collapse - Valor International,https://news.google.com/rss/articles/CBMiqgFBVV95cUxQNU5RY0ROYVE3WUJSc29MRjRCOFpBUENMWWRaSGJUREFtUEdKczJtbU1UNXNxMlEtWTJLOFU3WVE0NjJYam9OUG8xYkRHMUNGNjdQUDZCNmU3UTBJZkVvUFJhZFlWZEpDdjdlUFRfbXhVeFkxMjhTSi1tOFItUk5xY3FPM1cxTlF2SG9iUWRHWXJTVXFqTWxlcGgzYmVJd3R0dzlqWlV6M3U4d9IBuAFBVV95cUxOWERUR1ppRTJjbjNvWTNEM3JCUkU3Q05DUmVUV2I5Tk53WkRRdVowOWJDTHFUbFk2cVAtQXVLQWMxYTNUamxPeEJHNkliaXFmb21iWUx2RHZfM0VyejhyVk1haHRCYjVYcE1GR1ZNb1FjZVhuRGt3dTdnOWxHdW9YeXRrVnJSQ1BqYUIwdVJXQTUwbXZ1dWNISElsSW9zazdMVDRlZDRGSlYwZ1JmQmt6T3Joc0hIOXU5?oc=5,Google News RSS,,
Ambipar,2025-09-25 07:00:00,2026-05-01T03:30:24.993410,news_signal,CREDIT_LIQUIDITY,4,0.7999999999999999,"creditor, creditors",RISK_SIGNAL,RISK_SIGNAL,RISK_SIGNAL,RISK_SIGNAL,0.62,Brazil's Ambipar Gets Emergency Court Protection as Creditors Pounce - Bloomberg.com,https://news.google.com/rss/articles/CBMirwFBVV95cUxQMzd5VDFUR1hJV0FCUXBjZE12TWJBNVo1M3BLTll5TEhKcm5qcE5tbFJJVGZya0xCUFVvYUg2TkQtOU1jLWlKVVVicWNzTkJTWkFMVmZWTzJUWUhJdVFxZDBldW92MVJRZEl2VnNEQ0VYdjd1bEpoeTZUWGlQTDdCU0dzckVXTDhaaENFdGJ3b3RMUGV5ejhZd3RXLWl4aWZfX2NjS2gzTHh2ZnZSb0cw?oc=5,Google News RSS,Brazilian company Ambipar has received emergency court protection to prevent creditors from seizing its assets.,"This news could represent a corporate risk for Ambipar, the Brazilian company in question, because it indicates that creditors are taking action to protect their interests. Here are some possible reasons why this development could be a concern:

1. **Distress signals**: The fact that an emergency court protection was granted suggests that Ambipar is facing significant financial difficulties or liquidity issues. This can be a distress signal for investors, lenders, and other stakeholders.
2. **Increased risk of default**: By seeking emergency court protection, Ambipar may be indicating a high likelihood of default on its debt obligations. If the company is unable to meet its payments, it could lead to a credit crisis, damage to its reputation, and even bankruptcy.
3. **Loss of control**: The fact that creditors are taking action to protect their interests implies that they may be attempting to gain control over Ambipar's operations or assets. This could lead to a loss of autonomy for the company's management team and potentially disrupt its operations.
4. **Reputation impact**: News of a company facing financial difficulties and creditor intervention can damage its reputation, leading to a loss of investor confidence, reduced market value, and decreased access to capital in the future.
5. **Potential for asset sale or restructuring**: Ambipar's use of emergency court protection may indicate that the company is considering asset sales or restructuring as a means of addressing its financial difficulties. While this could be a necessary step, it can also lead to complex negotiations, disputes among stakeholders, and potentially significant losses for the company.

Overall, the news highlights the potential risks associated with Ambipar's financial situation, which could have significant implications for investors, creditors, and other stakeholders."
Ambipar,2025-12-26 08:00:00,2026-05-01T03:30:24.993410,news_signal,GENERAL,1,0.2,,GENERAL_NEWS,GENERAL_NEWS,GENERAL_NEWS,GENERAL_NEWS,0.49,CNOOC and Ambipar sign agreement to accelerate oil and gas innovation in Brazil - Global Times,https://news.google.com/rss/articles/CBMiYkFVX3lxTE8yU1RaOUd2QTFDejdjSERLYy00U0tEbzk2YjlXZnAtX2h0Wi1GX3FERkw2Y3JBb29IN3NCNUZjOXdqRmNFNC1faEFzSEEydUxYLUU2ZjNiRXZ6Q0R6enBjTGFB?oc=5,Google News RSS,,
Ambipar,2025-12-26 08:00:00,2026-05-01T03:30:24.993410,news_signal,CREDIT_LIQUIDITY,4,0.7999999999999999,"creditor, creditors",RISK_SIGNAL,RISK_SIGNAL,RISK_SIGNAL,RISK_SIGNAL,0.58,Ambipar's recovery plan calls for more investments in the company - but they forgot to consult with creditors - NeoFeed,https://news.google.com/rss/articles/CBMizwFBVV95cUxNS003R3daRVVZc0hJSmptbUxjV3c1Wll6TThGSXVCcVc1VHVsenVJRzYwWWI5MUFtZGt6SDRwTFhEZmVfU05rdVFoT01CY3kwX1I0R1dKZjVwUFI5c2lvMjhlMGJYUVFXWjNOSlduSGlOVk5TQlN3cG02cGx4cDdIUWVXRjVJV2hJMC16b3BLLVVSdTFwYzFHUzdvNXNmdWNnMmpfR0JBNFhLeEhlaU0yQ1NDV2ZBM0N6NEJJOVlEY1EtSFB3S3N4TWlCS2ZMNzQ?oc=5,Google News RSS,"Ambipar's recovery plan proposes increased investment, but ignores consultation with creditors.","This news represents a corporate risk because it suggests that Ambipar's recovery plan, which is likely intended to help the company overcome its financial difficulties, may be flawed or unsustainable due to several key issues:

1. **Lack of creditor consultation**: By not consulting with their creditors, Ambipar has potentially ignored the interests and concerns of their lenders, who may have significant stakes in the company's recovery plan. This could lead to a power imbalance, where creditors are left without a seat at the table or a meaningful say in how the company is restructured.
2. **Insufficient investment**: If the recovery plan calls for more investments, but Ambipar has not consulted with its creditors about the terms of these investments, it's likely that creditors will not be on board with the plan. This could lead to reduced investor confidence, decreased funding, and ultimately, a higher risk of the company failing.
3. **Potential creditor pushback**: Creditors may view Ambipar's recovery plan as unfair or inadequate, leading them to refuse to participate in the plan or even take legal action against the company. This could result in a loss of trust among investors, further destabilizing the company's financial situation.

Overall, this news highlights a critical oversight that could have significant consequences for Ambipar's financial health and stability."
Ambipar,2024-09-24 07:00:00,2026-05-01T03:30:24.993410,news_signal,GENERAL,1,0.2,,GENERAL_NEWS,GENERAL_NEWS,GENERAL_NEWS,GENERAL_NEWS,0.45,SAP and Ambipar Unveil Net Zero as a Service - SAP News Center,https://news.google.com/rss/articles/CBMicEFVX3lxTE9ONFlfdTJWYk5iTGs5ZWlEaElTRXdONWpUbmpOaFNsWHdkNGRhMU9qWG9DbGZwSlFMcTREeEE5bURCNS0weDgtU2FwNmRkQlJuUU1vdWYxUF92amxtQzVaNUI0OHVhTEVzdVdNcDR6UVjSAXhBVV95cUxQYVd5eEZhcENCZkx2Ynk4MGRMUGJUQUw3QThLZWNjVHFxbHh4eW9iUS02bUhxYm9pTlBMOXI2eUFJYUdGNGQtVDdJVlRyWVdVNnRJYW5fSkVlYnBRYTdMTWJLcHRfV1ZpTGJrZFA1VHFPYV9YdTlDblg?oc=5,Google News RSS,,
Ambipar,2025-10-21 18:53:17,2026-05-01T03:30:24.993410,news_signal,CREDIT_LIQUIDITY,2,0.6,bankruptcy,WEAK_SIGNAL,WEAK_SIGNAL,WEAK_SIGNAL,WEAK_SIGNAL,0.31,Ambipar Sinks After Filing For Bankruptcy On Two Continents - Finimize,https://news.google.com/rss/articles/CBMikgFBVV95cUxNdnFnSmE4dzQ5RERwT29aY01HNWJXOEdneGhpUk5wNVNWQnp1cEZIQ2JBR2ZqYktncWMtMGRTaUhhcnZCcl9WRHJodWVCQ2I4TEs5TmRzOEpWR3lrbzRJT2lzT1c4SWdQRVp4X09zakdlMzlzZW1vMFpoRk03T3hLUjVwRHlVN3JGTEhBWEY2eVVIZw?oc=5,Google News RSS,,
Ambipar,2025-10-23 07:00:00,2026-05-01T03:30:24.993410,news_signal,GENERAL,1,0.2,,GENERAL_NEWS,GENERAL_NEWS,GENERAL_NEWS,GENERAL_NEWS,0.41,From First Brands to Ambipar: latest flashpoints in credit markets - TradingView,https://news.google.com/rss/articles/CBMi0AFBVV95cUxPZUNNY19fUHZaVEpXbXlMOEdURjMxQUtsRFFSWkZpaHN4dFFLeUJybVo0X2FDUHNIMUFSX1NKeUxsVHUxb3c3T1psTTEwRHZWNWoxNEkyaGRDWlF0MkxSRmV0RnNYS0wtZWp4NHZCYTZJZjFZU2ZkS3pTUTItSTVHV3ZHWWtQLVlRNmZTbjJSaGtwVjdtN1FPVk1IRzczUTU5RXB5QzJpWERPQkdvNDdrSUk4VTlFdE9lU1J2NTkyMUlhS3NkNGd4SWthUnBuY2xI?oc=5,Google News RSS,,
Ambipar,2025-12-18 08:00:00,2026-05-01T03:30:24.993410,news_signal,CREDIT_LIQUIDITY,4,0.7999999999999999,"creditor, creditors",RISK_SIGNAL,RISK_SIGNAL,RISK_SIGNAL,RISK_SIGNAL,0.41,Ambipar creditors warn of conflict between U.S. and Brazil court cases - Valor International,https://news.google.com/rss/articles/CBMi0gFBVV95cUxQdVRqTEEzNGNxLXEtSEVIT2NBX0ZKNmVpVTlwSjhQM2NwQ1A0SXFQVkw2a0JubGhyZl8wNi1ZcjI0bzRrNXdHSWJGdWpyczNnRnlIRHhzVmdnVFdoRGtWTUN0Q2tBaTRVQ2xyTlFWa0Z3Q0FPQnhZdEZVSUp6Q2VKdHZQalM0c1BTZ1dLcVlYUEZaNWFsVGNqNE1rbVI5ZXptQ1o0ei14aHlTUUNBeVJJRk1iX1AwTjN0ZlBQeWVuVEJHT1hkenB2N3drNm5VMDZJeVHSAeABQVVfeXFMT2VNamNZRVhybFMxRlZpdHVIdGtGaUIzeVRQbnZVWUNQSWhFUEdkS0xZRnlRUllnbXB2NXV5Y2VyMWI0Q1dlZGllYy1vR040dXgzSHVCX0QtaWNlNGJpYUphc1oyVUVkSTYxQ3JHQkRTXzhTRUp3Y1RTT1d0VkZvM2theVhIemdDbklkX3o0YnVrNDNFa0dlb0hvLVU2QTlUWFJXRTRZdXVxTjRNZkNrM2t5RlB0MGpqUDA5dDRBRlI5YkxoVWw5cEJSbndibmxjZTcxUzY3SlJwdnZ1WThfTXk?oc=5,Google News RSS,Ambipar creditors are warning of potential conflict between court cases in the US and Brazil regarding the company's financial issues.,"This news could represent a corporate risk for several reasons:

1. **Cross-border litigation**: The fact that there are multiple court cases involving Ambipar creditors, one in the US and another in Brazil, suggests that the company may be facing complex and potentially conflicting legal challenges. This can increase the risk of costly and time-consuming disputes, which could impact the company's finances and reputation.
2. **Litigation costs**: Cross-border litigation often involves higher costs due to differences in legal systems, language, and jurisdictional requirements. The added complexity of navigating both US and Brazilian laws could lead to increased legal fees, which could be a significant burden for the company.
3. **Reputation risk**: Disputes between creditors can damage a company's reputation, particularly if it is perceived as unfair or biased towards one party over another. This could impact the company's relationships with stakeholders, customers, and investors, ultimately affecting its bottom line.
4. **Financial implications**: The outcome of these court cases could have significant financial implications for Ambipar, including potential losses, debt restructuring, or even bankruptcy. If the company is unable to resolve these disputes efficiently, it may struggle to maintain liquidity or access capital in the future.
5. **Regulatory risks**: Depending on the nature of the disputes, there may be regulatory considerations at play, such as compliance with local laws and regulations. Failure to comply could result in additional fines, penalties, or even suspension of operations.

Overall, this news highlights the potential for Ambipar to face significant corporate risks associated with cross-border litigation, including increased costs, reputational damage, financial implications, and regulatory concerns."
Ambipar,2026-04-28 13:42:00,2026-05-01T03:30:24.993410,news_signal,GENERAL,1,0.2,,GENERAL_NEWS,GENERAL_NEWS,GENERAL_NEWS,GENERAL_NEWS,0.41,Ambipar Participações e Empreendimentos stock (BRAMBPACNOR6): Why environmental services strength - AD HOC NEWS,https://news.google.com/rss/articles/CBMivgFBVV95cUxON2VJZ3JWSHpFLUJMVXR1RDZJb3M1TnkzYXphX0ZaRW1kR1Z1V0tabWx6bFRWMlNGVG9NWnZnWFc3cmxQb2tsaTFGaG9uMGllLWl4Q3U5aXFoMUFWakswQXNCV3VzZkllYWg1NjBrdjRtMTNVUjRzYVlpck1ZLXg4UndKT0p6SnBmOUhrcnVwTTJOYjN1ckxTVGU4ekxLc01TcnlDUDRwMENOY1o3S21fRFFPTVJxdmJhanRRVDNn?oc=5,Google News RSS,,
Ambipar,2025-01-16 08:00:00,2026-05-01T03:30:24.993410,news_signal,GENERAL,1,0.2,,GENERAL_NEWS,GENERAL_NEWS,GENERAL_NEWS,GENERAL_NEWS,0.38,"Brazil’s Ambipar, UAE’s Edge Group partner up - Agência de Notícias Brasil-Árabe - ANBA",https://news.google.com/rss/articles/CBMidEFVX3lxTE1mNUtVLWZLZXhLMDNETTQ2M3pDLUl3SHk1WnF3VHdYUWVYQ3pTVWVlWWJ1ZHRIMDBDakEzQnlJZ01WU2xtTEduS3RISm1sTzVLQTRFX1BaSG16YXhZYTUwWU05ZzR4X3VidmtPMUQ4ZFJpYWEy?oc=5,Google News RSS,,
Banco Master,2026-04-09 07:00:00,2026-05-01T03:30:24.993410,news_signal,GENERAL,1,0.2,,GENERAL_NEWS,GENERAL_NEWS,GENERAL_NEWS,GENERAL_NEWS,0.39,Brazil Banks Weigh Shifts to Insurance Fund After Banco Master - Bloomberg.com,https://news.google.com/rss/articles/CBMiswFBVV95cUxNUHliWUpGVWdsaGVEYVR4dlQ5cDk4b1A5Q3FjbVoyM3RNQlJxNWktVVc2UUxPcktldExPVzBDNklJYXZKNHhvVjlLT2FwM2dYLTNDUkRaOHc2bkc5eHdGSVl2Y0dCX0E4OUtBUFRCTmJqZHItTXBhZUZsemFtVVZYQ2ZzbkhrNGcyMkY4Uk9iVHJLTHdhdjRVdjIwQlBKdlN6ZU9za24xcmVRcm53NWk2NXZuYw?oc=5,Google News RSS,,
Banco Master,2026-04-13 07:00:00,2026-05-01T03:30:24.993410,news_signal,GENERAL,1,0.1,,GENERAL_NEWS,GENERAL_NEWS,GENERAL_NEWS,RISK_SIGNAL,0.4,Brazil Deposit Guarantor Holds Off on BRB Loan Amid Banco Master Risk - Bloomberg.com,https://news.google.com/rss/articles/CBMiqwFBVV95cUxOT2tBWFNTM0hpU0Z4eTFLUjNqUXVOLU84SHBsdk9ObWktRktYS3NSeWtSbnRiU1FSRWV6RklQNklsbnRzTWhHS1NGdDBwSTkxLXF5VmhTNHEtcHlSMTVndV9ZeERqeWRzMmtZdGFZcXpEbW9BblNHWUhRd0ctRWxLbHMxcHJDOEZjQVhULVdjaEhmblpvVnNjSTdCMmZvZVJZUF84a0h3T19OQU0?oc=5,Google News RSS,,
Banco Master,2026-03-05 08:00:00,2026-05-01T03:30:24.993410,news_signal,FINANCIAL_SYSTEM_RISK,5,1.0,"probe, central bank",CRITICAL_SIGNAL,CRITICAL_SIGNAL,CRITICAL_SIGNAL,CRITICAL_SIGNAL,0.71,Brazil rocked by probe of central bankers aiding failed Banco Master - Reuters,https://news.google.com/rss/articles/CBMitwFBVV95cUxQeDVub0N0cFFFbmVLbEZWZmd5TUhBRjRKNmJXRDdLcFdEb2F0MXlHT2FzN2czc25EZVc5dGdHSTZZd2JzTmZmX251OHBYMmRxNUZDc0ttcVlhWTVyUDNMS0RVUU5LMHdRa0NfcFc5WnVyODcxTmx5cUVEcEVoelVvRnpTQzVQS2FuWVdfQkswUDBBU3FCNDhCcDYtVWlIWHlpMVUtSjlhQWpOWDBBR0puQ0RIREVaTDQ?oc=5,Google News RSS,Brazil's central bankers are under investigation for allegedly facilitating the collapse of failed bank Banco Master.,
Banco Master,2026-01-23 08:00:00,2026-05-01T03:30:24.993410,news_signal,LEGAL_REGULATORY,2,0.5,probe,WEAK_SIGNAL,WEAK_SIGNAL,WEAK_SIGNAL,CRITICAL_SIGNAL,0.37,Brazilian police target Rio pension fund as Banco Master probe grows - Pensions & Investments,https://news.google.com/rss/articles/CBMirwFBVV95cUxPMkk1MUlFMlNHbjhDczNLUUlRdEZMNkozUkI4dmNYVDVWcWpFOW9jeHlQOXZUbzNkZnY2dzBjU25QbWJVbllrdE0xMUw1bWJqcVVLWHVzUl9HTW1RcU5TeFJXbE1JZjIwRUFSZUdZVTFXZU52WXduQVRrTjdBVmhJNVdvMVU4elpHQ0tZNFZYalBibXhFaFNRaHNqRThrZW1hRDdHY1M0WXB6cFI2TVZv?oc=5,Google News RSS,,
Banco Master,2026-01-21 08:00:00,2026-05-01T03:30:24.993410,news_signal,FINANCIAL_SYSTEM_RISK,5,1.0,"fraud, probe",CRITICAL_SIGNAL,CRITICAL_SIGNAL,CRITICAL_SIGNAL,CRITICAL_SIGNAL,0.34,The Banco Master case: The $2 billion fraud probe that is shaking Brazil - EL PAÍS English,https://news.google.com/rss/articles/CBMixgFBVV95cUxPeWpsUWVaZVFCenlmZjNPcU92aWxvQkVIS1NQRS02SzIyY3lnQnVHd2tpS2t1N0JQZ2VGZnJlY0lsVTdBaEFsRnJWWVhmUy1NUENkbWhMekt1cWp5alpxRzF4RUtjbkNsbkZRdzNTcGxSREJBTGQ5WHh1M0QwbHQtblNaTzRTcm15U0ZkaUgxVkxaYkNGUVZzbmNHSVBVSXBVWGN2YUpROVFHdEl3N1RZWVQxZlNOMmJWTW5jY1dhd1M1dWlqLUHSAdoBQVVfeXFMTmlRMVJzdHhYRDg1aTE1dWJVcUFWcVpycm80Z3BBQkJRZXFZQ0tGTGlyR3NzbFoyMms1SjN3ZzdqcHJuWU9tdVJETXdxRllINkpyUm80WG9RZjhhazRWVHJzUEtuQngzSzFycXRHa2RoTThoUVlKbDVqRzdkNUpWRkF6RGhXcW1TS3Jxdk1pRXhhZUUxQ09uRzRIanFOaVFjZG5nandRamtEb0lDdDlJRFRnakNta1RqSmVjVUg3dHdMay1PdGJxZmt5LV93aVVMM3RrQm5UVTNIeWc?oc=5,Google News RSS,"A massive $2 billion fraud probe, known as the Banco Master case, is currently underway in Brazil.","This news article could represent a corporate risk for several reasons:

1. **Regulatory scrutiny**: The article mentions a $2 billion fraud probe, which suggests that the Brazilian authorities are investigating the bank's financial dealings. This level of regulatory attention can lead to increased scrutiny, fines, and reputational damage, all of which can impact the bank's bottom line.

2. **Reputation damage**: A large-scale fraud investigation like this one can tarnish a bank's reputation, making it harder for them to attract customers, investors, and talent in the future.

3. **Financial penalties**: If found guilty, Banco Master could face significant financial penalties, including fines, restitution, or even dissolution of the bank. These costs could be substantial and would likely have a negative impact on the bank's profitability.

4. **Impact on lending business**: A fraud probe can also raise questions about the bank's lending practices, which could lead to reduced lending volumes or stricter lending standards. This could negatively affect the bank's revenue and growth prospects.

5. **Investor confidence**: The news of a large-scale fraud investigation may impact investor confidence in Banco Master, leading to decreased stock prices, higher borrowing costs, or even a loss of investment.

6. **Systemic risk**: In Brazil, banks play a critical role in the country's financial system. A major bank like Banco Master is at the center of this investigation, which could have systemic implications for the entire financial sector, affecting the stability and confidence in the Brazilian economy.

Overall, the news article highlights the potential risks associated with corporate malfeasance, regulatory scrutiny, and reputational damage, all of which can impact a company's bottom line, growth prospects, and overall success."
Banco Master,2026-01-20 08:00:00,2026-05-01T03:30:24.993410,news_signal,CREDIT_LIQUIDITY,2,0.6,liquidity,WEAK_SIGNAL,WEAK_SIGNAL,WEAK_SIGNAL,WEAK_SIGNAL,0.37,Reimbursement of Banco Master CDBs injects extra liquidity in market - Valor International,https://news.google.com/rss/articles/CBMi0AFBVV95cUxQZzJwbmpjejFWRE11VXI3TG1lWmRuX1U2aW4yb3UxN25NVU9ZQzNYUXRjMElfcW9qWkxTWjVNdTJoMDJLSVBsOXRiVFZRWDhHZldkQkRCb2RkV2hHdjFDNWJ5UkxJWWJZVUpSMlRtNkhWZXB1OEt0SmlQVlE3N3o2aFE2NjNjNlEyN3hVWXQyUHMyYk9mX2NZX1FIekJTV0pXSlBtcEttWXcxLXVXNVc0X3dqaTc5SkVGR1JNQzZzR1E5bEEyalRBUVZPRVNfeERR0gHfAUFVX3lxTE1MdXI3S1VKZDB0X1NFT1FhYXF3dHAyTWN2Nk5ZSG5QYTNPdjVYUEhrTzRqWmo5TWg3bmtzNW13eFIxTEZWZTlTWmwwdDNaUTNjMmw2cWVFVkRtdDlYRHdENmptbjF2aDkzU0NKcE1XOUQ4ZmZScWZ2cm41eXZ4YXpLUXZSVDR4elQtMmVkdDlLTThnSjVKLTJONkdNenZaUEV4WHZ5VzAtNWg3MVBEODR5TEJMeDRMNWltRkJmU1RhZVRtcGxCSXVzOFExcUNyc0Z0Y2lyaFh0TUROckVBTTA?oc=5,Google News RSS,,
Banco Master,2026-02-09 08:00:00,2026-05-01T03:30:24.993410,news_signal,REPUTATIONAL,4,0.7,"scandal, bc",RISK_SIGNAL,RISK_SIGNAL,RISK_SIGNAL,WEAK_SIGNAL,0.32,Banco Master: The Scandal Shaking Up the Lula Sphere Ahead of Brazil Elections - ColombiaOne.com,https://news.google.com/rss/articles/CBMiigFBVV95cUxNR2NETklteEU1NEVmUjdUM0lRcmpxYXUteVAwelhGTWVxSF93NHdEaWVoaWhabDMxNGRJOWtpY3JBdWZwMU1BclB0S0FGUkZzVngweFVrZndMZHVBbmt0U1lLODY5dXJvbVBqT3dFYlhlLW5raDd4UEw3WDRpQ3U5ZWxuYUhnSUJoNGc?oc=5,Google News RSS,"A scandal involving Banco Master is causing a stir in Brazil ahead of the country's upcoming elections, potentially affecting President Luiz Inácio Lula da Silva's campaign.","This news article appears to suggest that Banco Master, a Brazilian bank, is embroiled in a scandal related to President Luiz Inácio Lula da Silva's (Lula) financial dealings. Given this context, here are some reasons why this news could represent a corporate risk:

1. **Reputational Damage**: A scandal surrounding a high-profile politician like Lula could reflect poorly on Banco Master, damaging its reputation and potentially deterring customers, investors, or business partners.
2. **Election Interference**: If the scandal involves allegations of corruption or impropriety related to campaign financing or influence peddling, it could raise concerns about the bank's independence and impartiality, particularly in a country where politics is closely tied to finance.
3. **Regulatory Scrutiny**: Brazilian regulators may launch an investigation into Banco Master's role in the scandal, which could lead to increased scrutiny, fines, or even sanctions. This could impact the bank's ability to operate normally and maintain its licensing status.
4. **Loss of Confidence**: Investors, customers, and other stakeholders may lose confidence in Banco Master due to the perceived link to corruption or impropriety, leading to a decline in share prices, deposits, or loan applications.
5. **Global Reputation Impact**: As a major financial institution, Banco Master's actions (or lack thereof) may be viewed as representative of the broader Brazilian banking sector, potentially harming its global reputation and relationships with international clients and partners.

Overall, this news could represent a corporate risk for Banco Master due to its potential impact on the bank's reputation, regulatory compliance, and stakeholder confidence."
Banco Master,2026-01-21 08:00:00,2026-05-01T03:30:24.993410,news_signal,FINANCIAL_SYSTEM_RISK,5,1.0,central bank,CRITICAL_SIGNAL,CRITICAL_SIGNAL,CRITICAL_SIGNAL,CRITICAL_SIGNAL,0.7,Brazil central bank liquidates Banco Master's Will as Mastercard suspends cards - Reuters,https://news.google.com/rss/articles/CBMixAFBVV95cUxQbi01b05tWjUyRXh3YWpMdXpvNVVjQ1BmWDlGN3BFOEl2ZEVqQ2ZBdUoxSXRHSW02eXV3c0dqMWljYmtuU2ZweWpDVXo0Zmw2V1hFTmdEUEExWU9HN2xqTEtnNG8zNDhGNnNxX0VxYmhBYjhpRm1MaWJDVlJGYkdzczdGTmRSZ1VGanpwS2l5WVNOX2t1MEUwdXBnZml6UU5FUkZ3RlpvbHZmaVpzUlhWT29pQ0FKa0dOSkI4MUxXcjlWSVRj?oc=5,Google News RSS,"Brazil's central bank has seized and frozen Banco Master's assets, following the suspension of Mastercard-branded credit cards by the bank.","This news could represent a corporate risk for several reasons:

1. **Banking crisis**: The liquidation of a major Brazilian bank, Banco Master's Will, suggests that there may be underlying banking system issues in Brazil. This could lead to a broader banking crisis, affecting not only the bank but also other financial institutions and potentially the entire economy.
2. **Mastercard brand damage**: The suspension of cards by Mastercard due to the liquidation of a partner bank could harm the reputation of the Mastercard brand. If customers perceive that Mastercard is not able to support its partners, it may lead to a loss of trust and confidence in the brand.
3. **Payment processing disruptions**: The liquidity crisis at Banco Master's Will could disrupt payment processing services, potentially affecting businesses that rely on these services. This could lead to financial losses for these businesses, particularly those with complex payment structures.
4. **Systemic risk**: The failure of a major bank and its partner card issuer like Mastercard raises concerns about systemic risk in the global financial system. Other banks and financial institutions may be at risk due to interconnectedness, leading to potential cascading failures.
5. **Regulatory scrutiny**: The news could attract regulatory attention, potentially leading to increased oversight and stricter regulations on banks and payment processors. This could result in higher compliance costs for Mastercard and other affected parties.

Overall, the liquidation of a major Brazilian bank and the suspension of cards by Mastercard indicate potential corporate risks related to banking system stability, brand reputation, payment processing disruptions, systemic risk, and regulatory scrutiny."
Banco Master,2026-01-21 08:00:00,2026-05-01T03:30:24.993410,news_signal,FINANCIAL_SYSTEM_RISK,5,1.0,"crisis, liquidation",CRITICAL_SIGNAL,CRITICAL_SIGNAL,CRITICAL_SIGNAL,CRITICAL_SIGNAL,0.46,Will Bank liquidation increases scope of Banco Master crisis - Valor International,https://news.google.com/rss/articles/CBMiuwFBVV95cUxPTmdfMUt3MzhGczJLeXRmMm1UZVQyemhCQThDZlRWcnFpU0dpMkl6ajlRUkY4NUwyVXN1REpjZFc0aDhycDVQdHVlQjZwWW5HMWUzY3l5RjhSc0ZYYkxVdDN4S3V6bWpCQnZoSDZiRXhmMTBtVy1zWS1JUHRtQ0Z2UFRKWTVXUEptSWYxR1A3NkwzRVRoZC1OVDczZDduZDctRVdQWkdQLV91Zzk1YW1TZ3FoUi1rbk0tdXdF0gHKAUFVX3lxTE11Vlc5Nm1kRFVmU20zUUxzSWNmQnFYTldvSUJyVnlGZUI5SnBESmRWaENXMDBpRlhLNGNEQTNuNVM4R0d3eTdTNXRuZWIzNTAxUktFQ1FYdkJTcnFha1NidFl2Vy1weFBFUmRXNGNldVhHZkVVQmhtWl9kZUtrblRiUTBoUTdVWDgyR1Y4RXJ4MGpma0V3SkhESWZRWHVzWDBhbkQxRW1FWjFwZEh6a3ZoZThnZHdteVBiX0ZObmt2bXh4Q1Vqa3BvbUE?oc=5,Google News RSS,A bank's liquidation is escalating concerns about the Banco Master crisis.,"This news could represent a corporate risk for several reasons:

1. **Systemic Risk**: The potential collapse or significant impairment of one bank (Banco Master) can have a ripple effect on the entire financial system, leading to a loss of confidence in other banks and potentially triggering a broader crisis.
2. **Banking Sector Concentration**: If Banco Master is a large player in the banking sector, its failure could disproportionately impact the overall health of the industry, exacerbating systemic risks and making it more challenging for other banks to recover.
3. **Systemic Contagion**: The news that Bank liquidation increases the scope of the Banco Master crisis implies that there may be interconnectedness between Banco Master and other financial institutions. This can lead to a situation where one bank's failure creates a ""domino effect,"" causing other banks to become embroiled in the crisis as well.
4. **Market Volatility**: The potential for widespread banking sector instability could lead to increased market volatility, making it more challenging for investors to assess the value of Banco Master's assets and potentially leading to a sharp decline in its stock price or even a complete loss of investor confidence.
5. **Regulatory and Operational Risks**: A bank failure can also raise concerns about regulatory and operational risks, as it may indicate weaknesses in a bank's risk management practices, capital adequacy, or ability to withstand stressors.
6. **Loss of Investor Confidence**: The perception that Banco Master is facing significant difficulties could lead to a loss of investor confidence, making it more challenging for the bank to raise new capital, access markets, and conduct business operations effectively.

In summary, the potential collapse of Banco Master has far-reaching implications for the banking sector as a whole, highlighting the need for vigilance, monitoring, and proactive risk management strategies from regulators, investors, and other stakeholders."
Banco Master,2025-12-26 08:00:00,2026-05-01T03:30:24.993410,news_signal,FINANCIAL_SYSTEM_RISK,5,0.9,liquidation,CRITICAL_SIGNAL,CRITICAL_SIGNAL,CRITICAL_SIGNAL,WEAK_SIGNAL,0.31,Master Bank Liquidation Becomes Case at TCU and STF - CPG Click Petróleo e Gás,https://news.google.com/rss/articles/CBMinAFBVV95cUxQbFlYbmhlWmRaQkNzNDdOQXpKci1wQmF0Q2ZSdWh3U3Y0UTVZajJDbUJLc1NOb08wOTExWERKT3VBMjgydUpMMndZWkZaeHVVUXduVFFWaGR5S1RGSVhRak1aY05jeEpydE1TVEZvdTVrMTJEdWRnR1Bub0w4dW9nYl81dDJHblVLYmlTaXhjRXRJUWxZN1VHcFRDQkY?oc=5,Google News RSS,A master bank liquidation case has been filed against Texas Christian University (TCU) and the Student Teacher Fund (STF).,"This news could represent a corporate risk for several reasons:

1. **Regulatory scrutiny**: The involvement of the Securities and Exchange Commission (SEC) and the Federal Reserve in investigating Master Bank's liquidation suggests that regulatory bodies may be taking a closer look at the bank's financial practices, potentially leading to increased costs and reputational damage.
2. **Loss of investor confidence**: If the investigation reveals wrongdoing or irregularities, it could lead to a loss of investor confidence, causing the bank's stock price to plummet, making it harder for the company to raise capital in the future.
3. **Systemic risk**: As a liquidation case, Master Bank's failure may have systemic implications, potentially destabilizing the financial system and affecting other banks or financial institutions.
4. **Reputation damage**: A high-profile bank liquidation can lead to significant reputational damage for the company, making it harder to attract customers, investors, and top talent in the future.
5. **Potential litigation**: The investigation may uncover potential liabilities or wrongdoing by Master Bank's executives or board members, leading to costly lawsuits, settlements, or fines.

Overall, this news suggests that Master Bank's liquidation has significant corporate risks implications for its stakeholders, including shareholders, customers, and employees."
Banco Master,2026-03-05 08:00:00,2026-05-01T03:30:24.993410,news_signal,GENERAL,1,0.2,,GENERAL_NEWS,GENERAL_NEWS,GENERAL_NEWS,GENERAL_NEWS,0.31,Banco Master’s Vorcaro Moved to Federal Jail Due to Safety Risks - Bloomberg.com,https://news.google.com/rss/articles/CBMitgFBVV95cUxOeDZNc3NHUmtsUmloNFFtUkx6U2E3X1h0RVg1VXlWOUJmZllFdkxqLWdpSnpWd2xPVzNlSjVacFNWTTVCYjRkZjJlSjg3eHNUUHlzVlM1enR0YmtaSVlzZm4yTGhYai1GVVhQeTVJT3VMVTBKZUJ6NF9RRU9pREVkRXRMMklaS09zdFJZWHdoMlZkQ3YwQjlEajg0bExsMHY5ZTFaYnlHczV6V2VLdnVxX3dSWE9VUQ?oc=5,Google News RSS,,
Banco Master,2026-01-05 08:00:00,2026-05-01T03:30:24.993410,news_signal,FINANCIAL_SYSTEM_RISK,2,0.5,asset sale,WEAK_SIGNAL,WEAK_SIGNAL,WEAK_SIGNAL,CRITICAL_SIGNAL,0.29,Brazil judge considers blocking asset sales in Banco Master case - Reuters,https://news.google.com/rss/articles/CBMitAFBVV95cUxOcUk5OGk5S0ZOSW5NdGlSbHIyMW0tbmtzbmFqRUlNN2djekVKeHhrZkl6V2JyTkxDS3RXc2xJTG9ETDBEQnkxNk9uUE55Y0hLTVFzaDZEVlh0Y0JSZTQ4NVdmNFhKMEg2TGpDakRrVkJVVXdIWVh5Zmk0Uy1na1prX255UTFxbG1VM3VwQkJra2dqN2N2NjFtU2hfaXhLVFZUSFV0LWQwaUk1MkNMc3Z5MGVxbnc?oc=5,Google News RSS,,
Banco Master,2026-01-27 08:00:00,2026-05-01T03:30:24.993410,news_signal,GENERAL,1,0.2,,GENERAL_NEWS,GENERAL_NEWS,GENERAL_NEWS,GENERAL_NEWS,0.3,Business empire linked to Banco Master unravels - Valor International,https://news.google.com/rss/articles/CBMitgFBVV95cUxOeVpZdWlpSFhvTVNxSjYwNjJ3Tmt3eDFFX0ItSHY3QzRkUG91V2xLUUZfTFFZWmJWbmN2MDdIeExBeEVxVFZ2OU9SVDhMVFVLOFR2V0t5QUJvSDJqMk5LV2FzS3BQZ2NjSlhaNFM2WnFpUk42b0FBU3BxcjR3UG1qR2lmdUxfeHNjMWtydGtoQzU2d3ZEb0pOX3dDU0tFWkwxVTBxSS1qUGlrR0RDVEhfZURpb0ZFQdIBxAFBVV95cUxPeTZMU3N4czBBVzBMT3h3QW40OUt5VE5qeXBnQXBtTExFU0lMXzNsaFJrX3ZrS1lPZGQ0T1oxcHpOenlwTzdCMFRLVV83R0o4ZlUtYUNjQ2dOY1Fzek1KWVZsVFU5Z3d2QmpGdXpIOFlDUDkxbzMyWUJZVmlqcHFPWFprbnpWbDRqWGJHR2QtOTN3elRZZEV0S0JjR1dPOE8zamFaejVHaWdvd2ZlLTRoeExraFBmOVhBV05YdGJLSU92dzU1?oc=5,Google News RSS,,
Banco Master,2025-12-10 08:00:00,2026-05-01T03:30:24.993410,news_signal,FINANCIAL_SYSTEM_RISK,5,0.9,"bankruptcy, fgc",CRITICAL_SIGNAL,CRITICAL_SIGNAL,CRITICAL_SIGNAL,GENERAL_NEWS,0.29,"After Master Bank's Bankruptcy, Could Another Major Bank Collapse and Leave Brazilians with Nothing? R$ 1.9 Billion in Public Funds Are at Risk and the Deposit Guarantee Fund (FGC) Foresees a Billion-Dollar Deficit of Up to R$ 41 Billion - CPG Click Petróleo e Gás",https://news.google.com/rss/articles/CBMizwJBVV95cUxQdkhCRW9ZMVlSNTdzOGlfUEp5M2FVQXkwTHZaYnJKN3RMWXdhOFFNM0xEV3FFU080b1VHbTdNM1VKOV95aXlXaTdGQXpNOC1PeEVJRndocDFPRGpfSlRobktkdE1aRUJ0WFNHWjZ1dnhrX2RJLXgxdUd1cUM4Y2xuUjJPdTdZeG91LWx0b2hINVZLYVNENlRSZk8taE5oQVZlWktLTUV3UjB0WEc2T2RreFZhdUJTbVlEcmxLSHVzRklYSG9jYmdFby02OVB2R1JYTzBwUmRPVlV6WGN2UU8xRC0tVko3WlpBVEUwb050MUFLeURadDBqY1p3akp3YzhCSzByd05zY3F0eVdkaGV3X0laTWZLSkozakQ3VTlXWVcxdFNHQUliNWxiZnBrRE8tZWVWeWNZS2lldHVTdVlLWlRrSEpkTm1oazRWVk5FVQ?oc=5,Google News RSS,"A major Brazilian bank collapse, following Master Bank's bankruptcy, could leave millions of Brazilians with nothing due to a projected billion-dollar deficit in the Deposit Guarantee Fund.","This news could represent a corporate risk for several reasons:

1. **Systemic Risk**: A major bank collapse in Brazil could have a ripple effect on the entire financial system, potentially leading to a wider economic crisis. This is because banks play a crucial role in facilitating transactions, lending, and credit creation.
2. **Deposit Guarantee Fund (FGC) Deficit**: The article mentions that the FGC foresees a billion-dollar deficit of up to R$ 41 billion. If this happens, it could lead to a loss of confidence in the banking system, causing depositors to withdraw their funds, and potentially triggering a bank run.
3. **Loss of Investor Confidence**: A major bank collapse could also erode investor confidence in the Brazilian economy, leading to a decline in investment and economic growth.
4. **Potential for Currency Devaluation**: In the event of a large-scale bank failure, there is a risk that the Brazilian real (BRL) could depreciate rapidly, as investors seek safe-haven assets or flee from the country's financial markets.
5. **Government Intervention**: The article implies that the government may need to intervene to prevent or mitigate the consequences of another major bank collapse. This could involve providing emergency funding, guarantees, or other forms of support, which would require significant resources and policy changes.

Overall, the news highlights the vulnerability of the Brazilian banking system and the potential risks associated with a major bank collapse. This could have far-reaching implications for the economy, investors, and depositors, making it a corporate risk that requires close monitoring and analysis."
Banco Master,2025-11-18 08:00:00,2026-05-01T03:30:24.993410,news_signal,FINANCIAL_SYSTEM_RISK,5,0.9,central bank,CRITICAL_SIGNAL,CRITICAL_SIGNAL,CRITICAL_SIGNAL,WEAK_SIGNAL,0.46,Brazil central bank shuts Banco Master as police detain top investor - Reuters,https://news.google.com/rss/articles/CBMisAFBVV95cUxPZG8yOXdCaUNIOHB6Ylc1d3pLYTNrcW1BbXJ6Sm1LZFpEM2lMUUdKQjBPa2dodW9hYXBQYnBzNVpOOElhcHlDdnVoZkFXSTJ6aGc4RW1rVmRmaFptcGk4UmxSOURsQS1xUk1ibmxaZ2tnejFPU09BSTBTVEQ5M3VWUG1OVXBZcWtwNHBZN2l6R1ptc0dzbUxuOVZkNTUwUTZGZzJzMXVkNGxLRjhYVUNzcA?oc=5,Google News RSS,"Brazil's central bank shut down Banco Master, a troubled lender, following the detention of its top investor by police.","This news can represent a corporate risk for several reasons:

1. **Regulatory action**: The Brazilian central bank's decision to shut down Banco Master (a bank) suggests that the regulator has identified significant issues with the institution, such as financial instability, non-compliance with regulations, or potential safety and soundness risks. This type of regulatory action can have far-reaching consequences for the bank, its customers, and its stakeholders.
2. **Investor detention**: The police detaining a top investor implies that there are suspicions of financial irregularities or misconduct related to Banco Master's operations. This could lead to further investigations, potential lawsuits, and reputational damage to the bank, its management, and its investors.
3. **Systemic risk**: As a bank, Banco Master plays a critical role in the Brazilian financial system. The collapse or significant weakness of this institution could have a ripple effect on the entire banking sector, potentially leading to systemic instability and losses for other banks, depositors, and the economy as a whole.
4. **Reputation and brand damage**: The actions taken by the Brazilian central bank and the police detention of a top investor can severely damage Banco Master's reputation, eroding trust among customers, investors, and regulators. This could lead to a loss of business, market value decline, and difficulty attracting new customers or investors.
5. **Potential for further regulatory scrutiny**: The shutdown of Banco Master may indicate that there are more systemic issues within the bank or the broader Brazilian financial system. Regulatory bodies may launch additional investigations, which could lead to further corporate risks, such as increased compliance costs, reputational damage, and potential fines or penalties.

In summary, the news highlights a combination of regulatory concerns, investor detention, systemic risk, reputation damage, and potential for further scrutiny, all of which can pose significant corporate risks for Banco Master."
BRB Banco de Brasília,2026-04-29 17:30:41,2026-05-01T03:30:24.993410,news_signal,FINANCIAL_SYSTEM_RISK,4,0.75,,RISK_SIGNAL,RISK_SIGNAL,RISK_SIGNAL,RISK_SIGNAL,0.38,Federal District governor seeks Treasury approval to assist BRB - Valor International,https://news.google.com/rss/articles/CBMiywFBVV95cUxNZEJSQzRoLW40aVB5QTFucm95Sk9NWExjQmEyRGt2N09lUWNjR3NBMFRMcVZKdXpqeV9Mc2VCT0xXMGRTRzdpX2YzVDVDVGQ2VzZ3cFZzcXkxT2tiY2dDbFB5a2pWNlhSNWQtMUlaLXpud29vZVlWRDRFZTItRWRtTFdrelVVUjRWV0VWVWVqSzNlOEtmaHlmZ0kzd2ZRaEVBR2xRSlBDeUttUmpPXy1pUjZFbzlVLXdBaTBPdE1VWGUtNlNaSWRqZ05jd9IB2gFBVV95cUxQNkJwWjdmN1hFMWpBbF9MNFVveENLUWJrT1h3S1VoMVRiRGt4TVhuQlN3VHFzWmZfcGs0cVVfSUZNNVJXUm5aVkhjdEM0N0ppVFU4TDRFZGN2V2xJejE2UEJkYU5tWTRzOXFLa08tNzJKNjZZRW8ybzY3WTk1YVVLWm51VkRLNzFhM3BQQk5MTVZzQ2dLYlB2dFhaT05wVWZxRjd4WFJpQ25pc3hrUjcwczFkUE9VTGZJUUpNeTh3TDVJRDJnNktFTEZIRmhTZ0RiekJ1bmRTRHJjZw?oc=5,Google News RSS,"The governor of the Federal District is seeking approval from the Treasury department to provide assistance to BRB, a Brazilian company.","This news could represent a corporate risk for the Brazilian government and its state-owned entities, specifically the Bank for the Development of Brazil (BRB) or any other entity involved in the deal.

The potential risks associated with this news are:

1. **Credit Risk**: If the federal district governor's request for Treasury approval to assist BRB is approved, it may indicate that the government is taking on additional debt or financial risk to support the bank. This could lead to increased credit risk for the government and potentially impact its credit rating.
2. **Regulatory Risk**: The Brazilian government's involvement in a financial institution like BRB raises regulatory risks. If the government is not careful, it may be seen as intervening too heavily in the market, which could lead to reputational damage, loss of investor confidence, or even stricter regulations being imposed on the bank.
3. **Political Risk**: The request for Treasury approval may be seen as an attempt by the governor's administration to gain political capital by supporting a strategic asset like BRB. If this is perceived as a partisan move, it could create tension between different branches of government and impact the stability of the financial system.
4. **Operational Risk**: Assisting BRB with financing or other forms of support may expose the Treasury to operational risks, such as managing complex financial instruments, dealing with potential losses, or navigating changing market conditions.

Overall, this news suggests that the Brazilian government is taking on additional risk to support a strategic asset, which could have implications for its creditworthiness, regulatory environment, and overall economic stability."
BRB Banco de Brasília,2026-04-22 19:10:28,2026-05-01T03:30:24.993410,news_signal,FINANCIAL_SYSTEM_RISK,4,0.75,fgc,RISK_SIGNAL,RISK_SIGNAL,RISK_SIGNAL,RISK_SIGNAL,0.33,Brazil's BRB raises $604 million in FGC‑backed bond sale - TradingView,https://news.google.com/rss/articles/CBMiwwFBVV95cUxQRFhJX0RNTTZmWVNhc0JmM3hBMl9nU2FCdUh2eEpyRlNxLTMyY2VVSk9vLTRZMUk3clJPaXRSeXRjN2RjSm5BNl9oQ01LTU4yNldwR1JGQkRtN1lxQy16VDZkaVdVNy1tajY5OGxlek5BejlCb0x2UU1IZE9DVjZqUnNFNDRCU2RuTTUydVJoa2gzdFVkZ2cxVEE2eXV1RFYyTExGWEZhOEQ4cndGQVhwMHRJSUtfSTRRZDA4SzNvZ010eWc?oc=5,Google News RSS,Brazil's BRB raised $604 million through a bond sale backed by private equity firm FGC.,"This news could represent a corporate risk for Brazilian bank BRB (Banco Bradesco) due to several reasons:

1. **High reliance on FGC backing**: The fact that BRB raised $604 million through a bond sale backed by the Brazilian Development Bank (FGC, or Banco Nacional de Desenvolvimento Econômico e Social) suggests that the bank's creditworthiness is heavily reliant on government support. If the government fails to honor its obligations to the FGC, it could negatively impact BRB's ability to pay back investors.

2. **Market volatility and risk of investor flight**: A large bond sale can lead to increased market volatility, particularly if investors become concerned about the creditworthiness of the borrower (BRB) or the underlying collateral (FGC backing). If investors lose confidence in BRB, they may withdraw their funds, leading to a liquidity crisis.

3. **Potential for rating downgrade**: The fact that FGC is providing backing for the bond sale could lead to concerns among rating agencies about BRB's creditworthiness. A potential rating downgrade would increase the cost of borrowing and debt servicing for BRB, potentially leading to increased corporate risk.

4. **Dependence on government policies and economic conditions**: As a bank heavily reliant on FGC backing, BRB's fortunes are closely tied to government policies and economic conditions in Brazil. Changes in these areas could negatively impact BRB's creditworthiness and the bank's ability to service its debt.

Overall, while the bond sale may provide short-term benefits for BRB, it also increases the corporate risk due to its reliance on FGC backing, potential market volatility, and dependence on government policies and economic conditions."
BRB Banco de Brasília,2026-04-13 07:00:00,2026-05-01T03:30:24.993410,news_signal,FINANCIAL_SYSTEM_RISK,4,0.75,,RISK_SIGNAL,RISK_SIGNAL,RISK_SIGNAL,RISK_SIGNAL,0.4,Brazil Deposit Guarantor Holds Off on BRB Loan Amid Banco Master Risk - Bloomberg.com,https://news.google.com/rss/articles/CBMiqwFBVV95cUxOT2tBWFNTM0hpU0Z4eTFLUjNqUXVOLU84SHBsdk9ObWktRktYS3NSeWtSbnRiU1FSRWV6RklQNklsbnRzTWhHS1NGdDBwSTkxLXF5VmhTNHEtcHlSMTVndV9ZeERqeWRzMmtZdGFZcXpEbW9BblNHWUhRd0ctRWxLbHMxcHJDOEZjQVhULVdjaEhmblpvVnNjSTdCMmZvZVJZUF84a0h3T19OQU0?oc=5,Google News RSS,The deposit guarantor for Brazilian state-owned bank Banco Nacional do Brasil (BRB) has delayed a loan decision amid concerns over the bank's risk exposure.,"This news could represent a corporate risk for the following reasons:

1. **Credit Risk**: The Brazilian Deposit Guarantor's decision to hold off on approving the BRB loan suggests that there are concerns about Banco Master's creditworthiness. If the bank is unable to secure financing, it may struggle to meet its financial obligations, which could lead to a loss of investor confidence and a potential default.
2. **Liquidity Risk**: The holding off of the loan approval implies that there may be liquidity issues at Banco Master. If the bank is unable to access funding, it may not be able to meet its short-term cash needs, leading to a liquidity crisis that could impact its ability to pay debts and maintain business operations.
3. **Systemic Risk**: The news suggests that there are systemic risks in the Brazilian banking system. If Banco Master's loan application is rejected, it could have far-reaching implications for other banks and financial institutions in Brazil, potentially leading to a wider systemic crisis.
4. **Operational Risk**: The decision by the deposit guarantor may also indicate operational risks within Banco Master. If the bank has inadequate risk management processes or governance structures in place, its loan application may be rejected due to concerns about its ability to manage credit risk, leading to potential reputational damage and future financial difficulties.
5. **Market Risk**: The news could also have market implications, as the rejection of the BRB loan may lead to a decrease in Banco Master's stock price, potentially impacting investor confidence and portfolio performance.

Overall, the news highlights potential corporate risks associated with Banco Master, including credit, liquidity, systemic, operational, and market risks."
BRB Banco de Brasília,2026-04-22 19:16:17,2026-05-01T03:30:24.993410,news_signal,FINANCIAL_SYSTEM_RISK,4,0.75,fgc,RISK_SIGNAL,RISK_SIGNAL,RISK_SIGNAL,RISK_SIGNAL,0.36,Brazil's BRB raises $604 million in FGC-backed bond sale - marketscreener.com,https://news.google.com/rss/articles/CBMirAFBVV95cUxOSEdCalNQZ1pWbUx6VVFNYVlMZW9vXzV1dmpnQ21jLTdfcVF4QnFnWW56NkxrQmtrMzdtTEptNlRQZVp1WWJSOUlNYVl6aXNxc2Y4LUExMjBPQXlHWERmSmpZZVppMGRKMlRPYkZNVHRJQUVSRENUUEFBMExfb0VGUmg1ZGdZLTBMY1NaaVp5VjZJOFBqVXRwVkF4ZWpUemJqZElMYndXaEdMNU1G?oc=5,Google News RSS,Brazil's BRB raised $604 million through a bond sale backed by FGC.,"This news could represent a corporate risk for several reasons:

1. **High debt levels**: The fact that BRB raised $604 million through a bond sale suggests that the company has significant debt obligations, which can put pressure on its financial health and limit its ability to invest in growth initiatives or weather unexpected expenses.
2. **Dependence on external funding**: By issuing bonds backed by another company (FGC), BRB may be relying heavily on external funding sources, rather than generating revenue through core operations. This increased dependence on external capital can make the company more vulnerable to changes in market conditions or funding availability.
3. **Risk of credit downgrades**: If FGC's creditworthiness deteriorates, it could negatively impact BRB's ability to service its debt obligations, leading to a potential credit downgrade for BRB and increasing its borrowing costs.
4. **Lack of transparency and control**: By issuing bonds backed by another company, BRB may be ceding some control over how the funds are used, which can make it harder to manage risk and respond to changing circumstances.
5. **Regulatory risks**: The use of FGC-backed bonds could also raise regulatory concerns, particularly in Brazil where there may be specific laws or regulations governing debt financing arrangements.

Overall, while this news may seem like a positive development for BRB in terms of accessing capital, it highlights the company's significant debt obligations and reliance on external funding sources, which can represent corporate risks."
BRB Banco de Brasília,2026-03-10 07:00:00,2026-05-01T03:30:24.993410,news_signal,FINANCIAL_SYSTEM_RISK,4,0.75,,RISK_SIGNAL,RISK_SIGNAL,RISK_SIGNAL,RISK_SIGNAL,0.37,Brazil lender BRB to seek $637 million loan from credit guarantee fund - Reuters,https://news.google.com/rss/articles/CBMitAFBVV95cUxPWnJwT0lKRmszdXVXZ3hiS0NRSDN3a1FQY3hreC1IWHdOZVNQV21RdTZsVFNIRWs2MkJCVjdkX3RpZHh3ZWFfRklNSHVvd2d1dTNZRWt2UVlVZzhndUs1aW8zd3Npam8yQjJqdmw4cHFQRVdKMTVVM2p5NmlQbGFwVG9tODB5LVpVc0RUN000QVk5ZDFYc19OZzlyckFHWGdhSTJUa0VSTDRadlNrczJSb0FGQ0M?oc=5,Google News RSS,Brazilian bank BRB is seeking a $637 million loan from a credit guarantee fund.,"This news could represent a corporate risk for the Brazilian lender, BRB, in several ways:

1. **Debt burden**: The lender will be taking on an additional debt of $637 million through a loan from the credit guarantee fund. If the loan is not repaid or if interest rates increase, it could put a significant strain on the lender's finances and potentially lead to financial difficulties.
2. **Risk of default**: If BRB defaults on the loan, it could damage its reputation and credibility in the market, leading to a loss of confidence among investors and customers. This could result in a decline in the lender's stock price or even lead to a liquidity crisis.
3. **Credit guarantee fund risk**: The credit guarantee fund is essentially providing insurance against default by BRB. If the lender fails to repay the loan, the fund will bear the risk of losses, which could be costly for the fund and its investors.
4. **Interest rate risk**: The interest rates on the loan may increase over time, which would increase the cost of borrowing for BRB and further strain its finances.
5. **Regulatory risk**: If the loan is not properly managed or if there are regulatory issues related to the lender's business operations, it could lead to reputational damage and potential fines or penalties.

Overall, taking on an additional debt of $637 million without a clear plan for repayment or risk management increases the likelihood of financial difficulties or reputational damage for BRB."
BRB Banco de Brasília,2026-04-16 07:00:00,2026-05-01T03:30:24.993410,news_signal,FINANCIAL_SYSTEM_RISK,4,0.65,liquidation,RISK_SIGNAL,RISK_SIGNAL,RISK_SIGNAL,WEAK_SIGNAL,0.34,Perfect storm at BRB: increases the risk of bank liquidation (previously unthinkable) - NeoFeed,https://news.google.com/rss/articles/CBMiswFBVV95cUxNRWwwaW1ZUDY4dlpPb3g4VW85dENCVmlDSEFmbFg4ZjVNMlZLQ2Q4b2VpR3NDWlBpYUwtWjBSa0hRNmtFX0hkQlZaNmM1ZzN2bXJ5OURSMlJ2VC03U0xNWkh3by1rN2FWN2ZGX3Q5b2ptMzFjdEVqRElxanJXY18yZTF4N3FRMlJOeHFxQzJrUDRIWGZxd3k4eVYwMDFKdXY1TFZ0SlF5cnNCdkphaUROd3lHSQ?oc=5,Google News RSS,"A ""perfect storm"" of factors has increased the risk of a bank liquidation, previously considered unthinkable.","This news article suggests that there is an increased risk of bank liquidation due to a ""perfect storm"" of factors. A perfect storm in this context likely refers to a combination of severe and unforeseen events or circumstances that have created a highly volatile situation.

In the context of BRB (Bank of Ireland), which is one of Ireland's largest banks, this could represent a corporate risk for several reasons:

1. **Financial instability**: If the bank experiences financial difficulties, it may not be able to meet its obligations, including depositors' claims, leading to a potential liquidation.
2. **Loss of investor confidence**: A bank facing liquidity issues or other problems may lead investors to lose confidence in the institution, causing a decline in share prices and potentially exacerbating the situation.
3. **Systemic risk**: The failure of one major financial institution can have far-reaching consequences for the entire financial system, including potential contagion effects on other banks and institutions.
4. **Regulatory scrutiny**: A bank facing liquidation may require immediate intervention by regulatory authorities, which could lead to costly and time-consuming procedures, potentially disrupting the bank's operations.
5. **Reputation damage**: Liquidation of a major bank can have severe consequences for the economy, leading to a loss of trust in the financial system as a whole.

In summary, the article suggests that BRB is facing an unprecedented crisis situation due to the ""perfect storm"" of factors, which could lead to a high-risk scenario for corporate stakeholders, including depositors, investors, and regulatory authorities."
BRB Banco de Brasília,2026-04-22 15:20:10,2026-05-01T03:30:24.993410,news_signal,FINANCIAL_SYSTEM_RISK,4,0.75,aumento de capital,RISK_SIGNAL,RISK_SIGNAL,RISK_SIGNAL,RISK_SIGNAL,0.4,"Acionistas do BRB aprovam aumento de capital de R$ 8,8 bi - Bloomberg.com",https://news.google.com/rss/articles/CBMiqwFBVV95cUxQOGZjREUtdzFlLVplT3Q2Q181NzNsSWVocWxwdExZUlUzUndIczJYT0s3S1E5UFIzTlFtTGUzTHJEQlp4cFlDLW5SRTBGVk1DdERManVERGVUNU8yd1l1bVYtb1F3T2pOcm9IZ0NPZzA5V29UUEJZWWJ6WVZkb1Y4VFBId2N5YnpYZml3ckxCZmxVaFFsWk15ZXZLWWs1NGdKczhsNnNjc1pMbDg?oc=5,Google News RSS,"A assembleia dos acionistas do BRB aprovou um aumento de capital de R$ 8,8 bilhões.","This news could represent a corporate risk for several reasons:

1. **Increased Capital**: The approval of an increase in the company's capital (R$ 8.8 billion) may lead to a significant expansion of the company's operations, which can be risky if not managed properly. This increase in capital can also attract more investors, but it also increases the company's debt and liability.
2. **Financial Burden**: The additional capital will likely result in increased financial burdens for the company, including higher interest payments on loans and potentially higher taxes. If the company is not able to manage its finances effectively, this could lead to a decline in profitability or even bankruptcy.
3. **Debt Vulnerability**: A significant increase in capital can also make the company more vulnerable to debt if it is not managed carefully. Higher levels of debt can limit the company's ability to invest in new opportunities or respond to changes in the market.
4. **Shareholder Concerns**: The approval of an increase in capital may also lead to concerns among shareholders about the distribution of the additional funds, potential dilution of ownership, and the impact on existing share prices.
5. **Regulatory Scrutiny**: A significant increase in capital can also attract regulatory scrutiny from authorities such as the Securities and Exchange Commission (CVM) in Brazil. Failure to comply with regulatory requirements could lead to fines or other penalties.

Overall, while an increase in capital can be beneficial for a company's growth, it is essential to carefully manage the associated risks and ensure that the company has a solid financial foundation to support its expanded operations."
BRB Banco de Brasília,2026-03-10 07:00:00,2026-05-01T03:30:24.993410,news_signal,FINANCIAL_SYSTEM_RISK,4,0.65,,RISK_SIGNAL,RISK_SIGNAL,RISK_SIGNAL,GENERAL_NEWS,0.36,BRB seeks credit guarantee loan while discussing capitalization - Valor International,https://news.google.com/rss/articles/CBMiygFBVV95cUxNd1BVVFFleGxhM3lQdW1nbU9Pb1JPNDVHNGVNOXd4dGxxdDhXSGRxdTRwOGZXclROX1ZXcHRvSVJSZVF3bWlrQURRZ1JoaTNMQ2R0UHdCVS1MQnNzZUpwMUZ2VXF6WGRCVjVtZVdTYzRPQ1B3SThjTXYzUVV0NnYxbks1WWcxWFdOdklfWWVBamNpZ2kxY2tBNEttMUtzU0w5QUhzOHRndFVycXlURzUzM0NtWEZ1NlQ2MG1DeHhrTGF0TzFWTE9tOTJB0gHYAUFVX3lxTE05WUVTS09XTmh2UGtKSFRzR2VhYWdmVjBzbkZsNmR6ZjQ0emgxb0hhV3M0cEx4cGVBUTJFeTVRd05tMW85RmlLNnpIUEJmamJHQmNBVUh6SnhlZUFicVo0TlprclBpRjJOcFJTN2o2cWFSVFdHamR5cXZLZU1CWU1ZR2NsTzNhUU80YlpTcno4VG1QeWZhVUhrVEtNSG83SmEteDZzSDhRM3dIczVabVg2SXhHVjRQZEg5N2ZTVG5pd0FlTGJLZGtEWkRZMnJNb1JtVUtDUWRmNg?oc=5,Google News RSS,BRB (Valor International) is seeking a credit guarantee loan to support its capitalization efforts.,"This news could represent a corporate risk for several reasons:

1. **Debt financing**: BRB is seeking a credit guarantee loan, which implies that they are relying on debt financing to support their operations or capitalization plans. High levels of debt can increase the risk of bankruptcy or default, particularly if the company's cash flow is not sufficient to meet its obligations.
2. **Lack of self-funding**: By seeking a loan with a guarantee, BRB may be indicating that they are unable to fund their own operations through internal resources, such as cash reserves or profit margins. This can be a sign of poor financial management or inadequate revenue generation.
3. **Dependence on external financing**: A credit guarantee loan implies that BRB is dependent on external financing to support its activities. If the lender were to withdraw funding or default on payments, it could have significant consequences for the company's operations and reputation.
4. **Capitalization concerns**: The fact that BRB is discussing capitalization plans suggests that they may be facing challenges in securing sufficient capital to meet their business objectives. This could indicate a lack of confidence in the company's future prospects or an inability to generate sufficient cash flow to sustain operations.
5. **Risk of increased debt obligations**: If BRB secures the loan, they will likely face increased debt obligations, including interest payments and potential penalties for non-payment. This can create a vicious cycle of debt accumulation, which can be challenging to escape.

Overall, this news suggests that BRB may be facing significant financial challenges and is relying on external financing to support its operations. This could represent a corporate risk, particularly if the company's management is unable to successfully navigate these financing arrangements or if the loan terms are unfavorable."
BRB Banco de Brasília,2026-04-26 10:53:33,2026-05-01T03:30:24.993410,news_signal,FINANCIAL_SYSTEM_RISK,4,0.65,bc,RISK_SIGNAL,RISK_SIGNAL,RISK_SIGNAL,WEAK_SIGNAL,0.34,O pessimismo do BC sobre a tentativa de capitalização do BRB - O GLOBO,https://news.google.com/rss/articles/CBMiwAFBVV95cUxQcWVJQUJ5OUtyYmJvMlhCQzl3dWs0eXlhSVdWbzJZNHFfTUZmZ284QlgxZHV4NE93ak1aX1F2WHk5dkNCeVBTcEZrdzFfZkZyMEV2SDFIS3c5eC1HaDRJY1lTenFURHdFNnNGZEhOYjQ5dHlyZXBfamR4SjNxN3BrM0hROUlHY2VtT0dzT2xpZ3ExTUg1UWpwNmFZSTctMzJNV24tbUZaMTJyYmFyaEh6SkUzZTBROTlwQzh5bHY1azDSAc8BQVVfeXFMUF9VUkd0QW1jMHlUaUZ3WFByaXZFVE5KVnRMNUVYZGxiNXAxUlZ5ZTN6cmZjTnEtZUFsbm1fRm1nXzd4akxLRmw0MXRBNG1fZlUxVjhsdWhrMzB6bkFacEpFdXBOamMtTDVEOE1YUGJrdHZLT2haNGpiaDhEcWVrRzRGUkx5TXBBbXU2eWNXSm15MmFvTnhTaVJYSi1lbG9RcU55dGxPaDBnUXBqSUowa21TYXBBQmJ4dzdGbWIwdFNSWG1ESjM1TGN2bzdVNXJZ?oc=5,Google News RSS,"I apologize, but the text you provided is not an article or news piece that I can summarize. It appears to be a Portuguese headline, but it's missing the context and content of the article.

Could you please provide more information about the topic or the article itself?","Parece que o texto é em português e não fornece informações específicas sobre o noticiamento. No entanto, posso fornecer uma explicação geral sobre como um artigo de notícias sobre pessimismo do Banco Central (BC) sobre uma tentativa de capitalização do BRB (Banqueiro Rural Brasileiro) poderia representar um risco para a empresa.

Um risco corporativo pode ser definido como um fator que afeta negativamente o desempenho ou a estabilidade financeira da empresa. Nesse caso, se o Banco Central expressar pessimismo sobre a tentativa de capitalização do BRB, isso poderia representar um risco para a empresa por várias razões:

1. **Perda de credibilidade**: A expressão de pessimismo pelo BC pode criar dúvidas e incerteza entre os investidores, clientes e parceiros da empresa. Isso pode afetar negativamente a credibilidade da empresa e tornar mais difícil para ela atrair fundos ou realizar operações.
2. **Dificuldade em reunião objetivos**: Se o BC expressar pessimismo sobre a tentativa de capitalização, isso pode dificultar a realização dos objetivos financeiros da empresa. Isso poderia levar a uma redução na capacidade da empresa de investir ou expandir suas operações.
3. **Impacto na gestão do risco**: A expressão de pessimismo pelo BC pode indicar que a empresa está enfrentando desafios financeiros ou de gestão de riscos. Isso poderia exigir uma maior atenção e recursos para lidar com esses problemas, o que poderia afetar negativamente o desempenho da empresa.
4. **Risco de não cumprimento de prazos**: A expressão de pessimismo pelo BC pode aumentar o risco de não cumprimento de prazos ou de falha no pagamento de dívidas, o que poderia ter consequências graves para a reputação e a estabilidade financeira da empresa.

Em resumo, a expressão de pessimismo do BC sobre uma tentativa de capitalização do BRB pode representar um risco corporativo, pois pode afetar negativamente a credibilidade, dificultar a realização de objetivos financeiros, impactar a gestão do risco e aumentar o risco de não cumprimento de prazos."
BRB Banco de Brasília,2026-02-09 08:00:00,2026-05-01T03:30:24.993410,news_signal,FINANCIAL_SYSTEM_RISK,4,0.75,,RISK_SIGNAL,RISK_SIGNAL,RISK_SIGNAL,RISK_SIGNAL,0.31,"If BRB's plan fails, the Federal District government's contribution could reach R$ 6 billion. - NeoFeed",https://news.google.com/rss/articles/CBMivwFBVV95cUxOVFUtdkhqNWxmR1M5LTJoNVdpd0FtOE43RXlBSzR4emd1ZkVpa1F6UktVc3lURXA0NndqdHZOOGlKUVFmM29kQ1dKcmNiM1V0U2pXa2RkanVwR2NkZkRmY2RrOWItODkzNjhTcHdzQ3U0Wk5kT251UWhxWDZoUFBWSHBPVTR3X0tlRnlicTNQeC1lakRFdmpWVFVVajJkMEEzTGMxc0lyY3hLSTJyOWpXZjdRWHFQVy1NMVoxWjAzRQ?oc=5,Google News RSS,A planned project by BRB could result in a significant contribution of up to R$ 6 billion from the Federal District government if it fails.,"This news could represent a corporate risk for BRB (the company behind the project) because it highlights the potential financial exposure to the government if their plan fails.

Here are some reasons why this is a corporate risk:

1. **Financial liability**: If the Federal District government's contribution reaches R$ 6 billion, BRB will be liable for the full amount. This could put a significant strain on the company's finances and potentially lead to bankruptcy or financial distress.
2. **Unforeseen costs**: The article mentions that the government's contribution is contingent upon the project's success. If the project fails, BRB may need to absorb the entire cost of the government's investment, which could be unforeseen and unexpected.
3. **Reputation damage**: If BRB fails to deliver on their promises and the government's contribution is not successful, it could damage the company's reputation and credibility in the eyes of investors, stakeholders, and customers.
4. **Impact on business operations**: A large failure could also impact BRB's ability to operate effectively, potentially leading to reduced revenue, cash flow problems, or even business closure.

Overall, this news highlights the potential for significant financial risk and reputational damage if BRB's plan fails."
BRB Banco de Brasília,2026-02-26 08:00:00,2026-05-01T03:30:24.993410,news_signal,FINANCIAL_SYSTEM_RISK,4,0.75,,RISK_SIGNAL,RISK_SIGNAL,RISK_SIGNAL,RISK_SIGNAL,0.45,"BRB busca até R$ 8,9 bi para cobrir rombo deixado pelo Master - Bloomberg.com",https://news.google.com/rss/articles/CBMisAFBVV95cUxQM3l3anpJRnVIN0JIZGN5b2FYWktkQTNGRkppSkpfUWFZU3huTTQ2Z0E5dUZvNE54OUlncWdZSl9sb2lXRTM3cU43LWNld1k5V2QyZXFQTkRIQVl3N0dxNDVjSTQ3QnBMZXBWM1M5SzM4R2piVWRtMVFuVjJkRnJwdzF1NzNCcVdZYkdVam9qR09YVjdPZFBYMzY5NEU1WjlKNDd2WktVNFNkQnA0eXZ2UQ?oc=5,Google News RSS,"A empresa BRB está buscando investir até R$ 8,9 bilhões para financiar os custos do ""rombo"" deixado pela estabilidade de seu setor financeiro.","Esta notícia pode representar um risco corporativo porque o Banco Regional do Brasil (BRB) está procurando arcar com uma perda estimada em R$ 8,9 bilhões de reais, que foi deixada por outro banco, o Master.

Isso pode ser considerado um risco corporativo por várias razões:

1. **Exposição financeira**: A BRB está sendo forçada a absorver uma grande perda financeira, o que pode afetar sua capacidade de pagar dívidas e investir em novos projetos.
2. **Reputação**: A falha do Master pode afetar a reputação da BRB, pois ela está assumindo a responsabilidade por uma perda causada por um banco rival.
3. **Impacto na competitividade**: A perda pode reduzir a competitividade da BRB no mercado, pois outros bancos podem aproveitar essa oportunidade para se estabelecer como uma opção mais segura.
4. **Risco de creditabilidade**: A absorção dessa perda pode afetar a creditabilidade da BRB, tornando mais difícil para ela obtener créditos ou financiamento no futuro.

Em resumo, a notícia sugere que a BRB está enfrentando uma situação financeira delicada e que isso pode ter consequências negativas para sua estabilidade e competitividade."
BRB Banco de Brasília,2026-04-29 00:21:12,2026-05-01T03:30:24.993410,news_signal,FINANCIAL_SYSTEM_RISK,4,0.75,,RISK_SIGNAL,RISK_SIGNAL,RISK_SIGNAL,RISK_SIGNAL,0.36,Governadora do DF pede reunião com Lula para tentar socorro ao BRB com aval da União - O GLOBO,https://news.google.com/rss/articles/CBMi4gFBVV95cUxOQzFJQTF1OWVIRlhheUFSZGY2UGQ4eGU3b0tfWGlPdUVkNXFrVm5zUUpPX09OQmxvVUlJZWg0bmFjcFhpSm9ONkJtek5yS011YTZvNURGZldIV2FKRjU4dDYyT0pkdFBNZGY4VE1FRXpqbXNkVXA5emFLNlpVYjV2VWQ3VU5kQjNNNmV6SWlGQUZ0Z25pUlc3dmxWMDhkOUlpdUJVQ3AzU2dsY2c0NnpWTGN6YXlJZThlUkZWZzc3eE1qczRqMjMzc25mWm01ZVhzekZ5UURLTU5hb1hkLV9tWVRB0gHwAUFVX3lxTE9yVC10Y1BfVEVLQ1ppVnBzamctcEV3WVFJV0dzeHVYVHgzaGJsb1FQRkNiVHp2M0x5N0xGVnhramhMc0sxQUxIOWJ4TTNQUG1NbjNiSFg4bTJxX3BfZGttVmZZWUt5aTBUU2ZUODB5MGpqajdnYndYUlpTTmEyYlhiNzBqYUpxckNEUldmOXJkMFB3QzZDYWRWd0hibDhuUTY5aU9WQUtNVmFaUE1IZFZ6eEpHZENkNElMNG5rVndKV0VXa3ZkdGlVYS1tOXlaZ1JOMV9EdlJfdzRlNGVFT3lHN2hVaW5LOXhmV1hsZEYyUQ?oc=5,Google News RSS,A governadora do Distrito Federal pede uma reunião com Luiz Inácio Lula da Silva para obter o apoio federal para resolver problemas do Sistema de Rendimentos Bancários (BRB).,
BRB Banco de Brasília,2026-02-23 08:00:00,2026-05-01T03:30:24.993410,news_signal,FINANCIAL_SYSTEM_RISK,4,0.75,,RISK_SIGNAL,RISK_SIGNAL,RISK_SIGNAL,RISK_SIGNAL,0.41,BRB busca repor caixa após fiasco do Master - Bloomberg.com,https://news.google.com/rss/articles/CBMimgFBVV95cUxPc212M0k1UEhSb3ZaZERaMGE4Zm45b3B4OVFqSDV3UGZWU3dFVk9GSkF5ZkxIR1ktT0dRRWQzbVloNlMyTkVURkM2aUxLOThacEtZSTJDVG9nUUtfOTZoa3RZZjlKUDRyYnhib0Z3ZzBJcHlRMHZmS2dwYjZHZlhoZHpqY255cVRzdWYwTENOUHhlWnEwU1pEUjhR?oc=5,Google News RSS,The Brazilian bank BRB is struggling to recover from a recent scandal involving the Mastercard payment processing system.,"Based on the article title, ""BRB busca repor caixa após fiasco do Master"", it appears that Brazilian bank BRB is facing financial difficulties after a major failure of its Mastercard partnership. This could represent a corporate risk for several reasons:

1. **Reputation damage**: A high-profile failure like this can erode trust in the bank's ability to manage complex transactions and protect customer funds, potentially harming its reputation and damaging its brand.
2. **Financial instability**: If BRB is unable to recover from the Mastercard partnership failure, it may struggle with financial instability, including reduced revenue, increased debt, or even bankruptcy.
3. **Regulatory scrutiny**: Banks are heavily regulated, and a significant failure like this could attract unwanted attention from regulatory bodies, potentially leading to fines, penalties, or even changes in banking regulations.
4. **Compliance risks**: To recover from the Mastercard partnership failure, BRB may need to implement additional compliance measures, which can be costly and time-consuming, potentially disrupting business operations.
5. **Credibility risk for investors**: If BRB's financial situation remains uncertain, it may affect investor confidence, leading to a decline in stock prices or reduced access to capital.

Overall, the news suggests that BRB is facing significant corporate risks due to its inability to manage a major partnership, which could have far-reaching consequences for the bank's operations, reputation, and long-term success."
Nubank,2026-04-22 18:02:02,2026-05-01T03:30:24.993410,news_signal,GENERAL,1,0.2,,GENERAL_NEWS,GENERAL_NEWS,GENERAL_NEWS,GENERAL_NEWS,0.45,Precision Trading with Nu Holdings Ltd. Class A (NU) Risk Zones - Stock Traders Daily,https://news.google.com/rss/articles/CBMi2AFBVV95cUxNQlVjRkVkRG1VMGlSR1VUY2gxMGx5UEdRWVhnbTZlSkt4MlMzWXdCWGhNeHJnQXZzVVZwR01OSkRoRG8xRDRRVWxqMU5HSDF3XzkzUUlzbjJMdTltY2JZOTgwR2RyMllMZDVURERwNUxTQkRCczhKWFNxUlFpWFo0REhJMlhER3JGSFlTYlB6SHRJdHo1dlVuYjJEa2JoeUVVX0xtdm9JTjdqVllHQ3JiTXpwS2tycUF1OEVtTFFWQUJEQlJNc0ZSSWdOWUxjOFFhTW9UdjA2a1k?oc=5,Google News RSS,,
Nubank,2025-11-17 08:00:00,2026-05-01T03:30:24.993410,news_signal,GENERAL,1,0.2,,GENERAL_NEWS,GENERAL_NEWS,GENERAL_NEWS,GENERAL_NEWS,0.47,Is Nu Holdings' (NU) AI-First Strategy and Record Earnings Reshaping Its Growth and Risk Outlook? - Yahoo Finance,https://news.google.com/rss/articles/CBMieEFVX3lxTE5WS1RubWprSnJOdkpkVDgydDlZYU9vMVB6eUptc1JyY0NDMlh2ekhIZUFqMHNEWE1nbUlRdVMxc2d6T2ZZZVFRM0Y3YzhnTmxjOWVCZ3J5SG9nYWx2NTV5WURWRGhrZXJoRGpob09ndlo2SklxQy0teg?oc=5,Google News RSS,,
Nubank,2026-02-26 08:00:00,2026-05-01T03:30:24.993410,news_signal,GENERAL,1,0.2,,GENERAL_NEWS,GENERAL_NEWS,GENERAL_NEWS,GENERAL_NEWS,0.41,Nu Holdings (NU) slides as investors digest Q4 results and focus on credit-risk and margin signals - Quiver Quantitative,https://news.google.com/rss/articles/CBMi0AFBVV95cUxPNmx5X0x0R1NHSmdXRlNYRE9qWlM4dDVfbjEyeU1ERU81V3QtbU1LTjlsS2hJS2pBel9tTk9jb1FlMDM5eDB2U1lReHVOMDF4Z216OHJPLVQwZkUzY1RVd2JwbjFlY3lPUFljVW96VnBSeFE0SGtqQ1l6Qm50Q0ROcWg4Q1FkNU9ReDVEb1ctVkRkblZldmhsZmFLemZGaHBkV2VlRm1qbm9rWnFNOVJzZnlkd1pNRnNZcHFYeHFHUGFlTVlKRFMtUkVoN3ZUcGJS?oc=5,Google News RSS,,
Nubank,2026-03-30 07:00:00,2026-05-01T03:30:24.993410,news_signal,GENERAL,1,0.2,,GENERAL_NEWS,GENERAL_NEWS,GENERAL_NEWS,GENERAL_NEWS,0.45,NU Medicine study reveals early menopause linked to significantly higher heart disease risk - Evanston RoundTable,https://news.google.com/rss/articles/CBMizwFBVV95cUxPb29KLXZRV1Z2cm9zMEhlc3MzWXptTFV5YnVDWXFQMjJkMFZOSkxGbVY3Z0FCWkFMek41TmtlRTFKaVJRMFdhVjBmZzhueU95aDFTRUxyYWJsakFnRDV6Z1V3R05VRG1yRUo0YnN2Z1RKaUZTYTY4UVhiV2h3U2hEYjVXeFcxTldzejV1bkZibHotSG94VWZWS0h3eHhHZ0JzZ2lETVlfR3hqbF9FMmNrZThPSmx4T0FrTzdUbi1Qa1VXdjlZNldSV2E0MzFOS2c?oc=5,Google News RSS,,
Nubank,2026-02-04 08:00:00,2026-05-01T03:30:24.993410,news_signal,GENERAL,1,0.2,,GENERAL_NEWS,GENERAL_NEWS,GENERAL_NEWS,GENERAL_NEWS,0.46,Nu Holdings: Why I Remain Constructive Heading Into 2026 (NYSE:NU) - Seeking Alpha,https://news.google.com/rss/articles/CBMinAFBVV95cUxPaDhGS1I3WnFHRGdVdWZfVEhlMGdKR0dqMUtYN1Z2QWZ0VFpjWmlxWE4yZWlsd2NJUFdYbGdSelY4My1FeG9GTTJubHFocnJWcDRuMVl2TGF2V0VGZE9iNW53RHBGSjJORTRaeS1CTG16SE55SkVpU2s2aThFNHZ6OGVpMWVhSWh3RVhnSDUwc1k0NHNhWWIzbmJnQzQ?oc=5,Google News RSS,,
Nubank,2025-12-04 08:00:00,2026-05-01T03:30:24.993410,news_signal,GENERAL,1,0.2,,GENERAL_NEWS,GENERAL_NEWS,GENERAL_NEWS,GENERAL_NEWS,0.43,Morgan Stanley weighs risk transfer to cut AI data centre exposure; Nubank seeks Brazilian banking licence - TheBanker.com,https://news.google.com/rss/articles/CBMiekFVX3lxTE5DVHpmUHRhR3JYSG9yQmxzSWtGWWVlZjhrZTAtWUduVENTVmRObW50dzREQmhGYVZKbk8xZFU1NHU4X0d3OGJ1UTJqOGRuTHpoeFlUSXNlbjQtYjI1cWdjNUI0QWpPRXpvU0VTcml4SnZ4NGpuNWh3YV9n?oc=5,Google News RSS,,
Nubank,2026-01-17 08:00:00,2026-05-01T03:30:24.993410,news_signal,GENERAL,1,0.2,,GENERAL_NEWS,GENERAL_NEWS,GENERAL_NEWS,GENERAL_NEWS,0.42,"Nu Skin Enterprises, Inc.'s (NYSE:NUS) Share Price Could Signal Some Risk - simplywall.st",https://news.google.com/rss/articles/CBMi0gFBVV95cUxPNVpNcWUxWVE4b3U2V0x4Q3dlS0g3cDFHLVVVVXJfaFU2bU9WcDVaWlpPVU9WRFNFUEZaX0FnaHI2cWJLZ1RQMDYwNGtXX0hsc3BKS3Y3WlY0TlJjX05fa0pqY09abFU2QTloWVg3V3YzbjVvQTRvek53bUZDaGRLWUV6OWNpQVY4d25zek8tenJ0TGhFY0RfT3hRVWQtdnI1d1VEX2NIZERIMEFKMllseTIxcV8xcXdOUlFZNUVQUTJkQV9KMWU5cW1mdTFQWWpERlHSAdcBQVVfeXFMUEo3S0xtQnBiMzlzNUo0Q2tDeTU4dTExVDRfLXE3RWhzWlFjQ21xeUUteEFwZ1ZHcG5iSHNzejhMZXVPcWx4TWM2T3k1MUxBQnJqUlByNUwwZURBSF9id0pOSTljQ1VHOGh4T0NGQ0JWazRxR1ZoUG85ZkYwUm1lU1RSU0hkWjZhZ3JXUzJ3eHVYaGtOQ1ZUSi1fSFZXNGxQUWVmZ2FVZzFMd3hWSzY1S3hEYnpqa3RSVHhSd3hMSW90UjE2TnRuSGdRc05CVEdoT3NhbTNZaUk?oc=5,Google News RSS,,
Nubank,2025-11-14 00:12:06,2026-05-01T03:30:24.993410,news_signal,GENERAL,1,0.2,,GENERAL_NEWS,GENERAL_NEWS,GENERAL_NEWS,GENERAL_NEWS,0.4,Nu Holdings Ltd. Reports Third Quarter 2025 Financial Results - Nubank,https://news.google.com/rss/articles/CBMiqAFBVV95cUxQNnk0NWtLWkZnZzJZbnM4ZXdKbHhBU1hldmRwOGlvYXJkdkwwT3ZIaXBXRGRSZjZTYXFkX0VJTkE3OG9faFlCQjVOcXZjTDVLRzN4Q1JtQzRIR2FUOGFEa0Y4WEloS0RiTndDek5tbUJoNkFuRGlxWUNBREplUncwZ012bVVnNlB4WjVIUXo0dE8weXE0a1JYWEdWdF9QR3lLQUg4X0JwdUk?oc=5,Google News RSS,,
Nubank,2025-09-01 07:00:00,2026-05-01T03:30:24.993410,news_signal,GENERAL,1,0.2,,GENERAL_NEWS,GENERAL_NEWS,GENERAL_NEWS,GENERAL_NEWS,0.4,Nu Holdings’ SWOT analysis: digital bank’s stock poised for growth amid challenges - Investing.com,https://news.google.com/rss/articles/CBMi0wFBVV95cUxOeVFQREtLeUFXUmNaWldOWHoxb0tOZHBtclJIcWFLVDlmeDA1RnBnNlBxdUNCaHVZRWFYOXEzQjJJUlBibk05WkUzRzBuRDc1THdUN3NkZjMtQ1ZTRWNrUzh3NmhfS1FGWFlSb0VXLXNualRXQ3lkWi1NekxPUzloTkV1NjlBQWNVb3o2aEo5bHZQX1ZxV0cyWnBNYlRXTGFacjF1MFdPby1qS0RXYzJ0clVHanJNQlplWDFzT01hczVabDhJTnpxVHRlRzdlejZMNXgw?oc=5,Google News RSS,,
Nubank,2025-09-07 07:00:00,2026-05-01T03:30:24.993410,news_signal,GENERAL,1,0.2,,GENERAL_NEWS,GENERAL_NEWS,GENERAL_NEWS,GENERAL_NEWS,0.45,Nu Holdings (NYSE:NU): Evaluating Valuation as Investors Reassess Growth and Risk - Yahoo Finance,https://news.google.com/rss/articles/CBMiggFBVV95cUxPUWFCNFB4WjNpcHVRcGY4VWNtcV9oWGlYVlNfVl9mTXVNMnNrZ1FEc21iNFdENXVVLU5MTUtnOUIyT1Y4M2xpUDBES3AwYlV1amtXd1BuRVpOMmYtRExJTF9iY0VaWXdnWHJXMFBfQ0Q5MmU1LVJfUmltZUloaGQtVFh3?oc=5,Google News RSS,,
Nubank,2026-02-04 08:00:00,2026-05-01T03:30:24.993410,news_signal,GENERAL,1,0.2,,GENERAL_NEWS,GENERAL_NEWS,GENERAL_NEWS,GENERAL_NEWS,0.47,(NU) Risk Channels and Responsive Allocation - Stock Traders Daily,https://news.google.com/rss/articles/CBMivwFBVV95cUxQRVpVLUs4dlgtNE9MMUFzdDc4anVRcllTcnBMM2xYQWZfd21CS0pucTJMWTg2V2djTERkVjlMamRjcTUzM1l0ejdDVHJENktMMnFPZGFKMGRlQk96U1NnbHkzNzRVVVl2U0hsVHRiWkFaSGg2aXg0TnpKeDg2LXVJTGpDYW9vekRkZlJyQzZKMWlERUZwWFZHRGtrWTc0QWs0QUlSUy16bURwdE9hYmZLdDNnTjA3MnA5MkNjQjdWbw?oc=5,Google News RSS,,
Nubank,2025-08-09 07:00:00,2026-05-01T03:30:24.993410,news_signal,GENERAL,1,0.2,,GENERAL_NEWS,GENERAL_NEWS,GENERAL_NEWS,GENERAL_NEWS,0.44,Why Nu Holdings Remains A Buy Amid Brazil's Economic Uncertainty (NYSE:NU) - Seeking Alpha,https://news.google.com/rss/articles/CBMipwFBVV95cUxQZDZKcTlSMDdqMThoejd0emNRRWg4ektmWUdSdEpuQk4tNUZCQWZJcEx3SWptTGU5QzdKSVFjcVFXZTlMc1Z1NWVZM0p1MXRDSWp4aFk4RHRNb09YeEFKTk5FNWhaRDlmZno5Q090R1F4bzQ4QmZuLTRtZ285R18zR1FIQkRUSHJwTElFSlh3b0xtcXA2UGhRYVhPUDBiYUxNZVh4d0RsOA?oc=5,Google News RSS,,
Nubank,2025-08-21 07:00:00,2026-05-01T03:30:24.993410,news_signal,GENERAL,1,0.2,,GENERAL_NEWS,GENERAL_NEWS,GENERAL_NEWS,GENERAL_NEWS,0.37,Are energy drinks like Alani Nu Witch's Brew linked to stroke-like symptoms? What we know - Snopes,https://news.google.com/rss/articles/CBMiggFBVV95cUxPZ0tSU2IwakJYM1hJNHk3UGRkVWNXR0hkQmlJSXNQTWhtT0x2V3dtbU5Xc0xRNWU0MThQeVR4WTFVQ1UxOVIxbENOVUFYaFE1QWhyWHZaVGFPOE81UThUZ2JFTTRaZE83aXMyUmpsX0hnc2pEQ0hMNG5KS3NVX09LMy1n?oc=5,Google News RSS,,
Nubank,2025-08-14 07:00:00,2026-05-01T03:30:24.993410,news_signal,FINANCIAL_SYSTEM_RISK,2,0.6,bc,WEAK_SIGNAL,WEAK_SIGNAL,WEAK_SIGNAL,WEAK_SIGNAL,0.4,Nu Holdings Ltd. Reports Second Quarter 2025 Financial Results - Nubank,https://news.google.com/rss/articles/CBMiqgFBVV95cUxQT1hBWlFYdUwzQWxUOFRBLWFDaXh4SlFmTXNhcE94OE9YOWZON3NKSnB0YTZNYUlzUTFHM2p3dkNDQ0hHZjd6M1BCanAyektBMzdkNk5IcDVyU0NMTVpMT2tJRmdBcGIzUFd4M2txZTZ0ZDF4V2V5VlhCa3pwVVB2bTdBczhzVmlLOE16ZXZRUHNoLTBfT2h6WEYwdlBrejJrR2NzSHc3ekpLQQ?oc=5,Google News RSS,,
Nubank,2026-01-16 08:00:00,2026-05-01T03:30:24.993410,news_signal,GENERAL,1,0.2,,GENERAL_NEWS,GENERAL_NEWS,GENERAL_NEWS,GENERAL_NEWS,0.38,Nu-World Holdings (JSE:NWL) Could Be At Risk Of Shrinking As A Company - simplywall.st,https://news.google.com/rss/articles/CBMi4AFBVV95cUxNWS1oQjhEalFFdnVGeHlmMWthOHRJam9nYTd4RE1SWG1fSzVHNUNiRkpXeEJUS0hTRENPWHMydy00U3lZUEVUVHFqV09NMWNiaWZxLUZBTHBMZE50QlRwZ3g5QlI2Z1oxNVpHNy1MTlFSejdaY3hjZUxzVUJGcU9TVmRpc0xhUFVMa0hrRlNYLXdFeDZHUF90S29DVU1MbnhKSThVMmJiRk00S280SFR5SldRZ3JyNUNaN0xJalo1cmQyaW9zbkxiRU5OR2lhdlBPanNjWXNJbWRseDBTdjBmWdIB5gFBVV95cUxQa0M1Skk2T2FVc2FLREdiQzdxQzdXZ2JHQUZvaFBjcnoxTElpUWhjR192U1Q2c20zNEdKcExGN1pQYzVXdUFCaFJubWtfSEhmbzlpTTF6TWZVZWJ6aVlOb3RZbTdkMHVsbWhlR0tPUW5JbldXX1pLb29aQ0dfN2RmZEk5c1dBbE1YZ0ZYOEdhNVJkQ3laOWtsOENlZFhhNl93d0M3NXpyTV9hbkNaTGZSeFZVSmU4ZFZMaGNVTFVXWTFnSG1sRDRkM0VWTWNrNnZMdGZDRzgzajBOOTQ0V2h1ZlN0Nmxldw?oc=5,Google News RSS,,
Banco Inter,2026-04-08 07:00:00,2026-05-01T03:30:24.993410,news_signal,GENERAL,1,0.2,,GENERAL_NEWS,GENERAL_NEWS,GENERAL_NEWS,GENERAL_NEWS,0.49,Inter & Co’s Banco Inter Raises R$300 Million via Perpetual Subordinated Notes - TipRanks,https://news.google.com/rss/articles/CBMixAFBVV95cUxOWG9HSG94ZFN4TnhZMHFobW1OLVVCVHl3WmdEQ1hYTnRyckVyZ3VsVllESDJONDVzZnotNkJfaFFDVk1PZWxOUS1FOVdGOE5MX2VmUmpURVh2eUdEeDlSQXpfLVo0RDlNSUt4U0tBMlRCalpaUGloclhoczRLeDc0clZFRTVPUXVqUWl5N3NoTWQtcENoQ1RJT0JMaWRCQjAyRThzWHBrdmdubGYxcUthNktHWk5tQ25DUFRHVmtsWi00aXdU?oc=5,Google News RSS,,
Banco Inter,2025-11-03 08:00:00,2026-05-01T03:30:24.993410,news_signal,GENERAL,1,0.2,,GENERAL_NEWS,GENERAL_NEWS,GENERAL_NEWS,GENERAL_NEWS,0.43,"Banco Inter, Chainlink Power Real-Time CBDC Trade Settlement Between Brazil and Hong Kong - Yahoo Finance Singapore",https://news.google.com/rss/articles/CBMiiAFBVV95cUxPZFgtUGdvbHhMdUFZX09lRUF4ZHlHelZEZE5mSERITzY1ZGxyTkNQVnZmM1FOazZvRUJWajQtbWRrUDlWN3VDa1ZUbTBvZjZtdVI0WGJOOTRqME11S2YtMTV2M2IxbW5FeTg1Z2t4UXppWmhidlVGbmFRUjUtdUdONlZ6WGpjMzNN?oc=5,Google News RSS,,
Banco Inter,2025-11-04 08:00:00,2026-05-01T03:30:24.993410,news_signal,FINANCIAL_SYSTEM_RISK,2,0.6,bc,WEAK_SIGNAL,WEAK_SIGNAL,WEAK_SIGNAL,WEAK_SIGNAL,0.46,Banco Inter & Chainlink Pioneer First Cross-Chain Trade Settlement Between Brazil’s BCB and Hong Kong’s HKMA - Disruption Banking,https://news.google.com/rss/articles/CBMi5AFBVV95cUxNQmZrVGZYRFRpNTBhdXlvY3Y5eVhUR01lWGZ1aEFRRVowOFVOM0xjOE82cVNqcUxWOVN3bFcyZFBlODYybXQ0cnBVWlZDRkN2UGhUdDVJNDBua0dTXzBiZy1CRHN5Ynd6VDVReXFfR3FQendIS3FMUEM0eGlVaDA4TXI2VklncTV1QlY1NDlhUzNtRGx4T1NNX1RFTThKX1pja0pwTURZeUh6TTByRll6NnZST0c4Z2RMb1dPM1RwN0ZrS25BWUx6SHMtU1hGTGo1ZWhoN25remtlb3ZVYlZKQzhrX2Q?oc=5,Google News RSS,,
Banco Inter,2026-01-19 08:00:00,2026-05-01T03:30:24.993410,news_signal,GENERAL,1,0.2,,GENERAL_NEWS,GENERAL_NEWS,GENERAL_NEWS,GENERAL_NEWS,0.33,Brazil's Banco Inter secures approval for US banking branch - FinTech Futures,https://news.google.com/rss/articles/CBMiogFBVV95cUxNRXFteEFidkhqVmhid0k1Ym1oQnM1WDlfNWgwMjR5QmRIdVRFLW9mb0c3S0FURWNLTEZFbTZSQWtDZnRlZEt3d2lBM0xob25GU0c3UjlodTBjeWpqMU42VWw1RUVTcWtFTXFGSjFkWDE2Nm04VnB1U1JqeUFGS1d4enFmVEYxTTU0YVNpRXgyZzI5UFhpYWVPOENFZ1FwMzE0X1E?oc=5,Google News RSS,,
Banco Inter,2026-01-23 08:00:00,2026-05-01T03:30:24.993410,news_signal,GENERAL,1,0.2,,GENERAL_NEWS,GENERAL_NEWS,GENERAL_NEWS,GENERAL_NEWS,0.37,Banco Inter gets Fed approval for US digital branch - American Banker,https://news.google.com/rss/articles/CBMikgFBVV95cUxQNHhTS3o1X0RuUkhYNWdoNDFuemdqSzlOQkdDNTA5MHhnb2xHb1lNSXFzNVZDWGlKcVZWbUxJREhReE5GWmstdkNkUG5OUXpxS3VNanh5dTJyQnQ3WGVBUUJKZTRqcWM3NGtuTi02YkVZdWQzakRGRDJEZ1RqVm9hVWtpbHN4STJJRy05Q01Mb2Y1dw?oc=5,Google News RSS,,
Banco Inter,2026-04-30 02:46:35,2026-05-01T03:30:24.993410,news_signal,FINANCIAL_SYSTEM_RISK,2,0.5,central bank,WEAK_SIGNAL,WEAK_SIGNAL,WEAK_SIGNAL,CRITICAL_SIGNAL,0.46,"Brazil central bank trims interest rates again, eyeing Iran conflict - WKZO",https://news.google.com/rss/articles/CBMinAFBVV95cUxQWXBlRnZpeDVmQ3ZIdExwMGhKNEZ4bldwdmhJeFFwTVZ4U0NwcDR6QXBZOVFaTUYtOEltLU1MNFlacWoxemdBTU5OOUlRclhsaHZPajZ5azlQZUVCelpKcEZuOVZKV3ZZX0hsTUc1LVVma1dQaUJ1Z0ZHVjE5LUFhc0xwX2kyRUdITkpkY2hvanRMOU9BSmlTM1Ywcl8?oc=5,Google News RSS,,
Banco Inter,2026-04-29 22:10:23,2026-05-01T03:30:24.993410,news_signal,GENERAL,1,0.2,,GENERAL_NEWS,GENERAL_NEWS,GENERAL_NEWS,GENERAL_NEWS,0.5,"Inter & Co (NASDAQ: INTR) details 2025 growth, NIM and risk metrics - Stock Titan",https://news.google.com/rss/articles/CBMitAFBVV95cUxPUHprRFJ6UmdyRTIxMFpPaGJQTE02dUlBSnUtaXJDQWpkdExIOW5jOWdpakVvUnZ2NVN2cWhHbkdhVjBfSDJIX01BdzFwMDdMcUE2ZFFQR2M5Wl9qVVg0dV9OWmhyZ1BOeHJIRDNSeUMtMXlXdllkR0p3cWNsQTJtd0E2aW9kVm4xZEVORmJrVGtmQ1prYmY2OGoxQVZwVXNWckxNNTNJV19Kd3lkNnkxUG0talg?oc=5,Google News RSS,,
Banco Inter,2020-10-23 07:00:00,2026-05-01T03:30:24.993410,news_signal,GENERAL,1,0.2,,GENERAL_NEWS,GENERAL_NEWS,GENERAL_NEWS,GENERAL_NEWS,0.44,Brazil: Could Banco Inter’s super app break banking? - Euromoney,https://news.google.com/rss/articles/CBMitAFBVV95cUxNTXlRSU9jYmdpcDdlZUJCeDFVdjZzcDc5ZTdhdl8tQTJNcEtSLWJOWTk0bTJHUnZ2c3VDX1NmOGY5NXhZN0VfaVBNNlVnV09ETFUtY25vU2FHa2hFXzJEUDQxRUZ6UThyR2F5clJCSV9HUUJ5MG1TMVk0clN3SHJzNE1DNWtOUmc2ajJNQ0k3elNkSzFRM0xjR3lwYzZ3MFhnVFRwWklRWFdDa01rSmFBWVRJd2E?oc=5,Google News RSS,,
Banco Inter,2024-11-21 08:00:00,2026-05-01T03:30:24.993410,news_signal,FINANCIAL_SYSTEM_RISK,2,0.6,central bank,WEAK_SIGNAL,WEAK_SIGNAL,WEAK_SIGNAL,WEAK_SIGNAL,0.48,"Central Bank of Brazil to pilot CBDC trade finance solution with Chainlink, Microsoft, 7COMm and Banco Inter - FinTech Futures",https://news.google.com/rss/articles/CBMi4wFBVV95cUxObVcyLVBEMmR0amIydVJfZlgzTDdaNm1aRFplaWttV1JlV3l6SjFUMUZwdms4SmRvaG4yWVNzZ0R3Y3loLWllTXN1T2owVDRXOXpqRklvdFhfVmlmNmlEdmhPMWtfRWJqaEY4eHBqSDdOMW5yRlJLM2Y5MGRBSmlMSWRsb3ZELUFTQjJzX2dlY2I4YUE3a1R0X0NLVWlTclBoRDVjUXFpUjdObUhTYmVITTFVUFFkVktIOWxyV1J0WlZ0dXNXOU5lQllVZTRCZG1OemhBNVF2M3U1ZjN2WmhxNVlCMA?oc=5,Google News RSS,,
PagBank,2026-04-29 20:06:17,2026-05-01T03:30:24.993410,news_signal,GENERAL,1,0.2,,GENERAL_NEWS,GENERAL_NEWS,GENERAL_NEWS,GENERAL_NEWS,0.49,"PagSeguro (NYSE: PAGS) outlines macro, AI and data risks in Brazil - Stock Titan",https://news.google.com/rss/articles/CBMiwgFBVV95cUxNVmRkMkU5OVEzb1NlOW5VS2N6aURkdVJGbm5QN2Q5VlJGWElpS2w4UEF1M2Y5T2lEUnZaZk5MQWNJcGU1UEtVR3ZuTExPZnlPZUM4SXN4eS1GUjM4ZDRDVEZFd3hDOEJnT2xDYlNsRUh5X2s2RHAyNG5hRWdnQWJ1Y25wVFBHaGJLR2ZwVjBnaWRMNHNxSEdPTXg3cDVCV2RJdmpocWNEN1h0RzFNR3FVREU3cWFXVXlzSkp0UUpRaGVBZw?oc=5,Google News RSS,,
PagBank,2026-04-29 23:54:02,2026-05-01T03:30:24.993410,news_signal,GENERAL,1,0.2,,GENERAL_NEWS,GENERAL_NEWS,GENERAL_NEWS,GENERAL_NEWS,0.43,How (PAGS) Movements Inform Risk Allocation Models - Stock Traders Daily,https://news.google.com/rss/articles/CBMixwFBVV95cUxNZjlQZEhEOThwOW03S3BYTDlsX05Jcy1MRGNWWWR5WVhjcUZ2ZjRXYmhRNFJZZE9SUzJadjVIVjhvNGl4bldOYllkRmlXdGpWZmgxRzNUTC1aemFBZnFWZkFzeS01UEV3cVJsaVp1ZVBXY2pfTEpZWVRERlpzc0xoLUE3eGZYUS1lV1pPdDVxT3RfLTJGWjhYQ2hSbkg2R1B4TlBtOFRqZ2dOc3ROQXJBaEV6ckRZZjZwTF9Pd0IxcGRTWmw5NkpF?oc=5,Google News RSS,,
PagBank,2026-04-14 13:02:37,2026-05-01T03:30:24.993410,news_signal,GENERAL,1,0.2,,GENERAL_NEWS,GENERAL_NEWS,GENERAL_NEWS,GENERAL_NEWS,0.47,How Investors May Respond To PagSeguro Digital (PAGS) Upgraded Earnings Outlook And Technical Momentum - Sahm,https://news.google.com/rss/articles/CBMi5wFBVV95cUxQMWhnNi11VEFaUmVhdENnSVUyYkU1MmVXRzVPbkMxNzdkRVJMU3NsSWNBMi0tVzNDZWM3N3hoZmxwS1kybjZjSFJnQ2pWSng5R1NzUEZHRGk0bHRBV2JUVkRlNEltbXg3VmtEdVFkaUFTRXRCTVM4QWxfT1N3cU5GSVVzeExGUWFwTUh6S3BqSktQVWlaX0hFTGltWklVV2ZVSkJwNVNodEJzWGMtMC1Uc1NfQVg5Q1padldaMktJYl90QzZmU0JoNVA0bFFsMnBTbnpNTU4xUFFrU0JKSTJsQWw1TC0zeVU?oc=5,Google News RSS,,
PagBank,2026-03-24 05:48:09,2026-05-01T03:30:24.993410,news_signal,GENERAL,1,0.2,,GENERAL_NEWS,GENERAL_NEWS,GENERAL_NEWS,GENERAL_NEWS,0.4,PagSeguro’s Brazil Fintech Play Is Shifting From Payments To Credit - Finimize,https://news.google.com/rss/articles/CBMiXEFVX3lxTFBGenRtZTVCcUJWb2xXdzZ4M2E3N0hzdWtPV0xVdThINnBLTVJJUU1od3hmZWRsNjJnS3BRN3FlWEVYczhYWmw3SEpzQ2JNVVZZSVd1UjlVbTliTENY?oc=5,Google News RSS,,
PagBank,2026-01-15 08:00:00,2026-05-01T03:30:24.993410,news_signal,GENERAL,1,0.2,,GENERAL_NEWS,GENERAL_NEWS,GENERAL_NEWS,GENERAL_NEWS,0.39,PagSeguro Digital Ltd. (PAGS): A Bull Case Theory - Yahoo Finance,https://news.google.com/rss/articles/CBMigwFBVV95cUxPS0wtT0dpOWMwRWdlSGo1V3J3VmlIRnY3NHAyeXlNOVViS0dGdnpEbW5CV2lxLVVIVmY3WkYzQUI0aWJhaGFlQ0s1NDhmOHdvdnRwUE10dTJuM184c2VzN1o5RnVoTkZJaXdMLWI5a2NRbnl1VUxSZXhsZDJFcHBtZnoycw?oc=5,Google News RSS,,
PagBank,2025-07-05 07:00:00,2026-05-01T03:30:24.993410,news_signal,GENERAL,1,0.2,,GENERAL_NEWS,GENERAL_NEWS,GENERAL_NEWS,GENERAL_NEWS,0.51,"PagSeguro Digital: Cheap, But With Some Country Risk (NYSE:PAGS) - Seeking Alpha",https://news.google.com/rss/articles/CBMiigFBVV95cUxONWZSWkhaM3lRSEYxZGJtek1kNTJ0WlN1b2Y4T2pvU1NmQ29YOHRFbHJMVmdyV2pvdENPWEt4YTF1bVdESVJxNmVzX19CNm1CZ1lpdW5pSWpkV0RfTzBJMEdqOEFxbTdGRjNwUVI5eXVoNTZ6MjNoZ2xTV252YXI4U3pRTnc4VDNxZ3c?oc=5,Google News RSS,,
PagBank,2026-04-21 07:00:00,2026-05-01T03:30:24.993410,news_signal,GENERAL,1,0.2,,GENERAL_NEWS,GENERAL_NEWS,GENERAL_NEWS,GENERAL_NEWS,0.41,A Look At PagSeguro Digital (PAGS) Valuation After Recent Share Price Momentum - simplywall.st,https://news.google.com/rss/articles/CBMi4gFBVV95cUxNNU52T2VuSUdrdDNYRnItWkVKaUZjVlhlOE5qNlhMZElNeGJZa3FMZFloYTg5SnJhbFh4WUFJR1k3aFBqSEZYc0dKS04wbTFfYlRPSVVtNkxUQkRKdWdQQk5UTXU2VVBKN0xmendUY2hYaDBGX0VoRHJyV2hGZWFCSERIdUs4b0lwaVVnZFp1QW9YMldRMmdEcjVUVXphZDNWOElnTzBodjIxSXhWSmR3YXk4bmZHLUFfWF9OdllPOEd4N0tRTXN1Y3lkdXlqRWM4eE5ON1VHaFc4SnBpZnNmbWJ30gHnAUFVX3lxTE9CWC1QY2ktMVRRMWxZdk9BQjlHZ1N3U09ZX1JGeXpsYkZTcHAxZ1dMV3lCMXpvaXI2N3A4Y0dlRmJZWHNnejZSM2pBSzJpQjVZOEJ4RlE5NUFNd3BzcVYtSllZNXBXZ2FmeDNSNm9kYjZPbndKanNHYmNtc3Y0QkRfN3hNQ1BEVl80OWthRlVnSkIwRkNJUzBkRWhQdS1vaHB6N0RBUHRlLWp6T2FXWDh3aWk0SExETS1CSGZfMVgyWnVyTG1ESW93WF8yNmJxNmw4VE5WcGVOb1d2T3FYOTFxQzM3MTZOaw?oc=5,Google News RSS,,
PagBank,2026-04-18 22:46:02,2026-05-01T03:30:24.993410,news_signal,GENERAL,1,0.2,,GENERAL_NEWS,GENERAL_NEWS,GENERAL_NEWS,GENERAL_NEWS,0.42,Trading Systems Reacting to (PAGS) Volatility - Stock Traders Daily,https://news.google.com/rss/articles/CBMiwAFBVV95cUxNOEpQc28zaU52cU1CSHZtSVdKcWp1UExvWm9wQnlrd2N5TlBDdlprRGpYVzBJM0RqMkczbnNjZUczay16bjczNkZzOU9nUmFhZlFMa2V5RkVodVE2cXRSUmNNR1Y0dUlNU0daYWpVYjV2OWVELW0wbTc5eFFta1ZDdlAydXplMzhGM2ctcE9ZVnJHcDJxc05saWg1TkJnVHg4emgybTV4NGhLRVRRVW1MS0Z0a0VzcC05TWZaRXFQSXA?oc=5,Google News RSS,,
PagBank,2026-03-05 08:00:00,2026-05-01T03:30:24.993410,news_signal,GENERAL,1,0.2,,GENERAL_NEWS,GENERAL_NEWS,GENERAL_NEWS,GENERAL_NEWS,0.48,PagSeguro (PAGS) Reports Strong Q4 Earnings with 9.4% Revenue Gr - GuruFocus,https://news.google.com/rss/articles/CBMitgFBVV95cUxOeWhvc1J3WlhpU2pfbmJfc1Q2ZXF6NEd4LVZXT28wZUFWaTJ1VVNQU1Bqa3hZVDh2cmNvSjY3OTAzM3UwOTA3VmZkNUtoM0NJaV85WExSOWlOZXBQYzMwTzdjWTJFTjRxbnpqc2I2b0hQYVlxSzB6X1pvUzRLUmtmeklKYk1nVFAwVHI1bjhMb0h0VjdlWkZYZnktT3BzV1pVRWRzWHNnSVlMWDNzMWNEUmxFTWh4Zw?oc=5,Google News RSS,,
PagBank,2026-04-18 23:31:44,2026-05-01T03:30:24.993410,news_signal,GENERAL,1,0.2,,GENERAL_NEWS,GENERAL_NEWS,GENERAL_NEWS,GENERAL_NEWS,0.48,Is PagSeguro (PAGS) stock fading in strength (Underperforming) 2026-04-18 - Earnings Beat Stocks - Xã Châu Thành,https://news.google.com/rss/articles/CBMiuAFBVV95cUxPUU4tb3BTdEpTZHBlcTJVSFRQLU5vQXlPZ292UnppVVYxT0ZPbUJvUlJ3SGFYN2dyYUJWU3pwSEY3SEZZeE9EY0pXUUtydUUtckN2NWJ2OElTYkJjU29fRENoWUh5Q2R6RnJrU0J0czFNTkViQ2UtVl9Ud3diaXg5V3kxTThnY0UwRnZLajRoWlljaHlkcjdNU2xxNGhtdkZtdU02akRvTUZfWnQzNk1sYTZXQ1N5VU9N?oc=5,Google News RSS,,
Stone,2026-04-30 02:17:44,2026-05-01T03:30:24.993410,news_signal,GENERAL,1,0.2,,GENERAL_NEWS,GENERAL_NEWS,GENERAL_NEWS,GENERAL_NEWS,0.39,A Look At StoneCo (STNE) Valuation As New Directors Join And Earnings Update Approaches - simplywall.st,https://news.google.com/rss/articles/CBMi1wFBVV95cUxQYWZrb2hUdFNQZVJZM1dTLXI1WjZkRHFoc3Exek8wa0FRTDhpSWNjb29EMExodVhFRkVGX2lzWXJnXzFucVVNWHdoYnVKZ2UwOHFpOUV3UzhYQ2hkX1ZnTjFraUR3RVQzMVI4Q1FCUnJHMjNVWWVXUTBhNmhRaFVxdlU2WUxUUDVsVG92OXhhUzNvVDlSLTEycVF3WXM2TElaamZPSTltSjhSR3IwRXVjalB1ZkdZRmxGU2ZjdllreHdtVEVIaUxDeUJLTDFHc0hXQUlnR2xxVdIB3AFBVV95cUxNVFdLNmZuZE9LS1FpRXBodzBDZXlzY0dmWU5rM2FsQTlFVE1PZmI0bmliSlRrbHRQbm5ZOWpJNXZXeF83QmM4ckpBbVNVTDhkVUhYeG1vVUhZTlczQUlDcHY3M19kZHg5LWcxTmZNUS13VkpUM2lSTWdQOTU0MlRkZEVQaUFaUlA2elpycGRZTFZyZHVaWktOOWhWTVNjaF9PT29na2NrZ1RRZHNaRGJpQVJpRVpqTkJqWTZFMWo1dHR0eE45eVFzX0VwRjdsSkFGRGQxY2UxUllBdFlk?oc=5,Google News RSS,,
Stone,2026-04-27 10:06:28,2026-05-01T03:30:24.993410,news_signal,GENERAL,1,0.1,,GENERAL_NEWS,GENERAL_NEWS,GENERAL_NEWS,WEAK_SIGNAL,0.38,A Look At StoneCo (STNE) Valuation After The Recently Approved Extraordinary Cash Dividend - Yahoo Finance,https://news.google.com/rss/articles/CBMiowFBVV95cUxNSHczNXJJdkRQWmZXdFUxY2hqcVkyT1NJVFpjWThWUWVqclVONXFRakFMckxhWWxVRU9CMHREQ3dhbFNzR21qa0NoQjF4ZkgtUGVDbk92VThmYy1QQmVwNU9nOTVQZ190ajU3Vm81U25CblVUN3A4eTZBSEUwVmRrb24tcmZDSGxnaGs1X1FRMXdjanJlWkdSWkZod200UklSRkJR?oc=5,Google News RSS,,
Stone,2026-04-14 07:00:00,2026-05-01T03:30:24.993410,news_signal,GENERAL,1,0.2,,GENERAL_NEWS,GENERAL_NEWS,GENERAL_NEWS,GENERAL_NEWS,0.41,StoneCo: The Bull Case Just Got Less Predictable (Rating Downgrade) - Seeking Alpha,https://news.google.com/rss/articles/CBMiqAFBVV95cUxQQlUycjRwaDl4SUFGSFpXeWtXdGhsaGlNMEEtdFcyN2pUMEs1akR3TDB3dUp2Y2xKUGNLckJqQkVFOXFxRE5RbWhYdWhnNUlNSE5jRlNpQ21ISDNtc1RxSTMzQWZNaWNaWkhCWkdmOWZheDItQkFXa3k1bzJnTHc5QktCczljc3dJYmwtTlZ6T0k1VG04UkpxOWJ2THBjTHlJaDBZWVZMWkc?oc=5,Google News RSS,,
Stone,2026-04-23 20:34:02,2026-05-01T03:30:24.993410,news_signal,FINANCIAL_SYSTEM_RISK,2,0.6,bc,WEAK_SIGNAL,WEAK_SIGNAL,WEAK_SIGNAL,WEAK_SIGNAL,0.46,(STNE) Movement Within Algorithmic Entry Frameworks - Stock Traders Daily,https://news.google.com/rss/articles/CBMiyAFBVV95cUxOUWw2Q2NNSElNOHhYNXJJZmYtWC1jaG11NlBQd2t1ZWprR21pQVpBcHVPakFaY1p5cnAxSGNMZW5uRE5LTDQ1dzhTSXNYcmM1emF0Z2hXazlidWRTRmZzRko0UjNCVzJDUzF3Rm5idi1GZTMtUUpScEtyd2U2TGRtWjM2UWJxZXN6R2FYdXNHZjZrVmgyQWFEbzFpZktxS0NDRWcxUDBpcEJkNGcxVW5KVUE2dDlHVVh4X1lQVFE0dF9rcW1hTU9CTg?oc=5,Google News RSS,,
Stone,2026-04-20 13:51:23,2026-05-01T03:30:24.993410,news_signal,GENERAL,1,0.1,,GENERAL_NEWS,GENERAL_NEWS,GENERAL_NEWS,WEAK_SIGNAL,0.43,JPMorgan Maintains Overweight Rating on StoneCo (STNE) - Insider Monkey,https://news.google.com/rss/articles/CBMinAFBVV95cUxPTmtpT0Z4VEtQTWU3VzV3a19GcmhVU1VhZWVZU0xkZUp4UXU1TVhyQkpySnFTODljUU1oa044bG5zcHY2SEpaY01RZGYzVGJpZXF0T3JfSGIydmw4a0VoLWg4elU4ZXp6TTZvYnFrNVBxNWVueXByWkE3SnFXZmtHcnpCazR4cG5xYzdTbUs4bGJ0NDBsYnMzR3ZpYk7SAaQBQVVfeXFMTU1wU3VwNGg3cDZxVkFaNDBsUWJyclB4dHFwd1REems1YXo3Y2RCQmEwRDNZNHpnR2xqVFRuMEZhWEYzVDItWWVLUkV4dkxUejNRTi0xOVo5blZMaVpJZ3kzcGh1ZTF3T1hTYnQ4Ri1POW4zMHEtRWRhZWRZMDF1YjZrWWVWeUhCbzc5em1lelFzRG52MVc1Y2ZQWkx4TjBjSDZUOFA?oc=5,Google News RSS,,
Stone,2025-12-22 08:00:00,2026-05-01T03:30:24.993410,news_signal,GENERAL,1,0.2,,GENERAL_NEWS,GENERAL_NEWS,GENERAL_NEWS,GENERAL_NEWS,0.46,Does StoneCo’s (STNE) $26.8 Million Settlement Clarify Past Risks Or Reshape Its Capital Priorities? - webull.com,https://news.google.com/rss/articles/CBMiWEFVX3lxTE5IY2ZzUTRCVlViVDJSRWlTQzZBUl9OdlQtVW5YZENZOVdGS2tHU1lJSjhCejl3MnFJVmMyeDVfdVhvNF8xckFoeVFnU1loTVdzd2xMSU9zaTc?oc=5,Google News RSS,,
Stone,2026-03-27 07:00:00,2026-05-01T03:30:24.993410,news_signal,FINANCIAL_SYSTEM_RISK,2,0.5,bc,WEAK_SIGNAL,WEAK_SIGNAL,WEAK_SIGNAL,GENERAL_NEWS,0.37,[Form 3] StoneCo Ltd. Initial Statement of Beneficial Ownership - Stock Titan,https://news.google.com/rss/articles/CBMiwAFBVV95cUxNTHdlTW5kVTJBV2hlZUQwakFXSnJ0QTlhemFydmlSenJ6a0ZDTlQ5MjZ3Z056WFlQY01la1VwMC1SQmZDUjdXRjlJRkw1QVQyS3ZNMGZyS3EwelNFVElNQlBCSm5YX0w1b2JHbmR4NXQ1NGpQdzB5cDAzcTg5VlItdGtuZ3ZsTzZ5bjQ5dnlTT0VxQ0lEODFzbWpCUnpVLUZJZ3lTdEpnUlFvVWVTdG9lbFB3aGJLQnJoZDdlaWFncDM?oc=5,Google News RSS,,
Stone,2026-04-23 10:58:05,2026-05-01T03:30:24.993410,news_signal,GENERAL,1,0.2,,GENERAL_NEWS,GENERAL_NEWS,GENERAL_NEWS,GENERAL_NEWS,0.5,"STNE (StoneCo Ltd.) beats Q4 2025 EPS estimates by 7.1 percent, shares rise 2.48 percent in today’s trading. - Crowd Risk Alerts - Cổng thông tin điện tử Tỉnh Sơn La",https://news.google.com/rss/articles/CBMi1AFBVV95cUxPSlE4bmtzaDRqOGtveUljVXBmTUVqeE5MOURkZVZkdjU3X1hualBuOWxkUWtWcUlteUFPWjVmbEsxSWpndWp5QTVSZUhZY2RiQnJsR0UzWE91bHBkclBxR2pWUG9heXFPY09IbGJlbmVTYzFkQWdYUnhWV3NobmNQb0hObUxoZGR1ZDQ5NmR6VVFncmFaeFZTRk9xVVliSHRCR25jdUlVdWZWaWxndGFESlpQTUxzeUtxWGpfWi12ajhZcGtNeXpMYjhGZ05uTUsweVd1UQ?oc=5,Google News RSS,,
Stone,2026-03-08 08:00:00,2026-05-01T03:30:24.993410,news_signal,GENERAL,1,0.2,,GENERAL_NEWS,GENERAL_NEWS,GENERAL_NEWS,GENERAL_NEWS,0.44,"StoneCo Earnings Call: Profits Up, Risks in Focus - TipRanks",https://news.google.com/rss/articles/CBMioAFBVV95cUxNOFFhcXVoemM4a3pqa24zM0VfcGk3NjBSSjJlQkdsa1RIYWp3akh5emxpbk1haVZCNldnQWhTbVEtQ2NKbzE3VzNXUHFBM0ZfOVd6QXdabXdvUDBhaDBLcEh1MlNkanlsc0YtOFZEb19heEswd1ZYcWhNYWgwUlREaEFkR2twMG5JSHF5dEwxXzQ3Sm1naGxqSnRqUHU0RnV0?oc=5,Google News RSS,,
Stone,2026-04-28 13:57:51,2026-05-01T03:30:24.993410,news_signal,FINANCIAL_SYSTEM_RISK,2,0.6,bc,WEAK_SIGNAL,WEAK_SIGNAL,WEAK_SIGNAL,WEAK_SIGNAL,0.4,Does StoneCo's (STNE) One-Time Dividend and New Directors Hint At A Shift In Capital Discipline? - simplywall.st,https://news.google.com/rss/articles/CBMi1gFBVV95cUxQczlsNFpsMGNBNUNDTEZlaC1vVVhGY3NCNkRYOGM4SlFIQl9CQmt0RkpvLVpJU1BtbE1qXzdabHllRndIcFp3dGphNjY0WGE4b1JHblU0ZnhOeEZNQ3JXOFdqQzZNVzVqaUJad2NUUXNWems5NzBaeS1tQ3ppT3FfX0NwRmNOUWJoX09wSk5jUV9XRlp5OWdUbjlwamRVcDNBckYxRlJFcTFGVWxBYkNJOUlxSjQzMUZKUjVsb293M3V3Ny0taGtZdmZYdnlUUk1BY0lsWmJB0gHbAUFVX3lxTE84ZlFLaFV2QWtvNWFpOEJEc2pHQzVIdmlNLTZfQ2JfWVhEMGFnczBrQTRpTG5lVGZMXzlNMUhvdGVCWVdYSzhPMTdOSTZtSndhU2VvV1JXUWNGbFJXNDRzUmJzX3Rfd0dZaTlQMFNmNFBDdTZoSU5JSGJLNlY3cVkzQnlQN3RFZTlVSXk1QTZyQU5JTGtROGFIR28tcDItTjlUZlJxM2VsZHNaU1N5WHVWZGQ0MmYxQjdEWW43QkxkVDNhNDJ5Y3BrOUhBTC1DaC1lV05rRWhBSFUtSQ?oc=5,Google News RSS,,
Stone,2026-03-03 08:00:00,2026-05-01T03:30:24.993410,news_signal,GENERAL,1,0.2,,GENERAL_NEWS,GENERAL_NEWS,GENERAL_NEWS,GENERAL_NEWS,0.41,StoneCo Balances Buybacks Banking Expansion And AI To Shape Outlook - Yahoo Finance,https://news.google.com/rss/articles/CBMikwFBVV95cUxPaWNaOFpJRTI1Q2FDdEtMNnFKSnhoM0Z5enNmSi1EUjg0bVpaVUt1UzNUVHhNU3E5dEluUEZjdWY3WU8wTEFPS2NCVzJjamJSVDNsbU8wc1owUFNEWWtrOHNhT1dxWkdtYUxvM1gxa3BqWThYYVpfUXYxRGc5VEpDbGJCM21wYXBRdVZveHRDSURjZjA?oc=5,Google News RSS,,
Stone,2026-01-21 08:00:00,2026-05-01T03:30:24.993410,news_signal,GENERAL,1,0.2,,GENERAL_NEWS,GENERAL_NEWS,GENERAL_NEWS,GENERAL_NEWS,0.47,"StoneCo Enters 2026 Cheap, With Credit Set To Drive The Next Leg Of Earnings (NASDAQ:STNE) - Seeking Alpha",https://news.google.com/rss/articles/CBMiugFBVV95cUxPanpWM1FVRkNoR0ZVSVVXQTM1czlTdHZya2w0TXFkY1VHam9XdVlLYXROeVNuckdUQzFzYlphbXJCV1AzdHNpV0VDT0QzR3Z2QWJubkIwa2I2SFlJUG9wRXZINUkzaHZxV2d1aURuWnVOWjNubXRIUkptTFplTENpQWk0YWxldGY1b2dncHdJTmdkTW1jNVlZdHNCTVF6Mzh4S3J0Y1FPR3g3TmlzS09uYzVvN0RyUVh1U2c?oc=5,Google News RSS,,
Stone,2026-04-01 18:16:02,2026-05-01T03:30:24.993410,news_signal,FINANCIAL_SYSTEM_RISK,2,0.6,bc,WEAK_SIGNAL,WEAK_SIGNAL,WEAK_SIGNAL,WEAK_SIGNAL,0.4,Trading Systems Reacting to (STNE) Volatility - Stock Traders Daily,https://news.google.com/rss/articles/CBMiwAFBVV95cUxQMXU2MjVRZlVzemJaYjB1SmsxZUlyR3AtS1V3T0RHbWxWalFpMzBLQUFENDBaVWJjQWZlVDZvSE9YeFBCZGJSNDJodnNtYjBjYnZzaGZ0VVVuaG4yWlZzWXk3ZnBwNnB0UWlOSjQ3ajQ3bzBPS0xZUVFLd2puLW9pVmNBRmRKTUh2dTFuV0lVUTU0UWt4bFNmcVYxY2o5SXlRMFNwV29UaFBjcWRwUlEwNTlObHpQSTlPVFJraVRPZGw?oc=5,Google News RSS,,
Stone,2026-02-28 08:00:00,2026-05-01T03:30:24.993410,news_signal,GENERAL,1,0.2,,GENERAL_NEWS,GENERAL_NEWS,GENERAL_NEWS,GENERAL_NEWS,0.4,Is StoneCo (STNE) Pricing Reflect Its Recovery After An 81.6% One Year Surge - Yahoo Finance,https://news.google.com/rss/articles/CBMiiwFBVV95cUxOTjhPYmFMZS1wWUU2MGU1RDYwSU44d1dQYzJwNU5teEx4SXdhdzFKQ29KREpDRXZWOUdmU01pX0w1REZJa2hoVGFSelZmcmdwSHBYTVVIbVRlYzVYUW9YQ0s3YjFBX3VDUGVSa0JqT0J5UjlsSWlSM1EyN2lIb1Vlc2NUb3BocG9aNjlV?oc=5,Google News RSS,,
Stone,2025-12-24 08:00:00,2026-05-01T03:30:24.993410,news_signal,GENERAL,1,0.2,,GENERAL_NEWS,GENERAL_NEWS,GENERAL_NEWS,GENERAL_NEWS,0.51,StoneCo Stock: Credit Portfolio Growth Flashbacks Of 2021 But It's Different (NASDAQ:STNE) - Seeking Alpha,https://news.google.com/rss/articles/CBMiwwFBVV95cUxQMWdQdmFiNWdNSEthYjhfUFQyWXk5eXBDQ29LdnJXcWMzcFVLTTRWQVFDbk9seC0xenlYMkdLdkZmMlRUeEtFOVVLeDREd2VWYjBFZDZzWUo5NTFTaHJEQnpaM1EwLTEyREhBWWd2R0p1cTRTNkdNdllwU3QyQVUzVWpzTUZZcjFld28tRmVQT3pNWjdhdVNITmFlUjd6ODlRTFR1SG01LUtERXE2RjZYdEtxek5LeXB1SXB5dlFwSndwZmM?oc=5,Google News RSS,,
XP Inc,2026-04-13 13:58:01,2026-05-01T03:30:24.993410,news_signal,GENERAL,1,0.2,,GENERAL_NEWS,GENERAL_NEWS,GENERAL_NEWS,GENERAL_NEWS,0.46,Precision Trading with Xp Inc. (XP) Risk Zones - Stock Traders Daily,https://news.google.com/rss/articles/CBMiwwFBVV95cUxOdldJTXZkNWs3ZUhEWGNPaFVJc1hTSWsxT2ZVQW9aY1QxSTBBT2FRSkF2TU5qWmw1cG1sTFRuNm5GWlB5c3lzLVhxUzZLa3NEMWxCNWtqY2Q4OTY1Z3ZuTUNoeEI4YUhmbU53SHppWDFmVGpycXlGZTIyRG1nWHdSMEpJLWlHYUtXclpuU0xQcjlBQi10Z25KcW56WTIybkx1eEZBQndQLXZrUE9TbXhueWpCYzNOR2VteUYtYW5VTDZZNjA?oc=5,Google News RSS,,
XP Inc,2025-11-18 08:00:00,2026-05-01T03:30:24.993410,news_signal,GENERAL,1,0.2,,GENERAL_NEWS,GENERAL_NEWS,GENERAL_NEWS,GENERAL_NEWS,0.52,"XP Inc. Q3: Flows Recover, Advisory Scales Up, And Risk Perception Declines (NASDAQ:XP) - Seeking Alpha",https://news.google.com/rss/articles/CBMisgFBVV95cUxQRnpVTmp0cXIxR0hJZ0EwT0p0T1ZpRW9hMVpTTXdQTTlkaDR2bTUtZkVuN09pS2hUeEVfNmxWc2hIUDhuMmwtTmRJa1hEOFYwTUxOR0FoNWlsUlk3LWFyUHlqanhZMklsTmtnQUxtWDV0MFNEUGJ0dGNDV0pvNEM0MzNSbW10UHc0aFJ3V203NnNGcFY3UGlabHJuSnQybG5sRlpTbUZKR2VQWHpsSEJlNUlB?oc=5,Google News RSS,,
XP Inc,2025-06-17 07:00:00,2026-05-01T03:30:24.993410,news_signal,GENERAL,1,0.2,,GENERAL_NEWS,GENERAL_NEWS,GENERAL_NEWS,GENERAL_NEWS,0.46,Hard-Coded 'b' Password in Sitecore XP Sparks Major RCE Risk in Enterprise Deployments - The Hacker News,https://news.google.com/rss/articles/CBMigAFBVV95cUxOQTZIQ2M1cXNJRTkzVHFoLXR2THAybkRNNlA4R2JkZU1zZVE0TE84bXhCLTd4U1ZCNHNRNXNOc0RZbGR4R2p1ZU1tVGNubUtEUVdqNFZob0dEOEpSQWhuZ2ZVZ29sWUFFMFl1ekNPbkhoZDgtVzZyUWtqcmRObHUxZQ?oc=5,Google News RSS,,
XP Inc,2026-03-17 07:00:00,2026-05-01T03:30:24.993410,news_signal,GENERAL,1,0.2,,GENERAL_NEWS,GENERAL_NEWS,GENERAL_NEWS,GENERAL_NEWS,0.42,How to Buy XP Cryptocurrency Safely: Exchange Security & Risk Guide 2026 - Bitget,https://news.google.com/rss/articles/CBMiYEFVX3lxTE9EclVZWGs0eDJIemp0aVpTcmZ3LWhBd1V5YkRRQ2FkaXR4eUZ1UFA1b2l5TE9PenJBV2FmU1pKZzVOOV9LenZqWUdyQjNrVjlQemdRR1l0amRpUElMODluMdIBZkFVX3lxTE1COVh0aHVFRlJVX3hYeXVLZjZkbldMRjUxcWZBNDl2YlNGS2Q0QXdobVpZMW9xd1ZUY1E2OEZjRnlJdHpjQUNpWEhySmFHT18wMG1iZmRyRUEyV1hhRkdkWWJTVGladw?oc=5,Google News RSS,,
XP Inc,2020-11-17 08:00:00,2026-05-01T03:30:24.993410,news_signal,GENERAL,1,0.2,,GENERAL_NEWS,GENERAL_NEWS,GENERAL_NEWS,GENERAL_NEWS,0.47,XPC deficiency increases risk of hematologic malignancies through mutator phenotype and characteristic mutational signature - Nature,https://news.google.com/rss/articles/CBMiX0FVX3lxTFB4VURUN0JYWmk2VVp6eUhkN2w2TF9zR1IwR1VhVFhvRTVGSjZlaTRGTGNuNEV3LVJFdk15ZkduWnpMSDQ3akkzYUpMSGlfUUpiWnBDZW9GSTVOWFZtc05J?oc=5,Google News RSS,,
XP Inc,2019-09-23 07:00:00,2026-05-01T03:30:24.993410,news_signal,GENERAL,1,0.2,,GENERAL_NEWS,GENERAL_NEWS,GENERAL_NEWS,GENERAL_NEWS,0.5,Xanthelasma Palpebrarum Increases Markers Indicative of Atherosclerosis Risk - Dermatology Advisor,https://news.google.com/rss/articles/CBMiuAFBVV95cUxNRjAyQ193OUJ1VDRLbVRaZlRwWEltNEhobXFOekxNb0g5cVdoSVVIeUliZHVSOXZUXzIxeElVODhwNjlBTlZNZ1ZQMklPN3hSYVpBVk5TZUVBT09zbkVXSm9XNWhobHVnb3VMN0pRUVBVY1ExajJIamlJc0ltUHRHVWNYbXBNVnRKTXdFc3Ewd3FCOUVtNnJTU3dub29teGd5VDloQVpPY0poWU1EcGtUTThTMGp3QXpI?oc=5,Google News RSS,,
XP Inc,2025-10-30 07:00:00,2026-05-01T03:30:24.993410,news_signal,GENERAL,1,0.2,,GENERAL_NEWS,GENERAL_NEWS,GENERAL_NEWS,GENERAL_NEWS,0.44,Polaris Recalls Some Model Year 2025-2026 Ranger XP 1000 and Crew XP 1000 Vehicles - polaris.com,https://news.google.com/rss/articles/CBMiygFBVV95cUxQUWJSZWc5VllmRGRhaEF0UUQ3cDdRSFlmSGF2RGdRT3I3RTJZVWg2SG1tQnBETjZSaHZiNUdsSVhjclo0WjBXLXpYQ1ctN1RlUWpCMk5YX3dibHd5aHhJaW9ZaDZZVWlyTWdxaGJPM1ZVQjZaLVBralVpRlNuNC1ONDY3M3M1dkZOclpOR3gyaGRkOU96LVMxdFhlanRxN3YzRlJEVVRET2QzR3JEUVc3ZnVTdkNseV9JWTZVTmQ1bTQtcE9uODZncGFn?oc=5,Google News RSS,,
Petrobras,2025-09-03 07:00:00,2026-05-01T03:30:24.993410,news_signal,CREDIT_LIQUIDITY,2,0.5,dívida,WEAK_SIGNAL,WEAK_SIGNAL,WEAK_SIGNAL,GENERAL_NEWS,0.35,Petrobras quebra hiato e se junta à enxurrada global de dívida - Bloomberg.com,https://news.google.com/rss/articles/CBMiswFBVV95cUxOdkF0eDMzcnlfeHlzTV9zT0U1c1dISnFEdmI0SGdQamdENE1MR3NXRHZnRGRfVjgzbVMxWkVxNWVKWkZOREJfSjdvaXRrcHZfVU9YVzk1WXdaWHJhc0tSOWJjeEpBWmFJMGJUNjN2WmxURWdLRFdYak1yU0tVWHFEelRrdkducm91T2RBZVpZOG9qczNCcG9qUGpsblh1VUVZSlZpNmExN0xuSFhQTXh1cnJWaw?oc=5,Google News RSS,,
Petrobras,2026-04-29 09:00:57,2026-05-01T03:30:24.993410,news_signal,FINANCIAL_SYSTEM_RISK,2,0.6,bc,WEAK_SIGNAL,WEAK_SIGNAL,WEAK_SIGNAL,WEAK_SIGNAL,0.4,Denúncia da ANP contra Petrobras avança no Cade - O GLOBO,https://news.google.com/rss/articles/CBMiqAFBVV95cUxNUUxJc01KTUhYLWNVN3g0N20wWkdqbmFJSU1veGl3WjNaWGotQi1zdG0tTHdrMWQ2alplNGM0RUp2VzlacUN3STlHSDZRMVlfeTR3WUM3V3c3cnNsbzVEM1NEb2xXT3d4dk05Mkx1bWZ0ODBmaXpMUVJ6ZGhHY0N4ZjNiRnB6OWRncWlwd3E4cWNHVGVaWi1ubWgyX0RHdXhCTG1ZZEowWXXSAbcBQVVfeXFMTmFEZnZQNVAxSW5kQkJXUk14U0VLY2d6QjYyRVd4MFJ1bjR5ZkxvRzJFZ29WR0Y0ZlVaTXBJeENuU0pkbkhaVHFEalBfUlJscms2RWh3Z3RQUDlwSlFEMTJ4M3M4RTlSZU1jSGlORUExNmh6SEt0Z09GcHhnWW9qY2Ftc1gxcDhVcUJBRmk5MlotSFdldFZrUFhCTHl5OGRid2xtRVRNZGppWWMwNmtkRTh4SFk0S1ln?oc=5,Google News RSS,,
Petrobras,2025-07-18 07:00:00,2026-05-01T03:30:24.993410,news_signal,GENERAL,1,0.2,,GENERAL_NEWS,GENERAL_NEWS,GENERAL_NEWS,GENERAL_NEWS,0.41,"Masterstroke? Petrobras And Government Support Sale of Braskem, Sixth Largest Petrochemical Company in the World, And the Real Reason Was Revealed - CPG Click Petróleo e Gás",https://news.google.com/rss/articles/CBMi-wFBVV95cUxNOFBLM1cyTnhXbXdGQmg3RUp4bmxkQTcyWjRhdko0Qnd4TzI2QWo1Wm1Bam5TVVVRQ0NEeXBZdmlhWnpncDNYTU4wR3ZxMUVtd3ZSMEp2SjU0ZFdSbmpHUVZyUnVTa2o4SDFPaDczSGhZbXVjQ3M4TEJvN2lIbjJfWDFRbjlCXzNOTDREUVkyQ0FLS215NFlzOHFEa2JGSzlkeVQ2MHJfdlNrN3dPdWFVRVE1TGc0OXdMbTBjMFcwcXRrZThwdnY3bklxcllmakJVV1c3MkJHS0xUMWpmRF95d2YwMDZjb25YbFlUSm1LWnc2TXl5NDRhS3VObw?oc=5,Google News RSS,,
Petrobras,2025-09-24 07:00:00,2026-05-01T03:30:24.993410,news_signal,GENERAL,1,0.2,,GENERAL_NEWS,GENERAL_NEWS,GENERAL_NEWS,GENERAL_NEWS,0.41,Ibama aprova Avaliação Pré-Operacional (APO) realizada pela Petrobras no Amapá - Agência Petrobras de Notícias,https://news.google.com/rss/articles/CBMiywFBVV95cUxPQ3lfU0FBMjZBaDVRcy1FcFlzczBnY2VTM0lNLUFwY0lwT0lsMmhSd3ZjaDN5WGs2bjFtT1lMU3VMZnF5TkVMejlpOXA2MlFSbFdtZHg2dUdjUmxDSUNFSmhOd0Z6d2VadFN3WU8ybXVWSlgyVTFOblQyTWF2QUJoQmhrN2dlUWFOd1VDOFBFdEVEYlpCeGkzRk01dnNRUGJmeC10SmdJQjluTDBXVDV5U3NPbXlHUDN3MTJxa3MzZXp1X2Y5YWszUUhQOA?oc=5,Google News RSS,,
Petrobras,2015-03-20 07:00:00,2026-05-01T03:30:24.993410,news_signal,REPUTATIONAL,2,0.6,scandal,WEAK_SIGNAL,WEAK_SIGNAL,WEAK_SIGNAL,WEAK_SIGNAL,0.36,Brazil elite profit from $3bn Petrobras scandal as laid-off workers pay the price - The Guardian,https://news.google.com/rss/articles/CBMimAFBVV95cUxNYXFXUEtTUHh5WjhuX01XdDVoeFN4VEpOTkpmanNPNzN2LWJIWUROWVVhcGNYdG83QVRsSW92V0xNZUFwNlE0bHVWZXNXU1l1dF9lLXZqRzNQa1MwNFV6aEdFQm1kck4tdXl2NUt4Wmw0WWNLamdCMlF4TlVORlg4NUFSTXU1aXIyZFJTSFRlV09QeWJaSHVidQ?oc=5,Google News RSS,,
Petrobras,2025-09-22 17:54:04,2026-05-01T03:30:24.993410,news_signal,GENERAL,1,0.2,,GENERAL_NEWS,GENERAL_NEWS,GENERAL_NEWS,GENERAL_NEWS,0.41,ETFs que Investem em Ações de Petroleo Brasileiro SA Sponsored ADR - TradingView,https://news.google.com/rss/articles/CBMiXkFVX3lxTE5hWkZqeGFLaUlQd0F2dGl0TGVUN1ZMUU80SlBodTY0bTF1Nnc2a0txTDV1UDNLYUFZdHlMcll0RWo4cE5KZE5UZWdBWEN4QjdnZUU1YXUyX3g5VEY1d3c?oc=5,Google News RSS,,
Petrobras,2025-09-11 07:00:00,2026-05-01T03:30:24.993410,news_signal,GENERAL,1,0.2,,GENERAL_NEWS,GENERAL_NEWS,GENERAL_NEWS,GENERAL_NEWS,0.37,Petrobras escolhe Vallourec para apoiar suas operações em contrato de US$ 1 bi - InfoMoney,https://news.google.com/rss/articles/CBMitwFBVV95cUxOSkNweTdDdTlKOWZuelNaNjBkVnRiRGtHNWUyMjlJUHByb05aaXNsRFdQSkdsX1JnYU9DM3NOd2ItQmFTN1RZc1NjNXJMR2FQNUhjMGdoOHNlMld2T2t2NlFRZS1GWjdiRTVUTkZmdk80WUNnRk1CMkRUYjFmcXRYSUdPanoydmpGQUktMXptckd2c1pJQkJmbm5ueWthYjdUa1FPOHBxNm91Qmo4dnp0NHhIYmlVaU3SAbwBQVVfeXFMT05PVTF3T29tZzRiN19YZ05CaDh1clpWUjJBMjEyc3lVUjN5MmJhVUhsdkZvME92SW9wTGNYVGNCNW1OWDFTWE9LY21TZnF6bW5icWtqeER4S0ZZc2tmeTZhMmc2d2swUFRKVXQ3YThRd3lpall4VWg5WkozVmNGdzNkWVhnaFNRMzBzMTh2NUhYX3B4S200c2s2TG5hZ0ZlNGhtX24ycU9Lc1JtT2FMWmNnTTVTajBqS1lLU1Q?oc=5,Google News RSS,,
Petrobras,2025-12-20 08:00:00,2026-05-01T03:30:24.993410,news_signal,GENERAL,1,0.2,,GENERAL_NEWS,GENERAL_NEWS,GENERAL_NEWS,GENERAL_NEWS,0.45,P-68 paralisa após incêndio: vidas e meio ambiente em risco por culpa da intransigência da Petrobras e do governo - Esquerda Diário,https://news.google.com/rss/articles/CBMizgFBVV95cUxOQ1dnblZXSWtXa1pmLVlPQkltNUFSWmZnclo4bklKdU04SmhBZnFocnZOc1FFVkVsTW9zTGpIZWc0Q1RiVTRIRHRYVlJpTmIyQ1A3V1pjMkx2STdaZ0VSTTFZWTJBMVFKQk9POWR6ZjdlNkhaYXhoSjU1S2ZtQ3hCWXA2c2Z3Qmtqam1MdWdNNE9NNUFPVUJwYks5ZjlIOXJkZGZUbXhTMFB4TlN1WHVlbVhXQ3BicmRKbS1GRFQ1SG9KZWE4bm5zMlEwYXplQdIB1gFBVV95cUxNUEVnbDZ0NFhvN0ZteHM1QzhNX1dvQ0ducUJna0R2MW96RjhLTDU2TjI1eWxyXy0yTzhKbFVPd1hxS2FNNk9mRWR5MXc4X2hCZ3FhQV9wUXYxVHNBWEhUcW1ycnRja3FYdGNWNzhpQnQyTmJxaDZUZjhkRC03WXVxQkE0aXhEUl90M0QtRVpUbmxHaG5taG5Oc2V6NG51N0NYbkl2dXJqUDRtRy01U2pkTXFpVWFKYWtMZ3d0RGd4UHN1WFdPVUhCQkM3bm1PN1F1WFlHdEh3?oc=5,Google News RSS,,
Petrobras,2025-04-07 07:00:00,2026-05-01T03:30:24.993410,news_signal,LEGAL_REGULATORY,2,0.5,fraud,WEAK_SIGNAL,WEAK_SIGNAL,WEAK_SIGNAL,RISK_SIGNAL,0.4,CGU multa empresa em mais de 500 milhões de reais por fraude em contrato com a Petrobras - www.gov.br,https://news.google.com/rss/articles/CBMi2wFBVV95cUxPTzhZVnJ0SG11TkpZWFZIZElJYVdKMUd0bWlSU09HYzFsbEsxd3JFemVWTHg1UC1GQzJIZ2lBS0NDS29COUJ4azc5VjUyQVBSR0IxMm1IamQyQXEzYWJjQUtBVm1nRzdCaTdXUi10ZzN5cHVDQmIxZ1NWVXd6ZGpOXzNsd1dMUkU0cFVTLXZqWEJObUh3Z3dxSEpvbF9oemQwUXFSVmUtWmc3MmpURVFpdHh6cFRTaTZDcTFJWXNOdm9EeDdQaUFyU0hlYWltTExCU0FISG1YY2s4WGc?oc=5,Google News RSS,,
Petrobras,2020-08-06 07:00:00,2026-05-01T03:30:24.993410,news_signal,FINANCIAL_SYSTEM_RISK,2,0.5,bc,WEAK_SIGNAL,WEAK_SIGNAL,WEAK_SIGNAL,GENERAL_NEWS,0.36,"Petrobras Gave Up Projects in Brazil to Reduce Chartering Costs, and Mero 3 FPSO Risks Being Built Abroad - CPG Click Petróleo e Gás",https://news.google.com/rss/articles/CBMi-wFBVV95cUxQQ2haM1NQd3VJNmZYWDBHTURpd3AwcDBGSEdPZGkzTy11bW5qRG1LWTRBc2RLR2VNeUtoeXFENWVrT29nc09DSm9fWkk0UHZQVU5lUV9zYW0xQ25SODVVRE9YaUgtbEM1LWxkblRTYmJMcWF1Z0VkS20ybGotUzZVZG01dHlLQzMta09rRHJXdDAyc09LVVR4YXpNSkp2YVpyZG5VOEtzdjY3M2ZQd200b2o4RVI5OTBCbzQxbGs4cWNWdkQ3LTE3czFUcm1zT1FMaDlOZDczQl80SWxmTlBpMndPQ0ZMTmFaZzBSakRVaVYyMXR6b0E2V3dDdw?oc=5,Google News RSS,,
Vale,2026-04-24 06:50:02,2026-05-01T03:30:24.993410,news_signal,GENERAL,1,0.2,,GENERAL_NEWS,GENERAL_NEWS,GENERAL_NEWS,GENERAL_NEWS,0.48,Precision Trading with Vale S.a. American Depositary Shares Each Representing One (VALE) Risk Zones - Stock Traders Daily,https://news.google.com/rss/articles/CBMiigJBVV95cUxOby12VUtjOS10d0JRZzVyZjEtMDlvSTBUTjNNY0RVaHBMT0xqak5TQTRxdUdnR21MMzZnT0thUDBfZjZlY0lRZ3FKMXhNRm55NlFHYndFb2hRNTJfX0JCT1BVSk1yaFFOX1JIcFEtRllubUZ3ZUJTajRoQmJac2ItYklMc0pTc0s3NDJSM2N0M2dtMlhSTXc3b0dSLVc3Um9wLW1kZVJwUjloaXhpMjBRRTRUUmZtV2R4bVZuMmZIRXBHeVhwamV1YWFFRC11Um9JUXRZSGhtQ3Z4MHVtc3N3ZUxCRXZJS205SkNOa29TNC1HVFRRb1JRR0hEdkFWYmFQYVFFYm9ya2lzUQ?oc=5,Google News RSS,,
Vale,2026-01-15 08:00:00,2026-05-01T03:30:24.993410,news_signal,GENERAL,1,0.2,,GENERAL_NEWS,GENERAL_NEWS,GENERAL_NEWS,GENERAL_NEWS,0.43,Vale S.A. (VALE): A Bull Case Theory - Yahoo Finance,https://news.google.com/rss/articles/CBMifEFVX3lxTE9mZzVqUDFBdC1TR0dFV0hiSGFWaXVJOXI5T1R3Zi02NUQ1a3lUS3RtX05DbXdxX1ktY2dEVzBxTVd0cy1nTW5nbklDRncxdW1CcklNWFBmLWo3QmtIXzFRYXllRHJpTFBmeEQ3elpYOHFIa2xkT3dTTXRRSU8?oc=5,Google News RSS,,
Vale,2026-04-10 07:00:00,2026-05-01T03:30:24.993410,news_signal,CREDIT_LIQUIDITY,2,0.6,liquidity,WEAK_SIGNAL,WEAK_SIGNAL,WEAK_SIGNAL,WEAK_SIGNAL,0.43,Vale (NYSE: VALE) retains AAA.br rating as cash flow and liquidity stay strong - Stock Titan,https://news.google.com/rss/articles/CBMipwFBVV95cUxPdU5WT1RMcEtjUzlXTU1iNWYxZTB3N0NjRHpTYmV2RndKUG9jcVJ6S1FDSUlKWkdKLVdjUEE1eXdzQVF6b2FIUlhSWlhRNEcyUU82enpuZ1QzTy1nMkhnWHNkYk1OUVBXNDhfbDJkbi1IYWxMWWFmS3VXM0ZXYWItVHRFUDlJSzlublpTX3VoZkd2R2tSbnVoX3RhMnpueXc1Tk9IckFqNA?oc=5,Google News RSS,,
Vale,2025-11-08 08:00:00,2026-05-01T03:30:24.993410,news_signal,CREDIT_LIQUIDITY,4,0.7,"debt, bc",RISK_SIGNAL,RISK_SIGNAL,RISK_SIGNAL,WEAK_SIGNAL,0.44,Vale (BVMF:VALE3) Takes On Some Risk With Its Use Of Debt - simplywall.st,https://news.google.com/rss/articles/CBMiyAFBVV95cUxQQ2ludUNXV1VhU0kwVTZhSXN2Z3paSTc5XzUwTWM3R0lJTjVPbzQwejlvMXlYVzhHRlB5a1VPaXJpd01WbzJWSTAzMG9TRHRBZ25SRXB1WGs1dkpFcTZibnFDSGY5amwzVVBySTg0YXlEVmRaOWxxQ2ZoeDk3SzBwbFZUWEJNX0Y0YllpWkdPMkVHMHpUYjlRY25uUmduN1dhTEUwUE5yNmdhcHlvV0ttLUV2anBZQTdFdnF6SGVITVJXZ1RFZjBxatIBzgFBVV95cUxNNmRLOGM3d1dFSzA2X1J5ajBybXdkVkJQc1JwOXhTcDVXWWlKd19meUtqQkR6R3VvLVU4QUVyaWdMa0xETUZXbUhQT0kzemk1TnZ0RUVacjFsQmtpUmIzbTZ5REEwZFlGSnprcDl6dnhJTUV1VVE3c19ycVlMUXVTX2hjZ0szRm9KaUljVmF4cGx3WUk1d0tUbzZyTkFWS0tvOGZwU0p1VHBCUkE0OWN6UkR0MmVQRnVwVmZSTVM0dTV6eTlWQW5LTTA4WjJMQQ?oc=5,Google News RSS,"Vale, a Brazilian mining company, is taking on some financial risk by using high levels of debt.","This news article suggests that Vale, a Brazilian mining company, may be taking on excessive debt in its financial dealings. This can represent a corporate risk for several reasons:

1. **Increased financial leverage**: When a company uses more debt to finance its operations, it increases its financial leverage. This means that if the company is unable to meet its debt obligations, it may struggle to service its debts and potentially face bankruptcy.
2. **Reduced flexibility**: High levels of debt can limit a company's ability to respond to changes in the market or industry, making it more vulnerable to disruption.
3. **Increased risk of default**: If Vale is unable to meet its debt payments, it may default on its loans, which could lead to a loss of investor confidence, reduced access to credit markets, and increased borrowing costs.
4. **Increased risk of asset sale**: To service its debt, Vale may be forced to sell off some of its assets at distressed prices, which could devalue the company's assets and reduce its long-term value.
5. **Reduced ability to invest in growth initiatives**: High levels of debt can make it more difficult for a company to invest in growth initiatives, such as expanding its operations or developing new products, which could limit its future growth potential.

Overall, taking on excessive debt can increase the risk of financial distress and reduced long-term value for Vale, making this news article a corporate risk."
Vale,2026-04-23 00:05:56,2026-05-01T03:30:24.993410,news_signal,GENERAL,1,0.2,,GENERAL_NEWS,GENERAL_NEWS,GENERAL_NEWS,GENERAL_NEWS,0.53,"VALE S.A. (VALE) posts steep Q4 2025 earnings miss, logs slight revenue gain as shares edge higher. - Crowd Breakout Signals - Cổng thông tin điện tử Tỉnh Sơn La",https://news.google.com/rss/articles/CBMizAFBVV95cUxNV0VnUER3YkZFam03SnNTQ2Y5dC1TcXNjSWM3cVFFUU0zZkJiekdBaDgyQld2NnVpQ0Q5YmYzdGpoTWZBT25uOEt2Y3BoV21iV1dZZklpZENlaUp5NzR5THE1R0ZYcHp0RXBsVGpCMklHbTdHU1U5RVRTS08tV2hRU1VEV29LM3YtNldwR3J0bjU0b0pTRkhSRHpyYVNMRnBfNEQyOHRPZktvRzFqQWtfYkcxODNpbWNuQlF6cVJDd2xwUnpGSmFUUHF3ZkM?oc=5,Google News RSS,,
Vale,2026-04-23 07:41:55,2026-05-01T03:30:24.993410,news_signal,GENERAL,1,0.2,,GENERAL_NEWS,GENERAL_NEWS,GENERAL_NEWS,GENERAL_NEWS,0.52,"VALE S.A. (VALE) posts steep Q4 2025 EPS miss despite mild YoY revenue growth, shares edge slightly lower. - Market Hype Signals - Cổng thông tin điện tử tỉnh Tây Ninh",https://news.google.com/rss/articles/CBMi3gFBVV95cUxPU1FmLTl0WDlWVTJaVzJkemJLRTdKakd1QWtZcXlVcDhSeVNkWm42WVR5b1gtZnBGNDRYNmRaRHVoZ2d4Rl9kb0V2QUtpaUhndE5zRlZ4eGdfZkdFUjM5WGQta21GRE5WUTdDcWFqUjkzdERVNTZZX2VlNTRmZGdnRWV1X2xfR1pyaF9CYmd2dGdEbXdudXFuSUUzczJoOWo2Q1lxcVpaeGYyMEs1UFU1LW1ySUJKdzViaGx6NTVnbzhHWWJSMTNfWkhRLXpKcXRaMXdFSnlMZ1FRWUhJR1E?oc=5,Google News RSS,,
Vale,2026-02-18 08:00:00,2026-05-01T03:30:24.993410,news_signal,GENERAL,1,0.2,,GENERAL_NEWS,GENERAL_NEWS,GENERAL_NEWS,GENERAL_NEWS,0.53,Vale S.A. Earnings Call Highlights Strong Rebound - The Globe and Mail,https://news.google.com/rss/articles/CBMiywFBVV95cUxQVGRzdkJ3T21ZRFVVVEF3bTM5Rm5KUEpDRThENFlSdk4zcEZvZlRLcndibGxJVC1Pd1FjNF9sSTVreFM0R0dtNTlaRk9xOUFwMjBheWhnemFtVi14Y2Rwb1FGa2k4cHRDT1EwYWFIbmNoSW5LWS1ZTU5sZjU1YTVFYkllbUg3ZmVUZlo2enpNMm82TkczWXpfVXMyZF9pb3ZTS2V1X3N1akZoWk5NYm84TVJEMG00VkdOc2N3aERVdmFabWxMUWJZM2E5TQ?oc=5,Google News RSS,,
Vale,2025-10-15 07:00:00,2026-05-01T03:30:24.993410,news_signal,GENERAL,1,0.2,,GENERAL_NEWS,GENERAL_NEWS,GENERAL_NEWS,GENERAL_NEWS,0.45,"BofA Securities Maintains Vale SA(VALE.US) With Buy Rating, Announces Target Price $12 - Moomoo",https://news.google.com/rss/articles/CBMirAFBVV95cUxOeVdpRzZ6WS1aakpPYnczcUlyZDBZeWtVTlVTTUZRRDE2YzVXT0t4TW9fS1pXZjVIczNESVBnTkp5dHNJSEJ0VWlRNmZndUE3U3NaRFU0UGl1dV95OTE3enozaVU1Q2Vod0FUMFU4N2VuNmtGX2wzbGozV0Q5N3pGS2ZCcHhIS2hRMHRTSUUyMkVQMXI0N3VKajVPY2RlU2RwZkxwZnZpbzJodVV3?oc=5,Google News RSS,,
Vale,2026-04-20 14:45:24,2026-05-01T03:30:24.993410,news_signal,FINANCIAL_SYSTEM_RISK,2,0.5,bc,WEAK_SIGNAL,WEAK_SIGNAL,WEAK_SIGNAL,GENERAL_NEWS,0.41,VALE S.A. (VALE) Stock: Why Short Sellers Target It (+0.37%) 2026-04-20 - Buy Opportunities - Xã Thanh Hà,https://news.google.com/rss/articles/CBMiqwFBVV95cUxNeWk0VDhSUXh3eDFUX0tGdVN1d09oc095NEszSE4yV0xVUHNBcUN2NnBiQ0V5X1BqLWFHZFFNUXo2dGtYWFU3YzVxLXl2czdaNjRNUkNRMGpNcXFPX3BwVWVPNWxnbmxrY3RpLU12NGJYRllkQTV5dkFjZFlJYVJpYmdOTlVhX0FIaWJPUDBoUHZTbmVaN1JBZnpELUhCcUV2TDlFMkQ3cXdVcVE?oc=5,Google News RSS,,
Vale,2026-04-22 22:58:08,2026-05-01T03:30:24.993410,news_signal,FINANCIAL_SYSTEM_RISK,2,0.5,bc,WEAK_SIGNAL,WEAK_SIGNAL,WEAK_SIGNAL,GENERAL_NEWS,0.49,VALE (VALE S.A. American Depositary Shares Each Representing one common share) gains 2.01 percent even after sharp Q4 2025 earnings miss. - Dividend Safety - Cổng thông tin điện tử tỉnh Lào Cai,https://news.google.com/rss/articles/CBMi_wFBVV95cUxPeXlUVkdrcC1IM2dPUkdzT3dmVS0zV0UzaVdOMFlyZnN5V01NOS1CNnQ3ZC1HRTgwMy15VlpORlRnNEJZcTJiY1JsbC05VlpVZFVaeU1QanpFTTI5U0ppRU9Gd1RMd2FDWjd1QnhibkJlRmw4UEVmWjVIU0s3cFZSdlVLWl9qcHhwd0ZFeWR0cGQxRlNybXZPazVyMmpRcXFWelVjQS1XYmNyU1JnRlg5cDFUZHkzeVQ4Q3BzNTBsOUNpVkh1R2xwc21zWVRyNlhnNU9IWmtTN0JKTUxUVm11ZzItbk1ZS1VDNzdOQzdScXRvTTZsY0JBQ001UTI0ZGc?oc=5,Google News RSS,,
Vale,2026-04-04 03:02:30,2026-05-01T03:30:24.993410,news_signal,GENERAL,1,0.2,,GENERAL_NEWS,GENERAL_NEWS,GENERAL_NEWS,GENERAL_NEWS,0.49,"VALE SEC Filings - Vale S A 10-K, 10-Q, 8-K Forms - Stock Titan",https://news.google.com/rss/articles/CBMiZ0FVX3lxTFBqbEZHb3RqYlpHR1NCNEZmS1NfZi1ud1gwd1pGZWJWMVd1QTY1VXRYcWgxOVBqMlZhUDNBWDRVVWQ1bU53cm5JT29XM3kxZENnOEZienlzUW1sSzZCNDlVUkdaYWNsc3c?oc=5,Google News RSS,,
Vale,2026-02-22 08:00:00,2026-05-01T03:30:24.993410,news_signal,GENERAL,1,0.2,,GENERAL_NEWS,GENERAL_NEWS,GENERAL_NEWS,GENERAL_NEWS,0.51,"Vale SA (ADR): Yield, China Risk and a New Pivot US Investors Can’t Ignore - AD HOC NEWS",https://news.google.com/rss/articles/CBMiuAFBVV95cUxPZV9HV1lOSlJqUFl5UHllVll4RUZmeTFVZFJHQ1g5a1lIU2N5ZjJ2dDZTSlZKWHJ2WlpZYU5HMlY2eHZRUmFnQUllVFpOekV1R25hS0F0Q2N6anMteDJfZHMxLWNNVERBMWpWSV9zN0YtT2NFZEhSbjJXbGo5RGdqSUJaRE5uRVlqakQ1eGpYQVRGOEo0dm0wY00tdDlxVDJFbkxaVUVvVEpRZWtDdEtxUUhWeUhod0xw?oc=5,Google News RSS,,
Vale,2026-04-22 12:07:45,2026-05-01T03:30:24.993410,news_signal,GENERAL,1,0.2,,GENERAL_NEWS,GENERAL_NEWS,GENERAL_NEWS,GENERAL_NEWS,0.53,"VALE S.A. (VALE) posts steep Q4 2025 EPS miss despite mild YoY revenue growth, shares edge slightly lower. - Popular Trader Picks - Cổng thông tin điện tử Tỉnh Sơn La",https://news.google.com/rss/articles/CBMi1gFBVV95cUxNcGJlb09ZQlBTak85OEZ5a3YyM1NfU0l6dTFzd2Z6QmkyeW5zWDVJWG1wTE5ScWRmOGtuT25QNEV5dUdzNTZ3bUd0SXBTZVlUbVBjcHRVcnFfRGZnQ2VFeTA4ZlJoSFBTUlc0bmk1UXhCMWRPYWw3SHlwdmVWXy0yeVJvdDA3Zk94NkFpWlpCYnJNVG01TUdKdVdiY3haMHRkNkJmcy1xbl9OOGMyWnVzWGNjREVla2lmZjhnYXpueWN6dmxnTXZsb3ItTWFPdHFOQTBJaXVB?oc=5,Google News RSS,,
Vale,2025-12-07 08:00:00,2026-05-01T03:30:24.993410,news_signal,FINANCIAL_SYSTEM_RISK,2,0.6,bc,WEAK_SIGNAL,WEAK_SIGNAL,WEAK_SIGNAL,WEAK_SIGNAL,0.39,Four Days Left Until Vale S.A. (BVMF:VALE3) Trades Ex-Dividend - simplywall.st,https://news.google.com/rss/articles/CBMizAFBVV95cUxPb0wzZHZOTDlVcnBkbUNvUDIwZnZTUzhDMUt1R09aQlM4T1ZKdWxNWlpOV1QtX25kVnJZSnNxVDN6Q0tJNUwtTkV4UnlmNnpRQTVFbVdxQ2JndG1Ib1pxZ1poOUhFUjNRcC00ZS12R1FpT0lfRWZVODRoUWpFY21yNGRzR2RYelYyNHUtbGlGNlUzRk9EVE5zRVpEZW5pZlZhTnNHeFE2bFdUWlltZFdQcGVsVHVKeXNYOFNzcjNKeW1BclhQSUFjYUoyQzPSAdIBQVVfeXFMT29rdHR3SExOSWI3TzBkQ2RXeXBVY3BBRUxIXzZmTGg2TDRqTkJSVDFKM3VtUmIwaGNybWxveEQ2S0VfZUp5ZUdjQmZVcmdfNEREVGRzamZ4N3loaEg5ZW9Vd280MTZ6UGc3NC05ZzF2OVdLd3RQeGFuLWJJcXE5d282VmROM3ZLU2t3emM4MllPM2NSYTlMX3J5bXZBZHFudzhBbWdWNGp4bGdBQlBQZDlhaXdLVzBzeUxSLWVzQ3NYUmZEcXEyWGpvaXZrSGV2bzdB?oc=5,Google News RSS,,
Vale,2026-03-01 08:00:00,2026-05-01T03:30:24.993410,news_signal,GENERAL,1,0.2,,GENERAL_NEWS,GENERAL_NEWS,GENERAL_NEWS,GENERAL_NEWS,0.49,Vale SA (ADR): Brazil Mining Giant Tests U.S. Investors’ Nerves Again - AD HOC NEWS,https://news.google.com/rss/articles/CBMiwAFBVV95cUxNYi14a0VqMkQ1Mkl1R2laR2dhWkhKTmhEd2sxTXlLaUlna0RfMW1McE9rSDJaX0dPeHh5TTZrM21IVnVaMjhabzBZTEc5YnEtVWswbmp1SGg0RUFlVS1LdVlBamQtbjNpdHlaNE5ncFlud0JwOWNRazlOSEpUOTRJUDJrdS1BVUdhYTdkX0ROTTFJN2NrSGxfQXVUY1A2d0x3X09JRzJzbmRiQXVBamctVG5ReUdTZndkQkUyU2UzNWc?oc=5,Google News RSS,,
Braskem,2026-04-20 07:00:00,2026-05-01T03:30:24.993410,news_signal,GENERAL,1,0.2,,GENERAL_NEWS,GENERAL_NEWS,GENERAL_NEWS,GENERAL_NEWS,0.35,Does Braskem S.A. (BAK) Have Momentum? - AAII.com,https://news.google.com/rss/articles/CBMijAFBVV95cUxOOTg0RWhreVRVdWFGZ2NqX3J5NDdqXzZKWXFLak1wSGRRb1NUbVoyT0o4LWFvWHRlbTFoSldhaERHbmFJYU8wdUdrMkZHTEdHcnVoYzB0bkxoZWRjX2RHOUhVbVZUQTM5X1hmRTFFTHg2dU13NTM2U0hVTjNoSURBR2NHNTYtYm9ocXRJVQ?oc=5,Google News RSS,,
Braskem,2026-04-08 07:00:00,2026-05-01T03:30:24.993410,news_signal,CREDIT_LIQUIDITY,2,0.6,debt,WEAK_SIGNAL,WEAK_SIGNAL,WEAK_SIGNAL,WEAK_SIGNAL,0.51,Braskem (BAK) outlines Braskem Idesa missed interest and debt talks - Stock Titan,https://news.google.com/rss/articles/CBMiqAFBVV95cUxQMGJOSC1JMm1aaHd6MVJrZ0pDN3VlNFZ3ZTlHMXJFc1VzS3ZJNUZ4a0V4bW12MFdUdTlhMl9nRGROdVZNMll1OF9QTHQ5dEM1ajlxSWZ3TzNwV2JBeW9aSEN1N1g1WjZMc3VyZnhUbjVkVjBlX0dsZzcyVldJMTN3T00tRzlseEZ4MVdUbEswRHowOEdiLVdyd3pOdmlpeEdUWWpsYmZxWDM?oc=5,Google News RSS,,
Braskem,2025-12-30 08:00:00,2026-05-01T03:30:24.993410,news_signal,FINANCIAL_SYSTEM_RISK,2,0.6,bc,WEAK_SIGNAL,WEAK_SIGNAL,WEAK_SIGNAL,WEAK_SIGNAL,0.51,Braskem: 3 Key Reasons To No Longer Be So Bearish (For 2026) (Rating Upgrade) (NYSE:BAK) - Seeking Alpha,https://news.google.com/rss/articles/CBMiuwFBVV95cUxNcmJjenB2MlhVc0lwTEtFdndfTEQ1OThBclNReUR1NGQ5bWdsaTVEVWtGU1JkcnNyVzdMbFJkRlRBVFpCc1JvNWFZUkx5eHlkcHI4RDFaR2tJcVNTd28tU2NlWDRqcnZ6WTR1V1BhWFNQNzFFRmxnU1RlekRjTDFfemZtUHo5Y01fNklWUUo0Uk03cFVHdndOeFVsRjFmQWM5LTBSQzBROHZleUdfWFc0aFlnNmItSUplMUJZ?oc=5,Google News RSS,,
Braskem,2026-03-26 07:00:00,2026-05-01T03:30:24.993410,news_signal,CREDIT_LIQUIDITY,2,0.6,liquidity,WEAK_SIGNAL,WEAK_SIGNAL,WEAK_SIGNAL,WEAK_SIGNAL,0.64,BofA downgrades Braskem stock rating on liquidity concerns - Investing.com,https://news.google.com/rss/articles/CBMiugFBVV95cUxNbkxkUEREVDlqMkI4WXhHbHVxSHEtV0VFY1E1LUVpbk1rX0JNUk5lX1dELXlYTVBxV1dhOFdqd1c1OXZqcjBvWlZOWk9oWWJXb0p0NE41ZGxQUVV0RkxBaUdCYmc3LXoxUnRXVkxBWTFKSVZiZEJyU0w2SVQxNnpTczhkWFRwU0ZNSzFjQmtZaHU3TU5iRFNxNUh6c01rOUtQVHhkcnpUd1prOHduUkJQLThWS0JoN3REc0E?oc=5,Google News RSS,,
Braskem,2026-02-06 08:00:00,2026-05-01T03:30:24.993410,news_signal,CREDIT_LIQUIDITY,2,0.6,creditor,WEAK_SIGNAL,WEAK_SIGNAL,WEAK_SIGNAL,WEAK_SIGNAL,0.44,Braskem Idesa edges closer to Chapter 11 as creditor talks stall - Valor International,https://news.google.com/rss/articles/CBMizAFBVV95cUxPQ05ReVNKaktIbmdhdU5kVE5fb1pSQWRFTmsxMjAteXJoel9rUlc0b3VqTm9ic3hrMFZCVml5dVBqT3dQUWJ5S0JmS1liZzRoYXdYRU9GZHN2VWhxVGExNDFfNjBRRnhlUGJ1cUIxN09YanFVOEtvZWxtMHUxaERHUndxcklaWkpaRUpWbW5xaTNOdjl2bW1zVVdpVU1ieWNIdVZmMjh4a213ZWl2My03bTM5RnROZDNhaUVnRlVXRGJkams0V0ROS1UyM1XSAdsBQVVfeXFMTWZGM0tibVpLMDdkX3Y0QXdNcXF1RmNrUklqeDF4NXg2UWFGQ0FMTkszVUxGS2xoX1VpWmJDcUFVWVpGLXRuRjRQWmRmQ1lPaEZhR05IWEtKQ2doVkwzNTdER3lQU0tqZEFMQVNpT29wakhRdjBoajFHbXR1dk43S1hOMENTRjlfQ2RBSDJTOVplRVVLZC0xb1J3WGxqUks1SlVJQWRsQ0NtVXVaUGhMWnhBVEdBeURHYnR5TE9QdTgzY3BxNHdQZF9URmdiWjVuWnlyTzRwV3R4Y2tr?oc=5,Google News RSS,,
Braskem,2026-03-26 07:00:00,2026-05-01T03:30:24.993410,news_signal,CREDIT_LIQUIDITY,2,0.6,liquidity,WEAK_SIGNAL,WEAK_SIGNAL,WEAK_SIGNAL,WEAK_SIGNAL,0.56,BofA cuts Braskem stock rating on liquidity concerns By Investing.com - Investing.com South Africa,https://news.google.com/rss/articles/CBMisAFBVV95cUxQVlJqWmFrWnZ5NlhsTHVXUzcwVUd0SHc2a0t6elpXeFAyM3MyRXZrekxlUWR1NXJvMjFPQ2hBN2xtNW5qUUh6akRnaXgxWVNDdGluMWV1V2lJWUZjcXZKU2haZkcyQVZSRXA3ZjAzVzkweUlCWTl1ZjU4RGtwRGgtQVRWSURfZy1FSnZ3ajdUZ3ZVaEtETW1WZzlaQXRKemRQY05sSWV6d3BkZXdlZTVRMA?oc=5,Google News RSS,,
Braskem,2025-09-29 07:00:00,2026-05-01T03:30:24.993410,news_signal,CREDIT_LIQUIDITY,4,0.7,"debt, bc",RISK_SIGNAL,RISK_SIGNAL,RISK_SIGNAL,WEAK_SIGNAL,0.38,Braskem to renegotiate debts amid longest petrochemical downturn - Valor International,https://news.google.com/rss/articles/CBMizAFBVV95cUxObzdUcUhzc09QQjRIbERoM0c4TE1JbDZWLW41V1Rla2l2SFduaXdjUlBCWmd3WDBZMEZlQWlrb0Zxb0h2YkNNQWpwNWJESDZvWm1QOHJEVzFiMWs3WXBidkRqcU5qUnlPcUpYRVFsX2JocHhrSGVTV2xFQTViNjdiMmxlSUpQOElFWndzOG5UNzQ2WDBVSWhTd3NnZmYzdzRxSWx4LU5SOHEyWmlqYkZlT3MtWWFYOW11cFQ4ZDJrRmc4UUlqNUh5MDJpY1rSAdsBQVVfeXFMT1NVN1EtalVNZkZWRXpfN1RDRkN3dGF3aDlGTkFLSFRocmV5SjNSLU5YbWNWMWZ2ck5FVld5UkdqNk94QUtqMWIxejlWeE9Zc2tpQkZNWE1maHQ1eVpjSW5NOVA2dFFSX3A5OXZBdnl5aXV2VmNuU0FKcjdJaERhb3dKUy1xR2NYX09uWks1SC1iQTVxdUdRNzQ0NGZUeXdkOVFyWTNpVVhWVk95Z1RUU0lVTDcwRnU3blNzM1FvbmpETlpFay02eThUbVhsZ0N5V3VycGVlQUVzbnpr?oc=5,Google News RSS,Braskem is planning to renegotiate its debts as the petrochemical industry faces its longest downturn.,"This news could represent a corporate risk for Braskem because it indicates that the company is facing significant financial difficulties due to the prolonged downturn in the petrochemical industry. The fact that Braskem will be renegotiating its debts suggests that they may not have the cash flows or creditworthiness to pay their existing debt obligations, which could lead to:

1. Default: If Braskem is unable to secure new financing terms on favorable terms, they may default on their debts, leading to a loss of investor confidence and potentially even bankruptcy.
2. Credit rating downgrade: The renegotiation process itself may result in a credit rating downgrade for the company, which could lead to higher borrowing costs and reduced access to credit markets.
3. Financial instability: A debt renegotiation can be a complex and time-consuming process, which could lead to financial instability as Braskem navigates this challenge. This could impact their ability to invest in new projects, pay suppliers, or meet other operational needs.
4. Impact on business continuity: The prolonged downturn in the petrochemical industry has already taken a toll on Braskem's operations. If they are unable to secure new financing terms, it may affect their ability to continue operating, leading to business disruption and potential losses.

Overall, this news suggests that Braskem is facing significant financial challenges, which could have far-reaching consequences for the company's stability, profitability, and long-term sustainability."
Braskem,2025-07-31 07:00:00,2026-05-01T03:30:24.993410,news_signal,GENERAL,1,0.2,,GENERAL_NEWS,GENERAL_NEWS,GENERAL_NEWS,GENERAL_NEWS,0.38,Braskem: 3 Key Reasons To Remain Bearish (NYSE:BAK) - Seeking Alpha,https://news.google.com/rss/articles/CBMihwFBVV95cUxNclJHUEZuZG1wbzEzN1d5S01ucUNDbXZlSHVlSlBac05aTDNSZzlpclA1aEM0ekFNZ0NpTzZBbXVLbkJPX3pJcklvTVVrVnBkNTFGSDNuaDhHS1FPeklpaGRlbFVoNFFhTTdlRzQySHNOSDhyV3I0UDVrYmhoUlVQY29FUjJSSFU?oc=5,Google News RSS,,
Braskem,2025-07-07 11:14:03,2026-05-01T03:30:24.993410,news_signal,GENERAL,1,0.2,,GENERAL_NEWS,GENERAL_NEWS,GENERAL_NEWS,GENERAL_NEWS,0.39,"BAK SEC Filings - Braskem Sa 10-K, 10-Q, 8-K Forms - Stock Titan",https://news.google.com/rss/articles/CBMiVkFVX3lxTE1WT05kdWdxWFY3WXpDSUZYc2tLUEdqQkhjaGtxV0NId0NCMnhsYTVnUXpfbHNCcEFPZl8wVDRJY0JTTFMxS2Z1anVVT2hxNmE0X0NhbXZn?oc=5,Google News RSS,,
Braskem,2026-03-09 07:00:00,2026-05-01T03:30:24.993410,news_signal,CREDIT_LIQUIDITY,2,0.5,restructuring,WEAK_SIGNAL,WEAK_SIGNAL,WEAK_SIGNAL,GENERAL_NEWS,0.35,Braskem moves closer to restructuring after antitrust nod to IG4 deal - Valor International,https://news.google.com/rss/articles/CBMi0wFBVV95cUxPXzlEZmJtT2VReXdBY3NrYV9BbWFxSWQxM3pMNm50dDVOV3phN0JUYjQ1SjdnVUpCRWVFLUUxdmtvQXhoSGJOX2Z3YmpMWkVaUUxyS2RuclFTTFVJZF9fWThqLXE5am9CYjNuakEzNU1rdUhDRXh4RFBtNEswQnRLMXBXMFd2R0VodnFFUmNSbnFPSjlvb3U1R05zZndYbzgxclZla2VhT1BWd2UxaDdnQUZFTG9rbUxoSVhNTzQ0Q1lNb1RNT00tbk1SS2s1bjBteTVr0gHiAUFVX3lxTE1EdlRCVkxKTHExUWQ5dE1DSFlWa3YwN2lEVDZIbDZZNVhUSEtYQVhBR05MRUlZbmJZWFJPNnVickMyNW5pTndyd0hjaWRSd2Itby1nUlNFQVFFYkV5akdaNWlsMElMX19Pdk8yY2RPZEdpNzk3dmc3WDl2VjhlSm4wcXJIYTBUODhjSDFibktiMV8tV0RidW5yZUxQSjhsU201TG5YTFAwV3liZ0NRZ1Z2ZFhtMFg1SnFaUVlnOE1KTXUyanRGaWZZS0tXRGljeks1UGs1VS1xNFFSSWcxaGhsQlE?oc=5,Google News RSS,,
Braskem,2021-03-15 07:00:00,2026-05-01T03:30:24.993410,news_signal,LEGAL_REGULATORY,2,0.5,probe,WEAK_SIGNAL,WEAK_SIGNAL,WEAK_SIGNAL,GENERAL_NEWS,0.31,Brazil’s Braskem Probes Bribery Claims in Mexico - WSJ,https://news.google.com/rss/articles/CBMikgFBVV95cUxQWlZQei1UUnltWGU4aUIxZFgxaVpGQ0UxT1VUb3l6cTZuQXlCQm13R2xjb1RGYkZBUmhIR1VXLVdrMGU3V3IxcDdWWGVNLUhPM0drVFlEVWFaNnRLVDNfN05mSVp6Z0FiaERaUDRWLVRnREhUelZOQi1DZTJmVXVvMFhZSEY3X3JrbVhnaHVXSTZmdw?oc=5,Google News RSS,,
Braskem,2017-06-22 07:00:00,2026-05-01T03:30:24.993410,news_signal,GENERAL,1,0.1,,GENERAL_NEWS,GENERAL_NEWS,GENERAL_NEWS,WEAK_SIGNAL,0.36,"Braskem Approves Construction of Delta, the Largest Polypropylene Production Line in the Americas in La Porte, Texas - braskem.com.br",https://news.google.com/rss/articles/CBMi7gFBVV95cUxQT3VBek04aVNnbWxYcFkxc1FLcE9XS1cxTTJmV2x6M3REQ203ZzQ2bG4yQnZIZU5qWHNyVkJXVDJ2SzYwdDRGLWx6dnR6emFLUXBvNlptM3Q3ZjVNUzZ1dktoV1VVdWtfeTI0aEZDX1d3Q0ZkRUxqek9FR2VDUjVaWENhZTJrd1h6Z2xVcnZCTWZYZ2IwN0pvNDN5dHBBNGRnRU5acVExNkF6WUZxeHNoWjRTaC1VY1dYdFJHLVV6RlNHaUVSNXdEeEJWbFJuS2h3T0oyU3BaM2NzZmFmU0FSd0FkZEdmQjRtZVVsX0xn?oc=5,Google News RSS,,
Eletrobras,2026-04-16 07:00:00,2026-05-01T03:30:24.993410,news_signal,GENERAL,1,0.2,,GENERAL_NEWS,GENERAL_NEWS,GENERAL_NEWS,GENERAL_NEWS,0.5,Eletrobras (NYSE: EBR) moves Form 20-F filing to April 24 - Stock Titan,https://news.google.com/rss/articles/CBMivwFBVV95cUxOX19yTGZBWVZrOHdyTXQ5aVh6T25WRlNVLThHYlA5d2FjTm5uV0hOYnN0TDFyektjRndUT1hGaGZ6dnJZdEpxcmRFdUNJdlhQWkdOeV9sdnRZME14MmtwUFRqZlAwUjlHeklnZTRHc2wzU0ZxYVJhc1haNzdIU2lSRWhmbjhQUF91Tk1qSmV3LXRYX1JqYkFlWXJrMmU4Z0h2UzQxNUpKRUxWOV9Ha1JhcmtBQTloZlVYcGFYajN2MA?oc=5,Google News RSS,,
Eletrobras,2025-08-08 07:00:00,2026-05-01T03:30:24.993410,news_signal,GENERAL,1,0.2,,GENERAL_NEWS,GENERAL_NEWS,GENERAL_NEWS,GENERAL_NEWS,0.46,Eletrobras Selects C3 AI to Scale Enterprise AI Across Operations - C3 AI,https://news.google.com/rss/articles/CBMikwFBVV95cUxON1JCbTJrYlQ0WlVtUGRZd01sMjNjOUhkLUk5SHFfOXpqY0NoenZsMU5LaWdoN3pJNzhvbjNVMHRnXzZLLS1DQVlqcWV4X1F4X19VQW0wY2tZMmlobFlGZ2hmeFJPNGtMQ3V3cGxkOWdwc1NDY21QSXFNNGk0WW1xZ2xRaDNia3pjZlBoUjA3V1NKd2M?oc=5,Google News RSS,,
Eletrobras,2026-03-08 08:00:00,2026-05-01T03:30:24.993410,news_signal,GENERAL,1,0.2,,GENERAL_NEWS,GENERAL_NEWS,GENERAL_NEWS,GENERAL_NEWS,0.49,Eletrobras Earnings Call Signals Turnaround and Growth - TipRanks,https://news.google.com/rss/articles/CBMiqgFBVV95cUxPTEN0ZWM1VGxaN19MTGJfbHpSMnBlYzZ6aFUyRGphejNHWDVXQXN5MkNQTjBNbzdHOTlmRWotZXBIUE5MNE9rMHd6am1xQ1M0Sk0zaWtWOExYWlJKWXBWa0JETFFIUlRLR29QTUJ6a3dyMEV4WWtCczRMMnVmc0dWY3E5b0M3X1ZKMHBwYm1yN0lpRDNxN2tBUTFrcGEzRWhkZ3hRak1lalJFZw?oc=5,Google News RSS,,
Eletrobras,2025-09-24 07:00:00,2026-05-01T03:30:24.993410,news_signal,GENERAL,1,0.2,,GENERAL_NEWS,GENERAL_NEWS,GENERAL_NEWS,GENERAL_NEWS,0.49,Eletrobras: 3 Reasons To Remain Bullish (NYSE:EBR) - Seeking Alpha,https://news.google.com/rss/articles/CBMihgFBVV95cUxQYW1qQXNmOVBobWdvY1N0M2o1dWhiMnBvUU9FNWExYno0bHY1SndmQVU2TWtNNDAtYkdTbkh2NmxhMXEzUVNDSGx1WkFmRTI3TFhMQjIxX0JKTjFlQVBxV1hjQV9vak4zWTdUNzlEMTY0VVdYakMxVm5xVGxBLTkxYzJ5ZUg0dw?oc=5,Google News RSS,,
Eletrobras,2025-10-16 07:00:00,2026-05-01T03:30:24.993410,news_signal,GENERAL,1,0.2,,GENERAL_NEWS,GENERAL_NEWS,GENERAL_NEWS,GENERAL_NEWS,0.45,"Âmbar, of J&F group, acquires Eletrobras’s stake in Eletronuclear - Valor International",https://news.google.com/rss/articles/CBMizAFBVV95cUxPRnR0bFlCLVR5Z05YOENtQjgxMmRLQkIzT3ZwMDNJalBXY3FEbDhqUVBLN2pzcVVsVVRIVlpkSld4S1FUMHA1U3BJZUJkZzRIcWttSGxoaTdTbmhoMnVPVzdobWx4M3NLbF9GdWxKVkxrV0g0NHhCRkRNTXZ0azJLZnlYeWFycTlUbWVPZlY3bmMweDZUcEZlS1hvd3VEckEyNTJwWkEyWm82bzNBQlVPOXcwbzB4Wlp3MDRoZ3FZRWZJWkVlbU11eE9iYWPSAdsBQVVfeXFMUHRpWV9WQmlhVzhoeWRoMzA4SzRqV21nUDlHVDFUUWF3Qnd1T0NHejVrNVdTRmd6bFlEYWJqSlZLQkxwcEROaktodU1uZUh2WGl5N2p5U1pVU2oxalJmZVlIZVVhTzFKenZJclFNcnBFZ0x3ME5NUVo1bUJkbTU2dC1teTZ3c2J4Rzl0NVBFR2w1NWRYc2VNLWtxM0pCSzExOWVlS0ZKMEJTR2V3dXhPS1pFVWxSTDlzMlptRWg2Qlhjb3BQcDg3TzVMaGpsLUpCOVJYUTNicFJURWNr?oc=5,Google News RSS,,
Eletrobras,2026-04-01 07:00:00,2026-05-01T03:30:24.993410,news_signal,GENERAL,1,0.2,,GENERAL_NEWS,GENERAL_NEWS,GENERAL_NEWS,GENERAL_NEWS,0.5,Eletrobras (AXIA) moves to delist NYSE ADRs and migrate to Novo Mercado - Stock Titan,https://news.google.com/rss/articles/CBMiwAFBVV95cUxQU2lLRzloZzl6ci1qU1VKMEpfd2pfZm5zNXc4VzVhTUhsM05STDR5TDZYY1lFSDBPRDdSWWtFUlZuRXJoRHBPcW00UG02cVhNb29BQmFrLXptWTJ2eEZHS1BPbU9nQkxBWHVzN0lZZWhJRmtkMV96ajFDWVpjdnd6eThyMmxIX1hXWHFsaTJQMGQwOGNtVFNwbW04MzA5NWRURjB5bWh1MEd5U1h2TGtDQmFnOXM1c1lxc19BWUdKNGg?oc=5,Google News RSS,,
Eletrobras,2026-02-23 08:00:00,2026-05-01T03:30:24.993410,news_signal,GENERAL,1,0.2,,GENERAL_NEWS,GENERAL_NEWS,GENERAL_NEWS,GENERAL_NEWS,0.49,Eletrobras Stock: Brazil Giant Quietly Turning Into a US Yield Play - AD HOC NEWS,https://news.google.com/rss/articles/CBMivAFBVV95cUxNdlVJelZIQlJCS1FqYkRhWHBUTC1TWU56UkRpanFUV3RrSHVUNGxfNm1ReUljSVl4VkNjZF82MEc1VktubjF0MFlObld3dXY2R3prQzV1aWNITjJiYm1XLW9mMmhJUXBKbkJSNWgwaThvX1U0THR3b3pOV1p4RGtYRDNhRVhhaW4yTmRwS09jVFhEaTd6STFlU1J2WG54aEU2eV9acXZTUDlUMXRMUjFFSkVkOUJzUkdCRkdzOA?oc=5,Google News RSS,,
Eletrobras,2025-06-17 07:00:00,2026-05-01T03:30:24.993410,news_signal,FINANCIAL_SYSTEM_RISK,2,0.6,bc,WEAK_SIGNAL,WEAK_SIGNAL,WEAK_SIGNAL,WEAK_SIGNAL,0.47,"Eletrobras: Low Beta, High-Yield And Easy Pick (NYSE:EBR) - Seeking Alpha",https://news.google.com/rss/articles/CBMiiAFBVV95cUxPTGRoSU1hSGhTWFpNbmlQNm9IdzBSekhhdWZ6SWd1Y00wQUtwZkJreUd4TzBmNks2X3M3SVEybzBFNUxtbWVJT045NGQ3RHF6bkw0Z3RFWlJXa1NzcWdqRTZBS3VudC1RQkJ4U3BFdG5TcFhFY0JZVVBCcGdESWNVR01QUGFwLTZt?oc=5,Google News RSS,,
Eletrobras,2026-04-01 07:00:00,2026-05-01T03:30:24.993410,news_signal,GENERAL,1,0.2,,GENERAL_NEWS,GENERAL_NEWS,GENERAL_NEWS,GENERAL_NEWS,0.5,Eletrobras (NYSE: AXIA) wins approvals to migrate shares to B3 Novo Mercado - Stock Titan,https://news.google.com/rss/articles/CBMiwAFBVV95cUxQNm9EUTR2el9WNE1CZkhpbVRhUmg2dkVkS2RQeEc5WU9YU00waEhwNDNmc0ZzZ1NFUnpOR2hodTBUVGZPR3JScHFoNmw2NHd4bmVQWE9teGR3bzRlbFpOU012Q1BsVGRPM3RNOFF2T0tORl9xSFFONXBYNU1zWHJDbFhhWWc1UmJRYk9KTVh5RHc4UHU3TkFqMmVLZnVFc0xDTHNSN3B4bUM5T19nZG9RSjB3QXFYUXVOVDA2eWt5Vk0?oc=5,Google News RSS,,
Eletrobras,2025-08-20 07:00:00,2026-05-01T03:30:24.993410,news_signal,GENERAL,1,0.2,,GENERAL_NEWS,GENERAL_NEWS,GENERAL_NEWS,GENERAL_NEWS,0.43,Eletrobras (EBR) Places Colíder Hydroelectric Plant Under Alert Status - Yahoo Finance,https://news.google.com/rss/articles/CBMigAFBVV95cUxQMGhkMHVRSGtyWkR0ZzFNblFDU0d5WG1jZjlncVI2WkozNkJEV1A1Sjk5eUxjRFk3Qk1NaEt4UUIzYi1LWnR5NDRreFlBSzFBLTB3NWZEcGlQWDYzNlJzd196RUlIWmVPQ1U4ejZCcW5sYjBnVmVJOTBxVmZnUFNtLQ?oc=5,Google News RSS,,
Eletrobras,2024-11-13 08:00:00,2026-05-01T03:30:24.993410,news_signal,GENERAL,1,0.2,,GENERAL_NEWS,GENERAL_NEWS,GENERAL_NEWS,GENERAL_NEWS,0.48,Germany’s SEFE partners with Brazil’s Eletrobras on green hydrogen supply - S&P Global,https://news.google.com/rss/articles/CBMi7gFBVV95cUxQYjlLY1gySm5kU0V0UkxkZjNlSTVFdHBJWmFxdUhuU3A0MjdVMmdaR1RBQmRzdGNlVWwxajhvbmVENWNDM1JSYS1Kd3Z5WTBRdDJBV0VLSjV2ZXFzeE50ODZhQ0NzQ2R4R2VUOFJma0pZMkM5U2t3LW9Td0pBOVBpUGJza2d4Zk9UdzVKMlp0RXQxNmlQN2dhV01VMDhuZG5SOWZ6TmZtZG5ERUtLSTgzNlg2ZGN2ZW9rREUyM1kyWWdOVUc3TWtCSkxCdEZvNzJLTk04WEtKZkFYaVVva25sUDRMdk1NSnFORXEzeUJ3?oc=5,Google News RSS,,
Oi,2025-10-02 07:00:00,2026-05-01T03:30:24.993410,news_signal,FINANCIAL_SYSTEM_RISK,2,0.5,bc,WEAK_SIGNAL,WEAK_SIGNAL,WEAK_SIGNAL,GENERAL_NEWS,0.32,Brazilian Telecom Oi Loses Bid To Dismiss Ch. 15 Case - Law360,https://news.google.com/rss/articles/CBMiswFBVV95cUxPWUc2anVZZWZ4US1rNmhPZzlkUHBQVWlNdE1zN0tPUHR4NGdxSTE2TjNqYV9FSXB1bDV4Z21Qa3ZXbDVONUsydXZjU3g3Ulh1ZjJhdkxLMmlUTFZ6dFY3N3o1VDdiWGpyaGRGMEphOTRWRC1tZk5kVHFWQ3ItMTZTbHhydU8zNHlDdjQ1R0dSVHNoV0xsRjVmTURTV2NiNk10c2ViSzg3YWNsNnZZM1VxM01YNNIBckFVX3lxTE5LV29IVnJRaDJua1ZJb2U1aXRTNUY5S3M2aDFmT09jWndRMW9IUjFxUW5PVlhvR1hHRkZZTjBwbDBBMW5JNEh4eDhSaE9JNXRfcUxUQmZ4QTdKS0JPc09GU0pLaXgtVnl2dkxGbU1BMERZUQ?oc=5,Google News RSS,,
Oi,2025-09-06 07:00:00,2026-05-01T03:30:24.993410,news_signal,GENERAL,1,0.2,,GENERAL_NEWS,GENERAL_NEWS,GENERAL_NEWS,GENERAL_NEWS,0.41,Oi SA (OIBZQ) Q2 2025 Earnings Call Highlights: Strategic Shifts and Financial Challenges - Yahoo! Finance Canada,https://news.google.com/rss/articles/CBMid0FVX3lxTE9HZjh5NnZlNHVUYUcwU1MzX01HcHhKZ3pNcjVJOUxpSjM4VEppUkFJM0JiQXVFX01TbFRyUUlGUkllTzRWbmFJN0s4UVYyeXVyLTFMeGNWWnhfSHpMVGhwczk0ODA0bmx0aDh3MnB0SW5VbFMzS0NZ?oc=5,Google News RSS,,
Oi,2025-09-05 07:00:00,2026-05-01T03:30:24.993410,news_signal,GENERAL,1,0.2,,GENERAL_NEWS,GENERAL_NEWS,GENERAL_NEWS,GENERAL_NEWS,0.45,Earnings call transcript: Oi S.A. focuses on innovation in Q2 2025 - Investing.com,https://news.google.com/rss/articles/CBMiuwFBVV95cUxON2FraTg4NkhrZDRDRl9vU1lKMGxUYkI3T1BseDVYeFBycXU2WDBHcHg2SWpCM0tqWmRrOW92RkNfdGo5dlZ5YkxDa0RISml2bTZPZWNfc0tjQzZkaUZ0X3R1OU1ZUXNMT01uaDJlUzdKMG5ZZHVBaFQwVG01azhLd2sxMXZHaXpQcWlCMkd3dEc5ak5jajc4dkdzVmFpSVF5em00cWxGR0hjemZTaE1XVk1rdUR0Q19YV0Rr?oc=5,Google News RSS,,
Oi,2017-07-21 07:19:57,2026-05-01T03:30:24.993410,news_signal,GENERAL,1,0.2,,GENERAL_NEWS,GENERAL_NEWS,GENERAL_NEWS,GENERAL_NEWS,0.51,OIBR3 Stock Price and Chart — BMFBOVESPA:OIBR3 - TradingView,https://news.google.com/rss/articles/CBMiY0FVX3lxTE5RVnVnbk55TkczQ3o0WGdRNENRTVRTaDA4R0ZISkprbUNHdXhWYjJFSHFJWmpEOE1tRUpFODhPcmMtTU9YZ3JLbGFyYVhOVWxwbGRiakpTcE1kRmNtZmR6R3Raaw?oc=5,Google News RSS,,
Oi,2025-05-29 07:00:00,2026-05-01T03:30:24.993410,news_signal,CREDIT_LIQUIDITY,4,0.7,"default, CFO",RISK_SIGNAL,RISK_SIGNAL,RISK_SIGNAL,GENERAL_NEWS,0.36,Fitch cuts Oi S.A.’s issuer default ratings to ’C’ By Investing.com - Investing.com India,https://news.google.com/rss/articles/CBMiqgFBVV95cUxNSDdxekZuY3JXZlFtbHNqcjJjZ1dxMk4xZEZyT0ltdTA4b2locGM0NEs0U2Y1d1BXVWtPcFo2Mi05cGpleTZBREJjV3FnNllLcnhmV0c3dU5KOFNrMXF4eWNwQWV4eW1Cb1hKbnJVX1hoTWV3eWNkeVZrTnZxNWs1bHVFVGtxUHJSV01HVm1DclhWX1ExbXM5bmYzZ1Q3TnZISmRFMzNORmlKQQ?oc=5,Google News RSS,"Fitch has lowered its credit rating for Brazilian telecommunications company Oi S.A. to 'C', indicating a higher risk of default.",
TIM Brasil,2026-02-02 08:00:00,2026-05-01T03:30:24.993410,news_signal,GENERAL,1,0.2,,GENERAL_NEWS,GENERAL_NEWS,GENERAL_NEWS,GENERAL_NEWS,0.49,TIM Brasil Moves to Buy Back 51% Stake in I Systems Fibre Unit for $170M - techi.com,https://news.google.com/rss/articles/CBMihAFBVV95cUxPSm5ZeGZVSTFsVFRwVV9sSURXbl9UMmEtaWRFMGx6NXRHRXdYRFN5V2s2MHJENHc4LWxtVlhtYkZrLTZ1TkNZUklnOW94ZDdkU1ROM3JyMEc2NmU5dnFGTVc5cVZqWVNaZHRqT0R0dlZGTG9RMWo2VmItTHdVcUNRa1A1SEM?oc=5,Google News RSS,,
TIM Brasil,2026-03-02 08:00:00,2026-05-01T03:30:24.993410,news_signal,GENERAL,1,0.2,,GENERAL_NEWS,GENERAL_NEWS,GENERAL_NEWS,GENERAL_NEWS,0.55,Nokia Partners with TIM Brasil to Cover 42% of the Country with 5G Using NVIDIA's AI - Idéal Investisseur,https://news.google.com/rss/articles/CBMi1wFBVV95cUxPZk1EUU9aalRySlBmbEgzNU45bDFsWUFGZXhTNnFRejJzVGZWS0d5dWYyNFV4aTdRT29PYVRrdVhtRGZLR21DZ0gxMlVaclpSXy0yTGlTTERJaUtiN1otOEY0Y1JwblNrRk1hX2JiZ2haektpMmlFTGpRQ21lQl9fVzNJNFpyNU9MZ1dXb2hrNUxGRnMtT3ZuU1o5R3phLUxvZ0RMX2dRTTR2N2x5LTNBZC1aSHdEbVpmaDZBVW1tLUg1MXZMS3R0amRVSmFoSlA4aHJWcUF5dw?oc=5,Google News RSS,,
Vivo,2026-04-30 22:35:18,2026-05-01T03:30:24.993410,news_signal,GENERAL,1,0.2,,GENERAL_NEWS,GENERAL_NEWS,GENERAL_NEWS,GENERAL_NEWS,0.47,Is Telefonica Brasil SA (VIV) Overvalued After 4.3% Rally? GF Va - GuruFocus,https://news.google.com/rss/articles/CBMiuAFBVV95cUxPS2MwSjFCUzFwRms2RVZVYnhyU2pSQVd5OTB2V2pmQXZndG9sYnl5N21Vb2gxM0k0SHRPNENFNy1vZTM4NVFDWk5nYm5ySXFKNWdmblBLSkNtTEkyeDFlcXR4UzJobXVmVFM0TEltMXRkZ21mM01mSFVJd0xzaEVLejhPSGdPS1NaVERKT0FuRE16Q0xDbHhfLVZmaFJ6dDJVOEdjVDAyWmtUUmJvWkNCajlWUVdHNlll?oc=5,Google News RSS,,
Vivo,2026-03-24 07:00:00,2026-05-01T03:30:24.993410,news_signal,GENERAL,1,0.2,,GENERAL_NEWS,GENERAL_NEWS,GENERAL_NEWS,GENERAL_NEWS,0.42,"The Zacks Analyst Blog Highlights Shell, Chevron, Allstate, Telefonica Brasil and OMV - Yahoo Finance",https://news.google.com/rss/articles/CBMiogFBVV95cUxPYk1udnN1ZUxsZnpDUzhnUGl4eEo5blJ4YzhCbTVtOTBBbmNyeEN5TFJQR0pwVVVDRzRnRlF3Wm1HeTNKXzZ2TVJzbUd1MkJzUkExRjRiZEhTTV9nZWpkZTVwU0tsSmVwV0l0eEdWMHRFUzVkekM4cE9iaDRHRXhyNEVTRXgybzdLYjRsUXo1OXR1bTRrTXNEeFdkLUxIcjY1LUE?oc=5,Google News RSS,,
Vivo,2025-10-22 07:00:00,2026-05-01T03:30:24.993410,news_signal,GENERAL,1,0.2,,GENERAL_NEWS,GENERAL_NEWS,GENERAL_NEWS,GENERAL_NEWS,0.52,Telefônica Brasil Stock: From Yield Play To Defensive Compounder (NYSE:VIV) - Seeking Alpha,https://news.google.com/rss/articles/CBMinwFBVV95cUxNcHBMTU5UdEVIUW9nVVVKZ1YzNUVqcE1qa1hmcm1rc182aXhpNllFMUxpMDdMTnJMMm5IeXg5bnhHR3J1QUgyaTF6Tmx4SGJnQzhDbnd6V2VybXZJSm1aU21zZXp0LXNHU0lqZ2wtUXp3UnJTVks3dVF3R3FzMUpzMkhHbDRzQ3VXZUVJdWVVbFc0ekhYeWVtdV9Ld3RSTUk?oc=5,Google News RSS,,
Vivo,2026-02-08 08:00:00,2026-05-01T03:30:24.993410,news_signal,GENERAL,1,0.2,,GENERAL_NEWS,GENERAL_NEWS,GENERAL_NEWS,GENERAL_NEWS,0.38,The Price Is Right For Telefônica Brasil S.A. (BVMF:VIVT3) - simplywall.st,https://news.google.com/rss/articles/CBMi1AFBVV95cUxQeTVrT1VvVHhHUUJSeU5hRWY2M19rNzhodFg3bVgxcE9KZTlvcHBsbm9kQmY2bjBiWFNzMDhTb2o2bVBIbGs0THUwRkhWRGo1Y1hqUS1KUG00WVpnOFdRTkFhc3JucVpBNU12Tk1UWnpuaE9BNDhrOXRrSmJ1TVhJZFUzSkp5RkRVVktSLTlQSUx3andlTlJHVEFZbXJacHBUZnVYNWotTlplNC16Rjg0OVZmdm1JNUZVanp3d0E4WGhCNThzVldrOC1VZmxmR2VaOXpGQdIB2gFBVV95cUxOLUVZMlBwNFNmbEQxWWxhMVlIaTNmXzMwZ29XM3ExcENWc0ctVTVST3l5U2NBaGhnNWtDUndWNHU0UXRDMl9oV0JPcEp3d21OX3dicGREM1NmekRnbW91cG1LNmlpSDR5UWhwUVhTSU5TZ09sRC1lN0R5SXdRQmRxaUpJdXVkX3BnYkJ0RlByOE5UV0hiTFUxZG1hN0VmOUNqb3p6UWJZV09iUDIwckJNWWNnY2NpTWc1V3Zob0VZMVVrVlNxQmF2eUgtT0lPODhPSjU2bU9jVkV2Zw?oc=5,Google News RSS,,
Vivo,2026-01-05 08:00:00,2026-05-01T03:30:24.993410,news_signal,GENERAL,1,0.2,,GENERAL_NEWS,GENERAL_NEWS,GENERAL_NEWS,GENERAL_NEWS,0.5,"Telefônica Brasil Stock: Quiet Rally, Heavy Yield and a Cautious Wall Street Gaze - AD HOC NEWS",https://news.google.com/rss/articles/CBMixAFBVV95cUxOOU90SDlVRUNNTHJpaDVZTnFfLVNwUUZoTnZ2X2tEU3hQTnBnazQ0d3d5VzRUNGNzYlM1aXVSbVZ5SXdLeDZueHV5aTdRUWNKME9zYjluUEU0LTlOcmhIbEJSUWNxNV8xaWQ5MHVma0Q2dWY2cHdoMHFRTE1RbktCY3paMFFjSkZkS1EtUGFCTnl1MnN6My0tNUR1Ty1ETlVIZENfaUF1Y083NklJLUplMmh1OGpudEpJVEJ2TTdEVnhURUp3?oc=5,Google News RSS,,
Vivo,2026-02-24 08:00:00,2026-05-01T03:30:24.993410,news_signal,FINANCIAL_SYSTEM_RISK,2,0.6,bc,WEAK_SIGNAL,WEAK_SIGNAL,WEAK_SIGNAL,WEAK_SIGNAL,0.38,Telefônica Brasil Q4: The Cash Machine Is Working Again (NYSE:VIV) - Seeking Alpha,https://news.google.com/rss/articles/CBMimwFBVV95cUxQMldpTWoxVE9NaE9iNHgzaUVsNVVSUUVmZlFYZG1yUEw5YnNtdlNLczVPNzY5WERLR094WUx5eUtsaUdXaXdjR3hRQlZweE5LdWxZZFBqaGtaTHAyZnNGcW8zYnRBckxlemNVeEp2cnVSVkxUSDdCcjh6QlRXMEdSVmtpTFRvWm9QblVURTBGanE4bHdrYjROVXVIMA?oc=5,Google News RSS,,
Vivo,2026-03-16 07:00:00,2026-05-01T03:30:24.993410,news_signal,GENERAL,1,0.2,,GENERAL_NEWS,GENERAL_NEWS,GENERAL_NEWS,GENERAL_NEWS,0.52,Telefonica Brasil (ADR) Stock (ISIN: US92662Q1058) Holds Steady Amid Brazil Telecom Resilience - AD HOC NEWS,https://news.google.com/rss/articles/CBMiuAFBVV95cUxPTWhUZ204ZDFKSzN1QW5xMzdqLWZxNXEtYVBSVVMyZ09xWS1tTGhVN05UV0VNTzY1ZlBHcmptek5ydHE0MkJROFlxMGVlMnJ1YkEybEdZTVZ3dzhGcXJqMWVSTm5TMVFZWHd0UXlfRjhySnpOWTFVaVh0U0o3TEJYQ3p6V2doOFJGRVdUUUcyaE0xWF9GSEM0RWxhdC1IT3JVeFpIQ0JsbHBqdHBvZkpHYTJvSWFvbHVC?oc=5,Google News RSS,,
Vivo,2025-08-06 07:00:00,2026-05-01T03:30:24.993410,news_signal,GENERAL,1,0.2,,GENERAL_NEWS,GENERAL_NEWS,GENERAL_NEWS,GENERAL_NEWS,0.49,Telefônica Brasil Surpasses Adversity And Reports Great Q2 Result (Rating Upgrade) - Seeking Alpha,https://news.google.com/rss/articles/CBMingFBVV95cUxQQ2dCVXNkLTdEV2FGRXBPclVHMzdrdUhGdlZTTUVyeldYaUoxUGVZcnp3Zi1vaFItZW5FZ0VPQktqYW95bXJORWVtZTZrYS1FSDZxTXBoa2FsYmxjU0djSjBwdVk2N1VIU2Frb1l5em53cExrdkhuQzJ3UndPLXhIOS1hWldWU05iM2xaSXg0cWN6Q3VkZG1tS09OakczUQ?oc=5,Google News RSS,,
Vivo,2026-04-27 02:19:31,2026-05-01T03:30:24.993410,news_signal,GENERAL,1,0.2,,GENERAL_NEWS,GENERAL_NEWS,GENERAL_NEWS,GENERAL_NEWS,0.47,"Telefonica Brasil To Go Ex-Dividend On April 28th, 2026 With 0.04604 USD Special Dividend Per Share - 富途牛牛",https://news.google.com/rss/articles/CBMimwFBVV95cUxORnRWZTlKeDVMZFdGMEFKaTd4Zk9ubUJqS0Iyb0t4TXc0bXR1QUtaU0RrQlpubm1HM2N6ZmcxTy1EY2xvcDRSRnZnTFNtUldGSGEzZVNBZXBvOWFUbEZ0eF9RVER2djBidDhacDVlYnU3eC16YnNYd1FSS2FzeWZLeWg3M2VtZ3JaTmtENXJ2R2xBTVFHY0xYYTY3RQ?oc=5,Google News RSS,,
Vivo,2023-11-15 08:00:00,2026-05-01T03:30:24.993410,news_signal,GENERAL,1,0.2,,GENERAL_NEWS,GENERAL_NEWS,GENERAL_NEWS,GENERAL_NEWS,0.5,Telefonica Brasil outperforms NTT in investor valuations and earnings outlook By Investing.com - Investing.com South Africa,https://news.google.com/rss/articles/CBMivAFBVV95cUxPcE5uNjFKOTZXSU92QTBMTjNkTVA0TDdOSDhqM3UtcUFNVnk1Q3A1MUVUaVhYU2xmRlB3eTR3Q003NmgxNksxY1dvb1R4bFpYdEhqcEdxNk9TQ2ZLS0VBSmczbXhDUGF0dGltc2RFNThiM2lIVlpnZHozUmt1WUFXMzRwVnNHMlZTcUNZSWhmZjQxUDBlNWh6NG1IMExrWEpiaWh6WjRJb0hvQzhoMUdXT05hRlpaYU85c21Heg?oc=5,Google News RSS,,
Vivo,2019-05-13 07:00:00,2026-05-01T03:30:24.993410,news_signal,GENERAL,1,0.2,,GENERAL_NEWS,GENERAL_NEWS,GENERAL_NEWS,GENERAL_NEWS,0.49,SEC fines Telefônica Brasil $4.13M in World Cup ticket case - Compliance Week,https://news.google.com/rss/articles/CBMisgFBVV95cUxPQXpSYklOX3BxMkkzaWxuSWw1d29CWWdWU3ltNm5vZlM3dHkyWGVxUkIzT0VQdkNWXzdjTERJTE5SVzhmQ3NaUk9wSm5fWFhjTmxuUGc2SGJoczdaRmM0MklIRXl0b0haV1lKSWVua0gzcEd2ajh4OHgyTUtfNXV3Ynd1VUwzdEk4NUdrMWJqbS0tM21wRV9pV1dzaGJ6aDBIS3BYLWZYSlBkcEhFQzVzNGJn?oc=5,Google News RSS,,
Vivo,2019-05-10 07:00:00,2026-05-01T03:30:24.993410,news_signal,GENERAL,1,0.2,,GENERAL_NEWS,GENERAL_NEWS,GENERAL_NEWS,GENERAL_NEWS,0.51,Telefonica Brasil Pays $4.1 Million Fine in World Cup Ticket Case - WSJ,https://news.google.com/rss/articles/CBMiqAFBVV95cUxOQTZ3TDJ1OTFtUkhzc1hOaDBHY0d2NFd5a2pvVzNwX012SHhtdlFJOUpqS29kQkwzQWE2Tl90Ry1MSVB4cU1YZkpicWFpeTlLcTlNUHV3bVY3VU1OU0ZtTy0tVV9jWGx2eWJXb3RKR0x6WHlpODFBRTBqcmZXczZKRmRJZXIzWXgxR0ZscVE5c3FxekFPQzg0NE8xQ0pWNDJhVVVCdzF5b3k?oc=5,Google News RSS,,
Raia Drogasil,2025-11-26 08:00:00,2026-05-01T03:30:24.993410,news_signal,FINANCIAL_SYSTEM_RISK,2,0.6,bc,WEAK_SIGNAL,WEAK_SIGNAL,WEAK_SIGNAL,WEAK_SIGNAL,0.4,Is Raia Drogasil (BVMF:RADL3) A Risky Investment? - simplywall.st,https://news.google.com/rss/articles/CBMi1AFBVV95cUxObU84R3JSVGctaG9hNG0zb2NHalZuZ2JrbHZ6dDAxU19BcFBzaWI0TllNRkgyRXRVS2I1SmVLM3R0VVdfLTdwcHJnNGNpeGlSaXctcVBZVV91MnlTd21fVFhkMlVDc3hnNkczcUtyREhzNm1FczgxUG92VldVSW1RQzMxMmV6dWlLM2tnWHJVN1hFSmRvTWdlR0J4clBsYmF0UUo3SFB1eHROSG4teUprSl9zWVVSRkNMeHV0Y1YxSVFOM0kyb2hhUHM5Y0NDQ0Nxd3lMMNIB2gFBVV95cUxNZjEyekVhU3Z5SkFXbzczTmtGMkFuSmF5eHpwemdNWDhLQWx3SWRVclFFS1Rua1RPRkJ3RFdFWHAyZTEzWnhHejFtaUxMNVJNZGQxZ3VhQk9HTEJxUnBTMnJTVEtlSGtLb0R5THpfUkNDV3pwa3hfZXhQLXZSZ3RBSzBGYUx1MEdyQjIzaGhoVTE0aXk0V3JpcXNPVWQwaFlxUk4xSWlJVHZzU1luamU3b0VjVjl5djlxVVMtN3ZrRGYwYnliTUpjdnhVUjQ5YTBnZXI3WVRXTmp6UQ?oc=5,Google News RSS,,
Raia Drogasil,2025-11-05 08:00:00,2026-05-01T03:30:24.993410,news_signal,GENERAL,1,0.2,,GENERAL_NEWS,GENERAL_NEWS,GENERAL_NEWS,GENERAL_NEWS,0.48,Raia Drogasil Q3 2025 slides: Digital sales surge 62% as market share expands - Investing.com,https://news.google.com/rss/articles/CBMizAFBVV95cUxQSzhheGgxdTdwS010Qld0RWd6RERJRUlKTERCODFJWFRHbDdtdC1mdmtHNFRYZ01oLTJQMHBUSl9SeFpHYUFRY3I4MEp6OWsyT3dZVU43bUREYzFpQlVOT1czdlNzRllPdkpCajZDcjdGNi1FZFJHenJQWWI2ci1MaUNyeFJtTXBKNVJrMkh1M0tCTWhBYUg2NkxfWjJjNXhkOGdGa3pBVkhCNEY4WXhMMW9yQ01raEVDSEV3c2RBajFGMlhROVp2MWtQb18?oc=5,Google News RSS,,
Totvs,2026-03-06 08:00:00,2026-05-01T03:30:24.993410,news_signal,GOVERNANCE,2,0.6,CEO,WEAK_SIGNAL,WEAK_SIGNAL,WEAK_SIGNAL,WEAK_SIGNAL,0.48,"Will generative AI kill software? ""That's nonsense,"" says the CEO of Totvs. - NeoFeed",https://news.google.com/rss/articles/CBMirwFBVV95cUxQYXBKOHlOUmRvUXFOa0xGRE5Hdjk3QjQyOEQwNXBoeG9ySE5iN1U0ZHczMzZHdGNCblBiRHFzcGpCcjgyaUQ1RlNGSmNGaHg0dDhPU1I4QmhValdQNXNzV3ZwVGdmLUpQNlFtalc2S18zeTNZNnY3RTJ1cjZxWlJOX1JMXzAyUTAxdnJvdmFLakN1enJtd2h3ZFhfWF9ieGtvX0k5YmNhLXBvRVBLMFhB?oc=5,Google News RSS,,
