company,event_date,collected_at,event_type,risk_category,severity,confidence_score,matched_keywords,signal_type,description,source_url,source,ai_summary,ai_explanation,ml_signal_type,ml_confidence,rule_signal_type,final_signal_type
Ambipar,2026-04-06 03:35:43,2026-04-27T16:57:37.680235,news_signal,GENERAL,1,0.2,,GENERAL_NEWS,Ambipar Emergency Response (AMBI_t) Cash Flow - TradingKey,https://news.google.com/rss/articles/CBMic0FVX3lxTE5sQjBOTUV2Y3JSdU90MWxUc1hkN0RwVzEzQXY3TGpjSHgtQmNBS0tKVXMzR2E2aDYxdzlGdzFsQm1jQjRrblB5TDhLa1RtZ0V6TDlreVJGQ25ya0tjdl9DVmJlQXVYOFRRWk5XbVVaYno3b3c?oc=5,Google News RSS,,,GENERAL_NEWS,0.33,GENERAL_NEWS,GENERAL_NEWS
Banco Master,2025-09-30 07:00:00,2026-04-27T16:57:37.680235,news_signal,CREDIT_LIQUIDITY,2,0.6,liquidity,WEAK_SIGNAL,Banco Master scrambles for liquidity - Valor International,https://news.google.com/rss/articles/CBMipgFBVV95cUxOdnJURDNqN2pickF4dUE1X3ZLQkw2N3RjNGpqdE1vVUFXTGJUWXdHazlRWUo0S2tMVWVOWjRZSzZ1S2VDVGIxeFNWaXBLZmYzWEZndHhPeVNqV2lxd1cyZVJtYlZDVjYzcTVUdjZQdndVR0dBVmRycmFNUXBOMGMyQ3lzWmRmeXFFeFJjZGJwX2x0Ukpza0xVbHB2cUMtOWtTU0ZrZU5B0gG0AUFVX3lxTE9QZGR3czZnV0REbDBFS1Q0a3dwbGFVTXh4X1BLQ19URkdIdmJQbGVrT1lRc2NUTURqYTdBZGhrd2FkNnhlWVhUaWRqSERiREMtMndsSDB1ZnhCR2RRakFsRmVJWEZLWkE3ZF94RnRlcmEtUWNkQ2ZOYUFCS2hDLWZZTC1Pc0lZYjJBLUdoUFFPcTFUeGxFNEtsTEUzREZTNFl6Zmg2R2NvUm9aNHpYOVRWUk56bg?oc=5,Google News RSS,,,WEAK_SIGNAL,0.37,WEAK_SIGNAL,WEAK_SIGNAL
Banco Master,2025-08-20 07:00:00,2026-04-27T16:57:37.680235,news_signal,GENERAL,1,0.2,,GENERAL_NEWS,Banco Master Seeks $2.2 Billion More From Brazil Insurance Fund - Bloomberg.com,https://news.google.com/rss/articles/CBMiswFBVV95cUxOUkR3RGhfZDRrZFRQd2g1cWhNWERCdkstU21Tb2RVVGQ1YlpzT0l2ZzFFbTJDM1VNei1rZnh3Q1NsZmwzZk9sRm16V0pBbzhKckhrdHAzdFowMHpoWlJRaUFkSmpYWjdqaThLZlJNMFZJemdWUHJXWEFhOC1ob1JxN1ZCNlRVSlVPb0xPVXFKTjZ3bnczZjVTZ2JtSkQzMi04eDNZVzVjcjV4elJZaW0yeDN2bw?oc=5,Google News RSS,,,GENERAL_NEWS,0.3,GENERAL_NEWS,GENERAL_NEWS
Banco Inter,2025-12-19 08:00:00,2026-04-27T16:57:37.680235,news_signal,GENERAL,1,0.2,,GENERAL_NEWS,Inter & Co’s Banco Inter Raises R$500.4 Million via Subordinated Financial Bills to Bolster Capital - The Globe and Mail,https://news.google.com/rss/articles/CBMijAJBVV95cUxNeHBBOExXTFotaXhSVWZCcTkwRFZLZWxwOG13OTVzTXA2dWYweVZYTXJnMXNLcnR0dnY3cldOSS1VRGFZcGFEZVN0Vl9fV2tJWjY1LUtzRUF1eVFSaS1JdHExcEU0SEhQYlBJeVZWN3VQN19BZFBMSmlTVzNWR2dZN3dPeDVUT0k2R1BZa3RsaERha1JGeHlJYV8tams0ODIxajU5NTMzTU00czg1cDk5bHJyU0NQbkdfVXZHazF1WmI3VC1hSG1CUmQ0QnZETTYzcDlxWDlMTjA0TU1Da0pWZ0kxWHh3RUVTc3dEZzY0bFBxZ2UtVjhzcC1TWGpFNDdtQXZVcDJTTWpZd09o?oc=5,Google News RSS,,,GENERAL_NEWS,0.52,GENERAL_NEWS,GENERAL_NEWS
PagBank,2026-04-20 03:08:59,2026-04-27T16:57:37.680235,news_signal,GENERAL,1,0.2,,GENERAL_NEWS,PagSeguro Digital stock (KYG682601023): Why mobile-first delivery now matters more for fintech inves - AD HOC NEWS,https://news.google.com/rss/articles/CBMivAFBVV95cUxQa1RBR3lqZkVhQ0ZrWkk2dGdSaTJPOEYwYVJjM2JFd0dZVjgySnpjWDN6bVlyWWU4M2YwX1otV1RNTTVMdmd1MnBWVkpvcUtIX2NJa1lzUWlVaGxKekVnQlBPbzBoUHJWd3V0UFFtdFJrQThvU2ZRUUJOOXdBZ2tNY3gwWGdoNzJsdnpuU3lCYWp6OGFQYThOMkFWQzV1NTFUTGlWWDdVLTN4Tkxza0NnT0MybHNHOVlJLXFNRw?oc=5,Google News RSS,,,GENERAL_NEWS,0.45,GENERAL_NEWS,GENERAL_NEWS
Vale,2026-04-13 18:49:11,2026-04-27T16:57:37.680235,news_signal,GENERAL,1,0.2,,GENERAL_NEWS,Vale SA | 6-K: Report of foreign private issuer [Rules 13a-16 and 15d-16] - Moomoo,https://news.google.com/rss/articles/CBMimwFBVV95cUxPbjNBVVUtZGMtQUUwcFpCeTVtUjREeGpLS09KQjhvcERTa0tVaWwxdFNpMFBnSVJzOTJtX0pQRXlnTkc1ZTBXQzUwVW5uWHJFTE5saWNkaXpqbUpYVWV0cm14UWJLZE5BUVlpanNUNG9RRU4xRUx1MlN1NlI4U2NfODVWWVBjTHRHZW5oU0Q0TTlZTzNScEk4RXpPYw?oc=5,Google News RSS,,,GENERAL_NEWS,0.44,GENERAL_NEWS,GENERAL_NEWS
Ambipar,2025-09-25 07:00:00,2026-04-28T03:35:22.268701,news_signal,CREDIT_LIQUIDITY,2,0.6,debt,WEAK_SIGNAL,Here's Why Ambipar Participações e Empreendimentos (BVMF:AMBP3) Has A Meaningful Debt Burden - simplywall.st,https://news.google.com/rss/articles/CBMijAJBVV95cUxORHRmUm9jcGw4ZkJ6TnZQYm56ZWdESi03WWgtaU5ncEZKS0ltZ3NVWW9oWEQwV0ZQU0FSYm1kRzhXNnpvSFFDN3NPbkw4NW1sd0NqbmR5TGtYNF9FYmxqZWlEdHRCY0VvUlZjMV9wQjdPNWU3aG4wVm56cnU3dDR2ZXRRNFJqcmFPbThKUkxsUXJPTVM2UUxPWGROdVlMUkx6dTB4V0FweHh2dG5WcUUycTJMYkJRRmRvbG41WWFtaVlzdXNOV0RFcVZzZDNiaW5aSThiOTNiaXBVWWhYbjJxMW9CblFJaGloMnJUcHVwSXpaRjc5VnBpcXdsNjUxN1hMYUNwbGtDZFNUak1m0gGSAkFVX3lxTE5LdDY0blhNZGR0NXl3VGpfQlBobDlGcEpOUVoxaXliR2oxWnhDcHdfVk1MMGFWUGk0SEs2cnY0cnF2THZuQlYwU0JPQ0lsVFpJN2Q4U2J3NlEyMFpPSF82eGktUll6NnRmbEdWalFpVm9HWDVscTdmQVNHV0RhZkRKZmN6czZoLU1IZmZJRjRjM0ljN2Vway1ILWJUNkFzTFhwYWpmelVuY0thMDBYYUtlVzIzTkduSUlCVmd1TnFLdlh0MUQzSXVMV1pJYUFtUHVYSHdtUk5VVUxJMlI3WGpmWnJ1OGxYd3F2TkZ5MURCcXV0Z1RGTjVYYmZ0RDNqZGd4TWNqLTZUT2hWYTFfd0ZRdWc?oc=5,Google News RSS,,,WEAK_SIGNAL,0.49,WEAK_SIGNAL,WEAK_SIGNAL
BRB Banco de Brasília,2026-03-31 07:00:00,2026-04-28T03:35:22.268701,news_signal,FINANCIAL_SYSTEM_RISK,4,0.75,bc,RISK_SIGNAL,BRB adia divulgação de balanço de 2025 - CBN,https://news.google.com/rss/articles/CBMirwFBVV95cUxQR3ZhQ2VDME9OUzFuVGVmLWc4NXhjalFYTWNNNjQ1WjZ3cHNQbm9EVkRKWlg1Vmp2Wkg2MHVXY2hDT2Z5WENzUFA1ckk1cWRib0RsajV0Y1ZuS0w0X0swNWcwMEVkbm90Qi1xT29UcF9wTzdpWjRXVFNTMTBLd2wyMksxa2RpZTg2NnBzMzRxQlpMVTV1SDlJenc2Z3N4SDUxUVFiQlZ5NHQxWFFRbVZr0gG-AUFVX3lxTE9TVDZ3X0ZIc19RSll6TG5FWkVBeEtPN25PX2R3ZHI0MHptYTdSeGZueDBOcTFkU2hXc2kzUUVFQWRWTXBYWTdueEtWZE5sU3ZFR3llYV8tSE1lQWtoZ2JOSnFyNWVNSEtUdXZqckdTTExXdVZXSTdHaXRnczFERkZhcDViVVVMb2ZaVGRucVo3TGRNMi1xQmw5WFJ2cTRfU3d3RU9VM0xITlE0UnljZmpNN210bC05NFdPVkQwU3c?oc=5,Google News RSS,"I don't have the specific article to summarize, but I can try to help if you provide more context or information about what ""BRB adia divulgação de balanço de 2025"" means.","The mention of ""balanço"" (balance) in the news likely refers to the release of the company's balance sheet for the year 2025. This could represent a corporate risk if:

1. The financial performance is worse than expected: A negative or weaker-than-expected balance sheet may indicate that the company's financial performance has been impacted by various factors, such as reduced revenue, increased expenses, or decreased profitability.
2. Debt levels are high: If the company's debt levels have increased significantly, it could be a concern for investors and stakeholders, potentially affecting the company's credit rating, interest costs, and overall financial stability.
3. Cash flow is inadequate: A balance sheet showing low cash reserves or slow cash inflows may indicate liquidity issues, making it challenging for the company to meet its short-term obligations or invest in growth opportunities.
4. Assets are undervalued: If the company's assets appear to be underpriced or not accurately reflected on the balance sheet, it could lead to overvaluation concerns, affecting investor confidence and potentially leading to a loss of market share.

Overall, a weak or concerning balance sheet for 2025 may signal potential corporate risks, such as:

* Reduced investor confidence
* Decreased stock performance
* Difficulty in meeting financial obligations
* Increased risk of bankruptcy or restructuring

Investors and stakeholders should carefully review the company's financial statements to assess the implications of these factors.",RISK_SIGNAL,0.47,RISK_SIGNAL,RISK_SIGNAL
PagBank,2026-04-18 23:31:44,2026-04-28T03:35:22.268701,news_signal,GENERAL,1,0.2,,GENERAL_NEWS,Is PagSeguro (PAGS) stock fading in strength (Underperforming) 2026-04-18 - Earnings Beat Stocks - UBND thành phố Hải Phòng,https://news.google.com/rss/articles/CBMirAFBVV95cUxOSHh1WG15ODA2d19jZ1l2X1NCQzRPTzJSMEVpeDhRdHBITkxWZ1U1Qy1RRjBUbUctaVYxUWVoOUN1aFU5NHhIczBfazNFbk9YMGNMaEV6UkFaQjlnV1FLazhjSk50S0ZoSmVmZ3Ixc1pYVERVRjNCSWJjN0dwcDhWTld5dDM4bm43V0xkeVl0Y0o3WndzaU9wdUpRLWJnNFd1bG81SVlRX1VldmZP?oc=5,Google News RSS,,,GENERAL_NEWS,0.48,GENERAL_NEWS,GENERAL_NEWS
PagBank,2026-03-31 07:00:00,2026-04-28T03:35:22.268701,news_signal,GENERAL,1,0.2,,GENERAL_NEWS,PagSeguro (PAGS) Director Makes Significant Stock Purchase - GuruFocus,https://news.google.com/rss/articles/CBMimwJBVV95cUxOMzFRRmg2YjhTS0NoM2FYRFpXLWlDWTNQZjlZaUEyUEl0ekNqajR5WDJtdjVqNFh0Uk1PazZkeHNxc0pXSjFKN0ZoR1ZXeWdWTUo2N3FWWGNkR3U2eDJzODJ6blVhS1ZuTjkyeVZkZ1Z2ZnNIeGloMjZMWlZMRFJiY1B0TXFCM0ZHd1NqRURwZmZFaV9mZlJseVd0OXlmVWtVNlZHeXpueFA2SGdiVlg4X3lNTnNVdGtRZGpFTWFXZ3JmQlpnMW0wMHREX0laNkV5dWpGN1puM2gyam1rYjE3d2g0WVo3RUVQSWthM2pQcnZidDJDU1lXcEtEeHZtekdsYWlQVnVtSzM0N09YaXhhekxoSHpiTmpXcFE0?oc=5,Google News RSS,,,GENERAL_NEWS,0.46,GENERAL_NEWS,GENERAL_NEWS
Stone,2026-02-05 08:00:00,2026-04-28T03:35:22.268701,news_signal,GENERAL,1,0.1,,GENERAL_NEWS,The Technical Signals Behind (STNE) That Institutions Follow - Stock Traders Daily,https://news.google.com/rss/articles/CBMi1AFBVV95cUxONlZ6Wng1T1dzWVlVNjJKWEJwVnRReTlYaTI1M0w5bUVCX2VGYnl1UGNBUXVWdklUZnBfenhYWnE3YXlfcS1yUGdzUDZwMVVKMUEtZkhUTEFKazRWdExBTzdfT1JWZmhYN0pveEg5bjcxSjFicl9fY1ZzTzJjOWc4bG01bHM4bmpKSkRSa0FYYlhCTHZEYVk4LVN3cFVFLTFBaDhYczUtVVlxWWFfRmNfWHdTZTZYaGltU3EwVDNfM2wweFZaTW96Ung4Zy1fS1Y3MnZLXw?oc=5,Google News RSS,,,WEAK_SIGNAL,0.39,GENERAL_NEWS,GENERAL_NEWS
Eletrobras,2026-04-20 04:58:51,2026-04-28T03:35:22.268701,news_signal,GENERAL,1,0.2,,GENERAL_NEWS,Eletropar (Eletrobras) stock (BRLIPRACNOR7): Why its renewable energy pivot matters more now - AD HOC NEWS,https://news.google.com/rss/articles/CBMiugFBVV95cUxNYkV0TW1WeTVkc3MwVWlaZmFRSU05N0JhbUw3RldQTk0xa28tUU5sRjhuUUJtMDJpampObWNacnN4SDNPMHVoVU5aRWZOdEZnWktBeVhHYk1sYW1vbkxDa0pwci01R1VpaHhmZ1BhTWFiOWFudjZpSEJLVFVwV1JKdWZ0UlhQeGE4M0VyUE9TRXVMOHNMNTkyMUR3cGJPTkVTeXNmVTZOUjZCUTFiWGRPYjdXWUJjTjN6emc?oc=5,Google News RSS,,,GENERAL_NEWS,0.5,GENERAL_NEWS,GENERAL_NEWS
Oi,2026-03-29 07:00:00,2026-04-28T03:35:22.268701,news_signal,CREDIT_LIQUIDITY,2,0.5,restructuring,WEAK_SIGNAL,Oi S.A. Stock: Brazilian Telecom's Restructuring Path and Investor Considerations Amid Market Challe - AD HOC NEWS,https://news.google.com/rss/articles/CBMiugFBVV95cUxOM3E0UVNVNF9XZ2UyMjVpQVpYSFc4YjlrVElpU013TnBQWHpvRTdTTDNFMUF3VnZ1VklIZG5DUDR6anZ1ZW1la0tvTGhHQUJKWkt5SVFjRUxBejduU1djcEsweXRNWnpYcVFUaWhZWjl0S2hPOVNqZEFfZDhDOThHVmZWMDNSRVRnR0IzcXNHVW12cjZDb3g3NHU3X09UZEtZVjRpcXBwSUxGQTNCcmtDa0JpaXVSOUMtNUE?oc=5,Google News RSS,,,GENERAL_NEWS,0.4,WEAK_SIGNAL,WEAK_SIGNAL
Vivo,2026-04-21 12:26:51,2026-04-28T03:35:22.268701,news_signal,GENERAL,1,0.2,,GENERAL_NEWS,Telefonica Brasil (ADR) stock (US92662Q1058): Why Google Discover changes matter more now - AD HOC NEWS,https://news.google.com/rss/articles/CBMixgFBVV95cUxNS1UwSmdNUVJ5Z3hqZWhZUnlaUXRPQjlWcktRS21IamxfVmsybF9ReURRdFpwcTExZGlZY1ZEMWlMTHBBaHFzTXZWYnM4VVZubGxFUGU1b0pkX3JjTmg5NFBFTEZhaDBuNC1COXpySXpCWlFFa0ZzbEVUeFpicFN3dVVoMFBKNGNvRFVOeGRhX0hsSm9HVEFTcVNCVjBvUkNlTFozcjQ2ZlpCYnBpRmZYeGV6VE1DWHE0Y21ZcGVWeUpaNDUyQVE?oc=5,Google News RSS,,,GENERAL_NEWS,0.52,GENERAL_NEWS,GENERAL_NEWS
Vivo,2025-01-23 08:00:00,2026-04-28T03:35:22.268701,news_signal,GENERAL,1,0.2,,GENERAL_NEWS,Telefonica Brasil: The Dividend Story Remains Compelling (NYSE:VIV) - Seeking Alpha,https://news.google.com/rss/articles/CBMinAFBVV95cUxNYUN0enp2R0lKaTZDUVZ4VnFtaUE1aWJyR211anVTLV9kSDBLdnBTSHczSUhMNnQxZGZnM0pHc0Q5dkYtZTVqaURtejFwX2NEY09kZWd4RmhFcmtJeHBtQlZKNFRSSFZlcVJCNk8tLWY4MjFHUmdRRjVmbW9oTUMzX1dNb3NVUDR5LUtPTUdaZzMxUjZjd3lmcURqb3o?oc=5,Google News RSS,,,GENERAL_NEWS,0.49,GENERAL_NEWS,GENERAL_NEWS
Nubank,2025-05-06 07:00:00,2026-04-29T03:37:42.185754,news_signal,FINANCIAL_SYSTEM_RISK,2,0.6,central bank,WEAK_SIGNAL,Nubank taps former Brazil central bank chief Campos Neto to management team - Reuters,https://news.google.com/rss/articles/CBMiwwFBVV95cUxQMVhlMTB2VkRxcHg4ak8tSDRYTENOZXY5aG83dXdTaUJRLXROc0w3ZjNIVEJ5SHdYNkttaG5jSkhFMzM4ZTFzODk5Um9KRkhBR0FCb3hIam51S3YzS3F0MEFpTnhtLXZzRWNQYWtrei0zMXlpM0hsVUJ2VElmbW9iNEhkRFp4MkNrY0NrcXdORFBsaUFUQjZvR3VZVXBMa20xQUkwTFlHTFkzcUtLdFQ2S1NDLW5CN0xlZGhQOUxWZ0wtMVE?oc=5,Google News RSS,,,WEAK_SIGNAL,0.49,WEAK_SIGNAL,WEAK_SIGNAL
Braskem,2025-01-16 08:00:00,2026-04-29T03:37:42.185754,news_signal,GENERAL,1,0.2,,GENERAL_NEWS,Why Braskem's Stock Breakout Signals A Strong Buy Opportunity (NYSE:BAK) - Seeking Alpha,https://news.google.com/rss/articles/CBMiowFBVV95cUxOQ2pRdEVCMGMweXBTeWJ6d3c2LVhnVE9XRnFudFFLU01xcWFMX1NvREw5T2cyc3k5UUItWmt0WV96VTVUeUcwOW5OXzI5RXhucE50SGJ6WlRsRmJkcWpHaHBXbFJrSUV6MFRXSE0tV3B2V1hrVVhXcmhucHpvMG1PTXNnRGtlSFpFam9zRVNlcC1WcW1Qa1JPOXB1VDdyMUJ5eVdJ?oc=5,Google News RSS,,,GENERAL_NEWS,0.41,GENERAL_NEWS,GENERAL_NEWS
PagBank,2025-11-04 08:00:00,2026-04-29T18:27:23.536300,news_signal,GENERAL,1,0.2,,GENERAL_NEWS,Responsive Playbooks and the PAGS Inflection - Stock Traders Daily,https://news.google.com/rss/articles/CBMiwwFBVV95cUxOTURlTWluYVN6WExVMURraTJGYkFtM3BLbTN2NHR1Vk5Vb2t4TEVxTnB0ODJQcG9xRzJHakhTbFh3Y09jQk1TZEYwTjhsbS1JRnVBZWV2aUVROFhLNVhZbDlFeXBtNDdWM0tBRE9rdVROVVdzNEZyYWN5Z09jSXJHZGtNNE5qa0M2VE43OXBEdk9jNUNMX3pBTWRMajlOSW9Cd3lrcVJsNmYxUkxZbGVKRTRlMzlvVFNaSUZFd3ctdTFrRkE?oc=5,Google News RSS,,,GENERAL_NEWS,0.41,GENERAL_NEWS,GENERAL_NEWS
Vale,2026-04-15 07:00:00,2026-04-29T18:27:23.536300,news_signal,GENERAL,1,0.2,,GENERAL_NEWS,"Vale (NYSE: VALE) posts 2025 cash flow, higher metals output and ESG risk improvements - Stock Titan",https://news.google.com/rss/articles/CBMipwFBVV95cUxQRUxhS1FnazBrYUIyaWg3OWRGd1Z0bUhIV0cxNEZ4ZjJrTVZBN0NhRFVmZzZWdFJHbUJJamo5bERKVHA2NFBHN1VCMFR4VTd0eWtzd2YyZFdpSVFyTHoycThxYXQwX29YTl9YOE1GOVhCOWlRMVA2TzdMa1J5VGxqcjRWZlR6UlpILU10R1lBVUJEZnpGamRQMTZ5OElzRDcwOTlINEI5UQ?oc=5,Google News RSS,,,GENERAL_NEWS,0.5,GENERAL_NEWS,GENERAL_NEWS
Oi,2025-09-05 07:00:00,2026-04-29T18:27:23.536300,news_signal,FINANCIAL_SYSTEM_RISK,2,0.5,bc,WEAK_SIGNAL,"Q2 2025 Oi SA - em Recuperacao Judicial Earnings Call (English, Portuguese) Transcript - GuruFocus",https://news.google.com/rss/articles/CBMic0FVX3lxTE9SNWY0X1YyQ1ZoQ25XSm5uSXdybjBMZnN1NERKbjNMT3pBeU5hYjFRdF9DRFdoSTV0MElVYUoyQjN3MjFwVXRBcFVad21KbGpLckllRU1rMERRSTE2dUxRc1NkVTUwNHRvb2l4S2hsUXhLSGs?oc=5,Google News RSS,,,GENERAL_NEWS,0.35,WEAK_SIGNAL,WEAK_SIGNAL
BRB Banco de Brasília,2026-04-01 07:00:00,2026-04-30T03:33:14.834636,news_signal,FINANCIAL_SYSTEM_RISK,4,0.75,aumento de capital,RISK_SIGNAL,"BRB diz que planeja aumento de capital de até R$8,8 bi - TradingView",https://news.google.com/rss/articles/CBMigAFBVV95cUxOSU90UkZpYVNtUXhKYVpPYlpwbnVzSzFteEpZYVI3MTVnQUd2aEJkTEZxaFNPRnYwQW8yVUNjQ2QwQU1OVk1BR3RtbWsySDJEZFp4VGEwVXo3ZzNINlVIU3djaDlnRy1BTmRiYm5uMFRCREIxQUN1ek9HN3dMaGdoMg?oc=5,Google News RSS,"O BRB (Banco do Brasil) planeja realizar um aumento de capital de até R$8,8 bilhões.","Este artigo da TradingView relata que a empresa ""BRB"" está considerando realizar um aumento de capital com uma quantidade máxima de R$ 8,8 bilhões. Isso pode representar um risco corporativo por várias razões:

1. **Riscos financeiros**: Um aumento de capital pode ser necessário para financiar operações futuras, mas também pode significar que a empresa está enfrentando dificuldades financeiras ou que está buscando equilibrar suas finanças. Se o aumento de capital não for bem-sucedido, a empresa pode precisar buscar novos investidores com termos menos favoráveis, ou mesmo enfrentar problemas de liquidez.

2. **Alterações na estrutura de ownership**: Quando uma empresa realiza um aumento de capital, ela está abrindo seu capital para novos investidores, o que pode mudar a dinâmica da propriedade e do controle da empresa. Isso pode ser um risco se os novos investidores tiverem objetivos ou influências opostas àquela da gestão atual.

3. **Riscos legais e regulatórios**: Em alguns casos, o aumento de capital pode envolver a realização de reorganizações jurídicas que afetam a estrutura da empresa, como a alteração do número de ações ou a distribuição de direitos dos acionistas. Isso pode gerar riscos legais e regulatórios se não for feito corretamente.

4. **Impacto na confiança dos investidores**: A decisão de realizar um aumento de capital pode afetar a confiança que os investidores têm na empresa. Se o aumento de capital não for bem-sucedido ou se as condições oferecidas aos novos investidores forem consideradas adversas, isso pode afetar negativamente a percepção da empresa entre os investidores potenciais.

Em resumo, um aumento de capital pode ser uma estratégia corporativa que visa financiar operações futuras ou equilibrar as finanças, mas também apresenta riscos significativos.",RISK_SIGNAL,0.35,RISK_SIGNAL,RISK_SIGNAL
BRB Banco de Brasília,2026-04-22 19:03:43,2026-04-30T03:33:14.834636,news_signal,FINANCIAL_SYSTEM_RISK,4,0.75,fgc,RISK_SIGNAL,BRB diz que captou R$3 bi com emissão de título garantido pelo FGC - TradingView,https://news.google.com/rss/articles/CBMieEFVX3lxTFBJZ09RMHRmUGowcjdBZF9mNmF0eGFhNUF6X3Vib2V3NFFiZElEUnQwV3lUZ0VCUlRhTXBZdEwtS1hleloya3ZRZzhsOW4tRGJKTG9kV2NMdENLR09McWVOZWhGZXpxb3M4SmYxVXFKNUFLSXVTcWVQaw?oc=5,Google News RSS,Um investidor afirmou ter feito um lucro de R$3 bilhões com a emissão de títulos garantidos pelo Fundo Garantidor de Créditos (FGC).,"This news could represent a corporate risk because it suggests that the Brazilian company BRB (Brazilian Railway Company) has issued a large amount of debt securities, specifically ""títulos garantidos"" which are essentially bonds with collateral, guaranteed by the Federal Government of Brazil (FGC).

The potential corporate risk in this scenario is that if the Brazilian government defaults on its debt obligations, it could negatively impact BRB's financial health and potentially lead to:

1. **Credit rating downgrade**: A downgrade of BRB's credit rating could increase borrowing costs and reduce access to credit markets, making it harder for the company to finance its operations.
2. **Loss of investor confidence**: If investors lose faith in the Brazilian government's ability to repay its debts, they may become more cautious when investing in BRB's securities, leading to a decline in their value.
3. **Increased borrowing costs**: A default by the Brazilian government could lead to a rise in interest rates across the economy, increasing the cost of borrowing for BRB and other companies.
4. **Reduced access to credit**: If investors are concerned about the risk of default, they may reduce their lending to BRB or demand higher interest rates, making it harder for the company to access credit markets.

Overall, the issuance of large amounts of debt securities guaranteed by a government that is perceived as being at risk could pose significant corporate risks for BRB.",RISK_SIGNAL,0.47,RISK_SIGNAL,RISK_SIGNAL
BRB Banco de Brasília,2026-04-23 12:48:08,2026-04-30T03:33:14.834636,news_signal,FINANCIAL_SYSTEM_RISK,4,0.75,fgc,RISK_SIGNAL,"No FGC, empréstimo ao BRB não avançou porque não levaram nada o que foi pedido - O GLOBO",https://news.google.com/rss/articles/CBMi2AFBVV95cUxNeGdfZE9EZ2JCaVljUFNrOUpZWkhKQlp4WFZZOVVOWjI3ZGZMT2NzNmlSRUFucDd5Mmd5eTVMNGUxWUwtdkloLWtoVlFaMlBEY052ZjFmRGl1MmpLTklPWDBzNEdoTzh5ZHZnX1ZGTnRncVFvdjJjei1zbmJWakQzdkU5dkpiV3NlemIySFdyQ0VjLUUxMzY0X1NQZi1VakExZjljOUNOVm1oX2RHbGdYQ19JYUpwWXNCbDl4MXlacTJHOWNnU0NOejBVZk5QMWxvVVQzRE9TZkTSAecBQVVfeXFMTWZMR2JOMEl0SXlxQkNXeUo1UW9fbkF5UlhZbHR1Qlh5Mi0yZm92S1VwZjE0aUw3cUxOSURISWFCekxnajJMc2Nuc3dpNnVOXzQ1bUtEQTdXcUE0cWQxdkxPaVFKektCeVJHNEdNNDloN0N1Z29qYmYwUXRQc2g3cmtDTFBza1o0cWNlbmhHQ0UtbzN3ZkZqc0FBRHJfaXRZV3pNaGwzSXBFX3NQaXpPbkZBeWM1SzVmY2hjOGpqSlNwMGlXWWZ0X2hqV0RYWDNaYmRfNGhUc1A4eXA5QlJfbERBSmJ6VXBF?oc=5,Google News RSS,"Brazil's Banco Regional de Desenvolvimento (BRB) did not advance a loan to the Federal Football Confederation (FGC), as they failed to deliver on requested items.","Based on the article, it appears that the Federal Government of Brazil (FGC) did not obtain the requested loan from the Brazilian Development Bank (BRB), and as a result, they were unable to advance any funds. This could represent a corporate risk for the following reasons:

1. **Cash flow disruptions**: The inability to access funds can disrupt the FGC's cash flow, making it challenging to pay its debts, salaries, or fund its operations.
2. **Impact on financial stability**: A lack of funding can compromise the FGC's ability to fulfill its financial obligations, potentially leading to a credit rating downgrade and increased borrowing costs in the future.
3. **Influence on economic policy**: The FGC plays a significant role in shaping Brazil's economic policies. Without access to funds, it may struggle to implement or maintain its current policies, which could have far-reaching consequences for the economy.
4. **Loss of investor confidence**: This development may lead to concerns among investors about the FGC's ability to manage its finances and fulfill its commitments, potentially eroding confidence in the institution and its bonds.
5. **Potential impact on public services**: If the FGC is unable to access funds, it may be forced to reduce or eliminate certain public services, which could have negative consequences for citizens and the broader economy.

Overall, this news highlights a corporate risk that can have significant implications for Brazil's economic stability and policy implementation.",RISK_SIGNAL,0.4,RISK_SIGNAL,RISK_SIGNAL
PagBank,2026-01-19 08:00:00,2026-04-30T03:33:14.834636,news_signal,GENERAL,1,0.2,,GENERAL_NEWS,Here’s What Wall Street Thinks About PagSeguro Digital Ltd. (PAGS) - Insider Monkey,https://news.google.com/rss/articles/CBMiqgFBVV95cUxQbXhsajlyMHJqXzlaTVZmZE5XZ2hPX3IySFB2WXpXWnhJOUtteXJmR0wwY0p4UUVYNGU4QTRsbXc1ZGIybGp2MEFrcjNHeExNd1FyMThsZTRaaWRid0NrUi1JUTY4RjBfay1DdHBvOElERHZ0dThFYjNuZF9nWDE1cmlfZUZueW1vakhzUFN2Vm1ERjNTRW5vcXJlTlpmZUIwYTZ6b3I5MzRHd9IBsgFBVV95cUxQLVNrU09aWXB3ZTRaY2VYWTV4TTRjUnhZRGo4WTRyMnpZdGtnNFpWdHNCcWpHWlZMMVdtejdOeWh6M3VObld1eC1ZajB5bWlYTG9BWjRHeHc1bVpPT1ZiWlZZUG5kME1pdjcyWERWanYzN1IyOUxteTZWbG1oSmc0a3NNRjFKUlI4b0NJb1FudFgweTZQbnVDTld3dlZiVWEyV3Y3NjZWTjRTNXV2bDllemJ3?oc=5,Google News RSS,,,GENERAL_NEWS,0.38,GENERAL_NEWS,GENERAL_NEWS
Stone,2026-04-28 13:14:25,2026-04-30T03:33:14.834636,news_signal,GENERAL,1,0.2,,GENERAL_NEWS,Does StoneCo's (STNE) One-Time Dividend and New Directors Hint At A Shift In Capital Discipline? - simplywall.st,https://news.google.com/rss/articles/CBMi2wFBVV95cUxPOGZRS2hVdkFrbzVhaThCRHNqR0M1SHZpTS02X0NiX1lYRDBhZ3Mwa0E0aUxuZVRmTF85TTFIb3RlQllXWEs4TzE3Tkk2bUp3YVNlb1dSV1FjRmxSVzQ0c1Jic190X3dHWWk5UDBTZjRQQ3U2aElOSUhiSzZWN3FZM0J5UDd0RWU5VUl5NUE2ckFOSUxrUThhSEdvLXAyLU45VGZScTNlbGRzWlNTeVh1VmRkNDJmMUI3RFluN0JMZFQzYTQyeWNwazlIQUwtQ2gtZVdOa0VoQUhVLUnSAdsBQVVfeXFMTzhmUUtoVXZBa281YWk4QkRzakdDNUh2aU0tNl9DYl9ZWEQwYWdzMGtBNGlMbmVUZkxfOU0xSG90ZUJZV1hLOE8xN05JNm1Kd2FTZW9XUldRY0ZsUlc0NHNSYnNfdF93R1lpOVAwU2Y0UEN1NmhJTklIYks2VjdxWTNCeVA3dEVlOVVJeTVBNnJBTklMa1E4YUhHby1wMi1OOVRmUnEzZWxkc1pTU3lYdVZkZDQyZjFCN0RZbjdCTGRUM2E0MnljcGs5SEFMLUNoLWVXTmtFaEFIVS1J?oc=5,Google News RSS,,,GENERAL_NEWS,0.4,GENERAL_NEWS,GENERAL_NEWS
Stone,2026-04-20 07:00:00,2026-04-30T03:33:14.834636,news_signal,GENERAL,1,0.2,,GENERAL_NEWS,Assessing StoneCo (STNE) Valuation After Mixed Short And Long Term Shareholder Returns - simplywall.st,https://news.google.com/rss/articles/CBMi1gFBVV95cUxPUGlwVmRBbVZLNjE4LTRjUWt0d2pDQnkwYW14V2h6VjlYcEFlVjF6cE1LNFdJRVpVYVY3djlFdG50VnlnclpHMkZPV3JrdEpTZWxta2JLZVlQTTlqMGpXX0lBQVNGeUtUT0YzS1pUQVZYc2NwQmh5V1lBSmdYSmJPd05NZVhGYW9aVTdiWEp2eE1vd1VmSXVSMU80LXZzaHJyVVFlTTNadEpsRjlJcXlHZHNrOVhJVWVfb1ZZbEs5OEEwcy1xZnI0NUpBU0lmRm80V1FqRFB30gHbAUFVX3lxTE0wQXlNaWhRSUFlb3pCcDlNbXUzbEJGRFhfY2sxYkhqUEkxNl9VT09qOUZFQzdWT205ckR5N3hmY3R5QTdmVjdvM2J0RzM4YVhVTElZSTYtWWV2RUp4aUdTX2lEMVFsWWJYRVdCN3A5TkE3VzRfT1BOLXQ4ODZzUG9JZ0V4X3Y1Y0lkQW1NN2twdmg1RWdSY2E5RUtQcjdKU0JuM3kzd0RDT213UFRhVFowZjgxRy1fdTEtc2h6VE5kRzFSUlZXR010dUlYOUtxeVQyTzBmVXh6VXlPMA?oc=5,Google News RSS,,,GENERAL_NEWS,0.43,GENERAL_NEWS,GENERAL_NEWS
Petrobras,2026-03-09 07:00:00,2026-04-30T03:33:14.834636,news_signal,GENERAL,1,0.2,,GENERAL_NEWS,Ibovespa recua na abertura com aversão a risco global; Petrobras sobe - TradingView,https://news.google.com/rss/articles/CBMieEFVX3lxTE1ZS3oxM1c1alJ3dWJ3TWs3QXF6dkdOM3dmYWNFRHFSS1dQOGJFVVEzMXl3Nmhsb01NbGprbElIdTVLTlowYnhWOS1uTGVtcjRxaXJGQ2p6TEVRMmlGeEhxWXo1UnRYVG9RWGxUcktjUGxfNWJwTUlZeg?oc=5,Google News RSS,,,GENERAL_NEWS,0.5,GENERAL_NEWS,GENERAL_NEWS
Oi,2025-05-29 07:00:00,2026-04-30T03:33:14.834636,news_signal,CREDIT_LIQUIDITY,2,0.5,default,WEAK_SIGNAL,Fitch cuts Oi S.A.’s issuer default ratings to ’C’ - Investing.com,https://news.google.com/rss/articles/CBMiqwFBVV95cUxNWU9sSVZ4UG5IU2gtR1ZFZEF5U2JxUnZHWDVRWXpSVHhnNm95ZG5ZSjR5MlFQV3prNFlsZ3RnUlQtSGZMM01VUnBxYmxDZXZ6cXdqWjZLQlJ2ckNnTGxXYmFxWm90dTRGNXVfeDY2eUFjTXVHWjJ4dE5DdTA2aUtXYXY5ZU94MjZXLUpLcE94aEIyWk9qa2Z5cm92QUh5OE1mTll0MUNTU0JvTVE?oc=5,Google News RSS,,,GENERAL_NEWS,0.35,WEAK_SIGNAL,WEAK_SIGNAL
TIM Brasil,2023-01-26 08:00:00,2026-04-30T03:33:14.834636,news_signal,GENERAL,1,0.2,,GENERAL_NEWS,"AST SpaceMobile raises $75 million, partners with TIM Brasil - Data Center Dynamics",https://news.google.com/rss/articles/CBMipAFBVV95cUxNTXY2ODNzalZ3Q1ZueUVfQ3pMbzVyejAzUmVFOGpLZXhNRUVvLWpIN0xsZnl1Q3FjVGdkS2lQSGhIWDVlRVZvY3NpRWNaMkM0TUFRaWZHenBTWVJ2cVA2Y3NhdXhvTFFxejUtdVFUVWlCT1U1WXR6VVlEc2hpakM5WDBBeE5xbjNnbXNrTG5RemlPVTFTX1lWZ2s1QkR5eU9HVUhETA?oc=5,Google News RSS,,,GENERAL_NEWS,0.57,GENERAL_NEWS,GENERAL_NEWS
Raia Drogasil,2025-12-01 08:00:00,2026-04-30T03:33:14.834636,news_signal,FINANCIAL_SYSTEM_RISK,2,0.5,aumento de capital,WEAK_SIGNAL,RD Saúde propõe aumento de capital de R$750 mi e estabelece projeção de abertura de lojas em 2026 - TradingView,https://news.google.com/rss/articles/CBMieEFVX3lxTE9JaGZXMkYxakRkbW15T1RSMkwzQnlkOWlENjZoUFpVZXYxN3ExQ3FLM25icEZmajREMWdqdEJFRFkzWDBDeEF6WkRITEdmcUtCdTRzZjNYRm93cjJQOXVqdm9CVmhYZmQwYjkyNFduQnBHTjNrT0NvcQ?oc=5,Google News RSS,,,GENERAL_NEWS,0.33,WEAK_SIGNAL,WEAK_SIGNAL
Banco Master,2025-11-27 08:00:00,2026-05-01T00:51:07.006250,news_signal,FINANCIAL_SYSTEM_RISK,5,1.0,central bank,CRITICAL_SIGNAL,Central Bank says Banco Master collapse poses no systemic risk - Valor International,https://news.google.com/rss/articles/CBMiyAFBVV95cUxPT01oVWJ1a041UWc3aWRUTlJVaHN5andVMVVUalhnX292NG1PbHpoblYtV09HTVR2T2pHN3RnT1ZLYndtaU9VOTFOUTNMdTY4N3ZlNFFXSkdCLWJncDBZTDlBZjV4LW5lWVBRZ1NTOEcwTW5IX004dUs0dWJnM3NaYUhiZ0pXMElKcUlpM3pycnliNjFtS2dUWFhTdmluYUpweGZCTXV6QWt5eXRxa2gwa3EyVGtxZjJTN3pPRGVzQ3RuTXpWZC1ySdIB1wFBVV95cUxOWTdlanJyQ0h2aVd0MzI5Rk03eGVDZFlFY2stMmIwenlsUzU0U1dqQjRjZktVNTFsdi1YbHI2Z2ZUOUFSZ00wTURZRXMxWFNnLV9GZEhxVWZWYkl0SnNCaElDaTYzQ25OQ3BJcFFja2JOWkw1em9NaF9BLVdrUTdTR1JVZW1KaHpKM1dHOTRUUnpvelQtR3o3dF9BRndub0JJWWFkSnlmSEh3c0lTM1pVeTcwUmNWWUVieWdKUmdVV1hoN3FqZDFNdTJMTHFnUWQyV20zUGhqQQ?oc=5,Google News RSS,The Central Bank of Brazil has downplayed the potential impact on the financial system following the collapse of Banco Master.,"This news could represent a corporate risk for several reasons:

1. **Lack of transparency**: The Central Bank's statement that the collapse of Banco Master does not pose systemic risk may indicate a lack of transparency about the true nature of the bank's financial situation. This could lead to concerns about other potential risks that have not been disclosed.

2. **Inadequate regulation**: If the Central Bank is downplaying the risk, it may suggest that regulatory oversight was inadequate or insufficient. This could raise questions about the effectiveness of the regulatory framework and whether similar risks exist elsewhere in the financial sector.

3. **Insider knowledge vs. public perception**: The statement's tone may imply that the Central Bank has access to information that is not publicly available. If this is the case, it could lead to concerns that insiders have knowledge about potential risks that they are not sharing with the public.

4. **Systemic implications**: Even if the collapse of Banco Master does not pose an immediate systemic risk, it could still have far-reaching consequences for the broader financial system. For example, it may lead to a loss of confidence in the banking sector or create an environment where similar failures become more likely.

5. **Opportunity for manipulation**: The statement's reassurance about the absence of systemic risk could be seen as an attempt by the Central Bank to influence investor sentiment and stabilize the market. This raises concerns that the institution may be using its regulatory position for purposes other than ensuring public safety, potentially creating a self-serving agenda.

6. **Potential cover-up**: If the collapse of Banco Master is not considered a systemic risk, it could imply that there are underlying problems in the banking sector that need to be addressed. However, if these issues are swept under the rug, investors and stakeholders may feel they are being deceived, which can lead to decreased trust and increased corporate risk.

7. **Risk of future exposure**: Even if the current collapse is not deemed a systemic risk, it could still lead to future exposure for other financial institutions or entities that may be more vulnerable to similar risks.",CRITICAL_SIGNAL,0.6,CRITICAL_SIGNAL,CRITICAL_SIGNAL
Banco Master,2025-12-26 08:00:00,2026-05-01T03:30:24.993410,news_signal,FINANCIAL_SYSTEM_RISK,5,0.9,liquidation,CRITICAL_SIGNAL,Master Bank Liquidation Becomes Case at TCU and STF - CPG Click Petróleo e Gás,https://news.google.com/rss/articles/CBMinAFBVV95cUxQbFlYbmhlWmRaQkNzNDdOQXpKci1wQmF0Q2ZSdWh3U3Y0UTVZajJDbUJLc1NOb08wOTExWERKT3VBMjgydUpMMndZWkZaeHVVUXduVFFWaGR5S1RGSVhRak1aY05jeEpydE1TVEZvdTVrMTJEdWRnR1Bub0w4dW9nYl81dDJHblVLYmlTaXhjRXRJUWxZN1VHcFRDQkY?oc=5,Google News RSS,A master bank liquidation case has been filed against Texas Christian University (TCU) and the Student Teacher Fund (STF).,"This news could represent a corporate risk for several reasons:

1. **Regulatory scrutiny**: The involvement of the Securities and Exchange Commission (SEC) and the Federal Reserve in investigating Master Bank's liquidation suggests that regulatory bodies may be taking a closer look at the bank's financial practices, potentially leading to increased costs and reputational damage.
2. **Loss of investor confidence**: If the investigation reveals wrongdoing or irregularities, it could lead to a loss of investor confidence, causing the bank's stock price to plummet, making it harder for the company to raise capital in the future.
3. **Systemic risk**: As a liquidation case, Master Bank's failure may have systemic implications, potentially destabilizing the financial system and affecting other banks or financial institutions.
4. **Reputation damage**: A high-profile bank liquidation can lead to significant reputational damage for the company, making it harder to attract customers, investors, and top talent in the future.
5. **Potential litigation**: The investigation may uncover potential liabilities or wrongdoing by Master Bank's executives or board members, leading to costly lawsuits, settlements, or fines.

Overall, this news suggests that Master Bank's liquidation has significant corporate risks implications for its stakeholders, including shareholders, customers, and employees.",WEAK_SIGNAL,0.31,CRITICAL_SIGNAL,CRITICAL_SIGNAL
Banco Master,2026-03-05 08:00:00,2026-05-01T03:30:24.993410,news_signal,GENERAL,1,0.2,,GENERAL_NEWS,Banco Master’s Vorcaro Moved to Federal Jail Due to Safety Risks - Bloomberg.com,https://news.google.com/rss/articles/CBMitgFBVV95cUxOeDZNc3NHUmtsUmloNFFtUkx6U2E3X1h0RVg1VXlWOUJmZllFdkxqLWdpSnpWd2xPVzNlSjVacFNWTTVCYjRkZjJlSjg3eHNUUHlzVlM1enR0YmtaSVlzZm4yTGhYai1GVVhQeTVJT3VMVTBKZUJ6NF9RRU9pREVkRXRMMklaS09zdFJZWHdoMlZkQ3YwQjlEajg0bExsMHY5ZTFaYnlHczV6V2VLdnVxX3dSWE9VUQ?oc=5,Google News RSS,,,GENERAL_NEWS,0.31,GENERAL_NEWS,GENERAL_NEWS
PagBank,2026-04-18 23:31:44,2026-05-01T03:30:24.993410,news_signal,GENERAL,1,0.2,,GENERAL_NEWS,Is PagSeguro (PAGS) stock fading in strength (Underperforming) 2026-04-18 - Earnings Beat Stocks - Xã Châu Thành,https://news.google.com/rss/articles/CBMiuAFBVV95cUxPUU4tb3BTdEpTZHBlcTJVSFRQLU5vQXlPZ292UnppVVYxT0ZPbUJvUlJ3SGFYN2dyYUJWU3pwSEY3SEZZeE9EY0pXUUtydUUtckN2NWJ2OElTYkJjU29fRENoWUh5Q2R6RnJrU0J0czFNTkViQ2UtVl9Ud3diaXg5V3kxTThnY0UwRnZLajRoWlljaHlkcjdNU2xxNGhtdkZtdU02akRvTUZfWnQzNk1sYTZXQ1N5VU9N?oc=5,Google News RSS,,,GENERAL_NEWS,0.48,GENERAL_NEWS,GENERAL_NEWS
Petrobras,2026-04-29 09:00:57,2026-05-01T03:30:24.993410,news_signal,FINANCIAL_SYSTEM_RISK,2,0.6,bc,WEAK_SIGNAL,Denúncia da ANP contra Petrobras avança no Cade - O GLOBO,https://news.google.com/rss/articles/CBMiqAFBVV95cUxNUUxJc01KTUhYLWNVN3g0N20wWkdqbmFJSU1veGl3WjNaWGotQi1zdG0tTHdrMWQ2alplNGM0RUp2VzlacUN3STlHSDZRMVlfeTR3WUM3V3c3cnNsbzVEM1NEb2xXT3d4dk05Mkx1bWZ0ODBmaXpMUVJ6ZGhHY0N4ZjNiRnB6OWRncWlwd3E4cWNHVGVaWi1ubWgyX0RHdXhCTG1ZZEowWXXSAbcBQVVfeXFMTmFEZnZQNVAxSW5kQkJXUk14U0VLY2d6QjYyRVd4MFJ1bjR5ZkxvRzJFZ29WR0Y0ZlVaTXBJeENuU0pkbkhaVHFEalBfUlJscms2RWh3Z3RQUDlwSlFEMTJ4M3M4RTlSZU1jSGlORUExNmh6SEt0Z09GcHhnWW9qY2Ftc1gxcDhVcUJBRmk5MlotSFdldFZrUFhCTHl5OGRid2xtRVRNZGppWWMwNmtkRTh4SFk0S1ln?oc=5,Google News RSS,,,WEAK_SIGNAL,0.4,WEAK_SIGNAL,WEAK_SIGNAL
Petrobras,2025-07-18 07:00:00,2026-05-01T03:30:24.993410,news_signal,GENERAL,1,0.2,,GENERAL_NEWS,"Masterstroke? Petrobras And Government Support Sale of Braskem, Sixth Largest Petrochemical Company in the World, And the Real Reason Was Revealed - CPG Click Petróleo e Gás",https://news.google.com/rss/articles/CBMi-wFBVV95cUxNOFBLM1cyTnhXbXdGQmg3RUp4bmxkQTcyWjRhdko0Qnd4TzI2QWo1Wm1Bam5TVVVRQ0NEeXBZdmlhWnpncDNYTU4wR3ZxMUVtd3ZSMEp2SjU0ZFdSbmpHUVZyUnVTa2o4SDFPaDczSGhZbXVjQ3M4TEJvN2lIbjJfWDFRbjlCXzNOTDREUVkyQ0FLS215NFlzOHFEa2JGSzlkeVQ2MHJfdlNrN3dPdWFVRVE1TGc0OXdMbTBjMFcwcXRrZThwdnY3bklxcllmakJVV1c3MkJHS0xUMWpmRF95d2YwMDZjb25YbFlUSm1LWnc2TXl5NDRhS3VObw?oc=5,Google News RSS,,,GENERAL_NEWS,0.41,GENERAL_NEWS,GENERAL_NEWS
Vale,2026-04-10 07:00:00,2026-05-01T03:30:24.993410,news_signal,CREDIT_LIQUIDITY,2,0.6,liquidity,WEAK_SIGNAL,Vale (NYSE: VALE) retains AAA.br rating as cash flow and liquidity stay strong - Stock Titan,https://news.google.com/rss/articles/CBMipwFBVV95cUxPdU5WT1RMcEtjUzlXTU1iNWYxZTB3N0NjRHpTYmV2RndKUG9jcVJ6S1FDSUlKWkdKLVdjUEE1eXdzQVF6b2FIUlhSWlhRNEcyUU82enpuZ1QzTy1nMkhnWHNkYk1OUVBXNDhfbDJkbi1IYWxMWWFmS3VXM0ZXYWItVHRFUDlJSzlublpTX3VoZkd2R2tSbnVoX3RhMnpueXc1Tk9IckFqNA?oc=5,Google News RSS,,,WEAK_SIGNAL,0.43,WEAK_SIGNAL,WEAK_SIGNAL
Braskem,2025-07-07 11:14:03,2026-05-01T03:30:24.993410,news_signal,GENERAL,1,0.2,,GENERAL_NEWS,"BAK SEC Filings - Braskem Sa 10-K, 10-Q, 8-K Forms - Stock Titan",https://news.google.com/rss/articles/CBMiVkFVX3lxTE1WT05kdWdxWFY3WXpDSUZYc2tLUEdqQkhjaGtxV0NId0NCMnhsYTVnUXpfbHNCcEFPZl8wVDRJY0JTTFMxS2Z1anVVT2hxNmE0X0NhbXZn?oc=5,Google News RSS,,,GENERAL_NEWS,0.39,GENERAL_NEWS,GENERAL_NEWS
Braskem,2021-03-15 07:00:00,2026-05-01T03:30:24.993410,news_signal,LEGAL_REGULATORY,2,0.5,probe,WEAK_SIGNAL,Brazil’s Braskem Probes Bribery Claims in Mexico - WSJ,https://news.google.com/rss/articles/CBMikgFBVV95cUxQWlZQei1UUnltWGU4aUIxZFgxaVpGQ0UxT1VUb3l6cTZuQXlCQm13R2xjb1RGYkZBUmhIR1VXLVdrMGU3V3IxcDdWWGVNLUhPM0drVFlEVWFaNnRLVDNfN05mSVp6Z0FiaERaUDRWLVRnREhUelZOQi1DZTJmVXVvMFhZSEY3X3JrbVhnaHVXSTZmdw?oc=5,Google News RSS,,,GENERAL_NEWS,0.31,WEAK_SIGNAL,WEAK_SIGNAL
Eletrobras,2026-04-01 07:00:00,2026-05-01T03:30:24.993410,news_signal,GENERAL,1,0.2,,GENERAL_NEWS,Eletrobras (NYSE: AXIA) wins approvals to migrate shares to B3 Novo Mercado - Stock Titan,https://news.google.com/rss/articles/CBMiwAFBVV95cUxQNm9EUTR2el9WNE1CZkhpbVRhUmg2dkVkS2RQeEc5WU9YU00waEhwNDNmc0ZzZ1NFUnpOR2hodTBUVGZPR3JScHFoNmw2NHd4bmVQWE9teGR3bzRlbFpOU012Q1BsVGRPM3RNOFF2T0tORl9xSFFONXBYNU1zWHJDbFhhWWc1UmJRYk9KTVh5RHc4UHU3TkFqMmVLZnVFc0xDTHNSN3B4bUM5T19nZG9RSjB3QXFYUXVOVDA2eWt5Vk0?oc=5,Google News RSS,,,GENERAL_NEWS,0.5,GENERAL_NEWS,GENERAL_NEWS
Eletrobras,2024-11-13 08:00:00,2026-05-01T03:30:24.993410,news_signal,GENERAL,1,0.2,,GENERAL_NEWS,Germany’s SEFE partners with Brazil’s Eletrobras on green hydrogen supply - S&P Global,https://news.google.com/rss/articles/CBMi7gFBVV95cUxQYjlLY1gySm5kU0V0UkxkZjNlSTVFdHBJWmFxdUhuU3A0MjdVMmdaR1RBQmRzdGNlVWwxajhvbmVENWNDM1JSYS1Kd3Z5WTBRdDJBV0VLSjV2ZXFzeE50ODZhQ0NzQ2R4R2VUOFJma0pZMkM5U2t3LW9Td0pBOVBpUGJza2d4Zk9UdzVKMlp0RXQxNmlQN2dhV01VMDhuZG5SOWZ6TmZtZG5ERUtLSTgzNlg2ZGN2ZW9rREUyM1kyWWdOVUc3TWtCSkxCdEZvNzJLTk04WEtKZkFYaVVva25sUDRMdk1NSnFORXEzeUJ3?oc=5,Google News RSS,,,GENERAL_NEWS,0.48,GENERAL_NEWS,GENERAL_NEWS
Oi,2025-10-02 07:00:00,2026-05-01T03:30:24.993410,news_signal,FINANCIAL_SYSTEM_RISK,2,0.5,bc,WEAK_SIGNAL,Brazilian Telecom Oi Loses Bid To Dismiss Ch. 15 Case - Law360,https://news.google.com/rss/articles/CBMiswFBVV95cUxPWUc2anVZZWZ4US1rNmhPZzlkUHBQVWlNdE1zN0tPUHR4NGdxSTE2TjNqYV9FSXB1bDV4Z21Qa3ZXbDVONUsydXZjU3g3Ulh1ZjJhdkxLMmlUTFZ6dFY3N3o1VDdiWGpyaGRGMEphOTRWRC1tZk5kVHFWQ3ItMTZTbHhydU8zNHlDdjQ1R0dSVHNoV0xsRjVmTURTV2NiNk10c2ViSzg3YWNsNnZZM1VxM01YNNIBckFVX3lxTE5LV29IVnJRaDJua1ZJb2U1aXRTNUY5S3M2aDFmT09jWndRMW9IUjFxUW5PVlhvR1hHRkZZTjBwbDBBMW5JNEh4eDhSaE9JNXRfcUxUQmZ4QTdKS0JPc09GU0pLaXgtVnl2dkxGbU1BMERZUQ?oc=5,Google News RSS,,,GENERAL_NEWS,0.32,WEAK_SIGNAL,WEAK_SIGNAL
Vivo,2026-03-16 07:00:00,2026-05-01T03:30:24.993410,news_signal,GENERAL,1,0.2,,GENERAL_NEWS,Telefonica Brasil (ADR) Stock (ISIN: US92662Q1058) Holds Steady Amid Brazil Telecom Resilience - AD HOC NEWS,https://news.google.com/rss/articles/CBMiuAFBVV95cUxPTWhUZ204ZDFKSzN1QW5xMzdqLWZxNXEtYVBSVVMyZ09xWS1tTGhVN05UV0VNTzY1ZlBHcmptek5ydHE0MkJROFlxMGVlMnJ1YkEybEdZTVZ3dzhGcXJqMWVSTm5TMVFZWHd0UXlfRjhySnpOWTFVaVh0U0o3TEJYQ3p6V2doOFJGRVdUUUcyaE0xWF9GSEM0RWxhdC1IT3JVeFpIQ0JsbHBqdHBvZkpHYTJvSWFvbHVC?oc=5,Google News RSS,,,GENERAL_NEWS,0.52,GENERAL_NEWS,GENERAL_NEWS
Vivo,2025-08-06 07:00:00,2026-05-01T03:30:24.993410,news_signal,GENERAL,1,0.2,,GENERAL_NEWS,Telefônica Brasil Surpasses Adversity And Reports Great Q2 Result (Rating Upgrade) - Seeking Alpha,https://news.google.com/rss/articles/CBMingFBVV95cUxQQ2dCVXNkLTdEV2FGRXBPclVHMzdrdUhGdlZTTUVyeldYaUoxUGVZcnp3Zi1vaFItZW5FZ0VPQktqYW95bXJORWVtZTZrYS1FSDZxTXBoa2FsYmxjU0djSjBwdVk2N1VIU2Frb1l5em53cExrdkhuQzJ3UndPLXhIOS1hWldWU05iM2xaSXg0cWN6Q3VkZG1tS09OakczUQ?oc=5,Google News RSS,,,GENERAL_NEWS,0.49,GENERAL_NEWS,GENERAL_NEWS
Americanas SA,2024-11-08 08:00:00,2026-05-02T03:31:51.172029,news_signal,GENERAL,1,0.2,,GENERAL_NEWS,"Credit risk made tangible by Americanas case, Allianz Trade says - Valor International",https://news.google.com/rss/articles/CBMiywFBVV95cUxPb0lsV0c3Rmtwem5lY3ZBaDlQSUZuMkdkd28xVHNHNEZQdEx3QTAzdXBlUG5wYTh4czh1MkhzQVJtQkNxSjgwVVQ3ME1wWmE0N0htNkNfSGMxSHRjYTdFRlBIeVJaM2RfX1FMTDdEMTZqLVpySmQ3SlVETE51Uy1oX2pOY1huWjV0NVRrR28zTXM1bkY1UGwxZ3JsMWlXQlEwcG9Cc2dyMWstNlQ5amcwWHNkR0V4WVNTUm1UdEVzR01OcmhGdy11M0lQSdIB2gFBVV95cUxNS2FpajM5OXoxY1RCaDZTT0oyRV9PeDVsR1VIZ294QzRHOXVZMm1Dc01qOHJDdTlWazJVbmcwbmNLS1ptcnBuU3B0YmxjYnZlbnZJRWU4TTQxM2J2bkk5ZHQ3WlM5WnM1c0duOE43UXo3aWpVMlRiUHhrT3RlZ3hqR3FJYjZEbWd5aTI4S2xpM3I1ckRCRmM1MXhNLXh5S3FJYzN5M3dPcVAzSnVCMmhWNEpKdlJYUEJhXy0xcGxQLThTTHFiT3paYWZaV0ZkYThJaXFrbnF0WDRsQQ?oc=5,Google News RSS,,,GENERAL_NEWS,0.41,GENERAL_NEWS,GENERAL_NEWS
Vale,2026-01-03 08:00:00,2026-05-02T03:31:51.172029,news_signal,GENERAL,1,0.2,,GENERAL_NEWS,The Truth About Vale SA (ADR): Is This Sleepy Metal Giant a Secret Money Cheat Code? - AD HOC NEWS,https://news.google.com/rss/articles/CBMiwAFBVV95cUxQNS1QY2RLcTdBel92LVVabWwxcTdoWVdNSVZhZ2ZZU0JGOEREUkVmaW9HNzJxRVVtc1FsVGFWeG9JUUh3UUVaSjc1VHh5VmF4c0FUMEdPaVA3S0hIYWV4bWtFLVRROXRuVGFDc19DXzQ2UkJJS3dwVGhpR2wtS2E5U0M3WEtnSW00ZkVPZnpqWkNfenpJUjVMaDZ2ckNBNjE3MXFUa3dURWZjWmxYNDZiYUtmYm5wMkZWTWtnVlVjdGw?oc=5,Google News RSS,,,GENERAL_NEWS,0.48,GENERAL_NEWS,GENERAL_NEWS
Ambipar,2025-09-25 07:00:00,2026-05-02T04:11:34.751235,news_signal,CREDIT_LIQUIDITY,4,0.7999999999999999,"creditor, creditors",RISK_SIGNAL,Brazil's Ambipar Gets Emergency Court Protection as Creditors Pounce - Bloomberg.com,https://news.google.com/rss/articles/CBMirwFBVV95cUxQMzd5VDFUR1hJV0FCUXBjZE12TWJBNVo1M3BLTll5TEhKcm5qcE5tbFJJVGZya0xCUFVvYUg2TkQtOU1jLWlKVVVicWNzTkJTWkFMVmZWTzJUWUhJdVFxZDBldW92MVJRZEl2VnNEQ0VYdjd1bEpoeTZUWGlQTDdCU0dzckVXTDhaaENFdGJ3b3RMUGV5ejhZd3RXLWl4aWZfX2NjS2gzTHh2ZnZSb0cw?oc=5,Google News RSS,Brazilian company Ambipar has received emergency court protection to prevent creditors from seizing its assets.,"This news could represent a corporate risk for Ambipar, the Brazilian company in question, because it indicates that creditors are taking action to protect their interests. Here are some possible reasons why this development could be a concern:

1. **Distress signals**: The fact that an emergency court protection was granted suggests that Ambipar is facing significant financial difficulties or liquidity issues. This can be a distress signal for investors, lenders, and other stakeholders.
2. **Increased risk of default**: By seeking emergency court protection, Ambipar may be indicating a high likelihood of default on its debt obligations. If the company is unable to meet its payments, it could lead to a credit crisis, damage to its reputation, and even bankruptcy.
3. **Loss of control**: The fact that creditors are taking action to protect their interests implies that they may be attempting to gain control over Ambipar's operations or assets. This could lead to a loss of autonomy for the company's management team and potentially disrupt its operations.
4. **Reputation impact**: News of a company facing financial difficulties and creditor intervention can damage its reputation, leading to a loss of investor confidence, reduced market value, and decreased access to capital in the future.
5. **Potential for asset sale or restructuring**: Ambipar's use of emergency court protection may indicate that the company is considering asset sales or restructuring as a means of addressing its financial difficulties. While this could be a necessary step, it can also lead to complex negotiations, disputes among stakeholders, and potentially significant losses for the company.

Overall, the news highlights the potential risks associated with Ambipar's financial situation, which could have significant implications for investors, creditors, and other stakeholders.",RISK_SIGNAL,0.62,RISK_SIGNAL,RISK_SIGNAL
Banco Master,2025-11-18 08:00:00,2026-05-02T04:11:34.751235,news_signal,FINANCIAL_SYSTEM_RISK,5,0.9,fraud,CRITICAL_SIGNAL,Master Bank: Federal Police Uncovers R$ 12 Billion Fraud and Risk for Investors - CPG Click Petróleo e Gás,https://news.google.com/rss/articles/CBMiwwFBVV95cUxPeFpkUmpaT2NpdnotYWN3bldIejJ3dnE1aWVqRmpoMjZ5NTlIQ3h6LTNkSnBESTgyaGk5SU1IamlBVnZxalYyYlpxbnpuX2lhc2ZjVmkwaUFQeVBLamE5cEpWQmVvZktwV3hzdWhJY1RmczF1WHJSNW5uR2NmcFpxbkE4MHM5NHlGcWJZNUdRZEVQcEZWMDM5TV9QbTduak9PTUYwWmVZVnQxOGQ0N29wTUwyUGk0eUl5b3dYeUpUaFZnRnM?oc=5,Google News RSS,"Brazilian federal police have uncovered a massive R$ 12 billion fraud scheme by Master Bank, posing significant risks to investors.","This news could represent a significant corporate risk for several reasons:

1. **Regulatory scrutiny**: The involvement of the Federal Police suggests that there may be a large-scale investigation into Master Bank's financial dealings, which could lead to severe penalties, fines, or even criminal charges against senior management and executives.
2. **Loss of investor confidence**: A fraud scheme of this magnitude (R$ 12 billion) could erode trust among investors, potentially leading to a loss of market value, reduced share prices, and difficulty in raising capital in the future.
3. **Reputation damage**: The revelation of such a significant fraud scandal can irreparably damage Master Bank's reputation, making it challenging for the bank to recover from the negative publicity and maintain a stable business environment.
4. **Financial stability risks**: The discovery of a massive fraud scheme could compromise Master Bank's financial stability, as investors may question the bank's ability to manage its assets, liabilities, and risks effectively.
5. **Systemic risk concerns**: If Master Bank is found to have engaged in widespread fraudulent activities, it could pose systemic risks to the entire financial system, potentially leading to a loss of confidence in banks and other financial institutions.
6. **Potential for lawsuits and settlements**: Investors may file lawsuits against Master Bank, its management, and directors, which could result in significant financial settlements or judgments, further straining the bank's resources and financial stability.

Overall, this news highlights the potential risks associated with corporate governance, financial management, and regulatory compliance, underscoring the need for effective risk management strategies to mitigate such exposure.",RISK_SIGNAL,0.36,CRITICAL_SIGNAL,CRITICAL_SIGNAL
Nubank,2026-02-04 08:00:00,2026-05-02T04:11:34.751235,news_signal,GENERAL,1,0.2,,GENERAL_NEWS,(NU) Risk Channels and Responsive Allocation - Stock Traders Daily,https://news.google.com/rss/articles/CBMivwFBVV95cUxQRVpVLUs4dlgtNE9MMUFzdDc4anVRcllTcnBMM2xYQWZfd21CS0pucTJMWTg2V2djTERkVjlMamRjcTUzM1l0ejdDVHJENktMMnFPZGFKMGRlQk96U1NnbHkzNzRVVVl2U0hsVHRiWkFaSGg2aXg0TnpKeDg2LXVJTGpDYW9vekRkZlJyQzZKMWlERUZwWFZHRGtrWTc0QWs0QUlSUy16bURwdE9hYmZLdDNnTjA3MnA5MkNjQjdWbw?oc=5,Google News RSS,,,GENERAL_NEWS,0.47,GENERAL_NEWS,GENERAL_NEWS
Nubank,2025-06-28 07:00:00,2026-05-02T04:11:34.751235,news_signal,GENERAL,1,0.2,,GENERAL_NEWS,Nu Holdings: Investors Are Overestimating These Two Risks (NYSE:NU) - Seeking Alpha,https://news.google.com/rss/articles/CBMingFBVV95cUxQbE1naXQwZ2ZXaWE4QW1Vamxzb2M1aWtTTERUY1RyVEFnWUtrdUticmdMbzYxRzFYMkhYcU1zWDRRbV82TmVQd1NMZUxFejB0QzRMajFsQ3B2bDVMNjJKVW9MMUFBT2xUYzA0R1lrVTlSWU8tZ3ZvQl9TVkNLdnJYc0haY0twanBpVHNtQkhZZldVTUdVOGlZZFo1eDR3dw?oc=5,Google News RSS,,,GENERAL_NEWS,0.52,GENERAL_NEWS,GENERAL_NEWS
Banco Inter,2026-04-29 22:10:23,2026-05-02T04:11:34.751235,news_signal,GENERAL,1,0.2,,GENERAL_NEWS,"Inter & Co (NASDAQ: INTR) details 2025 growth, NIM and risk metrics - Stock Titan",https://news.google.com/rss/articles/CBMitAFBVV95cUxPUHprRFJ6UmdyRTIxMFpPaGJQTE02dUlBSnUtaXJDQWpkdExIOW5jOWdpakVvUnZ2NVN2cWhHbkdhVjBfSDJIX01BdzFwMDdMcUE2ZFFQR2M5Wl9qVVg0dV9OWmhyZ1BOeHJIRDNSeUMtMXlXdllkR0p3cWNsQTJtd0E2aW9kVm4xZEVORmJrVGtmQ1prYmY2OGoxQVZwVXNWckxNNTNJV19Kd3lkNnkxUG0talg?oc=5,Google News RSS,,,GENERAL_NEWS,0.5,GENERAL_NEWS,GENERAL_NEWS
Stone,2026-04-17 07:00:00,2026-05-02T04:11:34.751235,news_signal,GENERAL,1,0.2,,GENERAL_NEWS,StoneCo Special Dividend And Incentive Shares Put Capital Choices In Focus - Sahm,https://news.google.com/rss/articles/CBMixAFBVV95cUxQV3gxZnE4QWNIWFFGdDhRa044enI3RFBkSnBRT1k0R05LZnRaWktzbmV2VnBWYm52TERNTkpsQkNlai1uSUJCREpFWDRrX3h1bGZDM3BVbW9VQ0trdHdERndXNkJDRnpjYkJQcFdfUGxyQVM5RExoYWJYYWtDLVluOGtTektTcmJtcmVONWlTQktZWFdUemp2SzFMajA2Q0xHZVdaWlh2T3psblY4VkFvUkxtRnRqQmstMW1BbFh1R0xnd3JZ?oc=5,Google News RSS,,,GENERAL_NEWS,0.43,GENERAL_NEWS,GENERAL_NEWS
Stone,2026-04-20 13:51:23,2026-05-02T04:11:34.751235,news_signal,GENERAL,1,0.1,,GENERAL_NEWS,JPMorgan Maintains Overweight Rating on StoneCo (STNE) - Insider Monkey,https://news.google.com/rss/articles/CBMinAFBVV95cUxPTmtpT0Z4VEtQTWU3VzV3a19GcmhVU1VhZWVZU0xkZUp4UXU1TVhyQkpySnFTODljUU1oa044bG5zcHY2SEpaY01RZGYzVGJpZXF0T3JfSGIydmw4a0VoLWg4elU4ZXp6TTZvYnFrNVBxNWVueXByWkE3SnFXZmtHcnpCazR4cG5xYzdTbUs4bGJ0NDBsYnMzR3ZpYk7SAaQBQVVfeXFMTU1wU3VwNGg3cDZxVkFaNDBsUWJyclB4dHFwd1REems1YXo3Y2RCQmEwRDNZNHpnR2xqVFRuMEZhWEYzVDItWWVLUkV4dkxUejNRTi0xOVo5blZMaVpJZ3kzcGh1ZTF3T1hTYnQ4Ri1POW4zMHEtRWRhZWRZMDF1YjZrWWVWeUhCbzc5em1lelFzRG52MVc1Y2ZQWkx4TjBjSDZUOFA?oc=5,Google News RSS,,,WEAK_SIGNAL,0.43,GENERAL_NEWS,GENERAL_NEWS
Stone,2026-04-28 17:06:12,2026-05-02T04:11:34.751235,news_signal,FINANCIAL_SYSTEM_RISK,2,0.6,bc,WEAK_SIGNAL,Does StoneCo's (STNE) One-Time Dividend and New Directors Hint At A Shift In Capital Discipline? - simplywall.st,https://news.google.com/rss/articles/CBMi1gFBVV95cUxQczlsNFpsMGNBNUNDTEZlaC1vVVhGY3NCNkRYOGM4SlFIQl9CQmt0RkpvLVpJU1BtbE1qXzdabHllRndIcFp3dGphNjY0WGE4b1JHblU0ZnhOeEZNQ3JXOFdqQzZNVzVqaUJad2NUUXNWems5NzBaeS1tQ3ppT3FfX0NwRmNOUWJoX09wSk5jUV9XRlp5OWdUbjlwamRVcDNBckYxRlJFcTFGVWxBYkNJOUlxSjQzMUZKUjVsb293M3V3Ny0taGtZdmZYdnlUUk1BY0lsWmJB0gHbAUFVX3lxTE84ZlFLaFV2QWtvNWFpOEJEc2pHQzVIdmlNLTZfQ2JfWVhEMGFnczBrQTRpTG5lVGZMXzlNMUhvdGVCWVdYSzhPMTdOSTZtSndhU2VvV1JXUWNGbFJXNDRzUmJzX3Rfd0dZaTlQMFNmNFBDdTZoSU5JSGJLNlY3cVkzQnlQN3RFZTlVSXk1QTZyQU5JTGtROGFIR28tcDItTjlUZlJxM2VsZHNaU1N5WHVWZGQ0MmYxQjdEWW43QkxkVDNhNDJ5Y3BrOUhBTC1DaC1lV05rRWhBSFUtSQ?oc=5,Google News RSS,,,WEAK_SIGNAL,0.4,WEAK_SIGNAL,WEAK_SIGNAL
Stone,2026-04-01 18:16:02,2026-05-02T04:11:34.751235,news_signal,FINANCIAL_SYSTEM_RISK,2,0.6,bc,WEAK_SIGNAL,Trading Systems Reacting to (STNE) Volatility - Stock Traders Daily,https://news.google.com/rss/articles/CBMiwAFBVV95cUxQMXU2MjVRZlVzemJaYjB1SmsxZUlyR3AtS1V3T0RHbWxWalFpMzBLQUFENDBaVWJjQWZlVDZvSE9YeFBCZGJSNDJodnNtYjBjYnZzaGZ0VVVuaG4yWlZzWXk3ZnBwNnB0UWlOSjQ3ajQ3bzBPS0xZUVFLd2puLW9pVmNBRmRKTUh2dTFuV0lVUTU0UWt4bFNmcVYxY2o5SXlRMFNwV29UaFBjcWRwUlEwNTlObHpQSTlPVFJraVRPZGw?oc=5,Google News RSS,,,WEAK_SIGNAL,0.4,WEAK_SIGNAL,WEAK_SIGNAL
XP Inc,2024-10-31 13:01:11,2026-05-02T04:11:34.751235,news_signal,GENERAL,1,0.2,,GENERAL_NEWS,Polaris Industries Recalls Ranger XP Kinetic Recreational Off-Road Vehicles (ROVs) Due to Fire and Crash Hazards - CPSC.gov,https://news.google.com/rss/articles/CBMi3AFBVV95cUxNMHQxU2s4S0RZeVNBR3pNTk82MXh6MXljYWoteXp5OEU0aG5qbGNLUm1WdkUtTUNOd2pGdTNrNUhaTEhPU0xFaWNBOVNrc1FROWNOTFR1QTFjelZoc3QwcG5OT0NWSmlYXzY5YmRlVlNtV3pyRFl0a0pKT1g0dVZpMGRUenJ2MFJiTkswMC1KRHZHZ29ZWDM5UExRTEYzZ3h2ZnVPUDl1aktDMTRYN1NlNWhjamlfTmY3M2lBVndvMGRsaFhLeHo2eUdySzJ1eGF4bXFOU3V0cXpZTmFV?oc=5,Google News RSS,,,GENERAL_NEWS,0.47,GENERAL_NEWS,GENERAL_NEWS
Vale,2026-02-22 08:00:00,2026-05-02T04:11:34.751235,news_signal,GENERAL,1,0.2,,GENERAL_NEWS,"Vale SA (ADR): Yield, China Risk and a New Pivot US Investors Can’t Ignore - AD HOC NEWS",https://news.google.com/rss/articles/CBMiuAFBVV95cUxPZV9HV1lOSlJqUFl5UHllVll4RUZmeTFVZFJHQ1g5a1lIU2N5ZjJ2dDZTSlZKWHJ2WlpZYU5HMlY2eHZRUmFnQUllVFpOekV1R25hS0F0Q2N6anMteDJfZHMxLWNNVERBMWpWSV9zN0YtT2NFZEhSbjJXbGo5RGdqSUJaRE5uRVlqakQ1eGpYQVRGOEo0dm0wY00tdDlxVDJFbkxaVUVvVEpRZWtDdEtxUUhWeUhod0xw?oc=5,Google News RSS,,,GENERAL_NEWS,0.51,GENERAL_NEWS,GENERAL_NEWS
Vale,2025-10-15 07:00:00,2026-05-02T04:11:34.751235,news_signal,GENERAL,1,0.2,,GENERAL_NEWS,"BofA Securities Maintains Vale SA(VALE.US) With Buy Rating, Announces Target Price $12 - Moomoo",https://news.google.com/rss/articles/CBMirAFBVV95cUxOeVdpRzZ6WS1aakpPYnczcUlyZDBZeWtVTlVTTUZRRDE2YzVXT0t4TW9fS1pXZjVIczNESVBnTkp5dHNJSEJ0VWlRNmZndUE3U3NaRFU0UGl1dV95OTE3enozaVU1Q2Vod0FUMFU4N2VuNmtGX2wzbGozV0Q5N3pGS2ZCcHhIS2hRMHRTSUUyMkVQMXI0N3VKajVPY2RlU2RwZkxwZnZpbzJodVV3?oc=5,Google News RSS,,,GENERAL_NEWS,0.45,GENERAL_NEWS,GENERAL_NEWS
Vale,2026-01-07 08:00:00,2026-05-02T04:11:34.751235,news_signal,GENERAL,1,0.2,,GENERAL_NEWS,"Vale SA (ADR): Iron Ore Giant At A Crossroads As The Market Weighs China, Dividends And ESG Risk - AD HOC NEWS",https://news.google.com/rss/articles/CBMiwAFBVV95cUxNcUZpZFdoM21FSFo3bkNsQkNpWlo5VUp3MXc1ckxqSXVxNGI4YjJjcnRfaVdqd0F6S3RTaUluUGh6clBEWElnUUhGZ283VU9WOG5FSjlLemRUY3VpZzZMUEtITUJHd0NqcFRIRmNRNVV1ZWc5Wm9RV1JMTm1FYWN2RmdKY21rNGNhTUk0S29oWDMxRDF1QmFhVGVwNkhaMTRGU1N6VFREMkFaeXluZjVMZ2tOcHU5ZEVjOU80MENiMzU?oc=5,Google News RSS,,,GENERAL_NEWS,0.47,GENERAL_NEWS,GENERAL_NEWS
Braskem,2025-09-29 07:00:00,2026-05-02T04:11:34.751235,news_signal,CREDIT_LIQUIDITY,4,0.7,"debt, bc",RISK_SIGNAL,Braskem to renegotiate debts amid longest petrochemical downturn - Valor International,https://news.google.com/rss/articles/CBMizAFBVV95cUxObzdUcUhzc09QQjRIbERoM0c4TE1JbDZWLW41V1Rla2l2SFduaXdjUlBCWmd3WDBZMEZlQWlrb0Zxb0h2YkNNQWpwNWJESDZvWm1QOHJEVzFiMWs3WXBidkRqcU5qUnlPcUpYRVFsX2JocHhrSGVTV2xFQTViNjdiMmxlSUpQOElFWndzOG5UNzQ2WDBVSWhTd3NnZmYzdzRxSWx4LU5SOHEyWmlqYkZlT3MtWWFYOW11cFQ4ZDJrRmc4UUlqNUh5MDJpY1rSAdsBQVVfeXFMT1NVN1EtalVNZkZWRXpfN1RDRkN3dGF3aDlGTkFLSFRocmV5SjNSLU5YbWNWMWZ2ck5FVld5UkdqNk94QUtqMWIxejlWeE9Zc2tpQkZNWE1maHQ1eVpjSW5NOVA2dFFSX3A5OXZBdnl5aXV2VmNuU0FKcjdJaERhb3dKUy1xR2NYX09uWks1SC1iQTVxdUdRNzQ0NGZUeXdkOVFyWTNpVVhWVk95Z1RUU0lVTDcwRnU3blNzM1FvbmpETlpFay02eThUbVhsZ0N5V3VycGVlQUVzbnpr?oc=5,Google News RSS,Braskem is planning to renegotiate its debts as the petrochemical industry faces its longest downturn.,"This news could represent a corporate risk for Braskem because it indicates that the company is facing significant financial difficulties due to the prolonged downturn in the petrochemical industry. The fact that Braskem will be renegotiating its debts suggests that they may not have the cash flows or creditworthiness to pay their existing debt obligations, which could lead to:

1. Default: If Braskem is unable to secure new financing terms on favorable terms, they may default on their debts, leading to a loss of investor confidence and potentially even bankruptcy.
2. Credit rating downgrade: The renegotiation process itself may result in a credit rating downgrade for the company, which could lead to higher borrowing costs and reduced access to credit markets.
3. Financial instability: A debt renegotiation can be a complex and time-consuming process, which could lead to financial instability as Braskem navigates this challenge. This could impact their ability to invest in new projects, pay suppliers, or meet other operational needs.
4. Impact on business continuity: The prolonged downturn in the petrochemical industry has already taken a toll on Braskem's operations. If they are unable to secure new financing terms, it may affect their ability to continue operating, leading to business disruption and potential losses.

Overall, this news suggests that Braskem is facing significant financial challenges, which could have far-reaching consequences for the company's stability, profitability, and long-term sustainability.",WEAK_SIGNAL,0.38,RISK_SIGNAL,RISK_SIGNAL
Braskem,2025-09-09 07:00:00,2026-05-02T04:11:34.751235,news_signal,GENERAL,1,0.2,,GENERAL_NEWS,Carlos Slim eyes bigger stake in Braskem Idesa - Valor International,https://news.google.com/rss/articles/CBMitAFBVV95cUxObjdMa0FrYzlUSVZPV0ZNbnlCbi1UV2JhMTk0M1B4VG9GQXc2WC1aMXVUWmhLX0RvMEFMZTc0cjNpUVYycGVpc01ockNqLUpuTlVWM3VmTGk1bkh1a29sQkdwWkJGa29JNFF5SmlpUzRSX093SlBTREQ0cy02RHpBdllVZko5aHdNc1VvaHFtbUZaTllTTmpzZFFna3FWZnpVTUFNeFVfZjdzYW9mVjRCZGJpaUTSAcMBQVVfeXFMTURlWHEwbjhpaE5kYVdjQmdVQmNhcENOdTZPdlJSSEN6ZUcyWEJHVWhwX1Y0cnZ5SlBHZlR1QWFNakFuWTcyVV9HLUttemZoTFN0cDd0MEtIYzVWT1oxbjVtSFJEUEV0MmFXc2EzYzVjTXdzUnR3bTJFMmxoc0ZIUnUwMVE1MGlPOGhEck1Gc0o4NFpibU5NTjlMTkJORTljek5fRE1SWnB0ZTVNWlYyUlBNQWN1ZEhGcTh3bnBqUmhycVow?oc=5,Google News RSS,,,GENERAL_NEWS,0.36,GENERAL_NEWS,GENERAL_NEWS
Eletrobras,2026-02-23 08:00:00,2026-05-02T04:11:34.751235,news_signal,GENERAL,1,0.2,,GENERAL_NEWS,Eletrobras Stock: Brazil Giant Quietly Turning Into a US Yield Play - AD HOC NEWS,https://news.google.com/rss/articles/CBMivAFBVV95cUxNdlVJelZIQlJCS1FqYkRhWHBUTC1TWU56UkRpanFUV3RrSHVUNGxfNm1ReUljSVl4VkNjZF82MEc1VktubjF0MFlObld3dXY2R3prQzV1aWNITjJiYm1XLW9mMmhJUXBKbkJSNWgwaThvX1U0THR3b3pOV1p4RGtYRDNhRVhhaW4yTmRwS09jVFhEaTd6STFlU1J2WG54aEU2eV9acXZTUDlUMXRMUjFFSkVkOUJzUkdCRkdzOA?oc=5,Google News RSS,,,GENERAL_NEWS,0.49,GENERAL_NEWS,GENERAL_NEWS
Banco Master,2025-12-10 08:00:00,2026-05-03T03:31:46.593679,news_signal,FINANCIAL_SYSTEM_RISK,5,0.9,"bankruptcy, fgc",CRITICAL_SIGNAL,"After Master Bank's Bankruptcy, Could Another Major Bank Collapse and Leave Brazilians with Nothing? R$ 1.9 Billion in Public Funds Are at Risk and the Deposit Guarantee Fund (FGC) Foresees a Billion-Dollar Deficit of Up to R$ 41 Billion - CPG Click Petróleo e Gás",https://news.google.com/rss/articles/CBMizwJBVV95cUxQdkhCRW9ZMVlSNTdzOGlfUEp5M2FVQXkwTHZaYnJKN3RMWXdhOFFNM0xEV3FFU080b1VHbTdNM1VKOV95aXlXaTdGQXpNOC1PeEVJRndocDFPRGpfSlRobktkdE1aRUJ0WFNHWjZ1dnhrX2RJLXgxdUd1cUM4Y2xuUjJPdTdZeG91LWx0b2hINVZLYVNENlRSZk8taE5oQVZlWktLTUV3UjB0WEc2T2RreFZhdUJTbVlEcmxLSHVzRklYSG9jYmdFby02OVB2R1JYTzBwUmRPVlV6WGN2UU8xRC0tVko3WlpBVEUwb050MUFLeURadDBqY1p3akp3YzhCSzByd05zY3F0eVdkaGV3X0laTWZLSkozakQ3VTlXWVcxdFNHQUliNWxiZnBrRE8tZWVWeWNZS2lldHVTdVlLWlRrSEpkTm1oazRWVk5FVQ?oc=5,Google News RSS,"A major Brazilian bank collapse, following Master Bank's bankruptcy, could leave millions of Brazilians with nothing due to a projected billion-dollar deficit in the Deposit Guarantee Fund.","This news could represent a corporate risk for several reasons:

1. **Systemic Risk**: A major bank collapse in Brazil could have a ripple effect on the entire financial system, potentially leading to a wider economic crisis. This is because banks play a crucial role in facilitating transactions, lending, and credit creation.
2. **Deposit Guarantee Fund (FGC) Deficit**: The article mentions that the FGC foresees a billion-dollar deficit of up to R$ 41 billion. If this happens, it could lead to a loss of confidence in the banking system, causing depositors to withdraw their funds, and potentially triggering a bank run.
3. **Loss of Investor Confidence**: A major bank collapse could also erode investor confidence in the Brazilian economy, leading to a decline in investment and economic growth.
4. **Potential for Currency Devaluation**: In the event of a large-scale bank failure, there is a risk that the Brazilian real (BRL) could depreciate rapidly, as investors seek safe-haven assets or flee from the country's financial markets.
5. **Government Intervention**: The article implies that the government may need to intervene to prevent or mitigate the consequences of another major bank collapse. This could involve providing emergency funding, guarantees, or other forms of support, which would require significant resources and policy changes.

Overall, the news highlights the vulnerability of the Brazilian banking system and the potential risks associated with a major bank collapse. This could have far-reaching implications for the economy, investors, and depositors, making it a corporate risk that requires close monitoring and analysis.",GENERAL_NEWS,0.29,CRITICAL_SIGNAL,CRITICAL_SIGNAL
BRB Banco de Brasília,2026-04-29 00:21:12,2026-05-03T03:31:46.593679,news_signal,FINANCIAL_SYSTEM_RISK,4,0.75,,RISK_SIGNAL,Governadora do DF pede reunião com Lula para tentar socorro ao BRB com aval da União - O Globo,https://news.google.com/rss/articles/CBMi4gFBVV95cUxOQzFJQTF1OWVIRlhheUFSZGY2UGQ4eGU3b0tfWGlPdUVkNXFrVm5zUUpPX09OQmxvVUlJZWg0bmFjcFhpSm9ONkJtek5yS011YTZvNURGZldIV2FKRjU4dDYyT0pkdFBNZGY4VE1FRXpqbXNkVXA5emFLNlpVYjV2VWQ3VU5kQjNNNmV6SWlGQUZ0Z25pUlc3dmxWMDhkOUlpdUJVQ3AzU2dsY2c0NnpWTGN6YXlJZThlUkZWZzc3eE1qczRqMjMzc25mWm01ZVhzekZ5UURLTU5hb1hkLV9tWVRB0gHwAUFVX3lxTE9yVC10Y1BfVEVLQ1ppVnBzamctcEV3WVFJV0dzeHVYVHgzaGJsb1FQRkNiVHp2M0x5N0xGVnhramhMc0sxQUxIOWJ4TTNQUG1NbjNiSFg4bTJxX3BfZGttVmZZWUt5aTBUU2ZUODB5MGpqajdnYndYUlpTTmEyYlhiNzBqYUpxckNEUldmOXJkMFB3QzZDYWRWd0hibDhuUTY5aU9WQUtNVmFaUE1IZFZ6eEpHZENkNElMNG5rVndKV0VXa3ZkdGlVYS1tOXlaZ1JOMV9EdlJfdzRlNGVFT3lHN2hVaW5LOXhmV1hsZEYyUQ?oc=5,Google News RSS,"A governadora de Goiás, que é presidente do Conselho Nacional do Desenvolvimento Caminhável (CND), pediu uma reunião com Luiz Inácio Lula da Silva para obter sua aprovação para um socorro financeiro para o BRB.","Esta notícia pode representar um risco corporativo pelo seguinte motivo:

A Governadora do Distrito Federal (DF) está pedindo uma reunião com o Presidente Luiz Inácio Lula da Silva para tentar obter apoio federal para ajudar o Banco Regional de Desenvolvimento (BRB), que é uma instituição financeira local. Se a União for a favor, isso pode significar que o BRB terá acesso a fundos ou recursos adicionais para lidar com problemas financeiros.

Risco corporativo:

*   A dependência excessiva da União pode tornar difícil para o BRB manter sua autonomia e independência.
*   Se a União decidir não apoiar o BRB, isso pode afetar negativamente a estabilidade financeira da instituição.
*   A intervenção federal pode levar à perda de controle da governança do BRB, pois a União pode tomar decisões que não se alinham com os objetivos e interesses da instituição.

Portanto, é importante que o BRB desenvolva uma estratégia para minimizar os riscos associados à dependência da União e manter sua autonomia financeira.",RISK_SIGNAL,0.36,RISK_SIGNAL,RISK_SIGNAL
BRB Banco de Brasília,2026-03-27 07:00:00,2026-05-03T03:31:46.593679,news_signal,FINANCIAL_SYSTEM_RISK,4,0.75,fgc,RISK_SIGNAL,Ibaneis pede R$ 4 bi ao FGC após rombo do BRB com o Master - CBN,https://news.google.com/rss/articles/CBMiswFBVV95cUxOU2pMM3NyenM0ZjFkV1pTQzRpTVkwYVZXN2g1YVZsOFJrZG0zQTdOR3dpZVlWTUtmRi1ZZmhQbzYxbUlDd1JWTUhUSXI0ODZWblJobjJvM3dGbnQzUUE1YWRhMFcyZ3M5clZzcGdYUkhIdng3bHlkYjVZdFJUa3hwa3hNQjYwTDdYcFF3aEk0Z3JEenlzb3JLakVvQ1Qtd2QwRld3NlNjZDRVakRycVhQaDdRd9IBwgFBVV95cUxPT2k4bWk0T3VHa2o0RzBKTnJuQ0xqclo2Z0V1cmJCSXdEU3Bjbmoyd1lsZjI2LVNheG1faDVpTTc2aDFDYUV4VXdEM2V2b05xUDZUQ1FRc0s5RUl1eHlXT3NsVDJNSDE2QXUwOWNXVjhQVFVyTGYtanRmcDdmVXJFUGNZYkU3XzV1SmczSS1WakZqRjhsZmF4d3BLOVo2REg3MVVOeFVDbS1qdE5OMVJHNGZRcml5MVhfSWNZajhSTy1uUQ?oc=5,Google News RSS,The Brazilian player Ibanez is seeking approximately R$ 40 billion from the FGV (Fundação Getúlio Vargas) after a dispute with the BRB over the cancellation of their contract.,"This news appears to be related to Brazilian football, specifically the controversy surrounding the Romário-led club BRB and its alleged ties to former president Fernando Henrique Cardoso (FGC) and current government.

If this news is true, it could represent a corporate risk for several reasons:

1. **Regulatory scrutiny**: The involvement of a former president in a sports organization could lead to regulatory scrutiny from authorities, such as the Brazilian Football Confederation (CBF), which might investigate potential irregularities or corruption.
2. **Reputation damage**: The association with a politician and a controversy surrounding it could harm the reputation of the BRB club, its players, coaches, and even sponsors, potentially affecting ticket sales, merchandise, and overall revenue.
3. **Financial risks**: Depending on the nature of the controversy, there might be financial implications for the club, such as fines, penalties, or even withdrawal of sponsorships.
4. **Brand association**: The BRB club's brand reputation could become linked to that of the politician (FGC), which could have negative consequences if not managed effectively.

Therefore, this news could represent a corporate risk for the BRB club and its stakeholders due to potential regulatory, reputational, financial, and branding implications.",RISK_SIGNAL,0.41,RISK_SIGNAL,RISK_SIGNAL
Nubank,2025-11-13 08:00:00,2026-05-03T03:31:46.593679,news_signal,GENERAL,1,0.2,,GENERAL_NEWS,Nu Holdings Ltd. Reports Third Quarter 2025 Financial Results - Business Wire,https://news.google.com/rss/articles/CBMiugFBVV95cUxNNkt0MDlrVWZwUTFvQ3pocFdNY3p4QXdkTjNfT05tckxLZFVtYlNFSl9EU3ZfT1V4a1NjVmdrM3Z1ODRxS0FmWGN3STNza3h3TzFzZ2VnUDJrMms3UmtVODdBbkVFRDcyMnF6VjRZempJVEF6RVBIT2xZN1JfdFZ2clc4MHNoTFBGQ0VFbnpnR2pyZzBUTDZ4dXhDcDN1WFJjYmp1N0NaVWVQeVNZNk1tX2lvdEV3TXBocUE?oc=5,Google News RSS,,,GENERAL_NEWS,0.43,GENERAL_NEWS,GENERAL_NEWS
Nubank,2025-07-04 07:00:00,2026-05-03T03:31:46.593679,news_signal,LEGAL_REGULATORY,2,0.6,regulator,WEAK_SIGNAL,Otávio Ribeiro Damaso joins Nubank as an advisor for regulatory and risk management affairs - Nubank,https://news.google.com/rss/articles/CBMi0gFBVV95cUxPVktkenBmODR2cURKYmplcDdQOTVMY1Ftd2YxM1NKN0xIUHd0eW5tSElxSjhRQVdzckhyMmxXOVhfWTl6M3lwbUdpb2I2ZzNXVXROZkJaZ0JrY0w5TFZFVlFpbU9zZThYMV96N0tXTDdzZkxhamNlaEpaZzVZUjE3WHRNR2JzU1VFdlB2UFBxU29oM3V4WTdkalZ5cnV5bjI0V1lmYlVLdVJfaER6b19JTnFfUkZoVHhIdlNzT01qYTA2WnFzZU9Wb2d2YTN3Tm4yaGc?oc=5,Google News RSS,,,WEAK_SIGNAL,0.36,WEAK_SIGNAL,WEAK_SIGNAL
PagBank,2026-04-14 13:02:37,2026-05-03T03:31:46.593679,news_signal,GENERAL,1,0.2,,GENERAL_NEWS,How Investors May Respond To PagSeguro Digital (PAGS) Upgraded Earnings Outlook And Technical Momentum - Sahm,https://news.google.com/rss/articles/CBMi5wFBVV95cUxQMWhnNi11VEFaUmVhdENnSVUyYkU1MmVXRzVPbkMxNzdkRVJMU3NsSWNBMi0tVzNDZWM3N3hoZmxwS1kybjZjSFJnQ2pWSng5R1NzUEZHRGk0bHRBV2JUVkRlNEltbXg3VmtEdVFkaUFTRXRCTVM4QWxfT1N3cU5GSVVzeExGUWFwTUh6S3BqSktQVWlaX0hFTGltWklVV2ZVSkJwNVNodEJzWGMtMC1Uc1NfQVg5Q1padldaMktJYl90QzZmU0JoNVA0bFFsMnBTbnpNTU4xUFFrU0JKSTJsQWw1TC0zeVU?oc=5,Google News RSS,,,GENERAL_NEWS,0.47,GENERAL_NEWS,GENERAL_NEWS
Stone,2025-08-18 07:00:00,2026-05-03T03:31:46.593679,news_signal,GENERAL,1,0.2,,GENERAL_NEWS,StoneCo Delivers Strong Growth As Brazil's Fintech Booms - Finimize,https://news.google.com/rss/articles/CBMiXEFVX3lxTE1EZzZfbXg5V1VrUHc1SmNDekJhNVRSWjZSeHNGbUtjUmVhUzc5cTlmdVhSU2ZJZC10dmZIZVBKNG51SG9zSC1vZ1lheGJHc19fNHRGZzJMbjUycVBh?oc=5,Google News RSS,,,GENERAL_NEWS,0.41,GENERAL_NEWS,GENERAL_NEWS
Vale,2026-04-04 03:02:30,2026-05-03T03:31:46.593679,news_signal,GENERAL,1,0.2,,GENERAL_NEWS,"VALE SEC Filings - Vale S A 10-K, 10-Q, 8-K Forms - Stock Titan",https://news.google.com/rss/articles/CBMiZ0FVX3lxTFBqbEZHb3RqYlpHR1NCNEZmS1NfZi1ud1gwd1pGZWJWMVd1QTY1VXRYcWgxOVBqMlZhUDNBWDRVVWQ1bU53cm5JT29XM3kxZENnOEZienlzUW1sSzZCNDlVUkdaYWNsc3c?oc=5,Google News RSS,,,GENERAL_NEWS,0.49,GENERAL_NEWS,GENERAL_NEWS
Vale,2026-04-23 01:00:17,2026-05-03T03:31:46.593679,news_signal,GENERAL,1,0.2,,GENERAL_NEWS,Earnings Preview: Vale SA to Report Financial Results on April 28 - Moomoo,https://news.google.com/rss/articles/CBMipgFBVV95cUxOOUF4NS1MTEtmYUFVMGg5N2tNeU5YWVdZdVh5cFZUX3RDRXpDOG1CYU1IMVp4bGkzdjBfRWUtdUhJTV94QWJ1T19GSGR2TmtSMkwzV050dk9aRjNyRzVUVnRfZmV4NzlYTDdkNG5VUVhJWFlSTFRITVBTSjJtMGkyRFQ0cGwxbHoyTDdzc1V1bmVmcnBlZzdSNTdCZ0pWQkNlU3paVTRn?oc=5,Google News RSS,,,GENERAL_NEWS,0.43,GENERAL_NEWS,GENERAL_NEWS
Eletrobras,2025-09-24 07:00:00,2026-05-03T03:31:46.593679,news_signal,GENERAL,1,0.2,,GENERAL_NEWS,Eletrobras: 3 Reasons To Remain Bullish (NYSE:EBR) - Seeking Alpha,https://news.google.com/rss/articles/CBMihgFBVV95cUxQYW1qQXNmOVBobWdvY1N0M2o1dWhiMnBvUU9FNWExYno0bHY1SndmQVU2TWtNNDAtYkdTbkh2NmxhMXEzUVNDSGx1WkFmRTI3TFhMQjIxX0JKTjFlQVBxV1hjQV9vak4zWTdUNzlEMTY0VVdYakMxVm5xVGxBLTkxYzJ5ZUg0dw?oc=5,Google News RSS,,,GENERAL_NEWS,0.49,GENERAL_NEWS,GENERAL_NEWS
Vivo,2019-05-13 07:00:00,2026-05-03T03:31:46.593679,news_signal,GENERAL,1,0.2,,GENERAL_NEWS,SEC fines Telefônica Brasil $4.13M in World Cup ticket case - Compliance Week,https://news.google.com/rss/articles/CBMisgFBVV95cUxPQXpSYklOX3BxMkkzaWxuSWw1d29CWWdWU3ltNm5vZlM3dHkyWGVxUkIzT0VQdkNWXzdjTERJTE5SVzhmQ3NaUk9wSm5fWFhjTmxuUGc2SGJoczdaRmM0MklIRXl0b0haV1lKSWVua0gzcEd2ajh4OHgyTUtfNXV3Ynd1VUwzdEk4NUdrMWJqbS0tM21wRV9pV1dzaGJ6aDBIS3BYLWZYSlBkcEhFQzVzNGJn?oc=5,Google News RSS,,,GENERAL_NEWS,0.49,GENERAL_NEWS,GENERAL_NEWS
Ambipar,2025-09-25 07:00:00,2026-05-04T03:32:35.905163,news_signal,CREDIT_LIQUIDITY,2,0.5,debt,WEAK_SIGNAL,"Brazil's Ambipar gets court protection in debt dispute, shares dive - Reuters",https://news.google.com/rss/articles/CBMixgFBVV95cUxQSVE2ODk4aDhQSWlDQ3RkM3pNR3pjUHYyRkFHVTFrOVBkbFpuR2pxa3JrRURJd3M1eWVXZjQtamVIaW5nS3RUUXlqeE5BOVBqVlFicktVdV9kVF8tZ2RyS3MtXzlUNnNqUm9hREVnYjE4UDdUdmMxMmJFNjJZRXQzYVNyNnJhM3ZkUXlmVHhIVWRWN25vbnlMU0FrOExxUXBFUG9lMWI0YkN3OHdBR29rbmhPbTFDNlZoUGlKMTZEYlNaT19sd2c?oc=5,Google News RSS,,,RISK_SIGNAL,0.37,WEAK_SIGNAL,WEAK_SIGNAL
PagBank,2026-04-18 22:46:02,2026-05-04T03:32:35.905163,news_signal,GENERAL,1,0.2,,GENERAL_NEWS,Trading Systems Reacting to (PAGS) Volatility - Stock Traders Daily,https://news.google.com/rss/articles/CBMiwAFBVV95cUxNOEpQc28zaU52cU1CSHZtSVdKcWp1UExvWm9wQnlrd2N5TlBDdlprRGpYVzBJM0RqMkczbnNjZUczay16bjczNkZzOU9nUmFhZlFMa2V5RkVodVE2cXRSUmNNR1Y0dUlNU0daYWpVYjV2OWVELW0wbTc5eFFta1ZDdlAydXplMzhGM2ctcE9ZVnJHcDJxc05saWg1TkJnVHg4emgybTV4NGhLRVRRVW1MS0Z0a0VzcC05TWZaRXFQSXA?oc=5,Google News RSS,,,GENERAL_NEWS,0.42,GENERAL_NEWS,GENERAL_NEWS
Stone,2026-03-19 06:48:50,2026-05-04T03:32:35.905163,news_signal,GENERAL,1,0.2,,GENERAL_NEWS,StoneCo's April 23 AGM May Lead to Governance Changes or Reinforce Credit Risk Concerns - Bitget,https://news.google.com/rss/articles/CBMiXkFVX3lxTE9GQnp0VDJzTDhoSkxqVDZxQldOeE1OZUQtazZzM19wN1VkZU9GSXA1TUhjaVY5N1gzeEFXWWJ3cGMzVFgxbm5ocmx0TjJ1VFk2Q0ZVckhMX0ljb01uM2fSAWNBVV95cUxQbVZLeUhDazNRTnFJcXZPOXdyaDZMRnYzM1hKQXBNWUw2RUg2WE9EVEJabHJpbFNGYnVyZDh2cGRfWWRVc3dZYU1obmFKWFB0OUFPdVJQNUl2TmczTWYxbVczdmc?oc=5,Google News RSS,,,GENERAL_NEWS,0.44,GENERAL_NEWS,GENERAL_NEWS
Braskem,2026-04-20 07:00:00,2026-05-04T03:32:35.905163,news_signal,GENERAL,1,0.2,,GENERAL_NEWS,Does Braskem S.A. (BAK) Have Momentum? - AAII.com,https://news.google.com/rss/articles/CBMijAFBVV95cUxOOTg0RWhreVRVdWFGZ2NqX3J5NDdqXzZKWXFLak1wSGRRb1NUbVoyT0o4LWFvWHRlbTFoSldhaERHbmFJYU8wdUdrMkZHTEdHcnVoYzB0bkxoZWRjX2RHOUhVbVZUQTM5X1hmRTFFTHg2dU13NTM2U0hVTjNoSURBR2NHNTYtYm9ocXRJVQ?oc=5,Google News RSS,,,GENERAL_NEWS,0.35,GENERAL_NEWS,GENERAL_NEWS
Americanas SA,2026-01-03 08:00:00,2026-05-05T03:31:00.638003,news_signal,FINANCIAL_SYSTEM_RISK,2,0.6,bc,WEAK_SIGNAL,Trump diz que petroleiras americanas vão operar na Venezuela; entenda por que controle de reservas do país dá vantagem estratégica - O Globo,https://news.google.com/rss/articles/CBMi2AFBVV95cUxNMGVOZGpUUUplcFE3OTdmTlE4Rjh0elZpOW1SdWoyOWViaXhNd3NKUHdvNVNBbnBOU3d5RWw0bFJTZzVSanhBcm1JbXJ5RzVOcnIzYzVIYjF0TVJTMlJRaG5vdlpKd0R1N3RxNHhScGJoVVhKMy1qcTRJZ1JhVzZyOGJjNDVTWDVCYlZRQ2lSVHY3UWhEdHA2TUFxcUEtb1RZWWQxbkJxRVVMVlJ2RGxqNXlFdFJ1UEsyakV3a3hicFdFcHMxR0l3TU5hbGFJVjhzQkMxRHNWdkvSAecBQVVfeXFMT1dWOEdYTWFkcjFvYW54c19LSEZlYnpIV20td2g1SFF0ZnBhQ2loRFJmSlZ4VlBPUG5IV3M5TURvWXI3UDJ4RjRmcUZ0bEJMVjA2bGlnYjRJcml6Q0VZcnR3UUkxWnJ4b0tINGlJY0xNU3pneUxieFI4VHVYblpEakNPWW9nU0dBcUlDbGRFSDk3NlVvMU5wTTBLdmF0MzZKc1E5TUJaVnR2MFF5X2xxT0ZZUlBtb3pFbWRxWWxIZmFUbmlaczdIakNHQVNyejBrY1VreEc5X3JoU29XaU9iMzlaZ2pVXzBn?oc=5,Google News RSS,,,WEAK_SIGNAL,0.3,WEAK_SIGNAL,WEAK_SIGNAL
Americanas SA,2023-03-09 08:00:00,2026-05-05T03:31:00.638003,news_signal,CREDIT_LIQUIDITY,4,0.7999999999999999,"creditor, creditors",RISK_SIGNAL,"Court suspends payment to 1,3 creditors of Lojas Americanas - O Maringá",https://news.google.com/rss/articles/CBMimgFBVV95cUxOMVIxRjZQd3Q1LVdVVFdxd2NoNUFhOWN1UHlaemJWWldXa21vb0IxenVnMURBU0gwWjAzQTAwa2dnaVpLQVBHa2dMalc3ZVlkR042OGxYa2VqZ196NTNRTHFQeDVYS05xcElQQVVneXdUekw3VnZOaEdIX1JDbGxpclRhc0E2SkZ6RE11TURxMFdfaUxpSTcwcFlR?oc=5,Google News RSS,A court has suspended payments to two creditors of Brazilian retailer Lojas Americanas.,"This news could represent a corporate risk for several reasons:

1. **Cash Flow Disruption**: The suspension of payments to its 1,3% creditors indicates a liquidity issue, which can disrupt the company's cash flow and ability to meet its financial obligations.
2. **Reputation Damage**: Delaying or failing to make payments can harm Lojas Americanas' reputation among suppliers, customers, and investors, leading to a loss of trust and potentially harming future business relationships.
3. **Credit Rating Impact**: The suspension of payments may negatively impact the company's credit rating, making it more expensive for them to borrow money in the future or increasing their interest rates.
4. **Insolvency Concerns**: If the payment suspension is not resolved promptly, it could lead to insolvency concerns, potentially triggering creditor protection laws and limiting the company's ability to restructure its debt.
5. **Potential Impact on Suppliers and Employees**: The delay in payments can have a ripple effect throughout the supply chain and among employees who may rely on their salaries or benefits being paid on time.

In summary, this news highlights potential corporate risks related to cash flow management, reputation, creditworthiness, insolvency, and the impact on stakeholders.",RISK_SIGNAL,0.44,RISK_SIGNAL,RISK_SIGNAL
PagBank,2026-01-01 08:00:00,2026-05-05T03:31:00.638003,news_signal,GENERAL,1,0.2,,GENERAL_NEWS,PagSeguro: Undervalued Double-Digit Growth And Yield Amid Rising Global Uncertainty - Seeking Alpha,https://news.google.com/rss/articles/CBMiswFBVV95cUxQdDE5RXpwSEE3S2k4ODRaakZVYlozS1JVRWo0c0pUdjNpYi1seGNoWWtpcUFLbUlMVm10NlZxSkR1NTN2ZGNreWNCTFM4RmtEU2dlWXFram1DYURPUGNSUUp4T1FsT1FkNVBmMFRFWEdzb2N3X2tGS2I5RDY4RmRRQWs0MzEtSHc1RHZlb1BqRXJzd0lUSExTY2VieHBRckc0WVk1UXlnUjBmVFRpNnpGal90Zw?oc=5,Google News RSS,,,GENERAL_NEWS,0.5,GENERAL_NEWS,GENERAL_NEWS
Stone,2026-03-10 07:00:00,2026-05-05T03:31:00.638003,news_signal,GENERAL,1,0.2,,GENERAL_NEWS,Stoneco (STNE) Receives a Buy from BTIG - The Globe and Mail,https://news.google.com/rss/articles/CBMivgFBVV95cUxNOEZxS2JUN0UtSkJCc2VXUThnZVl6a0NzRWpFS0pYQThMRUNReThLcGJtaW9JQVhiWWYxc3lxcTNkNkN6c3NjcG02dE55dElCLTdqRkY4OE9jN3RYdUlKRHZRUXRGVGRWSW5nYm1lRDA0VXh0STBsOW9EQkZCcUNlUHRmSDhlSHRBekt3MC1HRkg0LUR5aURoUlEwUHY0V3hCdDhFc0NKUVNUYzlNYjc0OUduQTZyYVFaMVk3VHRB?oc=5,Google News RSS,,,GENERAL_NEWS,0.47,GENERAL_NEWS,GENERAL_NEWS
XP Inc,2024-08-12 07:00:00,2026-05-05T03:31:00.638003,news_signal,GENERAL,1,0.2,,GENERAL_NEWS,Zest and XP Launch Their First Joint Investment Committee - Funds Society,https://news.google.com/rss/articles/CBMipwFBVV95cUxNWldGS1BFdjZtQlhXS1VUZFVJZl95RnlvLXlGWVZiMXJ2Mm5SdnAxeVlJLTFqbHNiQURuRVVoQ3JPc05CWDNOY09CbmN2X0R3NTQxTnkzR2ZfQUtfS1FJZFFGQzlhMUZUWWpSUDdwRkdmRTFKLVd2Z3VrTkFpVUJzVXh1cC1rQ05hR3cyZnZEVkgxeDU5MkhZU2h5b3VjbldhMzhoNHkydw?oc=5,Google News RSS,,,GENERAL_NEWS,0.41,GENERAL_NEWS,GENERAL_NEWS
Petrobras,2025-09-11 07:00:00,2026-05-05T03:31:00.638003,news_signal,GENERAL,1,0.2,,GENERAL_NEWS,Petrobras escolhe Vallourec para apoiar suas operações em contrato de US$ 1 bi - InfoMoney,https://news.google.com/rss/articles/CBMitwFBVV95cUxOSkNweTdDdTlKOWZuelNaNjBkVnRiRGtHNWUyMjlJUHByb05aaXNsRFdQSkdsX1JnYU9DM3NOd2ItQmFTN1RZc1NjNXJMR2FQNUhjMGdoOHNlMld2T2t2NlFRZS1GWjdiRTVUTkZmdk80WUNnRk1CMkRUYjFmcXRYSUdPanoydmpGQUktMXptckd2c1pJQkJmbm5ueWthYjdUa1FPOHBxNm91Qmo4dnp0NHhIYmlVaU3SAbwBQVVfeXFMT05PVTF3T29tZzRiN19YZ05CaDh1clpWUjJBMjEyc3lVUjN5MmJhVUhsdkZvME92SW9wTGNYVGNCNW1OWDFTWE9LY21TZnF6bW5icWtqeER4S0ZZc2tmeTZhMmc2d2swUFRKVXQ3YThRd3lpall4VWg5WkozVmNGdzNkWVhnaFNRMzBzMTh2NUhYX3B4S200c2s2TG5hZ0ZlNGhtX24ycU9Lc1JtT2FMWmNnTTVTajBqS1lLU1Q?oc=5,Google News RSS,,,GENERAL_NEWS,0.37,GENERAL_NEWS,GENERAL_NEWS
Vale,2026-04-23 00:05:56,2026-05-05T03:31:00.638003,news_signal,GENERAL,1,0.2,,GENERAL_NEWS,"VALE S.A. (VALE) posts steep Q4 2025 earnings miss, logs slight revenue gain as shares edge higher. - Crowd Breakout Signals - Cổng thông tin điện tử Tỉnh Sơn La",https://news.google.com/rss/articles/CBMizAFBVV95cUxNV0VnUER3YkZFam03SnNTQ2Y5dC1TcXNjSWM3cVFFUU0zZkJiekdBaDgyQld2NnVpQ0Q5YmYzdGpoTWZBT25uOEt2Y3BoV21iV1dZZklpZENlaUp5NzR5THE1R0ZYcHp0RXBsVGpCMklHbTdHU1U5RVRTS08tV2hRU1VEV29LM3YtNldwR3J0bjU0b0pTRkhSRHpyYVNMRnBfNEQyOHRPZktvRzFqQWtfYkcxODNpbWNuQlF6cVJDd2xwUnpGSmFUUHF3ZkM?oc=5,Google News RSS,,,GENERAL_NEWS,0.53,GENERAL_NEWS,GENERAL_NEWS
Braskem,2026-02-06 08:00:00,2026-05-05T03:31:00.638003,news_signal,CREDIT_LIQUIDITY,2,0.6,creditor,WEAK_SIGNAL,Braskem Idesa edges closer to Chapter 11 as creditor talks stall - Valor International,https://news.google.com/rss/articles/CBMizAFBVV95cUxPQ05ReVNKaktIbmdhdU5kVE5fb1pSQWRFTmsxMjAteXJoel9rUlc0b3VqTm9ic3hrMFZCVml5dVBqT3dQUWJ5S0JmS1liZzRoYXdYRU9GZHN2VWhxVGExNDFfNjBRRnhlUGJ1cUIxN09YanFVOEtvZWxtMHUxaERHUndxcklaWkpaRUpWbW5xaTNOdjl2bW1zVVdpVU1ieWNIdVZmMjh4a213ZWl2My03bTM5RnROZDNhaUVnRlVXRGJkams0V0ROS1UyM1XSAdsBQVVfeXFMTWZGM0tibVpLMDdkX3Y0QXdNcXF1RmNrUklqeDF4NXg2UWFGQ0FMTkszVUxGS2xoX1VpWmJDcUFVWVpGLXRuRjRQWmRmQ1lPaEZhR05IWEtKQ2doVkwzNTdER3lQU0tqZEFMQVNpT29wakhRdjBoajFHbXR1dk43S1hOMENTRjlfQ2RBSDJTOVplRVVLZC0xb1J3WGxqUks1SlVJQWRsQ0NtVXVaUGhMWnhBVEdBeURHYnR5TE9QdTgzY3BxNHdQZF9URmdiWjVuWnlyTzRwV3R4Y2tr?oc=5,Google News RSS,,,WEAK_SIGNAL,0.44,WEAK_SIGNAL,WEAK_SIGNAL
Vivo,2026-04-27 01:00:02,2026-05-05T03:31:00.638003,news_signal,GENERAL,1,0.2,,GENERAL_NEWS,"Telefonica Brasil To Go Ex-Dividend On April 28th, 2026 With 0.04604 USD Special Dividend Per Share - 富途牛牛",https://news.google.com/rss/articles/CBMimwFBVV95cUxORnRWZTlKeDVMZFdGMEFKaTd4Zk9ubUJqS0Iyb0t4TXc0bXR1QUtaU0RrQlpubm1HM2N6ZmcxTy1EY2xvcDRSRnZnTFNtUldGSGEzZVNBZXBvOWFUbEZ0eF9RVER2djBidDhacDVlYnU3eC16YnNYd1FSS2FzeWZLeWg3M2VtZ3JaTmtENXJ2R2xBTVFHY0xYYTY3RQ?oc=5,Google News RSS,,,GENERAL_NEWS,0.47,GENERAL_NEWS,GENERAL_NEWS
Vivo,2026-04-16 07:00:00,2026-05-05T03:31:00.638003,news_signal,GENERAL,1,0.2,,GENERAL_NEWS,"VIV (Telefonica Brasil S.A. American Depositary Shares) reports 6.7% Q4 2025 YoY revenue growth, shares edge 1.14% lower on slight EPS miss. - Professional Trade Ideas - Newser",https://news.google.com/rss/articles/CBMiggJBVV95cUxQNklUS0g1aWhhb01ySFplTXRfZXcxTHdnTXZrTXZnbHJWZDZ5M1hrTklldFVZRGl1QVZZRU1BeFlCVVYyYkpPemtBRXhGLVp5b1VseDdDZFlDQ1dwcndqd1FTc09SMWNKeWJFM3Z6SkUwYk5LZlNNODlFVkpHUzF4VVFnZV84aXNzZ1Q3QnRCZHdGRVAzNGVYWm9jWUZ2N05LYVFkemVZbWFEczc0OHY2M1NmWHNxdUpkTW02LVpBOFpzOFhNOUZjRVBWZVJZcTBDSV9mYXJGUFdPeWFjcF8tMlVWd2tsWVhrZkpKTWc2Ykh1RGlXV1hoM0pnSTlxOFNjTEE?oc=5,Google News RSS,,,GENERAL_NEWS,0.46,GENERAL_NEWS,GENERAL_NEWS
Ambipar,2025-10-13 07:00:00,2026-05-06T03:31:44.897229,news_signal,GENERAL,1,0.2,,GENERAL_NEWS,XP launches recovery fund for retail investors hit by Ambipar losses - Valor International,https://news.google.com/rss/articles/CBMi0AFBVV95cUxQc2tCdThSa3JNT3IyZlFxbW1oVFBncHNmdFY0WnpYOWl5a3g1UG5SN0RpNXgwdXFHeTRrYXJ4TExURHE0dFFhZktNVmNLQ1NuRDQ0bmlhbFlhWjdBaXMtbXo4RnlPV2hKblAtMEtZTlFGSlBMV2NDUzBjX1VsbHh6THNXaERkUThlSy0yMU9CNWgwN3cwcW96Z3FrVzVsVjFBQTNwZUVER0Q5Sld0V1VEQVJnV0kxeU05UmlmcVBsUmJBMHdlajd5V0U0bUNOWGxa0gHfAUFVX3lxTFBDWlBib19ZeUhWUF96WFVJN1l5OF9YcjZ5UEVZSTBZWmRhSS1CLWVBREN0U2ppR0txcmRoMFg3WGNiYVVTMmVsamxhdEVmOUxVNTRfUGJyaHBGUTlNbTRTQ0gzZTdnVEc0T29JSFRKSHl0dnNoWGhZdm5Hb1NXbmFURUZnLVRGWXE4bkZwZnptczE3blVEMzYxWUN0Z29DSGo2ZWNnRlB5czlkVGNOTC1DMEFieHV5eFVCUXJJVXdHZ3VCTzlIVDFmLUh6R25yQVZ4RlROMWd4cDRlMS1OWEk?oc=5,Google News RSS,,,GENERAL_NEWS,0.47,GENERAL_NEWS,GENERAL_NEWS
BRB Banco de Brasília,2026-04-26 10:53:33,2026-05-06T03:31:44.897229,news_signal,FINANCIAL_SYSTEM_RISK,4,0.65,bc,RISK_SIGNAL,O pessimismo do BC sobre a tentativa de capitalização do BRB - O Globo,https://news.google.com/rss/articles/CBMiwAFBVV95cUxQcWVJQUJ5OUtyYmJvMlhCQzl3dWs0eXlhSVdWbzJZNHFfTUZmZ284QlgxZHV4NE93ak1aX1F2WHk5dkNCeVBTcEZrdzFfZkZyMEV2SDFIS3c5eC1HaDRJY1lTenFURHdFNnNGZEhOYjQ5dHlyZXBfamR4SjNxN3BrM0hROUlHY2VtT0dzT2xpZ3ExTUg1UWpwNmFZSTctMzJNV24tbUZaMTJyYmFyaEh6SkUzZTBROTlwQzh5bHY1azDSAc8BQVVfeXFMUF9VUkd0QW1jMHlUaUZ3WFByaXZFVE5KVnRMNUVYZGxiNXAxUlZ5ZTN6cmZjTnEtZUFsbm1fRm1nXzd4akxLRmw0MXRBNG1fZlUxVjhsdWhrMzB6bkFacEpFdXBOamMtTDVEOE1YUGJrdHZLT2haNGpiaDhEcWVrRzRGUkx5TXBBbXU2eWNXSm15MmFvTnhTaVJYSi1lbG9RcU55dGxPaDBnUXBqSUowa21TYXBBQmJ4dzdGbWIwdFNSWG1ESjM1TGN2bzdVNXJZ?oc=5,Google News RSS,Eu não consegui encontrar informações específicas para uma notícia recente com esse título. Pode ser útil fornecer mais contexto ou detalhes para que eu possa ajudá-lo melhor.,"Parece que você está referindo a um artigo em português. Vou tentar ajudá-lo a entender o que isso pode significar como um risco corporativo.

A frase ""O pessimismo do BC sobre a tentativa de capitalização do BRB"" sugere que o Banco Central (BC) tem uma visão otimista sobre as negociações para capitalizar o Brasil Telecom (BRB), mas há um ponto de vista mais sombrio ou pessimista dentro da instituição.

A capitalização do BRB é um processo em que o governo pode investir em ação no banco para garantir sua estabilidade financeira e reduzir o risco de falência. Isso pode ser uma forma de evitar a intervenção direta do governo nos negócios do banco.

O BC, como autoridade reguladora financeira, tem um papel crucial na supervisão das instituições financeiras, incluindo os bancos. Se o BC expressar pessimismo sobre as negociações para capitalizar o BRB, isso pode indicar que:

1. Há preocupações sobre a capacidade do banco de pagar seus dívidas ou manter sua solidez financeira.
2. O BC tem dúvidas sobre a viabilidade do plano de capitalização proposto pelo governo.
3. Há medo de que a capitalização possa não ser suficiente para resolver os problemas do banco.

Essa perspectiva mais sombria pode representar um risco corporativo porque:

1. Reduz a confiança dos investidores e acionistas no banco, o que pode afetar negativamente o valor das ações.
2. Pode levar a uma perda de credibilidade do BC e da instituição financeira em geral.
3. Possa aumentar os custos de capitalização para o governo e aumentar o risco de falência do banco.

Em resumo, se o BC expressar pessimismo sobre as negociações para capitalizar o BRB, isso pode ser visto como um risco corporativo porque sugere que há preocupações sérias sobre a capacidade do banco de operar de forma segura e sustentável.",WEAK_SIGNAL,0.34,RISK_SIGNAL,RISK_SIGNAL
PagBank,2026-04-30 14:13:00,2026-05-06T03:31:44.897229,news_signal,GENERAL,1,0.2,,GENERAL_NEWS,"Press Release: PagSeguro Files Its Annual Report on Form 20-F for the Fiscal Year Ended December 31, 2025 - Moomoo",https://news.google.com/rss/articles/CBMi0AFBVV95cUxNZHlwM0Nvb055MkQybmh6UW9QOHMyUUxOeG5BRnVkdC1nS0F3a0FLVHRkOTAyQzRQS1Y0cW4xeVVabjFqRUQ1UXFsellhSXhIZ3FfRWFyVkI0bGtaZHhnX2xEcW1peHJUeW9HUllnWHNKTEVId1hjaHJ6M1dSRW9sQjk2Sm5WdVEzZW5PYWY5ZEpKMWJLdG5XbUJsN0NVSDkxci1Oc0VUeWZJWFhDRldDNFZOdkdhY1RmMy02VFFpUE5meHA0NFZSdkJ4cGM4VVRQ?oc=5,Google News RSS,,,GENERAL_NEWS,0.41,GENERAL_NEWS,GENERAL_NEWS
PagBank,2026-04-18 23:31:44,2026-05-06T03:31:44.897229,news_signal,GENERAL,1,0.2,,GENERAL_NEWS,Is PagSeguro (PAGS) stock fading in strength (Underperforming) 2026-04-18 - Earnings Beat Stocks - Cổng thông tin điện tử tỉnh Lào Cai,https://news.google.com/rss/articles/CBMirwFBVV95cUxQZUdYc0JYdHBDdXZ5d1FwejhwWU02WVMydEd2WGpnMXZEcFc5LWwtdndia1FyTkNDOE5LVmlzUVVfemhiSTVMRW9OOXlDcVpIWEdELThKRG5kNHhvbXN6Y2dCbXpnUTAtcVdvRVdhS0ZaZ3MtMjQ3SXJERHZQUnpCOUVPODczckNGdVlIb2lIa0ZwYk4wZzNQU21uMFRRVjI1OXZZUUpyWnc5NmIxUTFV?oc=5,Google News RSS,,,GENERAL_NEWS,0.54,GENERAL_NEWS,GENERAL_NEWS
Stone,2026-04-26 07:00:00,2026-05-06T03:31:44.897229,news_signal,GENERAL,1,0.2,,GENERAL_NEWS,StoneCo Extraordinary Dividend Highlights Surplus Capital And Valuation Gap - Sahm,https://news.google.com/rss/articles/CBMixgFBVV95cUxPUHFVc0JBdE5VM1lsUlFPRDhVY0RzSU5jLXluOEl6c1VrQ0J6ZUtVWDdxcm1KSk1ldUxpSHhKdWRnV01qRnQtYm1QLUtLbkt6QmlXV2tlYWdDdkVCRVlrT0RKdUdMY3RsM0k3cGcxT2Q5enZRWDREY3B0NERHZ0hsa3NRTlUwNjZEUmlRRlFlRzJHcjdzbTRFX1ZCRzZEUXFhMU5rU085NmxsSjk1eklOLVJtcVIxVlpjT3VkRFFsX0pRX1pZSXc?oc=5,Google News RSS,,,GENERAL_NEWS,0.45,GENERAL_NEWS,GENERAL_NEWS
Vale,2026-04-22 22:58:08,2026-05-06T03:31:44.897229,news_signal,GENERAL,1,0.2,,GENERAL_NEWS,VALE (VALE S.A. American Depositary Shares Each Representing one common share) gains 2.01 percent even after sharp Q4 2025 earnings miss. - Dividend Safety - Cổng thông tin điện tử Tỉnh Sơn La,https://news.google.com/rss/articles/CBMi_gFBVV95cUxOTEV6dXdmSHhWdHM4M2N6UFdEMXgxZURlZGpZTExPekUwaG5jc3pjTkJKZzV4aHV4WW9TenNKRndsbnFBeTdnTGlJXzU1MnRkTEJKaXBsQTh3d0hQM19zZUl1QjZTaWtLMlAzZGxSU1lfX1QxOGxnYkdmMFFldHcyaERxOGZRcVVBY3VSMkU3Zm1nTF8tSmt3d3FmWWIyUDlqenh1WGRDMnA4ajhBUTZYbVF5TzA5TVdkT0c5MEphQkluT0pWc1haSFc5bTV5YVNIZEoxbGVXODFnQmE0TGJZX3dQbnpDMU50N3ZNZGw2ZElpSDZlVUxkcjROeFJtQQ?oc=5,Google News RSS,,,GENERAL_NEWS,0.53,GENERAL_NEWS,GENERAL_NEWS
Vale,2026-02-22 08:00:00,2026-05-06T03:31:44.897229,news_signal,GENERAL,1,0.2,,GENERAL_NEWS,"Vale SA (ADR): Yield, China Risk and a New Pivot US Investors Can’t Ignore - AD HOC NEWS",https://news.google.com/rss/articles/CBMivwFBVV95cUxQcUVfZHllN0tJdlZEcWdVY0dNVlE2LVZtVncwcktmVGRVN2h6T1BzVm9uWUxOQzNDN1pYRUN2V1ljQUVOOVFVZ2FEdnpRUXJVV1QxVU1NXzJHdlBRN2sxOTNHeFh5YUZ6cUQxZi1FdFVocnlQZ2VQdkY2UTgzY2Z1UU9ERlh1Z0dXbFdTNjR4Zk9mZ2JVX3VFa1dCN25HbGkzaXRzS1VSTkJMbl9xS1NHQ0FuVlRsRjVfUjRYOUwwMA?oc=5,Google News RSS,,,GENERAL_NEWS,0.51,GENERAL_NEWS,GENERAL_NEWS
Vale,2026-04-30 02:25:15,2026-05-06T03:31:44.897229,news_signal,GENERAL,1,0.2,,GENERAL_NEWS,Vale SA | 6-K: Report of foreign private issuer (related to financial reporting) - Moomoo,https://news.google.com/rss/articles/CBMingFBVV95cUxPbWpNbWNkc195S2hvaGFoQjdGRGh6R1EtYk1yaHBKUzZJSjJINFloUS14LTBFLUt6MEZIdklkTzNzTGJmdjZUUmxKaVNDb3loUFJUVC13NDlzUjdROGl5bGJHYk1qdVpQRDg2em4yNTdUTUJSVTFoanNMdHRrblVVMkJjVG9Pd0czTWRuLTVuQUtxYTNjdFNEeEpPVFpiQQ?oc=5,Google News RSS,,,GENERAL_NEWS,0.44,GENERAL_NEWS,GENERAL_NEWS
Braskem,2026-03-26 07:00:00,2026-05-06T03:31:44.897229,news_signal,CREDIT_LIQUIDITY,2,0.6,liquidity,WEAK_SIGNAL,BofA cuts Braskem stock rating on liquidity concerns By Investing.com - Investing.com South Africa,https://news.google.com/rss/articles/CBMisAFBVV95cUxQVlJqWmFrWnZ5NlhsTHVXUzcwVUd0SHc2a0t6elpXeFAyM3MyRXZrekxlUWR1NXJvMjFPQ2hBN2xtNW5qUUh6akRnaXgxWVNDdGluMWV1V2lJWUZjcXZKU2haZkcyQVZSRXA3ZjAzVzkweUlCWTl1ZjU4RGtwRGgtQVRWSURfZy1FSnZ3ajdUZ3ZVaEtETW1WZzlaQXRKemRQY05sSWV6d3BkZXdlZTVRMA?oc=5,Google News RSS,,,WEAK_SIGNAL,0.56,WEAK_SIGNAL,WEAK_SIGNAL
Totvs,2026-03-06 08:00:00,2026-05-06T03:31:44.897229,news_signal,GOVERNANCE,2,0.6,CEO,WEAK_SIGNAL,"Will generative AI kill software? ""That's nonsense,"" says the CEO of Totvs. - NeoFeed",https://news.google.com/rss/articles/CBMirwFBVV95cUxQYXBKOHlOUmRvUXFOa0xGRE5Hdjk3QjQyOEQwNXBoeG9ySE5iN1U0ZHczMzZHdGNCblBiRHFzcGpCcjgyaUQ1RlNGSmNGaHg0dDhPU1I4QmhValdQNXNzV3ZwVGdmLUpQNlFtalc2S18zeTNZNnY3RTJ1cjZxWlJOX1JMXzAyUTAxdnJvdmFLakN1enJtd2h3ZFhfWF9ieGtvX0k5YmNhLXBvRVBLMFhB?oc=5,Google News RSS,,,WEAK_SIGNAL,0.48,WEAK_SIGNAL,WEAK_SIGNAL
Americanas SA,2024-10-02 07:00:00,2026-05-07T03:30:21.660913,news_signal,GOVERNANCE,2,0.5,executive,WEAK_SIGNAL,Messages show how Americanas executives tried to avoid scrutiny - Valor International,https://news.google.com/rss/articles/CBMiywFBVV95cUxPMHJtR2RSTGRHejB1UFU3STlpZEt5YUlZNUMwOUg0bGJMN2JEUVZDRHhxdEN0U3VCY3lLZ2ZRSDkxdllyTU0wRm9nMkRfTm41WlI4dWNTUS1UUzNFRkdEaXpuMkRnTFFkc2FFd24wZGluS2gybWttWU15a3RqU1gxTnVyb3l1M2hVN1k5Y1dTMG91U09mX3ROQlJvNk92M3NYd1ZySnpSSUNwTnJlbXM5YkpWalY4UWl1Q2R3bldZY1VXSnRycW9Ec1c2VdIB2gFBVV95cUxNR0ZPQS1CMzduY0pGUDNSbDdEdnE1N0h0Y1BxaXZwbm05UkZndnY4ZUUzZUtfZ1EyVjR2U19Wc29nZzNycjRfa0lHODVsOTRGalU0TU9oRloybFRmTThaelBDVTdmY2o3WHZ6T3FhQzM5QzJhdVczc0dRZWtDel9QYno4bWVpcEVrTXRTMTlZVENld0hWQm5kNzB0NG8wdG1GeTZ6V3NKRjRNU3pHQ1NBMl9JUlFzRTdCTlUyTHBTOUdTcnNaa0h0VzBmMUZneElEU1NKdE1XbmpIZw?oc=5,Google News RSS,,,GENERAL_NEWS,0.41,WEAK_SIGNAL,WEAK_SIGNAL
Nubank,2026-04-06 07:00:00,2026-05-07T03:30:21.660913,news_signal,CREDIT_LIQUIDITY,2,0.6,liquidity,WEAK_SIGNAL,NU E Power Hires Market Maker to Support Liquidity on CSE - TipRanks,https://news.google.com/rss/articles/CBMirgFBVV95cUxPYzB1ZVlaME1rTFZ4VmNSXzc5RlEzMDI1b2taWS1ncmlPaFhzNlBQU3RWRUh5OEF0NTdfakpnRXNxTXhzMC1Dc0lmS0prbVpTY29zY201TjQwckZrT2gzM0VjNzUtZ3RDaE9WLTdZSkltNzlOTVpsRkJEWDVhY3R0VlUta1ZzMlIteFdIMmZyT3l4dFhNZ1c3WUtLck04NVdXeWY3UGphNmNMSUVzbEE?oc=5,Google News RSS,,,WEAK_SIGNAL,0.54,WEAK_SIGNAL,WEAK_SIGNAL
PagBank,2026-03-05 08:00:00,2026-05-07T03:30:21.660913,news_signal,GENERAL,1,0.2,,GENERAL_NEWS,PagSeguro (PAGS) Reports Strong Q4 Earnings with 9.4% Revenue Gr - GuruFocus,https://news.google.com/rss/articles/CBMitgFBVV95cUxOeWhvc1J3WlhpU2pfbmJfc1Q2ZXF6NEd4LVZXT28wZUFWaTJ1VVNQU1Bqa3hZVDh2cmNvSjY3OTAzM3UwOTA3VmZkNUtoM0NJaV85WExSOWlOZXBQYzMwTzdjWTJFTjRxbnpqc2I2b0hQYVlxSzB6X1pvUzRLUmtmeklKYk1nVFAwVHI1bjhMb0h0VjdlWkZYZnktT3BzV1pVRWRzWHNnSVlMWDNzMWNEUmxFTWh4Zw?oc=5,Google News RSS,,,GENERAL_NEWS,0.48,GENERAL_NEWS,GENERAL_NEWS
Stone,2025-11-06 08:00:00,2026-05-07T03:30:21.660913,news_signal,GENERAL,1,0.2,,GENERAL_NEWS,Earnings call transcript: StoneCo Q3 2025 sees revenue growth and stock dip - Investing.com,https://news.google.com/rss/articles/CBMiygFBVV95cUxOSVh2cE85WDdpMFNjd09DNHBtMEt2X0plM2ZDN3NaTmdXeWQyYU02eWJNSWtTRE1rU2pxRFA1R0lXSHRwS1RpeFF6Q09fdGNHSkp5M1Z6TWVpS2JQdktnM055d1NZUVoxMzBDQS1GRF9kd3ZWTkd0LTNXeGZ2VDBnSXMtZzJ4ZmZoZzRhMzZoVjJWMGlGUldNTFIxeTBvMk9RenFlZXlYSXFZeWthcDNwaTNRMUJUMmN4WlJPRlRZRS16ODZLaVBNN2R3?oc=5,Google News RSS,,,GENERAL_NEWS,0.52,GENERAL_NEWS,GENERAL_NEWS
Braskem,2026-04-20 07:00:00,2026-05-07T03:30:21.660913,news_signal,CREDIT_LIQUIDITY,2,0.6,liquidity,WEAK_SIGNAL,Liquidity strain and Alagoas costs in Braskem (NYSE: BAK) 2025 annual report - Stock Titan,https://news.google.com/rss/articles/CBMisAFBVV95cUxPRmZ1VWZiVHp1U0wxMWNmZjUwMHI5OHAwOHFYdExNbjg5TkZxQklZVk1IRTBjVnJlUEpBejVWUXRxQjF3YVdpSHpBYWJKOFl2bVJhOHJTTTBjVXh0OHN6dGptUFhOdE03Sk82TFpRWUQzSHlGVGs3SVAzZkR5ZVJXd211dlg5dDBXaDNKTUpfdWtVSVBhMlZSN0c5WGRkUk9OQk5qWk83M0JMeHJqay1BVg?oc=5,Google News RSS,,,WEAK_SIGNAL,0.5,WEAK_SIGNAL,WEAK_SIGNAL
Oi,2025-05-29 07:00:00,2026-05-07T03:30:21.660913,news_signal,CREDIT_LIQUIDITY,4,0.7,"default, CFO",RISK_SIGNAL,Fitch cuts Oi S.A.’s issuer default ratings to ’C’ By Investing.com - Investing.com India,https://news.google.com/rss/articles/CBMiqgFBVV95cUxNSDdxekZuY3JXZlFtbHNqcjJjZ1dxMk4xZEZyT0ltdTA4b2locGM0NEs0U2Y1d1BXVWtPcFo2Mi05cGpleTZBREJjV3FnNllLcnhmV0c3dU5KOFNrMXF4eWNwQWV4eW1Cb1hKbnJVX1hoTWV3eWNkeVZrTnZxNWs1bHVFVGtxUHJSV01HVm1DclhWX1ExbXM5bmYzZ1Q3TnZISmRFMzNORmlKQQ?oc=5,Google News RSS,"Fitch has lowered its credit rating for Brazilian telecommunications company Oi S.A. to 'C', indicating a higher risk of default.","Error: HTTPConnectionPool(host='localhost', port=11434): Read timed out. (read timeout=60)",GENERAL_NEWS,0.36,RISK_SIGNAL,RISK_SIGNAL
Vivo,2026-04-30 22:35:18,2026-05-07T03:30:21.660913,news_signal,GENERAL,1,0.2,,GENERAL_NEWS,Is Telefonica Brasil SA (VIV) Overvalued After 4.3% Rally? GF Va - GuruFocus,https://news.google.com/rss/articles/CBMiuAFBVV95cUxPS2MwSjFCUzFwRms2RVZVYnhyU2pSQVd5OTB2V2pmQXZndG9sYnl5N21Vb2gxM0k0SHRPNENFNy1vZTM4NVFDWk5nYm5ySXFKNWdmblBLSkNtTEkyeDFlcXR4UzJobXVmVFM0TEltMXRkZ21mM01mSFVJd0xzaEVLejhPSGdPS1NaVERKT0FuRE16Q0xDbHhfLVZmaFJ6dDJVOEdjVDAyWmtUUmJvWkNCajlWUVdHNlll?oc=5,Google News RSS,,,GENERAL_NEWS,0.47,GENERAL_NEWS,GENERAL_NEWS
Americanas SA,2026-02-10 08:00:00,2026-05-08T03:33:06.097070,news_signal,FINANCIAL_SYSTEM_RISK,2,0.6,bc,WEAK_SIGNAL,O que está em jogo na Venezuela? Feministas latino-americanas respondem - Portal Catarinas,https://news.google.com/rss/articles/CBMimgFBVV95cUxOSmJBaUxfMG80RzdYYThYUDlaaDNabzY1QzNnWmdUdUZZNmZDZmNORE9fekE1UnBlUi1uVFMxcXp1aWxkSGhDUXU0WDhrdGxST1BxX2N3cnNBcl9leFVHRlFDR3JrZVlMNjN4dkFVWTdFU3dkZnRXMGhBdU1XSURSV1plVE1NN29sem5CVFhwZ1VESEdhdXl1eHNB?oc=5,Google News RSS,,,WEAK_SIGNAL,0.35,WEAK_SIGNAL,WEAK_SIGNAL
Ambipar,2024-09-24 07:00:00,2026-05-08T03:33:06.097070,news_signal,GENERAL,1,0.2,,GENERAL_NEWS,SAP and Ambipar Unveil Net Zero as a Service - SAP News Center,https://news.google.com/rss/articles/CBMicEFVX3lxTE9ONFlfdTJWYk5iTGs5ZWlEaElTRXdONWpUbmpOaFNsWHdkNGRhMU9qWG9DbGZwSlFMcTREeEE5bURCNS0weDgtU2FwNmRkQlJuUU1vdWYxUF92amxtQzVaNUI0OHVhTEVzdVdNcDR6UVjSAXhBVV95cUxQYVd5eEZhcENCZkx2Ynk4MGRMUGJUQUw3QThLZWNjVHFxbHh4eW9iUS02bUhxYm9pTlBMOXI2eUFJYUdGNGQtVDdJVlRyWVdVNnRJYW5fSkVlYnBRYTdMTWJLcHRfV1ZpTGJrZFA1VHFPYV9YdTlDblg?oc=5,Google News RSS,,,GENERAL_NEWS,0.45,GENERAL_NEWS,GENERAL_NEWS
Ambipar,2025-10-23 07:00:00,2026-05-08T03:33:06.097070,news_signal,GENERAL,1,0.2,,GENERAL_NEWS,From First Brands to Ambipar: latest flashpoints in credit markets - TradingView,https://news.google.com/rss/articles/CBMi0AFBVV95cUxPZUNNY19fUHZaVEpXbXlMOEdURjMxQUtsRFFSWkZpaHN4dFFLeUJybVo0X2FDUHNIMUFSX1NKeUxsVHUxb3c3T1psTTEwRHZWNWoxNEkyaGRDWlF0MkxSRmV0RnNYS0wtZWp4NHZCYTZJZjFZU2ZkS3pTUTItSTVHV3ZHWWtQLVlRNmZTbjJSaGtwVjdtN1FPVk1IRzczUTU5RXB5QzJpWERPQkdvNDdrSUk4VTlFdE9lU1J2NTkyMUlhS3NkNGd4SWthUnBuY2xI?oc=5,Google News RSS,,,GENERAL_NEWS,0.41,GENERAL_NEWS,GENERAL_NEWS
BRB Banco de Brasília,2026-04-22 07:00:00,2026-05-08T03:33:06.097070,news_signal,FINANCIAL_SYSTEM_RISK,4,0.75,aumento de capital,RISK_SIGNAL,"Acionistas do BRB aprovam aumento de capital de R$ 8,8 bi - Bloomberg.com",https://news.google.com/rss/articles/CBMiqwFBVV95cUxQOGZjREUtdzFlLVplT3Q2Q181NzNsSWVocWxwdExZUlUzUndIczJYT0s3S1E5UFIzTlFtTGUzTHJEQlp4cFlDLW5SRTBGVk1DdERManVERGVUNU8yd1l1bVYtb1F3T2pOcm9IZ0NPZzA5V29UUEJZWWJ6WVZkb1Y4VFBId2N5YnpYZml3ckxCZmxVaFFsWk15ZXZLWWs1NGdKczhsNnNjc1pMbDg?oc=5,Google News RSS,"A assembleia dos acionistas do BRB aprovou um aumento de capital de R$ 8,8 bilhões.","This news could represent a corporate risk for several reasons:

1. **Increased Capital**: The approval of an increase in the company's capital (R$ 8.8 billion) may lead to a significant expansion of the company's operations, which can be risky if not managed properly. This increase in capital can also attract more investors, but it also increases the company's debt and liability.
2. **Financial Burden**: The additional capital will likely result in increased financial burdens for the company, including higher interest payments on loans and potentially higher taxes. If the company is not able to manage its finances effectively, this could lead to a decline in profitability or even bankruptcy.
3. **Debt Vulnerability**: A significant increase in capital can also make the company more vulnerable to debt if it is not managed carefully. Higher levels of debt can limit the company's ability to invest in new opportunities or respond to changes in the market.
4. **Shareholder Concerns**: The approval of an increase in capital may also lead to concerns among shareholders about the distribution of the additional funds, potential dilution of ownership, and the impact on existing share prices.
5. **Regulatory Scrutiny**: A significant increase in capital can also attract regulatory scrutiny from authorities such as the Securities and Exchange Commission (CVM) in Brazil. Failure to comply with regulatory requirements could lead to fines or other penalties.

Overall, while an increase in capital can be beneficial for a company's growth, it is essential to carefully manage the associated risks and ensure that the company has a solid financial foundation to support its expanded operations.",RISK_SIGNAL,0.4,RISK_SIGNAL,RISK_SIGNAL
Banco Inter,2026-04-09 07:00:00,2026-05-08T03:33:06.097070,news_signal,GENERAL,1,0.2,,GENERAL_NEWS,Inter & Co’s Banco Inter Raises R$300 Million via Perpetual Subordinated Notes - The Globe and Mail,https://news.google.com/rss/articles/CBMi8AFBVV95cUxOUHBubWFQNUdaRnVzTHRYSDNza19RLWlKdlhzR2dFQ2NRaEFlMkxBUDVtNHJWWkZYUFZkUURyRUpzSkVEdkJwc0NFaXhFenY4Tzl3RnIxaFROc0xrdjc1RWo3dHRURndsamNKYXRvbHFTVTdmTEI4bEFmUGdQY016eDZtdl9UYnVWT01Qamp1aVZyZHlMQ2NjOXdQMllMaFk3RGo1R2FWVmZ4Rk5qRVNaUTB0M0NuSWUwRlljYUdGWUJ3bEFiRE8yWFlybVM3MzR5QU5sajAxRGtCWHhaTGxBb3lKbndMZ3hpbS1PSXNpR20?oc=5,Google News RSS,,,GENERAL_NEWS,0.53,GENERAL_NEWS,GENERAL_NEWS
XP Inc,2025-06-10 07:00:00,2026-05-08T03:33:06.097070,news_signal,GENERAL,1,0.2,,GENERAL_NEWS,The Price of Exposure: Xeroderma Pigmentosum and Skin Cancer - Cureus,https://news.google.com/rss/articles/CBMinwFBVV95cUxNeGgzNTBZcG9CNkpqeEtYY1c3ZDItSzRrZExLVjVTSE05b2RyM0k3MTJ0WUhwMm8zc3BBZGRGbVdKNndCZUlwTFVzUXhpeXprdDh2aUI2ZE4xS3FUZjhBb1BBRXZUejRSdEZLbS1KQXhGR2xsQS1qMlNra0VRU0t1eVA0aTFRTDFMem10QjVPdTJWZkhxTHpWeHB6aDJ1dDQ?oc=5,Google News RSS,,,GENERAL_NEWS,0.45,GENERAL_NEWS,GENERAL_NEWS
Vale,2026-04-30 02:25:15,2026-05-08T03:33:06.097070,news_signal,GENERAL,1,0.2,,GENERAL_NEWS,Vale SA | 6-K: Report of foreign private issuer (related to financial reporting) - Moomoo,https://news.google.com/rss/articles/CBMingFBVV95cUxONmJ6QjZ6ek8yQ1pJLVNlaE9GQlB6ZXE1OEJEZ2kzc3pKRVpqMUYtNzZfNkVpX0lQZHVNd01sWU9HeHp0dS10Q011WW4yYi0zYzdmQXJjeDZqN21qSHQ1cmdfX2ltT3FNdlFDYXhMTXJVQ0RScjJUZEFILU5LaUNUR0ZGV2VMalBYd2hiOEdkY3AzQldYNDZlQnZkVDh4Zw?oc=5,Google News RSS,,,GENERAL_NEWS,0.44,GENERAL_NEWS,GENERAL_NEWS
Braskem,2025-08-08 07:00:00,2026-05-08T03:33:06.097070,news_signal,FINANCIAL_SYSTEM_RISK,2,0.5,asset sale,WEAK_SIGNAL,Braskem considers asset sales as leverage climbs - Valor International,https://news.google.com/rss/articles/CBMitwFBVV95cUxOdXBvNGY3aTBOMVlGUEd4Vm5xalp4NGQ3Z3ZLcFExZW1Nb2ZCMFVnei1NYjBuYmpEYmhBRFBmQkROTWRKRF9TUUlaLUdjWDZpSHFPaGgwQUVyX2pqc1pXSUtTd3dEZzBtdlJmYVNMLVJfbm1VTkRyZVktYjg0bW5UNkJNS2VxRmV4LURhWEhSN3JuV0I2Z1lRblRqREwtVmJNVE43UEZUOHF4Y1JOTmt0YXRVVzA1RUXSAcYBQVVfeXFMUFhRb0gxdWlrbUM3LUlteHhDZEJQckdoUXlWeFpFX0R5Ujk5MWdMZ0dKMGo0Mk1Oa05rcnRTRXJKb0V6clNzRVYxLXNFVW1HUmtuYlBma3BDc2w0bVBWZzNkUG5NV3JJOFQwRXZRbzJMQjMwVkNKSExnZUdyVU52MjZxTWJvRFRoZ2NLZHVRX0pMWDZVZDdENFlteFBsdGdYOXNmRl9JOUlCSlBNRXkwUDBjNkwxaS00cTg3RzRLSUwyVm0tdU13?oc=5,Google News RSS,,,GENERAL_NEWS,0.4,WEAK_SIGNAL,WEAK_SIGNAL
Vivo,2023-11-15 08:00:00,2026-05-08T03:33:06.097070,news_signal,GENERAL,1,0.2,,GENERAL_NEWS,Telefonica Brasil outperforms NTT in investor valuations and earnings outlook By Investing.com - Investing.com South Africa,https://news.google.com/rss/articles/CBMivAFBVV95cUxPcE5uNjFKOTZXSU92QTBMTjNkTVA0TDdOSDhqM3UtcUFNVnk1Q3A1MUVUaVhYU2xmRlB3eTR3Q003NmgxNksxY1dvb1R4bFpYdEhqcEdxNk9TQ2ZLS0VBSmczbXhDUGF0dGltc2RFNThiM2lIVlpnZHozUmt1WUFXMzRwVnNHMlZTcUNZSWhmZjQxUDBlNWh6NG1IMExrWEpiaWh6WjRJb0hvQzhoMUdXT05hRlpaYU85c21Heg?oc=5,Google News RSS,,,GENERAL_NEWS,0.5,GENERAL_NEWS,GENERAL_NEWS
Banco Master,2025-11-18 08:00:00,2026-05-09T03:31:26.903113,news_signal,FINANCIAL_SYSTEM_RISK,5,0.9,central bank,CRITICAL_SIGNAL,Brazil central bank shuts Banco Master as police detain top investor - Reuters,https://news.google.com/rss/articles/CBMisAFBVV95cUxPZG8yOXdCaUNIOHB6Ylc1d3pLYTNrcW1BbXJ6Sm1LZFpEM2lMUUdKQjBPa2dodW9hYXBQYnBzNVpOOElhcHlDdnVoZkFXSTJ6aGc4RW1rVmRmaFptcGk4UmxSOURsQS1xUk1ibmxaZ2tnejFPU09BSTBTVEQ5M3VWUG1OVXBZcWtwNHBZN2l6R1ptc0dzbUxuOVZkNTUwUTZGZzJzMXVkNGxLRjhYVUNzcA?oc=5,Google News RSS,"Brazil's central bank shut down Banco Master, a troubled lender, following the detention of its top investor by police.","This news can represent a corporate risk for several reasons:

1. **Regulatory action**: The Brazilian central bank's decision to shut down Banco Master (a bank) suggests that the regulator has identified significant issues with the institution, such as financial instability, non-compliance with regulations, or potential safety and soundness risks. This type of regulatory action can have far-reaching consequences for the bank, its customers, and its stakeholders.
2. **Investor detention**: The police detaining a top investor implies that there are suspicions of financial irregularities or misconduct related to Banco Master's operations. This could lead to further investigations, potential lawsuits, and reputational damage to the bank, its management, and its investors.
3. **Systemic risk**: As a bank, Banco Master plays a critical role in the Brazilian financial system. The collapse or significant weakness of this institution could have a ripple effect on the entire banking sector, potentially leading to systemic instability and losses for other banks, depositors, and the economy as a whole.
4. **Reputation and brand damage**: The actions taken by the Brazilian central bank and the police detention of a top investor can severely damage Banco Master's reputation, eroding trust among customers, investors, and regulators. This could lead to a loss of business, market value decline, and difficulty attracting new customers or investors.
5. **Potential for further regulatory scrutiny**: The shutdown of Banco Master may indicate that there are more systemic issues within the bank or the broader Brazilian financial system. Regulatory bodies may launch additional investigations, which could lead to further corporate risks, such as increased compliance costs, reputational damage, and potential fines or penalties.

In summary, the news highlights a combination of regulatory concerns, investor detention, systemic risk, reputation damage, and potential for further scrutiny, all of which can pose significant corporate risks for Banco Master.",WEAK_SIGNAL,0.46,CRITICAL_SIGNAL,CRITICAL_SIGNAL
BRB Banco de Brasília,2026-03-25 07:00:00,2026-05-09T03:31:26.903113,news_signal,FINANCIAL_SYSTEM_RISK,4,0.65,,RISK_SIGNAL,The BRB drama: bank fears investor flight in capitalization plan. - NeoFeed,https://news.google.com/rss/articles/CBMiqAFBVV95cUxOWnlEWkFfZFhvWkJ4LWpxdlQyeUJ0LVpNWUV0Q1A2bVpQR2JVZUdyOEZwZkFqYjNaZHRfMzdLLTFPXzFZOXA4MjZHekZOY0ZoX3FsbEQ2T1dZUjFCVC1tbmVuMWNydGtXMGl6emJkaFRsc1pxWGJMM0U0WkY4Q1RSZkRQV294OVVxaUNacG8yR0FrdnBFaG1ibEQ2QUJTSW9WZXlSbmRSZTQ?oc=5,Google News RSS,Bank BRB is facing concerns that investors may pull out if they don't meet their capitalization plans.,"Error: HTTPConnectionPool(host='localhost', port=11434): Read timed out. (read timeout=60)",WEAK_SIGNAL,0.31,RISK_SIGNAL,RISK_SIGNAL
BRB Banco de Brasília,2026-02-25 08:00:00,2026-05-09T03:31:26.903113,news_signal,FINANCIAL_SYSTEM_RISK,4,0.75,bc,RISK_SIGNAL,"Brazil lender BRB barred from taking federally guaranteed loans, Treasury says - Reuters",https://news.google.com/rss/articles/CBMiwAFBVV95cUxOVFE1RDlOdnFLd2R6X24tTTNjQV9mLUxVVm5EY0MtdzQ4cGpiZTJielVRRGFDVTFwX0hEUjczWVo2UjQwOXJJQWd2dGhSUHBSR0RkY04xVTFnd3pZRjVGVWRTdkRlbHFlX0N2X1dXWFZDRGN2SS1CUWZ0dkwySE5SZWZQWlh3aVAydXYyS25pZ3ZaMU52bnZ6WU9kX2JkbC1ybVlKYWJXT1hRVl9nSWVfQzdKY0hLRnhubXVjV2pCX2M?oc=5,Google News RSS,The US Treasury has barred Brazilian lender BRB from taking federally guaranteed loans.,"This news could represent a corporate risk for several reasons:

1. **Access to funding**: As a lender, BRB's ability to access federally guaranteed loans is crucial to its operations. If it loses this privilege, the bank may struggle to secure funding at reasonable rates, which could impact its ability to lend to customers and ultimately affect its financial health.

2. **Cost of alternative funding**: Without access to federally guaranteed loans, BRB might be forced to seek alternative funding sources, such as private investors or commercial lenders, which could come with higher interest rates or stricter terms. This could increase the bank's costs and reduce its profit margins.

3. **Impact on business operations**: The loss of federally guaranteed loans could force BRB to tighten its lending standards, reduce new loan originations, or even scale back certain business lines. This could lead to reduced economic activity in Brazil and potentially harm the bank's reputation.

4. **Systemic risk implications**: As a key player in the Brazilian financial system, BRB's struggles could have broader systemic implications. A loss of confidence in the bank could lead to a decrease in investor sentiment, making it harder for other lenders to access funding or maintain their own solvency.

5. **Regulatory challenges**: The Treasury's decision might indicate regulatory risks associated with BRB's operations or governance structure. If the regulator's actions are seen as overly restrictive or discriminatory, it could create reputational damage and potential litigation risks.

Overall, this news highlights the interconnectedness of corporate risk factors in the financial sector, where changes in regulatory environments can have far-reaching impacts on lenders like BRB.",RISK_SIGNAL,0.57,RISK_SIGNAL,RISK_SIGNAL
Nubank,2026-02-17 08:00:00,2026-05-09T03:31:26.903113,news_signal,FINANCIAL_SYSTEM_RISK,2,0.6,bc,WEAK_SIGNAL,Nu Holdings Wins OCC Nod Raising Questions On Valuation And Credit Risk - Yahoo Finance,https://news.google.com/rss/articles/CBMiekFVX3lxTE9BcF84TW5SWDZTZ0tDNllDcnAxanYxRFRQYWVUanloSUprMXpKT1NRNDZ5SlBjTzJTNGVJQ3lzSGw3YXM4ZEFtOWxjTmJvNHZwNkdFOV9HUDBXMDk1MXMxZElycnZHVEQwRlNqc0ZPVUQ4TWZmOFVwVUZR?oc=5,Google News RSS,,,WEAK_SIGNAL,0.45,WEAK_SIGNAL,WEAK_SIGNAL
Nubank,2025-05-30 07:00:00,2026-05-09T03:31:26.903113,news_signal,FINANCIAL_SYSTEM_RISK,2,0.6,bc,WEAK_SIGNAL,59 AI Job Statistics: Future of U.S. Jobs - nu.edu,https://news.google.com/rss/articles/CBMiVEFVX3lxTFBBNWd5WGMxcjVIQXJFOUw2SXVEOU5UQTV1dFRxV3FORGNxNC1BcWR1TUJISGtieG5UMy04UkxPMHVocHVlazc1ZXZaUkxRTlNHT0lJSg?oc=5,Google News RSS,,,WEAK_SIGNAL,0.41,WEAK_SIGNAL,WEAK_SIGNAL
PagBank,2026-04-29 20:06:17,2026-05-09T03:31:26.903113,news_signal,GENERAL,1,0.2,,GENERAL_NEWS,"PagSeguro (NYSE: PAGS) outlines macro, AI and data risks in Brazil - Stock Titan",https://news.google.com/rss/articles/CBMiwgFBVV95cUxNVmRkMkU5OVEzb1NlOW5VS2N6aURkdVJGbm5QN2Q5VlJGWElpS2w4UEF1M2Y5T2lEUnZaZk5MQWNJcGU1UEtVR3ZuTExPZnlPZUM4SXN4eS1GUjM4ZDRDVEZFd3hDOEJnT2xDYlNsRUh5X2s2RHAyNG5hRWdnQWJ1Y25wVFBHaGJLR2ZwVjBnaWRMNHNxSEdPTXg3cDVCV2RJdmpocWNEN1h0RzFNR3FVREU3cWFXVXlzSkp0UUpRaGVBZw?oc=5,Google News RSS,,,GENERAL_NEWS,0.49,GENERAL_NEWS,GENERAL_NEWS
PagBank,2025-07-05 07:00:00,2026-05-09T03:31:26.903113,news_signal,GENERAL,1,0.2,,GENERAL_NEWS,"PagSeguro Digital: Cheap, But With Some Country Risk (NYSE:PAGS) - Seeking Alpha",https://news.google.com/rss/articles/CBMiigFBVV95cUxONWZSWkhaM3lRSEYxZGJtek1kNTJ0WlN1b2Y4T2pvU1NmQ29YOHRFbHJMVmdyV2pvdENPWEt4YTF1bVdESVJxNmVzX19CNm1CZ1lpdW5pSWpkV0RfTzBJMEdqOEFxbTdGRjNwUVI5eXVoNTZ6MjNoZ2xTV252YXI4U3pRTnc4VDNxZ3c?oc=5,Google News RSS,,,GENERAL_NEWS,0.51,GENERAL_NEWS,GENERAL_NEWS
PagBank,2026-04-21 11:13:50,2026-05-09T03:31:26.903113,news_signal,GENERAL,1,0.2,,GENERAL_NEWS,A Look At PagSeguro Digital (PAGS) Valuation After Recent Share Price Momentum - simplywall.st,https://news.google.com/rss/articles/CBMi4gFBVV95cUxNNU52T2VuSUdrdDNYRnItWkVKaUZjVlhlOE5qNlhMZElNeGJZa3FMZFloYTg5SnJhbFh4WUFJR1k3aFBqSEZYc0dKS04wbTFfYlRPSVVtNkxUQkRKdWdQQk5UTXU2VVBKN0xmendUY2hYaDBGX0VoRHJyV2hGZWFCSERIdUs4b0lwaVVnZFp1QW9YMldRMmdEcjVUVXphZDNWOElnTzBodjIxSXhWSmR3YXk4bmZHLUFfWF9OdllPOEd4N0tRTXN1Y3lkdXlqRWM4eE5ON1VHaFc4SnBpZnNmbWJ30gHnAUFVX3lxTE9CWC1QY2ktMVRRMWxZdk9BQjlHZ1N3U09ZX1JGeXpsYkZTcHAxZ1dMV3lCMXpvaXI2N3A4Y0dlRmJZWHNnejZSM2pBSzJpQjVZOEJ4RlE5NUFNd3BzcVYtSllZNXBXZ2FmeDNSNm9kYjZPbndKanNHYmNtc3Y0QkRfN3hNQ1BEVl80OWthRlVnSkIwRkNJUzBkRWhQdS1vaHB6N0RBUHRlLWp6T2FXWDh3aWk0SExETS1CSGZfMVgyWnVyTG1ESW93WF8yNmJxNmw4VE5WcGVOb1d2T3FYOTFxQzM3MTZOaw?oc=5,Google News RSS,,,GENERAL_NEWS,0.41,GENERAL_NEWS,GENERAL_NEWS
PagBank,2026-01-06 08:00:00,2026-05-09T03:31:26.903113,news_signal,FINANCIAL_SYSTEM_RISK,2,0.5,fgc,WEAK_SIGNAL,PagSeguro Digital Is Exploding – But Is PAGS Stock Actually Worth Your Money? - AD HOC NEWS,https://news.google.com/rss/articles/CBMixgFBVV95cUxQWWE1T0tLcHNzTmdEb0lXcjI1NEZIbmxRX2hZdlFGcWNWX1gtaXFzdTFQczhacHpYRDJlSE42UHFPaFJ0Ulg0NzhNdktLaXJUVjF6VWFBX2NGczlvUXJWUWRJQ0pZdDhENlh5UGJ1R0ZmSFlVeEpwRVVDOEp2TE9pbnVCZFJiNVFHem9tYXRYSXFmLWIwNFlrc09aalpNbUw3UkNhR3o2azZ5MWFDMk9BRDQyQ2FIaEI0OElxYk8xY2xHLWV6cFE?oc=5,Google News RSS,,,GENERAL_NEWS,0.45,WEAK_SIGNAL,WEAK_SIGNAL
PagBank,2025-10-07 07:00:00,2026-05-09T03:31:26.903113,news_signal,GENERAL,1,0.2,,GENERAL_NEWS,PagSeguro's Discipline In A Market That Overlooks It (NYSE:PAGS) - Seeking Alpha,https://news.google.com/rss/articles/CBMilgFBVV95cUxQWmpZaW1na3NuUVdZRTEzVjVvbjk5bVg5T01qSkhWZkZKdTYxdm1nQjZuZVFaWUMzeFBHRUd2ZEprQm13NmkyRW1pNnhOR3VVYUoyMW5qaWNXMnVRS0dYVmt6ODNHSklWaWtFTWZaQ1A1M2JHZVM2V2prTXEwZUZjVjdTNkFmZHRZbmRvaVhSNlhmcHItb0E?oc=5,Google News RSS,,,GENERAL_NEWS,0.47,GENERAL_NEWS,GENERAL_NEWS
Vale,2026-04-30 20:41:54,2026-05-09T03:31:26.903113,news_signal,GENERAL,1,0.2,,GENERAL_NEWS,Vale SA | 6-K: Report of foreign private issuer (related to financial reporting) - Moomoo,https://news.google.com/rss/articles/CBMingFBVV95cUxOOGwtRTR6cFFfV0RjQWg2OWZlaG5PbXFWWk9rcnNtT1E3ZDlWQ2J1VFdmdTlKVWNYTHQ0REJqUkhzU09NcWNJRmJCamdPME10X1QtU3FXRUFtNGN2U1ZlQWxuWV85NjZpZTRVdGJ3ek9aRmUwZGFsMjRRT0otc1RLbERkTUNCN2NSVlAwWXJ0T0JDaGxOaUtYRnV5SWo3dw?oc=5,Google News RSS,,,GENERAL_NEWS,0.44,GENERAL_NEWS,GENERAL_NEWS
Vale,2026-04-22 22:58:08,2026-05-09T03:31:26.903113,news_signal,FINANCIAL_SYSTEM_RISK,2,0.5,bc,WEAK_SIGNAL,VALE (VALE S.A. American Depositary Shares Each Representing one common share) gains 2.01 percent even after sharp Q4 2025 earnings miss. - Dividend Safety - Cổng thông tin điện tử tỉnh Lào Cai,https://news.google.com/rss/articles/CBMi_wFBVV95cUxPeXlUVkdrcC1IM2dPUkdzT3dmVS0zV0UzaVdOMFlyZnN5V01NOS1CNnQ3ZC1HRTgwMy15VlpORlRnNEJZcTJiY1JsbC05VlpVZFVaeU1QanpFTTI5U0ppRU9Gd1RMd2FDWjd1QnhibkJlRmw4UEVmWjVIU0s3cFZSdlVLWl9qcHhwd0ZFeWR0cGQxRlNybXZPazVyMmpRcXFWelVjQS1XYmNyU1JnRlg5cDFUZHkzeVQ4Q3BzNTBsOUNpVkh1R2xwc21zWVRyNlhnNU9IWmtTN0JKTUxUVm11ZzItbk1ZS1VDNzdOQzdScXRvTTZsY0JBQ001UTI0ZGc?oc=5,Google News RSS,,,GENERAL_NEWS,0.49,WEAK_SIGNAL,WEAK_SIGNAL
Braskem,2025-12-30 08:00:00,2026-05-09T03:31:26.903113,news_signal,CREDIT_LIQUIDITY,2,0.6,debt,WEAK_SIGNAL,Fitch downgrades Braskem to ’CC’ amid debt payment concerns - Investing.com,https://news.google.com/rss/articles/CBMiuwFBVV95cUxPMnVuOXBMNnBKSE1JandDbi11dGt1cVVwZzF1YXZ0YkdKbElmVXNmc1E5RE53UkxPYkwtMmE4UG11bjVNMEJPUVhoemhWX2kxSFJfMVJrek90UEZsSTBxMDBNRDJGLUp4N093TzUtREVvelEtMzNxOWJDMVYwbWJjUkR4V3ZxLUE0TklQeW1FTmsyUUhCRktDeGVBZmRXUHRJUlRHSnNnOF9ON1RVX0tYOXpXbG1yUWlIY284?oc=5,Google News RSS,,,WEAK_SIGNAL,0.39,WEAK_SIGNAL,WEAK_SIGNAL
Braskem,2023-12-21 08:00:00,2026-05-09T03:31:26.903113,news_signal,GENERAL,1,0.1,,GENERAL_NEWS,Brazil police launch raids over Braskem's sinking ground havoc - Reuters,https://news.google.com/rss/articles/CBMisgFBVV95cUxOc2t1UEFqazE4aHNWbnhhUzdsbmVPZFF3aE9fUkxkbkxmb3prNkJ0UGVSUXppaE90TVMtMnVsQ1pxUFFLc2hZaWlBYmVUdEVJQ002em9qZ3pta0tuOXE3RGdKUHpoZDhnUVlqVVBkdmtKRFFmYnZnYWV6M0ZGWXQwcnYxR0VhN3hLdENPQVJQbDZhdXpxTW8wWEpoMGROQXRrZGZyUU1pQ0lGdjhLX2VIZHhn?oc=5,Google News RSS,,,WEAK_SIGNAL,0.39,GENERAL_NEWS,GENERAL_NEWS
Eletrobras,2026-04-08 07:00:00,2026-05-09T03:31:26.903113,news_signal,GENERAL,1,0.2,,GENERAL_NEWS,"Officer at Eletrobras (AXIA3) sells 34,186 company shares - Stock Titan",https://news.google.com/rss/articles/CBMivgFBVV95cUxPZS1tZEFnT1NiQXpjeXVsLVdKcnFnUzIzR2JMbnJTSk5TenlXRENzUHVyRFBBM1BoN0xRSFhOWkdWMVhXOE9Jd1M5dDk1MzF5eTFCQVp6UWtVTkdPUUZKdlV4d2JjYnBmVE81Ym1Hb1d1NWR0U3BYUG9yWi1jdnJVRGZsOWUwOGpvdDNKb09UQmJiWFZ0N2dQbXlPdnFqUFppVlp1MG9qbG5lOWt4TF9aMjVTMExsNHk4bENNQjRR?oc=5,Google News RSS,,,GENERAL_NEWS,0.47,GENERAL_NEWS,GENERAL_NEWS
Vivo,2026-03-08 08:00:00,2026-05-09T03:31:26.903113,news_signal,GENERAL,1,0.2,,GENERAL_NEWS,Telefonica Brasil (VIV) Beats 2025 EPS with BRL 15.6B Q4 Revenue Driven by Mobile and Fiber - Finviz,https://news.google.com/rss/articles/CBMiuwFBVV95cUxQRHpnLTl0YlJlWlhkd1JJNk1QRXZTeWZrblkyUlBSQnZuUUFLRTNSY0RuM0l6VG5wX0xLbk1qUGoxQmdOMjl2VUhvajYxYUhGcUtnYjFoeVRVeDg2SXJtVmQyVkxlRThtOXVGUzIzRUh0MEhDTFN2b20tMy1PRlN2WWxBQldZSnQ2SlJwa2J4c2ltbWctbnJaMnpNOVR5TmNEd0hvMHlUZVV0TWNWdUlzN2NlLTRwT3g4SEhn?oc=5,Google News RSS,,,GENERAL_NEWS,0.48,GENERAL_NEWS,GENERAL_NEWS
Banco Master,2025-11-18 08:00:00,2026-05-10T03:31:14.649865,news_signal,FINANCIAL_SYSTEM_RISK,5,1.0,"central bank, liquidation",CRITICAL_SIGNAL,Central Bank orders liquidation of Banco Master as owner faces arrest - Valor International,https://news.google.com/rss/articles/CBMi0gFBVV95cUxObVJNZEJrTGxvaFNjTGtPRnhmSFQ5aDA0ZldZZjkyZFRhaUwwX3N6azJBSUdpc3VXRjRnWHg5cy1RVGlDSkRXaURtRWl5TDhqR1F6T0w3ejh0TE8xNUZuUTU3ZzdKOGVzVlZmNVdlVlM4UmNwWWdZXzFEdHhVRlFPbHc1Nlpoa3RaX3QxNVlzR3VQdEoycllKMnExalVXMmx6Qko3SklxZ1BOWUhZaDcwMk1jU2pZdHRpSEVPUzFlRlZvUkhSUzc0ejRxY2Q4NGxMVEHSAeABQVVfeXFMUHFwQzFmOG9iWDNNd1NVUGhZSDdVbkZMT3MxNnVhVDJQdEhHZHBuYzFXWDc4VFFLeEJGSjVySXRLLXFMUkFQdVdVVGQ3WFZHQ1VPR3A2VnhvTjl2UVg4UkVwMHVHbEhPcWVTUDFVNGN6UTJ0dk5hcjgtTzZuejBYeDg2QUhJbkxVbElwQnYyd205czVPcmpfSDdPQnFuTTNGLWhXWjF2Tnd6ckVZWkc1Y2xJTDdBNHAzaEZLVnZUc3J5SDJmaS16VGZOZXpNbllHc2JQVVVSOUZlbTBxeXl3eXU?oc=5,Google News RSS,Brazil's central bank has ordered the liquidation of Banco Master after its owner was set to face arrest.,"This news represents a significant corporate risk for several reasons:

1. **Loss of confidence**: The liquidation order by the central bank indicates a severe loss of trust in the bank's management and operations, which can lead to a decline in customer deposits and credit availability.
2. **Regulatory intervention**: The fact that the central bank has intervened to take control of the bank suggests that there are serious regulatory issues that need to be addressed. This could lead to significant costs for the bank, including fines or penalties.
3. **Reputation damage**: The arrest of the bank's owner raises concerns about the bank's governance and risk management practices. This can lead to reputational damage, making it difficult for the bank to attract customers, investors, or talent in the future.
4. **Operational disruption**: Liquidation can disrupt the bank's operations, leading to potential losses in revenue and profitability. This could also impact the bank's ability to meet its obligations, such as paying depositors or honoring loans.
5. **Potential asset seizure**: As a result of the liquidation order, the central bank may seize assets belonging to the bank's owner, which can lead to significant financial losses for the individual.

Overall, this news suggests that the corporate governance and risk management practices of Banco Master have failed, leading to regulatory intervention, reputational damage, operational disruption, and potential financial losses. This can represent a significant corporate risk for stakeholders, including depositors, creditors, and investors.",CRITICAL_SIGNAL,0.6,CRITICAL_SIGNAL,CRITICAL_SIGNAL
BRB Banco de Brasília,2026-04-22 07:00:00,2026-05-10T03:31:14.649865,news_signal,FINANCIAL_SYSTEM_RISK,4,0.75,fgc,RISK_SIGNAL,Brazil's BRB raises $604 million in FGC-backed bond sale - marketscreener.com,https://news.google.com/rss/articles/CBMirAFBVV95cUxOSEdCalNQZ1pWbUx6VVFNYVlMZW9vXzV1dmpnQ21jLTdfcVF4QnFnWW56NkxrQmtrMzdtTEptNlRQZVp1WWJSOUlNYVl6aXNxc2Y4LUExMjBPQXlHWERmSmpZZVppMGRKMlRPYkZNVHRJQUVSRENUUEFBMExfb0VGUmg1ZGdZLTBMY1NaaVp5VjZJOFBqVXRwVkF4ZWpUemJqZElMYndXaEdMNU1G?oc=5,Google News RSS,Brazil's BRB raised $604 million through a bond sale backed by FGC.,"This news could represent a corporate risk for several reasons:

1. **High debt levels**: The fact that BRB raised $604 million through a bond sale suggests that the company has significant debt obligations, which can put pressure on its financial health and limit its ability to invest in growth initiatives or weather unexpected expenses.
2. **Dependence on external funding**: By issuing bonds backed by another company (FGC), BRB may be relying heavily on external funding sources, rather than generating revenue through core operations. This increased dependence on external capital can make the company more vulnerable to changes in market conditions or funding availability.
3. **Risk of credit downgrades**: If FGC's creditworthiness deteriorates, it could negatively impact BRB's ability to service its debt obligations, leading to a potential credit downgrade for BRB and increasing its borrowing costs.
4. **Lack of transparency and control**: By issuing bonds backed by another company, BRB may be ceding some control over how the funds are used, which can make it harder to manage risk and respond to changing circumstances.
5. **Regulatory risks**: The use of FGC-backed bonds could also raise regulatory concerns, particularly in Brazil where there may be specific laws or regulations governing debt financing arrangements.

Overall, while this news may seem like a positive development for BRB in terms of accessing capital, it highlights the company's significant debt obligations and reliance on external funding sources, which can represent corporate risks.",RISK_SIGNAL,0.36,RISK_SIGNAL,RISK_SIGNAL
BRB Banco de Brasília,2026-04-16 07:00:00,2026-05-10T03:31:14.649865,news_signal,FINANCIAL_SYSTEM_RISK,4,0.75,,RISK_SIGNAL,"PF prende ex-presidente do BRB Paulo Henrique Costa em investigação relacionada ao banco Master, diz CNN - TradingView",https://news.google.com/rss/articles/CBMieEFVX3lxTE16WmNielhOdEVQSVp2OG8zaGxsR2FKMndURlV3YkZNQ2RPaG43eGRMcXNmLVdWT2N3M2J1NmFuNl9FZFVfWVRGU2pvZWtuSnFQMDF0YW10UlUwdEdLczkxVk5DVUFWNGJ5UHFZQ19ydlpNMXV0a0RlNg?oc=5,Google News RSS,O PF investiga o ex-presidente do BRB Paulo Henrique Costa pelo envolvimento com o banco Master.,"This news could represent a corporate risk for the following reasons:

1. **Association with a major financial institution**: The mastermind behind this investigation is the former president of BRB Bank (BRB), Paulo Henrique Costa. As the ex-president of a bank, his actions and decisions can have significant implications on the overall stability and reputation of the banking sector.
2. **Investigation into Master's finances**: The fact that Paulo Henrique Costa is being investigated in relation to Master Bank suggests that there may be concerns about financial irregularities or mismanagement at Master. This could lead to a loss of investor confidence, reduced access to capital markets, and decreased credibility for the bank.
3. **Potential legal implications**: As a former banker, Paulo Henrique Costa's involvement in an investigation can also raise questions about his personal liability and potential legal exposure. If found guilty or implicated in wrongdoing, he may face serious reputational damage and financial penalties.
4. **Ripple effect on other banks**: The news of the investigation could create a ripple effect throughout the banking sector, potentially leading to increased scrutiny and regulatory pressure on other financial institutions that have dealings with Master Bank.

In summary, this news represents a corporate risk due to its association with a major financial institution (Master Bank), potential legal implications for the ex-president (Paulo Henrique Costa), and the possibility of a loss of investor confidence and reputational damage for the bank.",RISK_SIGNAL,0.3,RISK_SIGNAL,RISK_SIGNAL
BRB Banco de Brasília,2026-01-27 08:00:00,2026-05-10T03:31:14.649865,news_signal,FINANCIAL_SYSTEM_RISK,4,0.75,,RISK_SIGNAL,BRB to begin offloading Banco Master assets - Valor International,https://news.google.com/rss/articles/CBMirwFBVV95cUxPdVh2RWxrV1hsMEhuR2NqWEs0Rk96bWJYUUVrRFVkWUNjd0RuUDA0RndFNUNGTWdyQzJWWUNpRVgwLTJnaVNCTFVmaVJRdl8yUGRnYU1weG9GV0RZbWt1SmdFalEtcm9KV2EwUGJlc0VsS1VpaEZfRTFOWXFZTXpmZ1c5MXFNd2U4ZDdUN2pYcnhBZm9HdDRrN015NlMtQkVlbmtSVWNFR0ttSzNUMDUw0gG-AUFVX3lxTE1YRXVyaThHZk1pbU5tSDVrbkZremtHcTZiRFNHb1JTZi03cENEVVpVdTBHY1FGLVJwd2hjbHZwTHlEcWs1VUhUT0dJak9qVVduRENLN0hTUTctUm1NTDIyWTE3NzhqdEdLcUxDTldNNzVsNERRWlQzb3g2ZVZmTGJmUDFlRmNPWDBSWU1CTmw1WWVaeFdLcWhMTHdSbTJsUVBKeDZrR1BINlFsNVI3b185aTZmbU5iVVo2bTF2anc?oc=5,Google News RSS,"BRB (Banco del Río) will start unloading its assets, specifically those of Banco Master, as part of a debt restructuring process.","This news could represent a corporate risk for BRB Bank (BRB) due to the following reasons:

1. **Asset impairment**: By announcing plans to offload Banco Master assets, BRB is likely indicating that these assets are no longer generating sufficient returns or are carrying significant losses. This could lead to non-operating loss recognition, which can negatively impact the bank's financial performance and overall creditworthiness.
2. **Potential asset sale at a discount**: If BRB decides to sell Banco Master assets, it may do so at a discounted price, which could result in a loss for the bank. This could be due to various factors such as a decrease in market value or difficulties in finding buyers.
3. **Redundancy and overlap**: If BRB is offloading Banco Master assets, it may also indicate that these assets are redundant or overlapping with other business lines within the group. This redundancy could lead to redundancies among employees, increased costs, and decreased competitiveness.
4. **Regulatory scrutiny**: Depending on the nature of the asset offload, regulatory bodies (such as the Financial Sector Supervision Commission in Lithuania) may scrutinize BRB's decision, potentially leading to additional compliance costs, reputational damage, or even fines.
5. **Impact on group-wide financial performance**: The offloading of Banco Master assets could have a ripple effect on BRB's overall financial performance, particularly if these assets were significant contributors to the bank's profitability. This could lead to concerns about the bank's ability to meet its financial obligations and maintain its credit ratings.

Overall, the news suggests that BRB is facing challenges with one of its business lines, which could have far-reaching implications for the bank's overall strategy, operations, and financial performance.",RISK_SIGNAL,0.36,RISK_SIGNAL,RISK_SIGNAL
Banco Inter,2025-11-04 08:00:00,2026-05-10T03:31:14.649865,news_signal,GENERAL,1,0.2,,GENERAL_NEWS,"Banco Inter and Chainlink complete first cross-border, cross-chain trade experiment - American Journal of Transportation",https://news.google.com/rss/articles/CBMirAFBVV95cUxNdmN5bEkwUmV2VzlUSldDelV4RkdGUkV6NktwYkJvZG1TMVNjbDh6RElGWXpRZE5VaWlxdXEyREVCV1VzZXliZUlaTmZGUjJKLV91MkJxLWdURVNVMDVzSkZjUlB6QnpTNUhDMmVxa3VkTk91MDlBaWdVRlBNTzlfWGdlcGd2NUdBNmdJYkhVczhIcHAyNnY3bHZmUDNtZGNGc0JjMmE3Q0ZtbXow?oc=5,Google News RSS,,,GENERAL_NEWS,0.46,GENERAL_NEWS,GENERAL_NEWS
Banco Inter,2025-03-26 12:45:49,2026-05-10T03:31:14.649865,news_signal,FINANCIAL_SYSTEM_RISK,2,0.6,central bank,WEAK_SIGNAL,"Central Bank of Brazil to pilot CBDC trade finance solution with Chainlink, Microsoft, 7COMm and Banco Inter - FinTech Futures",https://news.google.com/rss/articles/CBMi4wFBVV95cUxObVcyLVBEMmR0amIydVJfZlgzTDdaNm1aRFplaWttV1JlV3l6SjFUMUZwdms4SmRvaG4yWVNzZ0R3Y3loLWllTXN1T2owVDRXOXpqRklvdFhfVmlmNmlEdmhPMWtfRWJqaEY4eHBqSDdOMW5yRlJLM2Y5MGRBSmlMSWRsb3ZELUFTQjJzX2dlY2I4YUE3a1R0X0NLVWlTclBoRDVjUXFpUjdObUhTYmVITTFVUFFkVktIOWxyV1J0WlZ0dXNXOU5lQllVZTRCZG1OemhBNVF2M3U1ZjN2WmhxNVlCMA?oc=5,Google News RSS,,,WEAK_SIGNAL,0.48,WEAK_SIGNAL,WEAK_SIGNAL
PagBank,2025-12-30 08:00:00,2026-05-10T03:31:14.649865,news_signal,GENERAL,1,0.2,,GENERAL_NEWS,PagSeguro (PAGS) Declares Special Cash Dividend for 2026 - GuruFocus,https://news.google.com/rss/articles/CBMizgFBVV95cUxQSWRVNERfckx6ejFjX0t3NDJUUzdGaHZ6TFktUlRFZjhIMC1RVE9fTUw3MHUtZnF0MElmek5ieWhXYlBYNGFwZmpDVTlUVTVtbUMzX3gzVUFLc3BNY2tCX3IwUzd2SG04ZUFXVXQwcW1kclZXUmFCNVFBX1N4NVVxSUx2TUVEWElUZmh0S0VqWHE2WHNRWmg0MFk2QWxSRnRUazVRVUlUZnFTWmhpVExXVFBmSGN2c1FIWWdURHdDQ05WSkV1UUlVRHRMVUxNZw?oc=5,Google News RSS,,,GENERAL_NEWS,0.38,GENERAL_NEWS,GENERAL_NEWS
PagBank,2026-04-07 07:00:00,2026-05-10T03:31:14.649865,news_signal,GENERAL,1,0.2,,GENERAL_NEWS,How Pagseguro Digital Ltd. Class A (PAGS) Affects Rotational Strategy Timing - Stock Traders Daily,https://news.google.com/rss/articles/CBMi6gFBVV95cUxNM2dvR2VvOWVQcTZ0MTI2ZTRVWUNnejlUbTBkV1pzeGZtSFM2dDlvS29wa200SVVocGNoQk5qSy1FVkhlS3Z4XzVTcC1BdkpPSHRqY2E5bk94YUpFTUVVWFZ1OXU1RVZicmJQbkM5T3N0cG41RFBfWndnbDJSYk55NzB2TWg5N3FiTnJVY19BaWc5Z3JwMElUZURYUUdXM2ZvVHhBZWNHc1VLOXMyLU96QXNGNHZhSWpNaFA4eE9Fc1U1MUtTZVBVMHdEcjVIN21IM0sycmg2d1VsUVNER1hHV3FfOU9LV1ZMeEE?oc=5,Google News RSS,,,GENERAL_NEWS,0.4,GENERAL_NEWS,GENERAL_NEWS
Stone,2026-04-23 10:58:05,2026-05-10T03:31:14.649865,news_signal,GENERAL,1,0.2,,GENERAL_NEWS,"STNE (StoneCo Ltd.) beats Q4 2025 EPS estimates by 7.1 percent, shares rise 2.48 percent in today’s trading. - Crowd Risk Alerts - Cổng thông tin điện tử Tỉnh Sơn La",https://news.google.com/rss/articles/CBMi1AFBVV95cUxPSlE4bmtzaDRqOGtveUljVXBmTUVqeE5MOURkZVZkdjU3X1hualBuOWxkUWtWcUlteUFPWjVmbEsxSWpndWp5QTVSZUhZY2RiQnJsR0UzWE91bHBkclBxR2pWUG9heXFPY09IbGJlbmVTYzFkQWdYUnhWV3NobmNQb0hObUxoZGR1ZDQ5NmR6VVFncmFaeFZTRk9xVVliSHRCR25jdUlVdWZWaWxndGFESlpQTUxzeUtxWGpfWi12ajhZcGtNeXpMYjhGZ05uTUsweVd1UQ?oc=5,Google News RSS,,,GENERAL_NEWS,0.5,GENERAL_NEWS,GENERAL_NEWS
Vale,2026-04-23 07:41:55,2026-05-10T03:31:14.649865,news_signal,GENERAL,1,0.2,,GENERAL_NEWS,"VALE S.A. (VALE) posts steep Q4 2025 EPS miss despite mild YoY revenue growth, shares edge slightly lower. - Market Hype Signals - Cổng thông tin điện tử tỉnh Tây Ninh",https://news.google.com/rss/articles/CBMi3gFBVV95cUxPU1FmLTl0WDlWVTJaVzJkemJLRTdKakd1QWtZcXlVcDhSeVNkWm42WVR5b1gtZnBGNDRYNmRaRHVoZ2d4Rl9kb0V2QUtpaUhndE5zRlZ4eGdfZkdFUjM5WGQta21GRE5WUTdDcWFqUjkzdERVNTZZX2VlNTRmZGdnRWV1X2xfR1pyaF9CYmd2dGdEbXdudXFuSUUzczJoOWo2Q1lxcVpaeGYyMEs1UFU1LW1ySUJKdzViaGx6NTVnbzhHWWJSMTNfWkhRLXpKcXRaMXdFSnlMZ1FRWUhJR1E?oc=5,Google News RSS,,,GENERAL_NEWS,0.52,GENERAL_NEWS,GENERAL_NEWS
Braskem,2026-03-09 07:00:00,2026-05-10T03:31:14.649865,news_signal,CREDIT_LIQUIDITY,2,0.5,restructuring,WEAK_SIGNAL,Braskem moves closer to restructuring after antitrust nod to IG4 deal - Valor International,https://news.google.com/rss/articles/CBMi0wFBVV95cUxPXzlEZmJtT2VReXdBY3NrYV9BbWFxSWQxM3pMNm50dDVOV3phN0JUYjQ1SjdnVUpCRWVFLUUxdmtvQXhoSGJOX2Z3YmpMWkVaUUxyS2RuclFTTFVJZF9fWThqLXE5am9CYjNuakEzNU1rdUhDRXh4RFBtNEswQnRLMXBXMFd2R0VodnFFUmNSbnFPSjlvb3U1R05zZndYbzgxclZla2VhT1BWd2UxaDdnQUZFTG9rbUxoSVhNTzQ0Q1lNb1RNT00tbk1SS2s1bjBteTVr0gHiAUFVX3lxTE1EdlRCVkxKTHExUWQ5dE1DSFlWa3YwN2lEVDZIbDZZNVhUSEtYQVhBR05MRUlZbmJZWFJPNnVickMyNW5pTndyd0hjaWRSd2Itby1nUlNFQVFFYkV5akdaNWlsMElMX19Pdk8yY2RPZEdpNzk3dmc3WDl2VjhlSm4wcXJIYTBUODhjSDFibktiMV8tV0RidW5yZUxQSjhsU201TG5YTFAwV3liZ0NRZ1Z2ZFhtMFg1SnFaUVlnOE1KTXUyanRGaWZZS0tXRGljeks1UGs1VS1xNFFSSWcxaGhsQlE?oc=5,Google News RSS,,,GENERAL_NEWS,0.35,WEAK_SIGNAL,WEAK_SIGNAL
Eletrobras,2026-04-16 07:00:00,2026-05-10T03:31:14.649865,news_signal,GENERAL,1,0.2,,GENERAL_NEWS,Eletrobras (NYSE: EBR) moves Form 20-F filing to April 24 - Stock Titan,https://news.google.com/rss/articles/CBMivwFBVV95cUxOX19yTGZBWVZrOHdyTXQ5aVh6T25WRlNVLThHYlA5d2FjTm5uV0hOYnN0TDFyektjRndUT1hGaGZ6dnJZdEpxcmRFdUNJdlhQWkdOeV9sdnRZME14MmtwUFRqZlAwUjlHeklnZTRHc2wzU0ZxYVJhc1haNzdIU2lSRWhmbjhQUF91Tk1qSmV3LXRYX1JqYkFlWXJrMmU4Z0h2UzQxNUpKRUxWOV9Ha1JhcmtBQTloZlVYcGFYajN2MA?oc=5,Google News RSS,,,GENERAL_NEWS,0.5,GENERAL_NEWS,GENERAL_NEWS
Vivo,2026-04-16 07:00:00,2026-05-10T03:31:14.649865,news_signal,GENERAL,1,0.2,,GENERAL_NEWS,"Barclays Maintains Telefonica Brasil(VIV.US) With Hold Rating, Raises Target Price to $16.5 - Moomoo",https://news.google.com/rss/articles/CBMitgFBVV95cUxQNmhlekFIZmZrcjFwYVBjOEpNMFliVDRQTWpQWmk3RWd0b29tOEVnMUQzSUlheE0zMldRa21nSlVEWEVnYkZtRjN6WFpfSXNqMGpVMW4wcUN4MjhJVVFJTUpCcTJucmdKeTlNblBZbHhHZ3c4cWNuVktVdklxQnVoVW5xaURVMDNWRHk1blNRdVJGRFNUX3hlb1hJekQtRktJYk13NHhRTUkyNG5aa201V2hXRVFHZw?oc=5,Google News RSS,,,GENERAL_NEWS,0.47,GENERAL_NEWS,GENERAL_NEWS
BRB Banco de Brasília,2026-04-22 07:00:00,2026-05-11T03:30:23.188430,news_signal,FINANCIAL_SYSTEM_RISK,4,0.75,aumento de capital,RISK_SIGNAL,"Acionistas do BRB aprovam aumento de capital de R$8,8 bi - TradingView",https://news.google.com/rss/articles/CBMieEFVX3lxTE9KMEpHc3Z0Z3ZsSkprbDR4RFJLOTk0MzZrMU9JMjQ2VV9pVDlCR1cwMzVfSDV2U1FNY0d5cDJOMTNRdTJUTEhvbjA4aVdORm9iMFZ0R3V6UUN6RlhIbU5Jd0lDaWd5MHZzWnVhVTEzQnhNOFF5TG1pUA?oc=5,Google News RSS,"Os acionistas do BRB aprovaram um aumento de capital de R$ 8,8 bilhões.","This news could represent a corporate risk for several reasons:

1. **Increased debt**: By issuing an additional $8.8 billion in shares, the company is essentially increasing its debt burden. This can lead to financial instability and make it more challenging for the company to meet its financial obligations.
2. **Dilution of ownership**: The increase in capital could result in a dilution of ownership for existing shareholders, potentially reducing their equity stake and influence over the company's decision-making process.
3. **Reduced profitability**: The influx of new capital might lead to an increase in costs, such as higher interest payments on the new debt, which could negatively impact the company's profitability.
4. **Risk of financial instability**: If the company is unable to generate sufficient cash flow to service its increased debt, it may face financial difficulties, including bankruptcy or even delisting from the stock exchange.
5. **Perception of excessive borrowing**: If the increase in capital is seen as excessive or unnecessary, it could negatively impact the company's reputation and lead to a loss of investor confidence.

However, it's also possible that the increase in capital is a strategic move, such as:

1. **Expansion plans**: The additional funding might be used to invest in new projects, research and development, or expansion into new markets.
2. **Mergers and acquisitions**: The increased capital could be used to facilitate strategic mergers and acquisitions, which could lead to increased revenue and market share.

To assess the corporate risk associated with this news, it's essential to consider the company's overall financial health, its industry dynamics, and the reasons behind the increase in capital.",RISK_SIGNAL,0.34,RISK_SIGNAL,RISK_SIGNAL
Nubank,2024-02-22 08:00:00,2026-05-11T03:30:23.188430,news_signal,GENERAL,1,0.2,,GENERAL_NEWS,Nu Holdings Ltd. Reports Fourth Quarter and Full Year 2023 Financial Results - Nubank,https://news.google.com/rss/articles/CBMivAFBVV95cUxNeVRNdk9vUUhibWkwRWh1RWx6amh3c1FhcmR5TTJsR3JGa0Q0UlVrcjJQTkZQLTVpSjNzaEgxMVdKNkRZdVZYRWRjb3liYmNjNmR0SERJbDR3eV9jeHliZ3NldlJJejZ2MUdlMWdMQmd0TXJCbndZWTRWTHEwMG1EelBRWklLY1dFaXVRdEhXd2xCN0Q3V2d5YnZsQTNKQjd6WDFGVVBzQjZVcHZ2cTZWN1MxU0dFSGJLM2U0aQ?oc=5,Google News RSS,,,GENERAL_NEWS,0.42,GENERAL_NEWS,GENERAL_NEWS
PagBank,2026-05-09 15:42:02,2026-05-11T03:30:23.188430,news_signal,GENERAL,1,0.2,,GENERAL_NEWS,Does Softer EPS Estimates Amid Expected Growth Change The Bull Case For PagSeguro Digital (PAGS)? - simplywall.st,https://news.google.com/rss/articles/CBMi5wFBVV95cUxNNmNNV3hqLTNEZ2ZlZDM2STJLWl9tNW1pbHJCYlpUd0FhUEE1UXRZNk9BVjB1MGJ5RzYwWVJaMGNta3hKdjNkTzBVZHJHeWNra0x0WjlaU1BVUkE4ZjA1aVI0ZUlwTWhmWWR0Si1xUXJfU2J2a21oZzJkNlVYMmZsdmdkNkRWZmRPQ3JSdVZOSVRDREdCdlVFYmlFU0VOMkROdHR3Wnh6aG9fQ1RDU2h4WmNENVZnQnIwWGJJMC1YTjBkUHRqcGs0WjBtNHZPNmNnZ2loS3dkNHRnd011a2RaVllqa3ZhT0XSAecBQVVfeXFMTTZjTVd4ai0zRGdmZWQzNkkyS1pfbTVtaWxyQmJaVHdBYVBBNVF0WTZPQVYwdTBieUc2MFlSWjBjbWt4SnYzZE8wVWRyR3lja2tMdFo5WlNQVVJBOGYwNWlSNGVJcE1oZllkdEotcVFyX1NidmttaGcyZDZVWDJmbHZnZDZEVmZkT0NyUnVWTklUQ0RHQnZVRWJpRVNFTjJETnR0d1p4emhvX0NUQ1NoeFpjRDVWZ0JyMFhiSTAtWE4wZFB0anBrNFowbTR2TzZjZ2dpaEt3ZDR0Z3dNdWtkWlZZamt2YU9F?oc=5,Google News RSS,,,GENERAL_NEWS,0.39,GENERAL_NEWS,GENERAL_NEWS
PagBank,2026-05-10 02:15:00,2026-05-11T03:30:23.188430,news_signal,GENERAL,1,0.2,,GENERAL_NEWS,A Look At PagSeguro Digital (NYSE:PAGS) Valuation After Recent Share Price Weakness - Yahoo Finance Singapore,https://news.google.com/rss/articles/CBMiiAFBVV95cUxNZ3VlRnV1RVpaYS1FU1NXVEZaejN4OUlNb3NvRnI1ckdrYVZFQ3pNdl9WQk1YRkNjazlRQkNPaExzYUc5UXQ5MGstbTFURy1uWmFEN0gwaWFHUVVGTEc1NFBIME90SVlhM3ZwaElhN3F6VWl6SW84a3R3Z3BROFRJUG13U2lkUUlh?oc=5,Google News RSS,,,GENERAL_NEWS,0.43,GENERAL_NEWS,GENERAL_NEWS
Stone,2026-04-23 20:17:49,2026-05-11T03:30:23.188430,news_signal,FINANCIAL_SYSTEM_RISK,2,0.6,bc,WEAK_SIGNAL,Is StoneCo (STNE) Resetting After A 78% Five Year Share Price Slide? - simplywall.st,https://news.google.com/rss/articles/CBMi1wFBVV95cUxQRHpNc2FaU3BHbmNvQkRFTnF0dHBCenhkYnJ4b2FuWkg0NGJNdTFhVjJIai1hcWxCc1ZoN1RNMTQxQ1dlSzdKQ3BRQzcyZy01Q3JZc0NodVJnWmdHLUJ5bWhKUWxCZzJzNnNFN2NNUTFYT0w0YUxqN2tMQ1pLQnhqRDVHcUlXUUdMMmdEcldPVkt0RmtzdU5NZmwtcVdHSnBNeUQ5S1N4aHk2cEZjZ2RHallCdEFtamdtQ1FKVThCYkZkOEJYUVdiNVBBX29SVWwzbGZhZXRGc9IB3AFBVV95cUxQNUNBalZoYTJzeUxMUFZ5ZVJseUNJU0RWaHBUODJva1BkZnB4ZTBVLUJKMGZMeGptaHd4T1psYjF1aEdFYTdNT0Zwb3NQZTZmeTMtampVc2l5bDRCUnBWbThrOXdDalZWajVQc0s4SmtuRmJqakJtTGpYLWNULVBXQXZ3NHZjSzVsOEU5ZHVnNlJyc1pvT1R0ODdobTI2ZE96eGl5YXFWeDJPZnR1eURxV1hOeXc2Q1VORS1ESi1jSkJJTjQzNHUxUkk1RGxxUHBTMzlsV2xoU0pfNURy?oc=5,Google News RSS,,,WEAK_SIGNAL,0.38,WEAK_SIGNAL,WEAK_SIGNAL
Eletrobras,2025-06-17 07:00:00,2026-05-11T03:30:23.188430,news_signal,FINANCIAL_SYSTEM_RISK,2,0.6,bc,WEAK_SIGNAL,"Eletrobras: Low Beta, High-Yield And Easy Pick (NYSE:EBR) - Seeking Alpha",https://news.google.com/rss/articles/CBMiiAFBVV95cUxPTGRoSU1hSGhTWFpNbmlQNm9IdzBSekhhdWZ6SWd1Y00wQUtwZkJreUd4TzBmNks2X3M3SVEybzBFNUxtbWVJT045NGQ3RHF6bkw0Z3RFWlJXa1NzcWdqRTZBS3VudC1RQkJ4U3BFdG5TcFhFY0JZVVBCcGdESWNVR01QUGFwLTZt?oc=5,Google News RSS,,,WEAK_SIGNAL,0.47,WEAK_SIGNAL,WEAK_SIGNAL
Eletrobras,2026-03-31 07:00:00,2026-05-11T03:30:23.188430,news_signal,GENERAL,1,0.2,,GENERAL_NEWS,Eletrobras (NYSE: EBR) holders back 1.1-for-1 conversion of class B1 preferred shares - Stock Titan,https://news.google.com/rss/articles/CBMivwFBVV95cUxOVUFMNDVKYjVaWnNIVG5BZXkzeE9QVjgwYVBTcHR6YXFNNE4xcjIwbHZQaFNJUWdzbVlBNGlfS1MzT1NDNFdTRWFCZWxNUzFmRkFqQms4YlRYbm9pYkkyd2JQLXYxMEhuSU1GTFdZQlppSHhWYUdjUnRNZUFMM0JISHhtVnUwTFpnb3lRbG03MGdGX3M0TkhNbi1WOW5HRVpIN3VLd2JxcUhVdnRXTmExVzFxUzcwQVZ0SHNBVHg1aw?oc=5,Google News RSS,,,GENERAL_NEWS,0.47,GENERAL_NEWS,GENERAL_NEWS
Vivo,2026-04-20 07:00:00,2026-05-11T03:30:23.188430,news_signal,GENERAL,1,0.2,,GENERAL_NEWS,"Telefonica Brasil To Go Ex-Dividend On April 28th, 2026 With 0.04604 USD Special Dividend Per Share - Moomoo",https://news.google.com/rss/articles/CBMinAFBVV95cUxPNmI5U3d6NFF2UnFuU2dOQjJXaURYVjBpRDUwdUxLS2tGWmRDQTdzWDRjTTh3Wk1RUjQ0VVEzbkhCOFVFRGhqNmtBZnlzQ2U5WjFBNExQVlpkU1JlMFYtMlRKc0lvc2tGWWMzcHhyUHoxcEdiVU51WFlBVW9VRlRjbEZGZWFMYXpISnJjdlUyVXhKUGE0SnlhRXQwczA?oc=5,Google News RSS,,,GENERAL_NEWS,0.47,GENERAL_NEWS,GENERAL_NEWS
Vivo,2025-10-22 07:00:00,2026-05-11T03:30:23.188430,news_signal,GENERAL,1,0.2,,GENERAL_NEWS,Telefônica Brasil Stock: From Yield Play To Defensive Compounder (NYSE:VIV) - Seeking Alpha,https://news.google.com/rss/articles/CBMinwFBVV95cUxNcHBMTU5UdEVIUW9nVVVKZ1YzNUVqcE1qa1hmcm1rc182aXhpNllFMUxpMDdMTnJMMm5IeXg5bnhHR3J1QUgyaTF6Tmx4SGJnQzhDbnd6V2VybXZJSm1aU21zZXp0LXNHU0lqZ2wtUXp3UnJTVks3dVF3R3FzMUpzMkhHbDRzQ3VXZUVJdWVVbFc0ekhYeWVtdV9Ld3RSTUk?oc=5,Google News RSS,,,GENERAL_NEWS,0.52,GENERAL_NEWS,GENERAL_NEWS
Vivo,2026-03-27 07:00:00,2026-05-11T03:30:23.188430,news_signal,GOVERNANCE,2,0.5,CFO,WEAK_SIGNAL,Telefonica Brasil appoints new CFO and IR officer - Telecompaper,https://news.google.com/rss/articles/CBMilwFBVV95cUxOQWtEM3BhSHRDQUFVb05sTVlyQVlTUXFCZ1pydFlyOFhGVVlZcHRYRHZIT1UyMDVkNTZNdFJpTEVHM1NManJXcWRUTGFnSGVHcUY2S0NfZXBxVVE2V3RId052cVVDQXVPckZ2SV9hYk52bzhTaDBqYS1ZSVFiTWEwYi1IMG1GWDFjYXBycDlIWUwzTUJqSmRv?oc=5,Google News RSS,,,GENERAL_NEWS,0.42,WEAK_SIGNAL,WEAK_SIGNAL
Vivo,2025-07-18 07:00:00,2026-05-11T03:30:23.188430,news_signal,GENERAL,1,0.2,,GENERAL_NEWS,Is the Options Market Predicting a Spike in Telefonica Brasil Stock? - TradingView,https://news.google.com/rss/articles/CBMixAFBVV95cUxQYzI2NnhZeDFpT1M0b05OVEFNeUhBbWhrMjFWYzl0NGpYeGxFakp3dFNUT2lqaS1fLUdHTURMYzhZYkNaRzVuV1JnbDlpX3NGV2xRdUR1QVZNSW04TE41c2xqMDJZWExCMGNKZnRORmJ3VTA2QjEtVG15NlF0Q19nUGNUYmQteDRqdFhLSjg3LWVPekU0Nl9qYTA5V2tZV1B2SVlXS2VZQXl1dUotcVg2YWhzM1RQa2IwaHRjaWNBNmtmVW5z?oc=5,Google News RSS,,,GENERAL_NEWS,0.46,GENERAL_NEWS,GENERAL_NEWS
Vivo,2015-06-04 23:53:26,2026-05-11T03:30:23.188430,news_signal,GENERAL,1,0.2,,GENERAL_NEWS,"Telefonica Brasil (VIV) Stock Price, News & Analysis $VIV - MarketBeat",https://news.google.com/rss/articles/CBMiVkFVX3lxTE14cHpvekUzRGoxNW5HbWh1a3loTjRBaDVuNzJoQnZHLWZ3eDhtR05CcFBZcUtoMHdQZG1ubjRMcWJ2eUVDV0tFUW03ZmJXVF96X2NKeURR?oc=5,Google News RSS,,,GENERAL_NEWS,0.53,GENERAL_NEWS,GENERAL_NEWS
Ambipar,2025-01-16 08:00:00,2026-05-12T03:32:12.975251,news_signal,GENERAL,1,0.2,,GENERAL_NEWS,"Brazil’s Ambipar, UAE’s Edge Group partner up - Agência de Notícias Brasil-Árabe - ANBA",https://news.google.com/rss/articles/CBMidEFVX3lxTE1mNUtVLWZLZXhLMDNETTQ2M3pDLUl3SHk1WnF3VHdYUWVYQ3pTVWVlWWJ1ZHRIMDBDakEzQnlJZ01WU2xtTEduS3RISm1sTzVLQTRFX1BaSG16YXhZYTUwWU05ZzR4X3VidmtPMUQ4ZFJpYWEy?oc=5,Google News RSS,,,GENERAL_NEWS,0.38,GENERAL_NEWS,GENERAL_NEWS
Nubank,2025-08-17 07:00:00,2026-05-12T03:32:12.975251,news_signal,GENERAL,1,0.2,,GENERAL_NEWS,Nu Skin: Decline In Affiliates And Tariffs Are Risks (Rating Downgrade) (NYSE:NUS) - Seeking Alpha,https://news.google.com/rss/articles/CBMirgFBVV95cUxQdlloMm5CZHk3RVFneW9jendUQ1pzdU1SWUZZMmNCaWlFZXljcGtyRE1vbGZtOS1nUFIyTEhfMUFVSHBUUTJqZXJfd0dGUFpiU1JrTm5uVnNGSnN2em91U05KaklJSU9VSER6ZHljS3BYMTh4bWhxVGluUU50SjhJazIwSzF4c3U3d1V3bjdLa1cwcTNvVG1OMWhVeklSblczbldvYUhzUmVvQS1fU2c?oc=5,Google News RSS,,,GENERAL_NEWS,0.5,GENERAL_NEWS,GENERAL_NEWS
Banco Inter,2026-04-29 07:00:00,2026-05-12T03:32:12.975251,news_signal,FINANCIAL_SYSTEM_RISK,2,0.5,central bank,WEAK_SIGNAL,"Brazil central bank trims interest rates again, eyeing Iran conflict - WKZO",https://news.google.com/rss/articles/CBMinAFBVV95cUxQWXBlRnZpeDVmQ3ZIdExwMGhKNEZ4bldwdmhJeFFwTVZ4U0NwcDR6QXBZOVFaTUYtOEltLU1MNFlacWoxemdBTU5OOUlRclhsaHZPajZ5azlQZUVCelpKcEZuOVZKV3ZZX0hsTUc1LVVma1dQaUJ1Z0ZHVjE5LUFhc0xwX2kyRUdITkpkY2hvanRMOU9BSmlTM1Ywcl8?oc=5,Google News RSS,,,CRITICAL_SIGNAL,0.46,WEAK_SIGNAL,WEAK_SIGNAL
PagBank,2026-03-05 08:00:00,2026-05-12T03:32:12.975251,news_signal,GENERAL,1,0.2,,GENERAL_NEWS,PagSeguro Digital 4Q Recurring Net Income BRL678M >PAGS - Moomoo,https://news.google.com/rss/articles/CBMiywFBVV95cUxPSkN2dFRwY3ZUOVd1blJ2UXdJd3VUSHlMLU12NjFDemJlemRXcm01eGRkZlRmMXpWZk03RkNacUszMERWV3o1bDlsS2FucmNoMmFYS2lMcVRTVlRVcjVxdmEtbU5rTzFaU3poTFRtTW9xaS1xczh3SE53UWpDY2tYSXY1ODNOZFhHUzVOZE9sNm5FRDZDaTRtWXBEZzRFQ3Q1RVBaUVBXR3RZekQ1bkd2Zm0yZ25EaDIzbmNKd1QzTVRDZVBYaENsTTNubw?oc=5,Google News RSS,,,GENERAL_NEWS,0.5,GENERAL_NEWS,GENERAL_NEWS
Stone,2026-01-09 08:00:00,2026-05-12T03:32:12.975251,news_signal,GENERAL,1,0.2,,GENERAL_NEWS,StoneCo: Is Its BRL 2.3B Credit Portfolio the Next Big Earnings Lever—or a Hidden Risk? - Smartkarma,https://news.google.com/rss/articles/CBMivgFBVV95cUxPM3gxVjlqX24tZGhVcHEwcEdmb2IyNVdQc1lUc0xldlJPVkZYMEZoWXR5c3ktZUY3WXBRbERIODAxM1RJemN3ekNYUGFBZVo0b01hZ1ZHRVJvaTlmYjFhQXYwb3Y5MXNVbkZCbFJwblBSaVdBNUFtYzN4OU10N29neGl5VjJzQ3FJLXlzYWRHaDlNQjhMbVVQNWYtYVJRZTkxNVZwbHQ3TkJBOU50X1pfMWVRMlVVX1Q5VkNZSU1n?oc=5,Google News RSS,,,GENERAL_NEWS,0.43,GENERAL_NEWS,GENERAL_NEWS
Petrobras,2020-08-06 07:00:00,2026-05-12T03:32:12.975251,news_signal,FINANCIAL_SYSTEM_RISK,2,0.5,bc,WEAK_SIGNAL,"Petrobras Gave Up Projects in Brazil to Reduce Chartering Costs, and Mero 3 FPSO Risks Being Built Abroad - CPG Click Petróleo e Gás",https://news.google.com/rss/articles/CBMi-wFBVV95cUxQQ2haM1NQd3VJNmZYWDBHTURpd3AwcDBGSEdPZGkzTy11bW5qRG1LWTRBc2RLR2VNeUtoeXFENWVrT29nc09DSm9fWkk0UHZQVU5lUV9zYW0xQ25SODVVRE9YaUgtbEM1LWxkblRTYmJMcWF1Z0VkS20ybGotUzZVZG01dHlLQzMta09rRHJXdDAyc09LVVR4YXpNSkp2YVpyZG5VOEtzdjY3M2ZQd200b2o4RVI5OTBCbzQxbGs4cWNWdkQ3LTE3czFUcm1zT1FMaDlOZDczQl80SWxmTlBpMndPQ0ZMTmFaZzBSakRVaVYyMXR6b0E2V3dDdw?oc=5,Google News RSS,,,GENERAL_NEWS,0.36,WEAK_SIGNAL,WEAK_SIGNAL
Petrobras,2024-12-30 08:00:00,2026-05-12T03:32:12.975251,news_signal,GENERAL,1,0.2,,GENERAL_NEWS,Petrobras aumenta em 42% o investimento em transição energética justa - Valor Econômico,https://news.google.com/rss/articles/CBMi5wFBVV95cUxPVEV2VEtMaEtHNnVIUTBJMi1JSnpBZGpIdHdjZXRvOFhkSHVMNmpEb01UWVgwZXNCVlpIMmd1RGVSbE1YM1N5ZnZONmxGbmdjeUlJTWktalk2TTVLZktna0M0V3B2dnU5Xy1YMy1IYmNJYS1sTFVNYVYwTDcwMThvRXk0YlR1Qm9XYlV4OFdIbHVLMWJ4RlJNQ0xTaTVIaXFpNm9hRGx1WU04U1B3SEJtTjRiemZmSDZRaHEyS016U2twRUhhUnNZWV92bFlIcW0tRDNQdHVRQVlCQkhxYU01YjhPLXdhWW_SAfYBQVVfeXFMT0xIeWlkRlctVHMwakU2MjNCVkV6RGttUnpEd0UxNzRmZVp3TUQ5Sk96UHR2S1JrWC1COGNJT2VCX1N0VXFveGVzWGNDWmxfb2pPcnctUkI4NUVueDQ3cnZRd0dQdVhhNFdJckQxUUdhaUZUNktwU2FnTm5RWTdQRlRFX1dISnVnZ25rdkZ6czN6QUFRR1pTUXVtYnpwaFJUX0hyVUFfMGlHTFUxZUxPVFJYVjlSUEg3UDJSQnJUTWZBY0hMblBwM2tlaDZ0TF9JVWtPUzFZTy1vSzFvV0IzRlJIRHFPWFFWRXdpNlNWeFBiYkFXV1Vn?oc=5,Google News RSS,,,GENERAL_NEWS,0.45,GENERAL_NEWS,GENERAL_NEWS
Vale,2026-04-22 12:07:45,2026-05-12T03:32:12.975251,news_signal,GENERAL,1,0.2,,GENERAL_NEWS,"VALE S.A. (VALE) posts steep Q4 2025 EPS miss despite mild YoY revenue growth, shares edge slightly lower. - Popular Trader Picks - Cổng thông tin điện tử Tỉnh Sơn La",https://news.google.com/rss/articles/CBMi1gFBVV95cUxNcGJlb09ZQlBTak85OEZ5a3YyM1NfU0l6dTFzd2Z6QmkyeW5zWDVJWG1wTE5ScWRmOGtuT25QNEV5dUdzNTZ3bUd0SXBTZVlUbVBjcHRVcnFfRGZnQ2VFeTA4ZlJoSFBTUlc0bmk1UXhCMWRPYWw3SHlwdmVWXy0yeVJvdDA3Zk94NkFpWlpCYnJNVG01TUdKdVdiY3haMHRkNkJmcy1xbl9OOGMyWnVzWGNjREVla2lmZjhnYXpueWN6dmxnTXZsb3ItTWFPdHFOQTBJaXVB?oc=5,Google News RSS,,,GENERAL_NEWS,0.53,GENERAL_NEWS,GENERAL_NEWS
Braskem,2023-12-14 08:00:00,2026-05-12T03:32:12.975251,news_signal,GENERAL,1,0.2,,GENERAL_NEWS,Braskem’s Credit Rating Cut to Junk by Fitch Over Environmental Risks - Bloomberg.com,https://news.google.com/rss/articles/CBMiswFBVV95cUxPX21BbmZlR1dneG5FM2ZkbzZwX1Z3NkR6V2lfWlVqbk9YTGw4d0RJU3poaUJnb2pQbkJxYnJfNEtLdXpNUjJvVkNRV2dfX1BPUFdxMXlmZUw2Umh6cGE0UUh5dzhXX01WdVFLNzlfdW45eVVoM3dTS0tzWDZtRTNFV3c3TXZqNDdGOG1oUndlUDZwckh4UUUzM0NPcWoxaWcydFdGWUhjTm5GLWNJU2hsc3BMQQ?oc=5,Google News RSS,,,GENERAL_NEWS,0.36,GENERAL_NEWS,GENERAL_NEWS
Vivo,2026-05-11 18:36:14,2026-05-12T03:32:12.975251,news_signal,GENERAL,1,0.2,,GENERAL_NEWS,"Telefonica Brasil Q1 Earnings, Net Operating Revenue Rise - Moomoo",https://news.google.com/rss/articles/CBMizgFBVV95cUxNTS1xZFN5X1NYTWgxR0w4S2tDMmhieWU5RDFxZWo1MUV2MVVCM2dSSGRZWUxmQXhoTmZ2WWRDWHpRYXY1VkxWdWhxUTJEeUlPUWxseVJmcFlKSGpvUEhJM0pzeTh6bE5yLWctaHFUcU1HS1RseHFEdWdwdE5YaTNZbG5oLWc2T1M5RWZfaFloeEUycGFENmE4UmtJQ0hDYmZvUlV5bHh6amlmcEkwR2d1TG5DYWY4eFhhN0s4Vjk5YkhsWWNLSlJZaWJUUXFvZw?oc=5,Google News RSS,,,GENERAL_NEWS,0.49,GENERAL_NEWS,GENERAL_NEWS
Vivo,2016-06-01 18:21:59,2026-05-12T03:32:12.975251,news_signal,GENERAL,1,0.2,,GENERAL_NEWS,Should I buy Telefonica Brasil (VIV) - Zacks Investment Research,https://news.google.com/rss/articles/CBMia0FVX3lxTE55NV9vTURrUVhLU2FsZmN1eFlvYlJ5b3JLdW0taTctYkJJcGFGYVNOQXN2SHZXYUUzWE8tdmlTZjBJWjNrS201eS1IdkZVaGVZN3YzS3o0Z3QzQkpPM3MzcmJIanRJYjBxYm1F?oc=5,Google News RSS,,,GENERAL_NEWS,0.45,GENERAL_NEWS,GENERAL_NEWS
Vivo,2026-04-16 07:00:00,2026-05-12T03:32:12.975251,news_signal,GENERAL,1,0.2,,GENERAL_NEWS,"VIV (Telefonica Brasil S.A. American Depositary Shares) reports 6.7% Q4 2025 YoY revenue growth, shares edge 1.14% lower on slight EPS miss. - FCF Yield - newser.com",https://news.google.com/rss/articles/CBMihgJBVV95cUxOcnlVUnJoSEF0TnNZb2RMcDllQmZZTE5sb2R3eWMxc2F0RG55SElhX1ZUVHNWTEJlN1A3eGRyblEzbnhLT09aY3hwSHJpdmxXVkswQVpLa0FrX3ZKWDFIeXl3dFRxN2IzWmcxekM3Y0oyT1VrYkVQVklmeTVzNmxjZjdyaDNMWnN3MDZmVi1GWlFXTlJVMHJZQ05DeV9BeF8wczFNNTRxWURzWWo0QWNmNlM2MzdyRXd1Zkw0WVhtcEZ2dnhubnVwUzIxTDh5UGg1R29KTHV4OG5sVE1KQzItb2h0b2hWck10aDJNOWxJZ1J4RTFOcVNKTnFLNElBS0JZTnZWQjlB?oc=5,Google News RSS,,,GENERAL_NEWS,0.46,GENERAL_NEWS,GENERAL_NEWS
Vivo,2026-04-16 07:00:00,2026-05-12T03:32:12.975251,news_signal,FINANCIAL_SYSTEM_RISK,2,0.5,bc,WEAK_SIGNAL,"VIV (Telefonica Brasil S.A. American Depositary Shares) reports 6.7% Q4 2025 YoY revenue growth, shares edge 1.14% lower on slight EPS miss. - Earnings Risk - newser.com",https://news.google.com/rss/articles/CBMi_wFBVV95cUxOMW5McDFDandBOG5KZVZXdFVZbmdMRFhrQ2FPX2ZoRDJaVVJHejBfenpMVXdvUXQwZGJ1MG1RaTVUWm5rOGx2OFc5VFphbEFleHl0UHpoV2pXY0ZIV3liWUFDYTNvbzVDaFBsZ3htdkYxTlN1VjFmakZ1TUJKTXBaNTFLNk55aTNRcXVSRUpwR0VEbF9TT0Z5c1ZjaW15UzhodGpiWERaZnJBVlVzX0piWDBudEtUZUh6TlZHZVJGeVMzZFRwWHl3c3FMZnphbjNGQjZxUFcyVDB2eGNGVm9ITnJ1ZUFIbC11Z094Zmg3cS1kb19LaVhqTUtaSWMzRlk?oc=5,Google News RSS,,,GENERAL_NEWS,0.43,WEAK_SIGNAL,WEAK_SIGNAL
Americanas SA,2023-01-13 08:00:00,2026-05-13T03:30:24.074697,news_signal,GENERAL,1,0.2,,GENERAL_NEWS,Americanas Meltdown Hits 3G Billionaires After $4 Billion Hole - Bloomberg.com,https://news.google.com/rss/articles/CBMisgFBVV95cUxONUZFNy0tQlVKZlZubDVPdWZBV3UycWNka0gtQVlDTlROekVNMmZSWUNLM2RNZVp4Mk1Cd0xQRHNaTGwyWnMya0gtd2YyU3pPTVk5MjJVd3NJa1E3R0R2dkNKY1U2R3dXUk1xY19HbVMwR1FGdVJlZVBKdFZrT3NwUUtTUkRldUp0S1JOWUEzX0tDLXFVZFNMMkZFMG92dlB1Q21seTl2bnp2aWNxdnRGVmV3?oc=5,Google News RSS,,,GENERAL_NEWS,0.46,GENERAL_NEWS,GENERAL_NEWS
Ambipar,2025-10-03 07:00:00,2026-05-13T03:30:24.074697,news_signal,GENERAL,1,0.2,,GENERAL_NEWS,Ambipar raises concern amid FX swap dispute with Deutsche Bank - Valor International,https://news.google.com/rss/articles/CBMiygFBVV95cUxNc0hqR0w0dTRpRXhRbGtsMnJpbjhqaWN1MF9XVmI0Ykt2cmpyWlhmMTM0M184R0duRm9xUlh1MXJXTkR5dDlheWs2Q0wwUlRneE1EOXZMSXotemdqYWtuQVcwRXB1RkZEYldXUGNhRVlZcTRURExyTGczWDVoWXNPVjdzWW1PZDdnbzB4QWREX2tsUk9tWW1qY085Y0hSV2JlM1RJV2RTM3N2OVdiRXFhNTdsQU5vR2ZrN01CMmhqZlhUV1JLakQ5WGdn0gHYAUFVX3lxTFBQcWdqS1VvNW1mcEd1M0Z5UjNMQUZlVDV3Qk42VjVXTnphR3RMdXZKNDdHYzhoTEEwXzhtNEQ0WFlDQWMxdlNNa2VwN0F3YkwxTWFCN24yVjhQSXlNT1RwUV9uNmQ3MTFITTByMTQtZlM5RDFiUzlJdTFRZkFJYnozVjBhbFlrZ1Y3TWR6enprNmE2OVh2TWc1d0YzNEZ1bGtPVWpyTFhlUXdNY2JqUENFLURmWUVnRHAxUWRqLXN1SGtCUFlPRkN4SEdSS0xrX056UzJvdkc5SQ?oc=5,Google News RSS,,,GENERAL_NEWS,0.32,GENERAL_NEWS,GENERAL_NEWS
Banco Master,2025-11-20 08:00:00,2026-05-13T03:30:24.074697,news_signal,FINANCIAL_SYSTEM_RISK,5,1.0,central bank,CRITICAL_SIGNAL,Brazil’s Central Bank Was Warned for Years of Banco Master Risks - Bloomberg.com,https://news.google.com/rss/articles/CBMitgFBVV95cUxOWVhhWEhPVmk0bDRobm9UVE5kWEwyeFNmeU10WDF3OHdNVE5ONmthWnFaNFJkRUFEczJ4di0xTTgwLXFhdVZadmRvblRVWmJQZjFLakdlSVVNeHh1c1hkRGMtV2tlZVgxNHdsZDJKakw0MGRUS0ljRVhURy1iSXVYQ3hPakJnbkJjbWxORHU0WVM0WjNwanBlWDFlWHAtQXpOdHVEMFM2N2R2WHNldWl6TE5oWE94QQ?oc=5,Google News RSS,Brazil's Central Bank was warned about the risks associated with Banco Master for years prior to its collapse.,"This news article suggests that the Brazilian Central Bank was warned about the risks associated with Banco Master, a major bank in Brazil, for years. This could represent a corporate risk for several reasons:

1. **Regulatory non-compliance**: If the warnings were ignored or not adequately addressed, it may indicate a lack of effective regulatory oversight or internal compliance controls at Banco Master. This could lead to future regulatory fines, penalties, and reputational damage.
2. **Financial instability**: The warning about Banco Master's risks may signal underlying financial instability within the bank, which could impact investor confidence, market sentiment, and ultimately, the stability of the entire banking system in Brazil.
3. **Systemic risk**: If Banco Master is a large and systemically important institution, ignoring warnings about its risks could contribute to systemic risk, where the failure or collapse of one major financial institution threatens the entire financial system.
4. **Lack of transparency and accountability**: The fact that warnings were ignored for years suggests a lack of transparency and accountability within Banco Master's management and governance structure. This could lead to future issues with boardroom performance, leadership succession, and overall corporate governance.
5. **Risk of economic contagion**: If the Brazilian Central Bank was aware of the risks associated with Banco Master but failed to take action, it may have contributed to an economic downturn or crisis in Brazil, which could have far-reaching implications for the country's economy and global trade.

Overall, this news article highlights a critical corporate risk that could have significant consequences for Banco Master, its stakeholders, and the broader financial system.",CRITICAL_SIGNAL,0.64,CRITICAL_SIGNAL,CRITICAL_SIGNAL
Banco Master,2026-01-14 08:00:00,2026-05-13T03:30:24.074697,news_signal,LEGAL_REGULATORY,2,0.5,probe,WEAK_SIGNAL,Brazil police serve warrants on businessmen in Banco Master probe - Reuters,https://news.google.com/rss/articles/CBMiugFBVV95cUxOQkdQdm5xRzVEWXBkRUlsclNpOEJlcE9ZdHg1NE1EX2tnMmF1UVRIc1JqSlMxUTNCVV9MNDVnOFlJQ1pEUnBrRV9kb1ZKN1ZIQVgweFFXejVWTlNzUVd4TUdHR25GQU1BdG9PWjRXYmp1SGd0cXpPWDg3Sk91R08tc1lQdC1TM1U5NjhhN242THdva3NuZmg5T2l0NW1KN0huTDVaaDlqNzB2WGxTY2QwNDg2T1JXRGdpOHc?oc=5,Google News RSS,,,CRITICAL_SIGNAL,0.39,WEAK_SIGNAL,WEAK_SIGNAL
BRB Banco de Brasília,2026-05-05 08:00:38,2026-05-13T03:30:24.074697,news_signal,FINANCIAL_SYSTEM_RISK,4,0.7,"banco central, bc",RISK_SIGNAL,O temor da cúpula do BRB após reunião convocada às pressas pelo Banco Central - O Globo,https://news.google.com/rss/articles/CBMi2gFBVV95cUxPeG8wbWdiaG9NeDc3MkFSM2l0YXhPM05iZkY3ZUVtblFsWmFnaTVORVdRWmxiX05WdUU4RHEySENycU4tM1d2SzlvUTNUQ3RYNzNoYWFWSl9EbmZGclBKeWZnVEtOMngxZFBCTjg3MnlVWEVPYjNYRlIzeER6bmpjUHBMbEdZZmNVMnhSdFV3Zmt0MlJvOVZFdWpQZWktWmdzcVBvZmJFYkpqQzJCSmlPWWRyRE10X1hoY3ZwcUJjQURIa2VnUHFtVGtZTmVXMXJ6SmgwQVB5RWhId9IB6AFBVV95cUxObVNhRGcyM1VNRi1GU1lJLVhweEotd1F6Rlhyd1N1ZDdlWEN5T1FMUnRfQVNCUWphVzBaTkVlbVVsa0VSWHdUQ2lLWlFDWF90SjhyQXpsVnlPaDJxYnBSNG83T0VFSGJaMWVOV1Q2SE1jTU9jZ1I2Rk11WlBhRTZtNm9zaWl2amN2cHJ5U19nRXdxSUJVY1hYYWo5Z0pKSUtUVFBnOF96MEdqbUVHY1FkM040bDFhWkpkWGNHcXBEdjEzcW5hd1VaekNxVk51Tjc2ajZQTjRKS2RJeG4zT1NwMzRXdWJiakJw?oc=5,Google News RSS,"Não encontrei informações específicas sobre o conteúdo do artigo ""O Globo"". Posso sugerir uma opção para você:

- Você pode fornecer mais contexto ou detalhes sobre o artigo.
- Ou, se você preferir, posso sugerir uma pergunta geral sobre o assunto e tentar ajudá-lo a encontrar informações relevantes.","Error: HTTPConnectionPool(host='localhost', port=11434): Read timed out. (read timeout=60)",CRITICAL_SIGNAL,0.33,RISK_SIGNAL,RISK_SIGNAL
Banco Inter,2025-11-03 08:00:00,2026-05-13T03:30:24.074697,news_signal,GENERAL,1,0.2,,GENERAL_NEWS,"Banco Inter, Chainlink Power Real-Time CBDC Trade Settlement Between Brazil and Hong Kong - Yahoo Finance Singapore",https://news.google.com/rss/articles/CBMiiAFBVV95cUxPZFgtUGdvbHhMdUFZX09lRUF4ZHlHelZEZE5mSERITzY1ZGxyTkNQVnZmM1FOazZvRUJWajQtbWRrUDlWN3VDa1ZUbTBvZjZtdVI0WGJOOTRqME11S2YtMTV2M2IxbW5FeTg1Z2t4UXppWmhidlVGbmFRUjUtdUdONlZ6WGpjMzNN?oc=5,Google News RSS,,,GENERAL_NEWS,0.43,GENERAL_NEWS,GENERAL_NEWS
PagBank,2026-05-11 01:02:02,2026-05-13T03:30:24.074697,news_signal,GENERAL,1,0.2,,GENERAL_NEWS,(PAGS) Movement Within Algorithmic Entry Frameworks - Stock Traders Daily,https://news.google.com/rss/articles/CBMixwFBVV95cUxPWDg3NkIwSUdUS1ZTSWZ2LWpnTnlsSU1LYU5WWmtneWQ2SVlzcnkzVzFJdkRNeHVTN1BKbFV4dXZWSTdLQ2NCT2lzUzh4TVZESGpWZk9NWm1RNmptaGVqUkdyZmNxbDlZM0FySzhVRk5hcHJVVXhINmVEdGFOcTNBaEF5NDljZGNLN1pKX243dmdFQl9KTnFlUVJuSWJHcDAtakZNa0EycGlFeUoybzdzSDNHY19mT2RUR2UteFlGa0JTZXFTUHJZ?oc=5,Google News RSS,,,GENERAL_NEWS,0.4,GENERAL_NEWS,GENERAL_NEWS
PagBank,2026-04-21 11:37:54,2026-05-13T03:30:24.074697,news_signal,GENERAL,1,0.2,,GENERAL_NEWS,"PagSeguro Digital To Go Ex-Dividend On April 22nd, 2026 With 0.26 USD Dividend Per Share - Moomoo",https://news.google.com/rss/articles/CBMinAFBVV95cUxPVlI0eC1BQTlGWmJGS2pKeW9zcWJOM0ducWNuSUd3WWxQUTFCU0hwMDd2eFBrNVVSV3RvLXE1WjlJTTd2b1JCZ2lpZXNVdDBoeHJsaUZNSGg0THhkc1o5dW9nUzZTbHNfQklfZWhmeDdoZFlhM0YwYkxTWm5hdTAxNXVrWmVfbzFydGRLTFJvNHhmb281Z1lrZTJ4YWs?oc=5,Google News RSS,,,GENERAL_NEWS,0.43,GENERAL_NEWS,GENERAL_NEWS
PagBank,2026-05-01 09:00:47,2026-05-13T03:30:24.074697,news_signal,GENERAL,1,0.2,,GENERAL_NEWS,A Look At PagSeguro Digital (NYSE:PAGS) Valuation After Mixed Recent Share Price Performance - simplywall.st,https://news.google.com/rss/articles/CBMi4gFBVV95cUxPUXJhUmhUSkI5YTVJUG53RHVGbkI5c0VwZ2R1bjNsSWpKZUZLMjNYRkNlMzZscms4LWFSSnpsUEZacU1ZaXdyQzAyb1hmWjRYQVRUR3dZeVpOOXFSNENpN0NBbnZTVjY1R045QWJKLWdBSmRQMFZjVXhmRHF0WUg1aHdvbGU1QnJWT1RqYzNuYTJvVjRfQmR1bGctSTdQZTE1b2pyajB5azF4SS01akZ5eXBjS1hFcjJuY1VrWE4yQXk4d2RXTjhtUlNFazJ2UlVqdEdhN1hsakRQSWtMRlVlclBn0gHnAUFVX3lxTE5BelFQdDg3UTRiei1aV0hDV0NFOGxpOXc4dUw2dE4ycTB4d2FJcTdCaHZKd0Zjam5UM1RHTVEzWjd0ZHRtZ0dIV0F2YVB3MWFVemxOZlVxaXVwdFg5ckNhamRXVWF2Nll0cHdtT0Q0QTRxakhWUnctbmxYYkJidFNfV1ZXQWZJMXVlTWYzVzFGSU0xdzgwcHIyS2dBUHZCckxIYUlaQms4YVczUzA3ZDJQUFNBeU9sT25SMmZqYTNOb1JZcHZ0ZzNqTk5TNTAzdkpKVkpCOXNLTXd5aUlHZUJ4ejFPTUJvTQ?oc=5,Google News RSS,,,GENERAL_NEWS,0.43,GENERAL_NEWS,GENERAL_NEWS
PagBank,2026-04-21 07:00:00,2026-05-13T03:30:24.074697,news_signal,GENERAL,1,0.2,,GENERAL_NEWS,"Insider Sale: Director at $PAGS Sells 200,000 Shares - Moomoo",https://news.google.com/rss/articles/CBMilgFBVV95cUxNLW8zNW0walV4RGRqUnpkbUluMU1qR2dma0F5WkRHWmJMMXk3LUxpRXZ2OFhGMGZqUTc3Q3VDMU5BRHktODdySHRBM2RqYVZyaWl1b1R1UDBYSFJDbGhKWE5pTEdQRjlVQW1YbFEyUjVCUlctS2R6Ukx6aXExdkFBNjlzMDF6dWlMbEQ3bEZGVjNqR3g1UXc?oc=5,Google News RSS,,,GENERAL_NEWS,0.43,GENERAL_NEWS,GENERAL_NEWS
Stone,2026-04-30 02:17:44,2026-05-13T03:30:24.074697,news_signal,GENERAL,1,0.2,,GENERAL_NEWS,A Look At StoneCo (STNE) Valuation As New Directors Join And Earnings Update Approaches - simplywall.st,https://news.google.com/rss/articles/CBMi1wFBVV95cUxQYWZrb2hUdFNQZVJZM1dTLXI1WjZkRHFoc3Exek8wa0FRTDhpSWNjb29EMExodVhFRkVGX2lzWXJnXzFucVVNWHdoYnVKZ2UwOHFpOUV3UzhYQ2hkX1ZnTjFraUR3RVQzMVI4Q1FCUnJHMjNVWWVXUTBhNmhRaFVxdlU2WUxUUDVsVG92OXhhUzNvVDlSLTEycVF3WXM2TElaamZPSTltSjhSR3IwRXVjalB1ZkdZRmxGU2ZjdllreHdtVEVIaUxDeUJLTDFHc0hXQUlnR2xxVdIB3AFBVV95cUxNVFdLNmZuZE9LS1FpRXBodzBDZXlzY0dmWU5rM2FsQTlFVE1PZmI0bmliSlRrbHRQbm5ZOWpJNXZXeF83QmM4ckpBbVNVTDhkVUhYeG1vVUhZTlczQUlDcHY3M19kZHg5LWcxTmZNUS13VkpUM2lSTWdQOTU0MlRkZEVQaUFaUlA2elpycGRZTFZyZHVaWktOOWhWTVNjaF9PT29na2NrZ1RRZHNaRGJpQVJpRVpqTkJqWTZFMWo1dHR0eE45eVFzX0VwRjdsSkFGRGQxY2UxUllBdFlk?oc=5,Google News RSS,,,GENERAL_NEWS,0.39,GENERAL_NEWS,GENERAL_NEWS
Stone,2026-03-27 07:00:00,2026-05-13T03:30:24.074697,news_signal,FINANCIAL_SYSTEM_RISK,2,0.5,bc,WEAK_SIGNAL,[Form 3] StoneCo Ltd. Initial Statement of Beneficial Ownership - Stock Titan,https://news.google.com/rss/articles/CBMiwAFBVV95cUxNTHdlTW5kVTJBV2hlZUQwakFXSnJ0QTlhemFydmlSenJ6a0ZDTlQ5MjZ3Z056WFlQY01la1VwMC1SQmZDUjdXRjlJRkw1QVQyS3ZNMGZyS3EwelNFVElNQlBCSm5YX0w1b2JHbmR4NXQ1NGpQdzB5cDAzcTg5VlItdGtuZ3ZsTzZ5bjQ5dnlTT0VxQ0lEODFzbWpCUnpVLUZJZ3lTdEpnUlFvVWVTdG9lbFB3aGJLQnJoZDdlaWFncDM?oc=5,Google News RSS,,,GENERAL_NEWS,0.37,WEAK_SIGNAL,WEAK_SIGNAL
XP Inc,2026-04-13 13:58:01,2026-05-13T03:30:24.074697,news_signal,GENERAL,1,0.2,,GENERAL_NEWS,Precision Trading with Xp Inc. (XP) Risk Zones - Stock Traders Daily,https://news.google.com/rss/articles/CBMiwwFBVV95cUxOdldJTXZkNWs3ZUhEWGNPaFVJc1hTSWsxT2ZVQW9aY1QxSTBBT2FRSkF2TU5qWmw1cG1sTFRuNm5GWlB5c3lzLVhxUzZLa3NEMWxCNWtqY2Q4OTY1Z3ZuTUNoeEI4YUhmbU53SHppWDFmVGpycXlGZTIyRG1nWHdSMEpJLWlHYUtXclpuU0xQcjlBQi10Z25KcW56WTIybkx1eEZBQndQLXZrUE9TbXhueWpCYzNOR2VteUYtYW5VTDZZNjA?oc=5,Google News RSS,,,GENERAL_NEWS,0.46,GENERAL_NEWS,GENERAL_NEWS
XP Inc,2025-11-18 08:00:00,2026-05-13T03:30:24.074697,news_signal,GENERAL,1,0.2,,GENERAL_NEWS,"XP Inc. Q3: Flows Recover, Advisory Scales Up, And Risk Perception Declines (NASDAQ:XP) - Seeking Alpha",https://news.google.com/rss/articles/CBMisgFBVV95cUxQRnpVTmp0cXIxR0hJZ0EwT0p0T1ZpRW9hMVpTTXdQTTlkaDR2bTUtZkVuN09pS2hUeEVfNmxWc2hIUDhuMmwtTmRJa1hEOFYwTUxOR0FoNWlsUlk3LWFyUHlqanhZMklsTmtnQUxtWDV0MFNEUGJ0dGNDV0pvNEM0MzNSbW10UHc0aFJ3V203NnNGcFY3UGlabHJuSnQybG5sRlpTbUZKR2VQWHpsSEJlNUlB?oc=5,Google News RSS,,,GENERAL_NEWS,0.52,GENERAL_NEWS,GENERAL_NEWS
XP Inc,2025-10-30 07:00:00,2026-05-13T03:30:24.074697,news_signal,GENERAL,1,0.2,,GENERAL_NEWS,Polaris Recall certain Ranger XP 1000 NorthStar and Ranger Crew XP 1000 NorthStar Due to Risk of Serious Injury from Fire Hazard - Motor Sports Newswire,https://news.google.com/rss/articles/CBMiggJBVV95cUxQdW1SRWoySjFudTMwZnlnTUtpVGVKTHV4S191cThVRUV5MkcwY3A4VUo1N0hzNk5xbFBjQUNZeHI4OXRkakw2XzEwa0lFQTJHeXowZzVKLURXMVVaaDFBLU5nMGRwMi1wMFBINkJZdEpXWURTeGVpQ3QwX181bm9NN00yVXNGMTNPWXhiN0lxUHlrcUhpb1J0ZC1yWWc0b2dwdFBoRXJGNTVNaVlSSlFxSUhZel8xWlVXV0Jtdnk2cVJqd1B5cUlZWnB5d181MV9odEJaN0dOOVlZT3h3TnBHWVZSNi1ZUWRDMTZKUGpJV1lUWWpRZld4NUVnLWx5RVhrakE?oc=5,Google News RSS,,,GENERAL_NEWS,0.5,GENERAL_NEWS,GENERAL_NEWS
XP Inc,2025-06-17 07:00:00,2026-05-13T03:30:24.074697,news_signal,GENERAL,1,0.2,,GENERAL_NEWS,Hard-Coded 'b' Password in Sitecore XP Sparks Major RCE Risk in Enterprise Deployments - The Hacker News,https://news.google.com/rss/articles/CBMigAFBVV95cUxOQTZIQ2M1cXNJRTkzVHFoLXR2THAybkRNNlA4R2JkZU1zZVE0TE84bXhCLTd4U1ZCNHNRNXNOc0RZbGR4R2p1ZU1tVGNubUtEUVdqNFZob0dEOEpSQWhuZ2ZVZ29sWUFFMFl1ekNPbkhoZDgtVzZyUWtqcmRObHUxZQ?oc=5,Google News RSS,,,GENERAL_NEWS,0.46,GENERAL_NEWS,GENERAL_NEWS
XP Inc,2026-03-17 07:00:00,2026-05-13T03:30:24.074697,news_signal,GENERAL,1,0.2,,GENERAL_NEWS,How to Buy XP Cryptocurrency Safely: Exchange Security & Risk Guide 2026 - Bitget,https://news.google.com/rss/articles/CBMiYEFVX3lxTE9EclVZWGs0eDJIemp0aVpTcmZ3LWhBd1V5YkRRQ2FkaXR4eUZ1UFA1b2l5TE9PenJBV2FmU1pKZzVOOV9LenZqWUdyQjNrVjlQemdRR1l0amRpUElMODluMdIBZkFVX3lxTE1COVh0aHVFRlJVX3hYeXVLZjZkbldMRjUxcWZBNDl2YlNGS2Q0QXdobVpZMW9xd1ZUY1E2OEZjRnlJdHpjQUNpWEhySmFHT18wMG1iZmRyRUEyV1hhRkdkWWJTVGladw?oc=5,Google News RSS,,,GENERAL_NEWS,0.42,GENERAL_NEWS,GENERAL_NEWS
XP Inc,2020-11-17 08:00:00,2026-05-13T03:30:24.074697,news_signal,GENERAL,1,0.2,,GENERAL_NEWS,XPC deficiency increases risk of hematologic malignancies through mutator phenotype and characteristic mutational signature - Nature,https://news.google.com/rss/articles/CBMiX0FVX3lxTFB4VURUN0JYWmk2VVp6eUhkN2w2TF9zR1IwR1VhVFhvRTVGSjZlaTRGTGNuNEV3LVJFdk15ZkduWnpMSDQ3akkzYUpMSGlfUUpiWnBDZW9GSTVOWFZtc05J?oc=5,Google News RSS,,,GENERAL_NEWS,0.47,GENERAL_NEWS,GENERAL_NEWS
XP Inc,2019-09-23 07:00:00,2026-05-13T03:30:24.074697,news_signal,GENERAL,1,0.2,,GENERAL_NEWS,Xanthelasma Palpebrarum Increases Markers Indicative of Atherosclerosis Risk - Dermatology Advisor,https://news.google.com/rss/articles/CBMiuAFBVV95cUxNRjAyQ193OUJ1VDRLbVRaZlRwWEltNEhobXFOekxNb0g5cVdoSVVIeUliZHVSOXZUXzIxeElVODhwNjlBTlZNZ1ZQMklPN3hSYVpBVk5TZUVBT09zbkVXSm9XNWhobHVnb3VMN0pRUVBVY1ExajJIamlJc0ltUHRHVWNYbXBNVnRKTXdFc3Ewd3FCOUVtNnJTU3dub29teGd5VDloQVpPY0poWU1EcGtUTThTMGp3QXpI?oc=5,Google News RSS,,,GENERAL_NEWS,0.5,GENERAL_NEWS,GENERAL_NEWS
XP Inc,2025-10-30 07:00:00,2026-05-13T03:30:24.074697,news_signal,GENERAL,1,0.2,,GENERAL_NEWS,Polaris Recalls Some Model Year 2025-2026 Ranger XP 1000 and Crew XP 1000 Vehicles - polaris.com,https://news.google.com/rss/articles/CBMiygFBVV95cUxQUWJSZWc5VllmRGRhaEF0UUQ3cDdRSFlmSGF2RGdRT3I3RTJZVWg2SG1tQnBETjZSaHZiNUdsSVhjclo0WjBXLXpYQ1ctN1RlUWpCMk5YX3dibHd5aHhJaW9ZaDZZVWlyTWdxaGJPM1ZVQjZaLVBralVpRlNuNC1ONDY3M3M1dkZOclpOR3gyaGRkOU96LVMxdFhlanRxN3YzRlJEVVRET2QzR3JEUVc3ZnVTdkNseV9JWTZVTmQ1bTQtcE9uODZncGFn?oc=5,Google News RSS,,,GENERAL_NEWS,0.44,GENERAL_NEWS,GENERAL_NEWS
XP Inc,2013-10-29 07:00:00,2026-05-13T03:30:24.074697,news_signal,GENERAL,1,0.2,,GENERAL_NEWS,New cybersecurity report details risk of running unsupported software - The Official Microsoft Blog,https://news.google.com/rss/articles/CBMiwAFBVV95cUxOSWR1N1VNaHdRTDY1eUlTMmQyMWdyLVNhN0IwYUtxU1hsQWFucGJuTWNlLUhVUVR6dVRROXprd2t6YnhRUkxOTnRDZHliOXVRM1o5Z0l6YzlmcFVvS2FtOVJRQ052SXBkV0NsdHJ6bVhQMzdGdzh4eFZNdTZBZE8tbEptNzRxLUFXazRmekFtc0U1d1FoVW9rWmxQQjRqRXR1TmpKdTg1R2ZhZ09SVlV1a3lvbW44QzdJa3VUdlpCT3U?oc=5,Google News RSS,,,GENERAL_NEWS,0.41,GENERAL_NEWS,GENERAL_NEWS
XP Inc,2022-02-09 08:00:00,2026-05-13T03:30:24.074697,news_signal,FINANCIAL_SYSTEM_RISK,2,0.6,bc,WEAK_SIGNAL,LatAm private banking: XP reaches outside the comfort zone - Euromoney,https://news.google.com/rss/articles/CBMivgFBVV95cUxOVlBqSWNQQWdpVWNLd0Nud2FBemgtckhudnNSd2pJNnZpcGZLNF9DZGdSOVRJd2kyYm1Bam0yZXNlLVJNNVNDRzhkOXRRd2pNQUZfS0FHczFhRUVVcm1YaGlDaHFldHBkZlNXdTlISXZJNXBlT1ZaYTBZaVg3YVNJNWJwMlkyWF9pZnVrdURwS1p2YTB3UGJuYmtfRnZtdXpxYTBmOEJVQzBCZkFhUlE5X0RjOW1RbFBQOWJlcGdB?oc=5,Google News RSS,,,WEAK_SIGNAL,0.42,WEAK_SIGNAL,WEAK_SIGNAL
Vale,2026-04-20 14:45:24,2026-05-13T03:30:24.074697,news_signal,GENERAL,1,0.2,,GENERAL_NEWS,VALE S.A. (VALE) Stock: Why Short Sellers Target It (+0.37%) 2026-04-20 - High Attention Stocks - Cổng thông tin điện tử tỉnh Lào Cai,https://news.google.com/rss/articles/CBMiowFBVV95cUxPQmt2TkJsX3lWci0wYldzQWtld2pWZmZMczlQeVA1dk5rXzRrTXFHZXcweHU3YldXN1I0UGlFTU8xbGpTNTNBalcwVV9wU2ZxYURIaUNwbmU2QW11ZU15OWZ1MWF3MzZNMXpQRFVPaUx6U1EwWkJ6YmRsSkxUdzR3MW5HdFlDYXJSTDVlZFJXUWRVM3lrTTBaT0VnLVdvNXAtRWhR?oc=5,Google News RSS,,,GENERAL_NEWS,0.55,GENERAL_NEWS,GENERAL_NEWS
Vale,2025-06-29 00:03:10,2026-05-13T03:30:24.074697,news_signal,GENERAL,1,0.2,,GENERAL_NEWS,"VALE SEC Filings - Vale S A 10-K, 10-Q, 8-K Forms - Stock Titan",https://news.google.com/rss/articles/CBMiV0FVX3lxTFBJaU1wZmNKQlJqa2EzZDd4NlNmRnhVYkZlMzRJZW1rZ2tRTlVpXzB1cTcxdlNIMWY3TUpsTzU2RVdQZnRudWV6U25RRk9idWQxZElOcm93MA?oc=5,Google News RSS,,,GENERAL_NEWS,0.49,GENERAL_NEWS,GENERAL_NEWS
Vale,2026-01-03 08:00:00,2026-05-13T03:30:24.074697,news_signal,GENERAL,1,0.2,,GENERAL_NEWS,The Truth About Vale SA (ADR): Is This Sleepy Metal Giant a Secret Money Cheat Code? - AD HOC NEWS,https://news.google.com/rss/articles/CBMixwFBVV95cUxPLUlBVmthRzJzRXFMejE0NmkxaWxZbXR6QkthZlhkOVNuemFFZExfZnRnS2xyRUFVQlM2eGowLU1vUkp4aXNhR2g4SXEzYTlPZ3E4NGMwX0s5LUVxVlB6cXJJcEk2cnFXb0hEMXZUbTdTNW5ydlhUcjdPcWRyZno1ZE1qa1RiVnJrekh2ZXhsenFkOUF1Zmo0QktGZUIzMVVEblB2M1F5SlVsdDFNdlZ1a0Y0dVVmSW5xYTlqdFZzbjBNaXhMZjhB?oc=5,Google News RSS,,,GENERAL_NEWS,0.48,GENERAL_NEWS,GENERAL_NEWS
Braskem,2026-03-06 08:00:00,2026-05-13T03:30:24.074697,news_signal,GENERAL,1,0.2,,GENERAL_NEWS,"Braskem: Weak Spreads Persist, But Governance Risks Are Easing (Rating Upgrade) - Seeking Alpha",https://news.google.com/rss/articles/CBMiowFBVV95cUxNaWpXc1JpeU10a2F0YzY0ajQwUkpYdnNHWFI5TnBhcWlEa0R5am1HWFdEVU90Zm9fbjZrSXdfS1ZJVVBEZ2VQam52TlRxM3pnS3FseDlnall3T1JYSXlfZC0zcjIyWjlvNWJPaGNNNi1GT1BDRkVvbndIQVJ6em96YUVaTmtrVnNXZ0NUZ2xWRkY3Tk9LUmh5Z2ppRW03UExDR2JF?oc=5,Google News RSS,,,GENERAL_NEWS,0.48,GENERAL_NEWS,GENERAL_NEWS
Eletrobras,2026-02-23 08:00:00,2026-05-13T03:30:24.074697,news_signal,GENERAL,1,0.2,,GENERAL_NEWS,Eletrobras Stock: Brazil Giant Quietly Turning Into a US Yield Play - AD HOC NEWS,https://news.google.com/rss/articles/CBMiwwFBVV95cUxQbVNTTHNwejI5MEpSWHUxWjNyTm9pSHQwUzB0NlgzT1Z1QU5McnJUcUxKSFJoTnhaeXhCTTRrZDFSYzVIamJHQkhZR0tsZmVhQzRQYXRockdnVjJzdjhKcEVBMXZLbFlFSTZCS0piZGRxZEVwaEtwa3dfSmxrR0ZHSWgxemxYM0hsUmY5RmJJOTVLQnpubFdES0wxWXRZb3FVdmlycGVwa0szSTd5Q3RxbDNTVVEwcm5vdnFFMV9aaXJSaFk?oc=5,Google News RSS,,,GENERAL_NEWS,0.49,GENERAL_NEWS,GENERAL_NEWS
Vivo,2026-01-05 08:00:00,2026-05-13T03:30:24.074697,news_signal,GENERAL,1,0.2,,GENERAL_NEWS,"Telefônica Brasil Stock: Quiet Rally, Heavy Yield and a Cautious Wall Street Gaze - AD HOC NEWS",https://news.google.com/rss/articles/CBMixAFBVV95cUxOOU90SDlVRUNNTHJpaDVZTnFfLVNwUUZoTnZ2X2tEU3hQTnBnazQ0d3d5VzRUNGNzYlM1aXVSbVZ5SXdLeDZueHV5aTdRUWNKME9zYjluUEU0LTlOcmhIbEJSUWNxNV8xaWQ5MHVma0Q2dWY2cHdoMHFRTE1RbktCY3paMFFjSkZkS1EtUGFCTnl1MnN6My0tNUR1Ty1ETlVIZENfaUF1Y083NklJLUplMmh1OGpudEpJVEJ2TTdEVnhURUp3?oc=5,Google News RSS,,,GENERAL_NEWS,0.5,GENERAL_NEWS,GENERAL_NEWS
Ambipar,2025-10-15 07:00:00,2026-05-14T03:31:55.033318,news_signal,CREDIT_LIQUIDITY,5,0.9,"creditor, creditors, restructuring",CRITICAL_SIGNAL,Ambipar's complex situation could take creditors to the cleaners — Restructuring QuickTake - 9fin,https://news.google.com/rss/articles/CBMifEFVX3lxTE1rd3pJbEw3QVlaTEc4WTNjZ0l1RXEwM25Db1B2Z2RoeGRZOXVOc2E2TUpBbDhoaGNjVVJJemo5V3h0Y3hpSVhIcVIzTXlCTVFGd2dTNTliZlA2R2JYYzJwQW91R3RjOFl3NGVPSlQ3SmZ3UVJBVVBfMkF6V0M?oc=5,Google News RSS,Ambipar is facing a complex financial situation that may leave its creditors with significant losses if not resolved.,"This news suggests that Ambipar is facing significant financial difficulties, and its restructuring efforts may not be sufficient to protect its creditors from potential losses. This could represent a corporate risk in several ways:

1. **Financial instability**: The fact that creditors are at risk of being ""taken to the cleaners"" implies that Ambipar's financial situation is precarious. If creditors are not adequately protected, it could lead to a loss of confidence in the company's ability to manage its finances.
2. **Reputation damage**: A failure to successfully restructure debt or address financial difficulties can have a negative impact on a company's reputation. This could make it harder for Ambipar to attract investors, customers, and talent in the future.
3. **Credit rating downgrade**: If creditors are not protected, the company's credit rating may be downgraded, which would increase borrowing costs and reduce access to capital. This could limit Ambipar's ability to invest in its business or respond to changing market conditions.
4. **Asset sale or liquidation**: In extreme cases, a company facing significant financial difficulties may be forced to sell off assets or undergo liquidation. This can lead to a loss of control and value for stakeholders, including employees, customers, and shareholders.
5. **Increased risk of bankruptcy**: If Ambipar is unable to successfully restructure its debt, it may be at risk of bankruptcy. This would have significant consequences, including the loss of jobs, disruption to business operations, and potential liability for creditors.

Overall, this news suggests that Ambipar's financial situation is fragile, and there are concerns about its ability to navigate the complex restructuring process. This could represent a corporate risk for investors, customers, employees, and other stakeholders who have a vested interest in the company's success.",RISK_SIGNAL,0.37,CRITICAL_SIGNAL,CRITICAL_SIGNAL
BRB Banco de Brasília,2025-09-04 07:00:00,2026-05-14T03:31:55.033318,news_signal,FINANCIAL_SYSTEM_RISK,4,0.75,bc,RISK_SIGNAL,Ações do BRB recuam forte após BC rejeitar compra do Banco Master - TradingView,https://news.google.com/rss/articles/CBMieEFVX3lxTE12VHVmZ2JwdDlPcTl6MlVGOGhXalFtTlNUZVZ1REFaTmtWOXYySjcyUldEa19HQnplNEkxMGFEZlpDUUZyZk5mWjBkVGpfTkVCYThKVkNDV3l5SFE3ZVBhQ3dqX3NzRExiSV9YUGwzbHprQm1IWEQyVQ?oc=5,Google News RSS,BRB's stock prices plummeted after the Bank of Canada rejected its bid to acquire Banco Master.,"Error: HTTPConnectionPool(host='localhost', port=11434): Read timed out. (read timeout=60)",RISK_SIGNAL,0.73,RISK_SIGNAL,RISK_SIGNAL
Banco Inter,2026-04-08 07:00:00,2026-05-14T03:31:55.033318,news_signal,GENERAL,1,0.2,,GENERAL_NEWS,Inter & Co’s Banco Inter Raises R$300 Million via Perpetual Subordinated Notes - TipRanks,https://news.google.com/rss/articles/CBMixAFBVV95cUxOWG9HSG94ZFN4TnhZMHFobW1OLVVCVHl3WmdEQ1hYTnRyckVyZ3VsVllESDJONDVzZnotNkJfaFFDVk1PZWxOUS1FOVdGOE5MX2VmUmpURVh2eUdEeDlSQXpfLVo0RDlNSUt4U0tBMlRCalpaUGloclhoczRLeDc0clZFRTVPUXVqUWl5N3NoTWQtcENoQ1RJT0JMaWRCQjAyRThzWHBrdmdubGYxcUthNktHWk5tQ25DUFRHVmtsWi00aXdU?oc=5,Google News RSS,,,GENERAL_NEWS,0.55,GENERAL_NEWS,GENERAL_NEWS
PagBank,2026-04-13 07:00:00,2026-05-14T03:31:55.033318,news_signal,GENERAL,1,0.2,,GENERAL_NEWS,How Investors May Respond To PagSeguro Digital (PAGS) Upgraded Earnings Outlook And Technical Momentum - simplywall.st,https://news.google.com/rss/articles/CBMi4gFBVV95cUxQdXNEV3R5akZ2bjdfa1AyWGhCWUQ3Uk05cTJadVRrczBYbkdaV3lTUWJVQVV1ZkZZRzNLeFVnRURnLXRzaTJqajNrcWJDV2doZW94N2hVbG05aUJoeUpPay1WbWV4bDJqM3FEdDFodXMySVdvdFE4aWRnTUJSV0RmUXVXazMxekpLQllLZUlkZjZ1YlBSTWIzOFhSM0dpRExfWmI4VGZnemxuV0g3MDNWb0VDa1B5ZFdhUnFaV2NWVlk5QnVDN0xGMXh1ZVMtdXpNZGJob0NZdHhCcjNBTXdHcE930gHnAUFVX3lxTE4ySzU5dXFIdVNDVG55MDRHN2hBX0p4LXYyT2dfQkdIYmZsSTBhREJuRi14bGF3WHN5SEpZdnZjaFdELThlaFlmQ1lDVU1EUkJScUE1MzFJVkFNZkVvZXlaUE1Kc0I3M3F6VEpMRWFldzBEbndqNmI4bFBQSWJpa2VNQW0xVVZIMHJlSTFvZF9VSDFMVGlKcmF0Q2RKbWRFeV9DOEFhLU5QTDJxRnBUMEVMVG94c09HUFYwYmVCRWtrTGdPZllzN052NjVzUGxhZlpJeURycEZHR2QzZE5tMXRpTmp0d3NzUQ?oc=5,Google News RSS,,,GENERAL_NEWS,0.56,GENERAL_NEWS,GENERAL_NEWS
Stone,2026-04-26 07:00:00,2026-05-14T03:31:55.033318,news_signal,GENERAL,1,0.2,,GENERAL_NEWS,StoneCo Extraordinary Dividend Highlights Surplus Capital And Valuation Gap - simplywall.st,https://news.google.com/rss/articles/CBMi1wFBVV95cUxOTTA1RlI0am9iZ1dVUnN3ckVscVV6MEtFN1VnWXdqVEVJNUVPT19zQnM3YkN0T0RzV0I5S3pvSFVVZ2tqMkJmSzJzczg1d2hTVXU5cmZMQnNBWUppM1RjQTN6THR3X3djTVhvbktfQWc2MnRkTzVDTkRWRjRQcmNXZmxOSWdEWVZJckhkbHZIQUVRS2tYTU1FZnZiYzAwV2c0QWpaUjZKRzhjeG5TZVJnVm5ETy1wNV9kNjRHdW1wMjBMV1pQekxWeXJKdjZJV1F0RjlrcTY5MNIB3AFBVV95cUxObEdxbmpZOVE1RnVPaTcxSFFqXzBzajRZSGhnQTdyRDlSelhZSklPdkVDSV80MFNwRGJQX2xIOGo3NkpVLTFQMUJlbVFWOTBueDVjNXZvZUt6SENzRDhGRlZxWWs2bGxoOGpIZU9zNldFVTJWckV1dEdQT25lN0U2bHIyYmZ3dVo2bnl3VHcwNXVWeXpINW5wMTdsMnU4Q2c1cVBpSDkxTTJQUGhHcW9tUXB1NnlfYmJhdTUtdkxyaUJtWXVoSHlucXRnbElrV2pLbU5GSXg2NlptS1VH?oc=5,Google News RSS,,,GENERAL_NEWS,0.55,GENERAL_NEWS,GENERAL_NEWS
Stone,2025-11-22 08:00:00,2026-05-14T03:31:55.033318,news_signal,GENERAL,1,0.2,,GENERAL_NEWS,StoneCo Will Need To Amp Up Returns To Shareholders To Avoid Over Capitalizing - Seeking Alpha,https://news.google.com/rss/articles/CBMiuwFBVV95cUxPLWVXZ1hMTlBDV2h3WkZKZlFXUEhCNUJNN2RTTVNaeFM4N2NMWG85MzA4OF95RF9tMjNhOXRobExCTDlxR2ZQQUF0ZVJqa0pCUWx6eG5zVGxyWm1JVm53a1B6NFRqejc0SkZ0cThTWTd6QlZyQmpoSFEzVXE2eG5TVVJTdGI4MlpHd3ZiTi1PTmZXTngwcllMRWhfeGJiU0hIZ2NrWlREMGFyWnFNTzluVHJISlRObEx5LVJz?oc=5,Google News RSS,,,GENERAL_NEWS,0.5,GENERAL_NEWS,GENERAL_NEWS
Stone,2026-02-28 08:00:00,2026-05-14T03:31:55.033318,news_signal,GENERAL,1,0.2,,GENERAL_NEWS,Is StoneCo (STNE) Pricing Reflect Its Recovery After An 81.6% One Year Surge - Yahoo Finance,https://news.google.com/rss/articles/CBMiiwFBVV95cUxOTjhPYmFMZS1wWUU2MGU1RDYwSU44d1dQYzJwNU5teEx4SXdhdzFKQ29KREpDRXZWOUdmU01pX0w1REZJa2hoVGFSelZmcmdwSHBYTVVIbVRlYzVYUW9YQ0s3YjFBX3VDUGVSa0JqT0J5UjlsSWlSM1EyN2lIb1Vlc2NUb3BocG9aNjlV?oc=5,Google News RSS,,,GENERAL_NEWS,0.51,GENERAL_NEWS,GENERAL_NEWS
Stone,2026-05-01 07:00:00,2026-05-14T03:31:55.033318,news_signal,GENERAL,1,0.1,,GENERAL_NEWS,Is StoneCo (STNE) Now An Opportunity After Recent Share Price Slide? - simplywall.st,https://news.google.com/rss/articles/CBMi1gFBVV95cUxPa2Y5RmZZbUcyQXlYdUpBeW9Odllod2F6RlNpWWJnb3AzWjhlMXdkU0F4VHg4c0Q1dUpDV3BkVzVyRE1hSlh0TG9VRS1VXzZDZkdaU3RmY3VQTncwRlctdGIxMDlSWkpPSF83OW1hVXNoUEVLVnYyMHNEYVN1N0ZzRUtEYVRPZzR4VmtKanRsajQ2endpemI5Zk1qWElnTEE3eFRrcTZuRUN6dXBhWWVKcmZHbWJvcUZ1OTgxTDRpQzg0anp5dkRzM2pySVdXanBNd0NwVjRn0gHbAUFVX3lxTE1Mc1VnT081UXNKeW5oTDJHRjBwdWJOZUx2LXlQaWxVQVA4SFVqZnY2eUoyVGMtOFg2M05zcVhhNzIxVThxblFOekliM2JRY2I5bVQ2NWVrYVhfSEFvMjFwZ1hfQ0drQ2Q3alBSaHNUcHBteHdRbjRQbmxqa0V5WDBQODFyczRZNURJQUlTdlNKbXZzUlNXWnJaYXliTF9teGVnX0hvbGxqcHVSYzlFbHVxYVkxX0VoY21XbEJpZktiRVFjS1h6Q0k0Sl9VNm1OdFVadjR2MS1wQXR2cw?oc=5,Google News RSS,,,WEAK_SIGNAL,0.41,GENERAL_NEWS,GENERAL_NEWS
XP Inc,2026-03-27 07:00:00,2026-05-14T03:31:55.033318,news_signal,FINANCIAL_SYSTEM_RISK,2,0.5,fgc,WEAK_SIGNAL,Itau BBA Raises PT on XP Inc. (XP) - Yahoo Finance,https://news.google.com/rss/articles/CBMijwFBVV95cUxPeDFjYWNBYnZmVk5NWTkyNFhoMGpWby1XWGNGSFZ5M3hRYnBhWF84Z2I1c2M4ejFGc3gtN1FfTnZfa1NoYkMxUWxVcVh1LWJZR21DS0lNdVVnaUFDVjc4eGpFOGRreTltbEJaSlZRWDN3SGJPOTlxV3hlN1kybHQ3bGJFb1M4QUlSenNObWxJUQ?oc=5,Google News RSS,,,GENERAL_NEWS,0.5,WEAK_SIGNAL,WEAK_SIGNAL
Vale,2026-04-30 20:41:54,2026-05-14T03:31:55.033318,news_signal,GENERAL,1,0.2,,GENERAL_NEWS,Vale SA | 6-K: Report of foreign private issuer [Rules 13a-16 and 15d-16] - Moomoo,https://news.google.com/rss/articles/CBMimwFBVV95cUxObXZJbDFoSkJpVGI1M2ZvNzUydnk5MENSRU03MWJQT2lieVNmeThpWm1vanEyaDJZWnJzZ0VTVXNfbUtBMkFreUNnSkk4WjROZkJYa0gxUVh4cjlDMlFlMWdqVS1jS1JkMXh6QTg2N0JZZTg1WEg2S3VRM0hOa2VHZW50aDBieDd4ZERWalFrUVhfUmhfc0ZlU3VSYw?oc=5,Google News RSS,,,GENERAL_NEWS,0.66,GENERAL_NEWS,GENERAL_NEWS
Vale,2026-03-01 08:00:00,2026-05-14T03:31:55.033318,news_signal,GENERAL,1,0.2,,GENERAL_NEWS,Vale SA (ADR): Brazil Mining Giant Tests U.S. Investors’ Nerves Again - AD HOC NEWS,https://news.google.com/rss/articles/CBMiwAFBVV95cUxNYi14a0VqMkQ1Mkl1R2laR2dhWkhKTmhEd2sxTXlLaUlna0RfMW1McE9rSDJaX0dPeHh5TTZrM21IVnVaMjhabzBZTEc5YnEtVWswbmp1SGg0RUFlVS1LdVlBamQtbjNpdHlaNE5ncFlud0JwOWNRazlOSEpUOTRJUDJrdS1BVUdhYTdkX0ROTTFJN2NrSGxfQXVUY1A2d0x3X09JRzJzbmRiQXVBamctVG5ReUdTZndkQkUyU2UzNWc?oc=5,Google News RSS,,,GENERAL_NEWS,0.58,GENERAL_NEWS,GENERAL_NEWS
Vale,2025-11-21 08:00:00,2026-05-14T03:31:55.033318,news_signal,GENERAL,1,0.2,,GENERAL_NEWS,Vale S.A. Maintains Baa2 Rating with Stable Outlook as of November 2025 - The Globe and Mail,https://news.google.com/rss/articles/CBMi6wFBVV95cUxPUmI5VUJvZEx5bzhadDV4bmxpdmZlQTh0X0wtVVFtNzlSaEY1RFJfZ1VjSTB2NC1JenAtbm9LM0lNN2FaTDVwY21TT04zbE1ZNk81MG5QS3ExNUdxTWVwYlVPNmtwOXBkS1FNTTE2VnI2MjlqbVpqZkt3ZXZQTzhPRk9jdDYwVDdkcXFtdjhUZTJUY2VWcmZpYWdVbVNtMHEtOWItVjJ6dzN4VmZoQjBXZUJaSGZDUlVyZ3F1OWNUQ1RBVTNQbDhkZ18wejdNX1h1akEzNFBFUnc1R016MndzN0lLVjZRVDlkMHBB?oc=5,Google News RSS,,,GENERAL_NEWS,0.54,GENERAL_NEWS,GENERAL_NEWS
Vale,2026-04-28 07:00:00,2026-05-14T03:31:55.033318,news_signal,GENERAL,1,0.2,,GENERAL_NEWS,Vale SA | SCHEDULE 13G/A: Others - Moomoo,https://news.google.com/rss/articles/CBMif0FVX3lxTE9seW5sWW1HVEFVWUt6bWlxdGEzNDJDNzd2NUp6Y21UNjdLc182QVpXS3FmTGFVbXJOak1QeWVkNTRzNGNDYjZHaHpvcXQ3LUJuVXVEaTl0RWE0dENrNHoyenpEdERVWE51ajJ1NGJqb3BEbEJXNFpZd3QzRGhMekk?oc=5,Google News RSS,,,GENERAL_NEWS,0.57,GENERAL_NEWS,GENERAL_NEWS
TIM Brasil,2025-07-18 07:00:00,2026-05-14T03:31:55.033318,news_signal,GENERAL,1,0.2,,GENERAL_NEWS,"TIM Brasil and BWS IoT to connect 400,000 tracking devices - Telecompaper",https://news.google.com/rss/articles/CBMiogFBVV95cUxQdTc3VV9ZOVgzM0RJNW5Ia1BMUDF4OXE2dzhBWDFnbmc1Znd6OFlsS3B5dXpuel8zaWZSNnVuZlJZaFp6a05ydkJCWmRlc1RsdFZjbm5SME80Q2tBeXFacDdyQktiT1I0LWVHcF9WWk5FcE8xOF9LbVNPYlFDN1I4aVZQV2FXWTNXNWlBVmRzVFc2cnd3ZDVEWDFHQXlwUmJkX0E?oc=5,Google News RSS,,,GENERAL_NEWS,0.5,GENERAL_NEWS,GENERAL_NEWS
Nubank,2026-05-04 11:00:00,2026-05-15T03:33:00.757319,news_signal,GENERAL,1,0.2,,GENERAL_NEWS,NU E Power: Standardizing risk to unlock disciplined power development | 2026-05-04 | Investing News - Stockhouse,https://news.google.com/rss/articles/CBMiuAFBVV95cUxQSEZKaTdkUW5ydENpRU94NmlycFUwNUxoUTB3UEV4dV9kWTExcG9fUHlvVkRxUUxsdGY4QXNKazA0UHN1RjJRb3Z2Z3BldGlhVkxvTi1reWdsOG1QWm9KQ0RtWW1NWjg5RGpiR1IwUlJvd3NmTlBKSk01NnJtN1V5UnYzOUFkUW9fUGlHV3ZheWR3bENIM3JhVEZvVjF5LW1JUDdhY0pQMWFmaDgtRV9tY2w3Y051SG1J?oc=5,Google News RSS,,,GENERAL_NEWS,0.48,GENERAL_NEWS,GENERAL_NEWS
Nubank,2026-05-10 06:03:31,2026-05-15T03:33:00.757319,news_signal,GENERAL,1,0.2,,GENERAL_NEWS,Nu Holdings Ltd. (Nubank) stock (KY.G6683N1034): Growth and risks in Latin America's digital banking - AD HOC NEWS,https://news.google.com/rss/articles/CBMixgFBVV95cUxPR0NZTThvRUcxem0xcEZEVUN0WkNXOEdIaERHeS1NNHZGd2Q3bzBWb2FSdEd2Zk9oU2lmbllJaDhVa29NS2ZxOE9Rb1NVd3VQMFRuU1VfSlB1clFfZVZJcUY1MVgxb1cxOXVWRDZQY0hWdGNNaVo0cHZ3bmFRZFlLdWhIZTl0UUVDdVFDMVlCYjlXSDZ6TExEenRqQjJBQ1hEMm1QaUE4ZGxTUFplSzlreHNKNkZicmFEUE4tdkplaE5sQURjcFE?oc=5,Google News RSS,,,GENERAL_NEWS,0.59,GENERAL_NEWS,GENERAL_NEWS
Nubank,2025-09-01 07:00:00,2026-05-15T03:33:00.757319,news_signal,GENERAL,1,0.2,,GENERAL_NEWS,Nu Holdings’ SWOT analysis: digital bank’s stock poised for growth amid challenges - Investing.com,https://news.google.com/rss/articles/CBMi0wFBVV95cUxOeVFQREtLeUFXUmNaWldOWHoxb0tOZHBtclJIcWFLVDlmeDA1RnBnNlBxdUNCaHVZRWFYOXEzQjJJUlBibk05WkUzRzBuRDc1THdUN3NkZjMtQ1ZTRWNrUzh3NmhfS1FGWFlSb0VXLXNualRXQ3lkWi1NekxPUzloTkV1NjlBQWNVb3o2aEo5bHZQX1ZxV0cyWnBNYlRXTGFacjF1MFdPby1qS0RXYzJ0clVHanJNQlplWDFzT01hczVabDhJTnpxVHRlRzdlejZMNXgw?oc=5,Google News RSS,,,GENERAL_NEWS,0.5,GENERAL_NEWS,GENERAL_NEWS
Nubank,2025-08-09 07:00:00,2026-05-15T03:33:00.757319,news_signal,GENERAL,1,0.2,,GENERAL_NEWS,Why Nu Holdings Remains A Buy Amid Brazil's Economic Uncertainty (NYSE:NU) - Seeking Alpha,https://news.google.com/rss/articles/CBMipwFBVV95cUxQZDZKcTlSMDdqMThoejd0emNRRWg4ektmWUdSdEpuQk4tNUZCQWZJcEx3SWptTGU5QzdKSVFjcVFXZTlMc1Z1NWVZM0p1MXRDSWp4aFk4RHRNb09YeEFKTk5FNWhaRDlmZno5Q090R1F4bzQ4QmZuLTRtZ285R18zR1FIQkRUSHJwTElFSlh3b0xtcXA2UGhRYVhPUDBiYUxNZVh4d0RsOA?oc=5,Google News RSS,,,GENERAL_NEWS,0.54,GENERAL_NEWS,GENERAL_NEWS
Nubank,2025-07-18 06:58:50,2026-05-15T03:33:00.757319,news_signal,GENERAL,1,0.2,,GENERAL_NEWS,Nu’s Nubank Is Growing Fast – But US Expansion Is The Test - Finimize,https://news.google.com/rss/articles/CBMiWkFVX3lxTE9CdlhxRTBTTVJhVXhpSUZqTzE0bnVFdzRSMWJzdUt1MGtCTUJEbkxRUmxvWERPRzF1UUJ3Q0tubU1EM1JKQ0dmdDhxZmc2LWFQS3EyOXgwQWZtZw?oc=5,Google News RSS,,,GENERAL_NEWS,0.43,GENERAL_NEWS,GENERAL_NEWS
PagBank,2026-05-13 12:00:00,2026-05-15T03:33:00.757319,news_signal,GENERAL,1,0.2,,GENERAL_NEWS,"Press Release: PagBank Reports Recurring Net Income of R$ 575 Million in 1Q26, Driven by Revenue Growth and Efficiency Gains - Moomoo",https://news.google.com/rss/articles/CBMi0gFBVV95cUxOX1RQX0V3SXhxUEp2UzhBX05oUzMxSjh2d1J4S2V6cWt5cXUyMU1sYktia3FQTEdzMlBQdksyaVpwSTBJTGJRS1I5TGVNUmVzR0EyeGtHNkkyRGNQVEdfcnBFem5vdDVXTGE3bXBhVEFwQjdRcjh1Q0dpTUFUSi1PR1puSUwxVmFRVG5RVnZaN1RPUTdMMDVMTUI1bHNTYnVXNjJwVlE2Y3JUWGRuZHBMRS1KMlJuRHVSbWk0UTRJVmUzOFAzX25FNDJzNjhXYXJPaFE?oc=5,Google News RSS,,,GENERAL_NEWS,0.54,GENERAL_NEWS,GENERAL_NEWS
Stone,2026-05-04 21:42:01,2026-05-15T03:33:00.757319,news_signal,GENERAL,1,0.2,,GENERAL_NEWS,Behavioral Patterns of STNE and Institutional Flows - Stock Traders Daily,https://news.google.com/rss/articles/CBMiywFBVV95cUxNWTZuY2hURUpsYVF6VERZOUxOcWMzZW5neVhJa25QdnM3bTA3Y3R6UU00UW83SXdybko1aVVUN2xSRnVhNmxxM1FyVDBxQXVGQ0lKLWRyc0h2MXBYR1d4RnNYeVVKaHJuYUNYOEhkTXhWa3hNamNJNWpLZnNDd0VSR1Q5UHdLUVpFU21VOXlzYzhIOFRpdk8tMEZIanVvajNUWGROUXYwSWItTExUcTJzYm9tX0V6S3VnR1ZjNnZndk9TeFNkYVZWQmJSYw?oc=5,Google News RSS,,,GENERAL_NEWS,0.55,GENERAL_NEWS,GENERAL_NEWS
Stone,2025-10-28 07:00:00,2026-05-15T03:33:00.757319,news_signal,GENERAL,1,0.2,,GENERAL_NEWS,STNE vs. UPST: Which Fintech Stock Should You Pick Now? - TradingView,https://news.google.com/rss/articles/CBMirAFBVV95cUxQUWxRNTlrNlNaNmtoNnR4YmJOYVJEWnF3cUJmc0c3WG5EeWRHamVoVFhUVXpaWnUxNmFXaHVKMTBURDhfUE9IemcwazdLUldfei1waVI1M1Z6LVZ4QlRoSzladFA5QTlPSjRuWmEwdEdRTDhkaGpUSERUQ0dIQ3ZaMTcydTVfaUxCYWdqOHhfZE1vY0dmbk9JM3ZyeVRBQ2V2cWd4S2h3UHgtb1lz?oc=5,Google News RSS,,,GENERAL_NEWS,0.52,GENERAL_NEWS,GENERAL_NEWS
Petrobras,2025-06-03 20:41:17,2026-05-15T03:33:00.757319,news_signal,GENERAL,1,0.2,,GENERAL_NEWS,Descomissionamento de Sistemas de Produção de Óleo e Gás Offshore - Petrobras,https://news.google.com/rss/articles/CBMieEFVX3lxTE9ieW9CMkw2cXhWZW5IWEpwU1FyZm5OQVBPT0NSaVR3WmdqZDk5aVctQUFXNUNOZE0tTmxkVVRKUGR4OWhOclNjZ2kwRHNTZ2Q0WU41a1NhRnBoVkpqcjhSdHFObFZKclJTN3E0RW5BMlFxd2xVX0FfbA?oc=5,Google News RSS,,,GENERAL_NEWS,0.42,GENERAL_NEWS,GENERAL_NEWS
Vale,2026-05-12 17:54:33,2026-05-15T03:33:00.757319,news_signal,GENERAL,1,0.2,,GENERAL_NEWS,Climate Change and Increased Risk from Vale’s Mines - earthworks.org,https://news.google.com/rss/articles/CBMihgFBVV95cUxObUlKLXcxbHpncFZ5TkFiZ3NCNHNGSmlzZC0xWnRrQXMyZjJ0QTJSNlo4b2l3U3pqOEs4VkNDaHctalRYNGNqazF3QldBNENzR1JxYW5Cb0xoSU5ndjZyVEdEZ1gtSmtXcXdDMlJ2d3pWTUJzRml4STZnSU1SY3h0ZUpoZC1GQQ?oc=5,Google News RSS,,,GENERAL_NEWS,0.52,GENERAL_NEWS,GENERAL_NEWS
Vale,2026-04-29 07:00:00,2026-05-15T03:33:00.757319,news_signal,FINANCIAL_SYSTEM_RISK,2,0.5,bc,WEAK_SIGNAL,VALE S.A. (VALE) Stock Falls on Q1 2026 Earnings - Quiver Quantitative,https://news.google.com/rss/articles/CBMijgFBVV95cUxObmZqWThCMU9uVFVmMDZnS2NDYlg4QWdOYWxBanNfbWJZWTNUcnN2alFFTmRnMWpOOXMyMFBFbDhXLWFGbUhUZzBiRE9FRVJDTjhWRGNadlZkQURBYTdEaGNJYjh5ckFON3huNENIVVhBcHhkUWdYZFZ2cF8xXzVsZ3FxNUFtMHV1cnE2LVRn?oc=5,Google News RSS,,,GENERAL_NEWS,0.41,WEAK_SIGNAL,WEAK_SIGNAL
Braskem,2026-05-14 15:35:32,2026-05-15T03:33:00.757319,news_signal,GENERAL,1,0.2,,GENERAL_NEWS,Earnings call transcript: Braskem Q1 2026 beats EPS forecasts significantly By Investing.com - Investing.com Canada,https://news.google.com/rss/articles/CBMi0AFBVV95cUxPYXM2c002THVaQ1BJNjdlZS0wR2ZDYUF6RkdhU2hETUxrQ3RqeThFdXd2V1FQdzVWMXUyOC1rVmVHX3IzX0ZpaFpSVWkzT3JTdEw2N1VHZXQ2V0xoYkV0VkprMHZJczJBUlExR2E5cjFsRG4tcjNSdTdZZVItZUxYYl85ckJMbEliMHA2YTl0ektZYWRISzhNXzZNODhqM0tWX2hRdnd1RDhfTnkzQXhsVEJ4LXlDR1pLRExsUnhzUHQwRE1vWWQ2T0FvMFc2UnNR?oc=5,Google News RSS,,,GENERAL_NEWS,0.45,GENERAL_NEWS,GENERAL_NEWS
Braskem,2026-01-21 08:00:00,2026-05-15T03:33:00.757319,news_signal,CREDIT_LIQUIDITY,2,0.6,default,WEAK_SIGNAL,Braskem Coupon Payment Alleviates Immediate Default Risk - Smartkarma,https://news.google.com/rss/articles/CBMilwFBVV95cUxQbEJNM2RZNEhWc3NwdWpIRFVMeTBnSXg2VXZQSDZoX3djcDZHNzRrZmNXaDV3SW9Db0JYc0xsc1dfRk5qajBmOWJHSW04NS1FME1kTUNfbFZyZ0NVWW5kVWhiYm1XdWEzN0RmbWVCLWFKTTVjNi10V3VlMlVnbWF4SjU4UmcyOGk2aTBMQVhobVVHdTdFcmpj?oc=5,Google News RSS,,,WEAK_SIGNAL,0.52,WEAK_SIGNAL,WEAK_SIGNAL
Braskem,2025-10-21 07:00:00,2026-05-15T03:33:00.757319,news_signal,GENERAL,1,0.2,,GENERAL_NEWS,Braskem: Novonor To The Rescue (Rating Upgrade) - Seeking Alpha,https://news.google.com/rss/articles/CBMikAFBVV95cUxOdG11d2EwV21RZ0RqSkJrazRsNXVQTTFCMXlVQXpBTDdtX0ljRVdRRl9tSmpBdzRhbUw4cGs3TFE0V2FOVEMyRVQ1UFg3ZGROMGkyZmJjaWlTX092cDdJdnJyXzFHSlVENEJkcnNvLUpTaU9abzRwVm1EYnc3LUtnLTlfaWswMTg5WjNUQjBDYWY?oc=5,Google News RSS,,,GENERAL_NEWS,0.47,GENERAL_NEWS,GENERAL_NEWS
Eletrobras,2025-08-08 07:00:00,2026-05-15T03:33:00.757319,news_signal,GENERAL,1,0.2,,GENERAL_NEWS,Eletrobras Selects C3 AI to Scale Enterprise AI Across Operations - C3 AI,https://news.google.com/rss/articles/CBMikwFBVV95cUxON1JCbTJrYlQ0WlVtUGRZd01sMjNjOUhkLUk5SHFfOXpqY0NoenZsMU5LaWdoN3pJNzhvbjNVMHRnXzZLLS1DQVlqcWV4X1F4X19VQW0wY2tZMmlobFlGZ2hmeFJPNGtMQ3V3cGxkOWdwc1NDY21QSXFNNGk0WW1xZ2xRaDNia3pjZlBoUjA3V1NKd2M?oc=5,Google News RSS,,,GENERAL_NEWS,0.44,GENERAL_NEWS,GENERAL_NEWS
Vivo,2026-04-30 23:11:27,2026-05-15T03:33:00.757319,news_signal,GENERAL,1,0.2,,GENERAL_NEWS,Is Telefonica Brasil SA (VIV) Overvalued After 4.3% Rally? GF Va - GuruFocus,https://news.google.com/rss/articles/CBMiyAFBVV95cUxObWJyOGZwUmg4MGhRM2trUXRvM0dSVDZaTTJhMTZPWDhDS1piSGZXaExfeFdabDFTLWk4UjJjZmFUaTJXWWpQRjdUUzUzcHNyRUQ0aENkU3hfVi11YmVWdmIxTTV6c1VzQTFVU0dUNTV0a2hGcFhhV29UX3VvUFY4WGlEbDdXOGVZblUwZG9iUTE3bFRYVEdwZ0paeVNEblRRYlV4WmNELXBJbW5HMUVacFJkbUlNaVk0M1NBRGp5czVhQUdORFV6eg?oc=5,Google News RSS,,,GENERAL_NEWS,0.6,GENERAL_NEWS,GENERAL_NEWS
Vivo,2026-05-11 12:40:00,2026-05-15T03:33:00.757319,news_signal,GENERAL,1,0.2,,GENERAL_NEWS,Press Release: 1Q26 Results: Telefônica Brasil S.A. - Moomoo,https://news.google.com/rss/articles/CBMiwwFBVV95cUxQajhUa2tKVGV0cHR4NDJrTWVkMUMwRkxkZUN4VnhnR3JEb2wtcGc4WlM5b0FPaUFvTlROZUxNVC0xY3dPMFZYMHJwckYyemdWWVNCM2oyUHhJRFVUUEVDU3c4UllkYVdjRVplbVIxNlNQNWFXS013SFFzZGx4S2thRmVKRUUtbHpMQmppN2tScHJ6LWRxQzB5SnkwVi1QMWVlX3pySDB1REZJVXZHLXFqbXp6M0ZPOTczcWVhQTcycW4yalU?oc=5,Google News RSS,,,GENERAL_NEWS,0.53,GENERAL_NEWS,GENERAL_NEWS
Nubank,2026-04-10 07:00:00,2026-05-16T03:31:14.815451,news_signal,GENERAL,1,0.2,,GENERAL_NEWS,"Nu Holdings (NU) Chief Risk Officer exercises 2.36M options, holds 4.68M shares - Stock Titan",https://news.google.com/rss/articles/CBMiqwFBVV95cUxNMnJiZVk0bnhQUFBTMzRnVVVYdTV5RFFteFJhT2duWl80UGhJSXM5YkxIMW9QU0wyUUFHdGl3ZEVPNkVzS3o1N0lCbV9EZlR2VVA5dzZlVDZMZUE5dzBNTlhiaUUwc1gzUE9IZTExcktva2xYbkhnaUp1Y3BlcklFR2Z0ekduc3R0WkhsYlRqY251SldwT2dwejZJQ0pUNkZSUFNiYm5lUTVBakE?oc=5,Google News RSS,,,GENERAL_NEWS,0.52,GENERAL_NEWS,GENERAL_NEWS
PagBank,2026-05-09 15:42:01,2026-05-16T03:31:14.815451,news_signal,GENERAL,1,0.2,,GENERAL_NEWS,Does Softer EPS Estimates Amid Expected Growth Change The Bull Case For PagSeguro Digital (PAGS)? - simplywall.st,https://news.google.com/rss/articles/CBMi4gFBVV95cUxNRDNNZUxicnFEcTFUTTRCay00TFBIc2pTNV9XVGtaQ0VzWnlnZEpvZ2RZWExVTzR5NHJlZVpHdHVkMUpXZE0wZnJGVGhPMmtXb29POE91OHllVWdDeExoXzRHS25EWDhRT21fRVZhM19zUmZpQkZNSV9DeXJZOVJJdXNIQWUzTzU4NnNaNzlrTVplMDBVQVc3WGxTNVNVOHI3TGZwVTFITzRaMTM3MU9GSUhiZ3JRd2duSzZQTmtydS1lSzhRSHJRSXctSTlsRXAtcEZSZVdkeXFBYVdKMUlpcHVB0gHnAUFVX3lxTE02Y01XeGotM0RnZmVkMzZJMktaX201bWlsckJiWlR3QWFQQTVRdFk2T0FWMHUwYnlHNjBZUlowY21reEp2M2RPMFVkckd5Y2trTHRaOVpTUFVSQThmMDVpUjRlSXBNaGZZZHRKLXFRcl9TYnZrbWhnMmQ2VVgyZmx2Z2Q2RFZmZE9DclJ1Vk5JVENER0J2VUViaUVTRU4yRE50dHdaeHpob19DVENTaHhaY0Q1VmdCcjBYYkkwLVhOMGRQdGpwazRaMG00dk82Y2dnaWhLd2Q0dGd3TXVrZFpWWWprdmFPRQ?oc=5,Google News RSS,,,GENERAL_NEWS,0.61,GENERAL_NEWS,GENERAL_NEWS
PagBank,2026-04-09 07:00:00,2026-05-16T03:31:14.815451,news_signal,GENERAL,1,0.2,,GENERAL_NEWS,Is It Time To Reassess PagSeguro Digital (PAGS) After Its Sharp Five Year Share Price Drop - simplywall.st,https://news.google.com/rss/articles/CBMi4gFBVV95cUxQTVMtZW93Q1hxZWlQeGF3SzR6MU1FR2RPZHVTZDlmWkZ5aHVQZENCWWJPQjV4WElVdU52WFJ1dmZRdFJoemR5SHdGUFY5cW54NXpwOHg5eTFTbEFMVUpZTm10YkYzbjVCNmRpZmI5b1ozSjktRm9PU3lJWDR1NWFtMjBOOFdwbjFoTUlVU3R1R2FrQTdhX0V3bm5BeVBUbVJWTk1qalNqc1JrOTdqZXkteDQtVTdfMGpaeVFlSWJxNlpqbTVuQm5jc1FkZE5tSkMwSzkzVWJuV3VMZVZWNW52c19B0gHnAUFVX3lxTE9mNWYwcWsxajlTMllzVkl2c1drSGNyaWs1TU1sVWNNUXdsY2Q0azlTRlA5czNHV1BUTEk0OUY1UzN3TlBYODdwN2o0Rk1iTkhpUlljOGR3YjJxQlhUdU5oUERyOTczX0U3MlV3MW0zeXlGX1JuY21pcXdjY1N3UG4xWGxuX0ppang4MDZ0M1B6dXkweU5HcXRiSkhiVkJ2Tm1Ra0VISEh6NktadkJhMG4tVXJRWktIblozcTFraHRWa3paMVgteFlyM0lWbDFZV3ltN2hFNEJHOHNubEJtNWdpUURULWF0SQ?oc=5,Google News RSS,,,GENERAL_NEWS,0.45,GENERAL_NEWS,GENERAL_NEWS
Stone,2026-05-06 00:02:52,2026-05-16T03:31:14.815451,news_signal,GENERAL,1,0.2,,GENERAL_NEWS,StoneCo’s ESOP Shelf Offering And New Directors Might Change The Case For Investing In STNE - simplywall.st,https://news.google.com/rss/articles/CBMi1gFBVV95cUxOUGMteU90VWFTY2I0Q0hwZ2FDQjdfbnhJVlcwTkczNlBtNXRsN0hzNDI3azJ5TGd2UkcwbjJQN1RqbWZuZ0ExamxSaGIybnJvb3ozQzdzQjFXRC0ycUM2czZjd3Noc0I1ZkNuUkgxQnR2SnJhdWx4cTdjc1pkS0Z2WThENzN2X2JIcjFfRTNvclhwUFRsVkN4b3RkX1RwNElJODhiLTUzTnAyS29kWl8yZzNRS0FkM3FIMjNlaUEyN0JkWWFIbXk0Q2tWWXpEZ1VxcHZLTmVB0gHbAUFVX3lxTFBKX2VtdkF5RmJZcjlGTEpDOUhzZDB1ZEFxRm9PRW91YlBwdmpQVG1SeU9HeUFMckY0Q2ltdHpkbmM4aVFFRy1USm90b0lYZXlUTTdTSXBRVWw3bmxBV1hya0lVX0lSUlpOak9XZUZyb0IxUjJpTERDd1o2Zlc5blRGWHhMTVZ4NHplWkI0dF8zM3BBeHVtd0IyT0JGbGtYQ1BzUkJBUTB5bWlrV1QzRm1jWE9tVHJlWEVDWmVINnlEZF92TFg0bmdNRkR1MVBQb09MN1gxR2pMOXFkYw?oc=5,Google News RSS,,,GENERAL_NEWS,0.55,GENERAL_NEWS,GENERAL_NEWS
Vale,2026-04-29 07:00:00,2026-05-16T03:31:14.815451,news_signal,GENERAL,1,0.2,,GENERAL_NEWS,Vale SA | 6-K: Report of foreign private issuer [Rules 13a-16 and 15d-16] - Moomoo,https://news.google.com/rss/articles/CBMimwFBVV95cUxPZllHOHRGU2dvangyNXVUV0ZvRGxjNUt3bkREa3U5OFd1aF9PY1IybTZJdTB2dy1VaVV4dHc0TlpCZFRUNTEtOUY0NUxMdld1ODVRQ2FsRTVtS1BrR0xOcUtTaW5SSDVTaEpRMnl4eHVQdVVkT0pTcGwwTk5EQ0pJdV9XTmU1R3J2dmNyVU1aZEpLRnl5SUhZWE11dw?oc=5,Google News RSS,,,GENERAL_NEWS,0.66,GENERAL_NEWS,GENERAL_NEWS
TIM Brasil,2026-05-12 22:21:25,2026-05-16T03:31:14.815451,news_signal,GENERAL,1,0.2,,GENERAL_NEWS,"TIM Brasil Q1 2026 slides: revenue rises 6.5%, new partnerships fuel growth - Investing.com India",https://news.google.com/rss/articles/CBMixgFBVV95cUxPaTFHNXVVX0J6NEpQTVNLaXI3RFNDQ21oaHQtZUtmQ2F4ZGNtbUNIVUJQSmZYaF9YTDNWdmg0ZDhyWEFidmtyZW1kdkZGcEpKakNFTVFpRURvY01HUTVCMGUzTWJteWlhOUVSTXZnTkEybVl2Y3MzSVc0VW53SFBmcHBuYUx0UjJBRHJ5SnJZVGpyV1JkcFZEa2d5d0NCaklxSlJQSS1iT1FOVTlKRE1ZWWFtb001R0wtMGp0TmkyNFJ3VTZLdmc?oc=5,Google News RSS,,,GENERAL_NEWS,0.48,GENERAL_NEWS,GENERAL_NEWS
Vivo,2026-05-12 08:07:33,2026-05-16T03:31:14.815451,news_signal,GENERAL,1,0.2,,GENERAL_NEWS,Telefonica Brasil 1Q Adj EPS BRL0.39 >VIV - Moomoo,https://news.google.com/rss/articles/CBMiigFBVV95cUxPR0k0UjJFT1haYng1X3lvYnlCMEgyVUE1S2xqeGxNczlDM0h5OWs0N1h0NWxSTGhhMDhsVks0Ti1vNWRyeDY4RFZQVENYNUVIZ3JjdWdHZGFDdGs4eWplZjNlRzQ2TXJZcjM5Uzh2QjQwMU5zN0FYZmpKTTU3cEM4MjZ6N3JVOVJleGc?oc=5,Google News RSS,,,GENERAL_NEWS,0.64,GENERAL_NEWS,GENERAL_NEWS
Vivo,2019-05-10 07:00:00,2026-05-16T03:31:14.815451,news_signal,GENERAL,1,0.2,,GENERAL_NEWS,Telefonica Brasil Pays $4.1 Million Fine in World Cup Ticket Case - WSJ,https://news.google.com/rss/articles/CBMiqAFBVV95cUxOQTZ3TDJ1OTFtUkhzc1hOaDBHY0d2NFd5a2pvVzNwX012SHhtdlFJOUpqS29kQkwzQWE2Tl90Ry1MSVB4cU1YZkpicWFpeTlLcTlNUHV3bVY3VU1OU0ZtTy0tVV9jWGx2eWJXb3RKR0x6WHlpODFBRTBqcmZXczZKRmRJZXIzWXgxR0ZscVE5c3FxekFPQzg0NE8xQ0pWNDJhVVVCdzF5b3k?oc=5,Google News RSS,,,GENERAL_NEWS,0.53,GENERAL_NEWS,GENERAL_NEWS
Banco Master,2025-12-24 08:00:00,2026-05-17T03:31:05.081003,news_signal,GENERAL,1,0.1,,GENERAL_NEWS,UOL. . Moraes não fez qualquer pedido ou cobrança sobre Banco Master a Galípolo | Daniela Lima #UOLNews - facebook.com,https://news.google.com/rss/articles/CBMi4wFBVV95cUxNQUppOVN3b2RZNkFuQm96aE5rekhIcUtZYlREOW5ERnlLcW5pZTZHVDBTRGFIdUlHVWhPZVFybThiYjdRcUVHek12UkFmd1lObWx6MWo1S2lXeS0tbWNSTWVqYVpNQ0xQaHR4VElUelhka3JxUmZWVGtGNHh6THJiZ0ZXWFlFZkZOaFZhcE5PbXNwbHJOMUcybVNOSmtpRmtpamRoQU9SME5MUUlGMERod3Q3Xy1zUGxoOGxEV1VkM0gxSl9ma0VSOGpNS0lGOUVlcXJRQ0hZWmJ1TnExS1BiWnpkSQ?oc=5,Google News RSS,,,RISK_SIGNAL,0.38,GENERAL_NEWS,GENERAL_NEWS
BRB Banco de Brasília,2026-02-26 08:00:00,2026-05-17T03:31:05.081003,news_signal,FINANCIAL_SYSTEM_RISK,4,0.75,,RISK_SIGNAL,"BRB busca até R$ 8,9 bi para cobrir rombo deixado pelo Master - Bloomberg.com",https://news.google.com/rss/articles/CBMisAFBVV95cUxQM3l3anpJRnVIN0JIZGN5b2FYWktkQTNGRkppSkpfUWFZU3huTTQ2Z0E5dUZvNE54OUlncWdZSl9sb2lXRTM3cU43LWNld1k5V2QyZXFQTkRIQVl3N0dxNDVjSTQ3QnBMZXBWM1M5SzM4R2piVWRtMVFuVjJkRnJwdzF1NzNCcVdZYkdVam9qR09YVjdPZFBYMzY5NEU1WjlKNDd2WktVNFNkQnA0eXZ2UQ?oc=5,Google News RSS,"A empresa BRB está buscando investir até R$ 8,9 bilhões para financiar os custos do ""rombo"" deixado pela estabilidade de seu setor financeiro.","Esta notícia pode representar um risco corporativo porque o Banco Regional do Brasil (BRB) está procurando arcar com uma perda estimada em R$ 8,9 bilhões de reais, que foi deixada por outro banco, o Master.

Isso pode ser considerado um risco corporativo por várias razões:

1. **Exposição financeira**: A BRB está sendo forçada a absorver uma grande perda financeira, o que pode afetar sua capacidade de pagar dívidas e investir em novos projetos.
2. **Reputação**: A falha do Master pode afetar a reputação da BRB, pois ela está assumindo a responsabilidade por uma perda causada por um banco rival.
3. **Impacto na competitividade**: A perda pode reduzir a competitividade da BRB no mercado, pois outros bancos podem aproveitar essa oportunidade para se estabelecer como uma opção mais segura.
4. **Risco de creditabilidade**: A absorção dessa perda pode afetar a creditabilidade da BRB, tornando mais difícil para ela obtener créditos ou financiamento no futuro.

Em resumo, a notícia sugere que a BRB está enfrentando uma situação financeira delicada e que isso pode ter consequências negativas para sua estabilidade e competitividade.",RISK_SIGNAL,0.72,RISK_SIGNAL,RISK_SIGNAL
BRB Banco de Brasília,2026-01-21 08:00:00,2026-05-17T03:31:05.081003,news_signal,FINANCIAL_SYSTEM_RISK,4,0.75,,RISK_SIGNAL,BRB negocia venda de carteira de quase R$ 1 bilhão em empréstimos garantidos pela União - Valor Econômico,https://news.google.com/rss/articles/CBMi2AFBVV95cUxPeUd3ZTd5ekItQ05tWGt4V1Bld1RjbzRYU291RzQwV243MEExMFVnSHJUNWgySElBU2ljY3VGclZwSGtsNFhKMjF1ZlU4Z1NCQUN0bnhnN1hLVXZ6T05JWk95bVZpbG1TX1BOOUFOS19HMXZqODlVdnFKdU5SMWRHeWJKUGFYM1M1M0l0cXplU1pwOVV1RHlsLWRyczh6U3hueFBPV21KVm9uTjFxZ2JuNVk1YzQzZ2FLd1lheHBrNzgtckNtTGktRDliTEZDRDJGdHhXNmtxYTPSAecBQVVfeXFMTkM4MDlmeG56aERFOEpqanhxeGw5YzNOZ19Pc0tMNnVZWHNRZm9Da3VvNlB2ZUZISHhCYWk0ZnEwU1o5eFFnWjg3aVpvbmd4X1VtT25RRU9GdnpQQ0hoeEdxNUpSeXZDY2FRS1JTeXpVeFhYdi1UME92MnMtZy1WdUw2NURRQ2Jsb3ptd0JVUEVOVkVBSWNDTFZYTzRCdXhkMG4zZ1lOc3hmNjJ5eF9tU0dHMnZOcnB1NE83RGVyc3FSOExEbWVjc2ZfMnpYUkFLVzNhOVBUR3BEdVBsT2RHMnc0d3hQbWw4?oc=5,Google News RSS,"A empresa BRB está negociando a venda da sua carteira de empréstimos para cerca de R$ 1 bilhão, com garantia da União.","This news could represent a corporate risk for several reasons:

1. **High level of debt**: The fact that the company is negotiating a loan of almost R$ 1 bilhão (approximately US$ 200 million) suggests that it has significant financial leverage, which can be a concern if the company struggles to repay the debt.
2. **Government guarantees**: The use of empréstimos garantidos pela União (loans guaranteed by the Union) implies that the government is taking on some level of risk, which could lead to increased scrutiny and potential changes in policy or regulations affecting the company.
3. **Dependence on public funding**: If the company relies heavily on public funding, it may be vulnerable to changes in government policies or priorities, which could impact its access to funding in the future.
4. **Risk of reputational damage**: The fact that the company is seeking a large loan, especially with government guarantees, could raise concerns about its financial health and management practices, potentially damaging its reputation.
5. **Liquidity risks**: If the company is unable to repay the loan or has difficulty accessing new funding, it may face liquidity problems, which can have far-reaching consequences for its operations and stakeholders.

Overall, while borrowing money from the government can provide short-term benefits, such as access to capital, it also carries significant risks that must be carefully managed by the company.",RISK_SIGNAL,0.63,RISK_SIGNAL,RISK_SIGNAL
Nubank,2026-05-12 02:20:59,2026-05-17T03:31:05.081003,news_signal,GENERAL,1,0.2,,GENERAL_NEWS,Nubank Expands Credit via AI Underwriting - Let's Data Science,https://news.google.com/rss/articles/CBMiiwFBVV95cUxQeThBR2RSbEFSa0tEZkV0MW9lM0x0VVdTS1NxdDNLblFicm1ZNFQzdHVnZFFiWmZKRGtUcUpCN05RdlJwb1ZvU1VjZml6LUVlWElaTUV4OGdpcHE3WjdLOGZQWndfNlExS1kwSXZRYk1zUmxHdnl4M1BBaS14NW5JTzFLZXpGUDR3TVFR?oc=5,Google News RSS,,,GENERAL_NEWS,0.41,GENERAL_NEWS,GENERAL_NEWS
PagBank,2026-05-13 12:36:45,2026-05-17T03:31:05.081003,news_signal,GENERAL,1,0.2,,GENERAL_NEWS,PagSeguro Digital 1Q Rev BRL3.3B >PAGS - Moomoo,https://news.google.com/rss/articles/CBMitAFBVV95cUxNY3pSWjhkTUw1cWVLblZoVnQwUXNYcWRvZHRsNlliWFM1V2t3UklaOEY1MmNxbm5VR2xjbXA5dFRWV09zeC1leTFXSEhhZE5OZmE1QWJsSjM1WlFob2VQd1pUNXM4eU80eUtzMXRwREFUZDEtT3MwVVBXOHJNWVhvTER3eXYxdDI0MlZXZXQ1UndlWU5VR2hyR2dpcUt5dXc5R09VdXlFTHZURF9qTEpXTkFROXc?oc=5,Google News RSS,,,GENERAL_NEWS,0.61,GENERAL_NEWS,GENERAL_NEWS
Stone,2026-01-21 08:00:00,2026-05-17T03:31:05.081003,news_signal,GENERAL,1,0.2,,GENERAL_NEWS,StoneCo’s Finance-Led Leadership Shuffle Might Change The Case For Investing In StoneCo (STNE) - Yahoo Finance,https://news.google.com/rss/articles/CBMijAFBVV95cUxPV3MyZklwc21rRVBPN09iUG80SlNlTEpFUnNxd0NEbEoycEI0MGtKbmNaVG5MYWIwbnBGNWNXc185dzBmSzdMOHVEQmtSUEtIU2ZlaWtpTU1DTlpMVGdnMExMT1FmSEN1RTFIbmlYMC1uM0IwM2FaYVdkdm5CV2xGSDMyeml3ZEFCZnE4Mg?oc=5,Google News RSS,,,GENERAL_NEWS,0.6,GENERAL_NEWS,GENERAL_NEWS
Stone,2025-12-24 08:00:00,2026-05-17T03:31:05.081003,news_signal,GENERAL,1,0.2,,GENERAL_NEWS,StoneCo: Credit Portfolio Growth Gives Flashbacks Of 2021 But This Time It's Different - Seeking Alpha,https://news.google.com/rss/articles/CBMiwwFBVV95cUxQMWdQdmFiNWdNSEthYjhfUFQyWXk5eXBDQ29LdnJXcWMzcFVLTTRWQVFDbk9seC0xenlYMkdLdkZmMlRUeEtFOVVLeDREd2VWYjBFZDZzWUo5NTFTaHJEQnpaM1EwLTEyREhBWWd2R0p1cTRTNkdNdllwU3QyQVUzVWpzTUZZcjFld28tRmVQT3pNWjdhdVNITmFlUjd6ODlRTFR1SG01LUtERXE2RjZYdEtxek5LeXB1SXB5dlFwSndwZmM?oc=5,Google News RSS,,,GENERAL_NEWS,0.52,GENERAL_NEWS,GENERAL_NEWS
Americanas SA,2026-05-11 14:28:21,2026-05-18T03:32:05.933835,news_signal,GENERAL,1,0.1,,GENERAL_NEWS,"Risco de contaminação do hantavírus segue 'muito baixo', dizem autoridades americanas - CBN",https://news.google.com/rss/articles/CBMi0AFBVV95cUxON0tseko5U19jcGpLLVZELWd2QVBVd0IyVUMxalJNQU5GV2ppUktIMlVJTnpzanA5cFlrSU5SaEhZUkd4VGlkdWhrOU5rNUNOSkJTNlFuNXNfODk2bkRWQXBKOXF0YmpUTWlQdF9WUlotYVpkb3VPdnA1ZkZNY1lUUV9XY2M1R2hlYnNBa3VZdy04NTI0Q0hBNGdxaEpXcUJwV2gxV0hVOFMtZFJHX2NVa3ZVc29PQjdiZmpYcXZTdUltOTNQVEFGdGJ5YkhIS2VX0gHfAUFVX3lxTFBQWVdOdnczUF9jOV8wWEprMEpuYlRyZ1E3RDRjaTNMR3RqS0ZpNWJ0MmtiZXhTMGVRdW5sYmZ5RlFLN3ptSVlnUUxlZ0JPeUF5TGtrTjY1b2dBM1gxN241VkNHRVVaQTE1UmFYQmJPMG5WNkt4UVpLQlIxNkVRQ1czQkZMZ2ppRmVxTzVZV3lwLWVOVVFUM2VfUVNiQVB4dWNTREdSWE5GV3RycjZUM0Y5cVl6XzBzVEhMWjEyVG1jd3lIbWNEVU9TZk9LVEpObDktamtQbzBUWnRfeVNXSWM?oc=5,Google News RSS,,,RISK_SIGNAL,0.36,GENERAL_NEWS,GENERAL_NEWS
Banco Master,2026-01-23 08:00:00,2026-05-18T03:32:05.933835,news_signal,LEGAL_REGULATORY,2,0.6,probe,WEAK_SIGNAL,Brazilian police target Rio pension fund as Banco Master probe grows - Pensions & Investments,https://news.google.com/rss/articles/CBMirwFBVV95cUxPMkk1MUlFMlNHbjhDczNLUUlRdEZMNkozUkI4dmNYVDVWcWpFOW9jeHlQOXZUbzNkZnY2dzBjU25QbWJVbllrdE0xMUw1bWJqcVVLWHVzUl9HTW1RcU5TeFJXbE1JZjIwRUFSZUdZVTFXZU52WXduQVRrTjdBVmhJNVdvMVU4elpHQ0tZNFZYalBibXhFaFNRaHNqRThrZW1hRDdHY1M0WXB6cFI2TVZv?oc=5,Google News RSS,,,WEAK_SIGNAL,0.51,WEAK_SIGNAL,WEAK_SIGNAL
Banco Master,2026-01-21 08:00:00,2026-05-18T03:32:05.933835,news_signal,FINANCIAL_SYSTEM_RISK,5,1.0,"crisis, liquidation",CRITICAL_SIGNAL,Will Bank liquidation increases scope of Banco Master crisis - Valor International,https://news.google.com/rss/articles/CBMiuwFBVV95cUxPTmdfMUt3MzhGczJLeXRmMm1UZVQyemhCQThDZlRWcnFpU0dpMkl6ajlRUkY4NUwyVXN1REpjZFc0aDhycDVQdHVlQjZwWW5HMWUzY3l5RjhSc0ZYYkxVdDN4S3V6bWpCQnZoSDZiRXhmMTBtVy1zWS1JUHRtQ0Z2UFRKWTVXUEptSWYxR1A3NkwzRVRoZC1OVDczZDduZDctRVdQWkdQLV91Zzk1YW1TZ3FoUi1rbk0tdXdF0gHKAUFVX3lxTE11Vlc5Nm1kRFVmU20zUUxzSWNmQnFYTldvSUJyVnlGZUI5SnBESmRWaENXMDBpRlhLNGNEQTNuNVM4R0d3eTdTNXRuZWIzNTAxUktFQ1FYdkJTcnFha1NidFl2Vy1weFBFUmRXNGNldVhHZkVVQmhtWl9kZUtrblRiUTBoUTdVWDgyR1Y4RXJ4MGpma0V3SkhESWZRWHVzWDBhbkQxRW1FWjFwZEh6a3ZoZThnZHdteVBiX0ZObmt2bXh4Q1Vqa3BvbUE?oc=5,Google News RSS,A bank's liquidation is escalating concerns about the Banco Master crisis.,"This news could represent a corporate risk for several reasons:

1. **Systemic Risk**: The potential collapse or significant impairment of one bank (Banco Master) can have a ripple effect on the entire financial system, leading to a loss of confidence in other banks and potentially triggering a broader crisis.
2. **Banking Sector Concentration**: If Banco Master is a large player in the banking sector, its failure could disproportionately impact the overall health of the industry, exacerbating systemic risks and making it more challenging for other banks to recover.
3. **Systemic Contagion**: The news that Bank liquidation increases the scope of the Banco Master crisis implies that there may be interconnectedness between Banco Master and other financial institutions. This can lead to a situation where one bank's failure creates a ""domino effect,"" causing other banks to become embroiled in the crisis as well.
4. **Market Volatility**: The potential for widespread banking sector instability could lead to increased market volatility, making it more challenging for investors to assess the value of Banco Master's assets and potentially leading to a sharp decline in its stock price or even a complete loss of investor confidence.
5. **Regulatory and Operational Risks**: A bank failure can also raise concerns about regulatory and operational risks, as it may indicate weaknesses in a bank's risk management practices, capital adequacy, or ability to withstand stressors.
6. **Loss of Investor Confidence**: The perception that Banco Master is facing significant difficulties could lead to a loss of investor confidence, making it more challenging for the bank to raise new capital, access markets, and conduct business operations effectively.

In summary, the potential collapse of Banco Master has far-reaching implications for the banking sector as a whole, highlighting the need for vigilance, monitoring, and proactive risk management strategies from regulators, investors, and other stakeholders.",CRITICAL_SIGNAL,0.76,CRITICAL_SIGNAL,CRITICAL_SIGNAL
Banco Master,2026-01-05 08:00:00,2026-05-18T03:32:05.933835,news_signal,FINANCIAL_SYSTEM_RISK,2,0.6,asset sale,WEAK_SIGNAL,Brazil judge considers blocking asset sales in Banco Master case - Reuters,https://news.google.com/rss/articles/CBMitAFBVV95cUxOcUk5OGk5S0ZOSW5NdGlSbHIyMW0tbmtzbmFqRUlNN2djekVKeHhrZkl6V2JyTkxDS3RXc2xJTG9ETDBEQnkxNk9uUE55Y0hLTVFzaDZEVlh0Y0JSZTQ4NVdmNFhKMEg2TGpDakRrVkJVVXdIWVh5Zmk0Uy1na1prX255UTFxbG1VM3VwQkJra2dqN2N2NjFtU2hfaXhLVFZUSFV0LWQwaUk1MkNMc3Z5MGVxbnc?oc=5,Google News RSS,,,WEAK_SIGNAL,0.52,WEAK_SIGNAL,WEAK_SIGNAL
BRB Banco de Brasília,2026-05-17 15:27:48,2026-05-18T03:32:05.933835,news_signal,FINANCIAL_SYSTEM_RISK,4,0.75,bc,RISK_SIGNAL,AGENDA BC: Galípolo vai à CAE para responder sobre Master e BRB - Valor Econômico,https://news.google.com/rss/articles/CBMiuAFBVV95cUxOY0ZpZE9hVnVUWmc2bnpzQ2Z5ZXI3OVJtamxhcV9pa25qZ2hlVGJtaUhJRFZxVlRWZEt4ZzVoMHJjTl9pRFZ3cDhzOVRYalEzUDlGc1MyWVZ5X1BLdlEwZ0hOX1dYMHJsbmRyOUp3WVhZdHdIMFEwZUtjaF9Cd29Gb2Y5bzViSXNUQ3hndUVxMmdfUHY2ZzVQOTVlMzk1MkFZWTNsSFJKd1BNR0Y5aGlxZEFPbnhjc1A40gHHAUFVX3lxTE14REx2UG5keEZqN25JV3JIU1pZZExNWHNXVFJwcjdrZ0EzaXM3YTZtb0d3d3FiVnJ3VzJaX3pzZEV3OHJtblNJMF8tNTdDQk5uYjFZWDB5Z2RKWG43d3JCQ0dDRHVnNVhmOGlDcktvVFF4RXlBbmE2OTRxVGZLdEV1bjVKZzhDcWxKNkhEdW5iaHZNTjBYSkxibDctSG1TUzVPbFBmY1hwOGthMWhfQmVYVzFrWHB6V3VuWkNNckkxNENqVkhiWkE?oc=5,Google News RSS,"Galípolo, um ex-executivo do Master, foi convocado pela Comissão de Contas da República (CAE) para responder a acusações relacionadas ao caso BRB.","Based on the given text, it appears that Galípolo is being summoned to testify at the CAE (Courto Internacional de Justiça) in relation to its involvement with two entities: Master and BRB. Here are some possible reasons why this news could represent a corporate risk:

1. **Regulatory scrutiny**: The fact that Galípolo is being summoned to testify suggests that there may be regulatory issues at play, particularly related to anti-corruption laws or sanctions. This could indicate that the company is under investigation and may face penalties or fines if found guilty.
2. **Reputation damage**: Being involved in a high-profile investigation can harm a company's reputation, leading to loss of public trust, business revenue, and potentially even financial losses.
3. **Potential financial liability**: If Galípolo is found to have engaged in illicit activities or failed to comply with regulations, it may face significant financial penalties, fines, or even bankruptcy.
4. **Operational disruption**: The investigation could lead to operational disruptions, such as changes in management, restructuring, or even closure of business operations.
5. **Legal consequences**: Galípolo may face legal consequences, including lawsuits, asset seizures, or other forms of regulatory action.

Overall, the news suggests that Galípolo is facing a significant corporate risk due to its involvement with Master and BRB, which could have far-reaching implications for its reputation, finances, and operations.",RISK_SIGNAL,0.61,RISK_SIGNAL,RISK_SIGNAL
Nubank,2025-08-27 07:00:00,2026-05-18T03:32:05.933835,news_signal,GENERAL,1,0.2,,GENERAL_NEWS,MercadoLibre Expands Lending: Will Rising Risk Weigh on Profits? - The Globe and Mail,https://news.google.com/rss/articles/CBMi3wFBVV95cUxONlVLMFlQa05udFlZT1JBdk1fbU9wNk1NYXp6Y1lfV2hVSTFFdktjcnYyMVo5OEl5ZkdUUjBhZ1c3Y01QNkNqNk1ycGUzRmVmdUJ6NUxjT2dVUW1xUDNkajNxSG5xenBVeEFBRG1lNmlPVGNNaTNWa0dJU0VxWUVUd2M4amN0aFh5RktJS1VOSjIyLW93dDFzXzI5VjJoOGxtdERWdnljSXRSNlpjOUdweDhLTFpqYmNpdWNwUi14Q1NHeWtOUnNWSnVFSnQ2U1BYRUpLSzdKR3Y3WVkwRS1z?oc=5,Google News RSS,,,GENERAL_NEWS,0.5,GENERAL_NEWS,GENERAL_NEWS
Nubank,2025-08-14 07:00:00,2026-05-18T03:32:05.933835,news_signal,FINANCIAL_SYSTEM_RISK,2,0.6,bc,WEAK_SIGNAL,Nu Holdings Ltd. Reports Second Quarter 2025 Financial Results - Nubank,https://news.google.com/rss/articles/CBMiqgFBVV95cUxQT1hBWlFYdUwzQWxUOFRBLWFDaXh4SlFmTXNhcE94OE9YOWZON3NKSnB0YTZNYUlzUTFHM2p3dkNDQ0hHZjd6M1BCanAyektBMzdkNk5IcDVyU0NMTVpMT2tJRmdBcGIzUFd4M2txZTZ0ZDF4V2V5VlhCa3pwVVB2bTdBczhzVmlLOE16ZXZRUHNoLTBfT2h6WEYwdlBrejJrR2NzSHc3ekpLQQ?oc=5,Google News RSS,,,WEAK_SIGNAL,0.53,WEAK_SIGNAL,WEAK_SIGNAL
Banco Inter,2024-11-19 08:00:00,2026-05-18T03:32:05.933835,news_signal,GENERAL,1,0.2,,GENERAL_NEWS,"Chainlink joins Banco Inter, Microsoft and 7Comm consortium to support trade finance use case in phase 2 of Drex pilot - PR Newswire",https://news.google.com/rss/articles/CBMigwJBVV95cUxQX05PaWdqRVlTcGRCMmVqV0sxWFExR2xKcDJfQ2hJRU4yd2ZmM3ptUENuSU5vUk90YVFxZ2NqdnJWQ0FWbkJoXzVWSndFY0JULUtTdWkwX2Z3cFBoVGlCVUUtTFdIVWVHOVhOdnF1a3N4MlJmM1IzdHh3UldpM1hQc3BsdFItbjE3aVFsTnBNVy1OWExZS3hkMzRiRlZTWmpmMXlic0l4TnluZk04aVhNRFZTYy1kZkI1eFhrVkVIWXNxMjhfX0I0eTNrWWJKQmExWXp5UlJGcFBkeXFRSmt5Nk91YmxfN2xqU1ZubzFreEx4d2lWX3hPQXZPXzh4NmgxWm9v?oc=5,Google News RSS,,,GENERAL_NEWS,0.48,GENERAL_NEWS,GENERAL_NEWS
Stone,2026-04-27 07:00:00,2026-05-18T03:32:05.933835,news_signal,GENERAL,1,0.2,,GENERAL_NEWS,A Look At StoneCo (STNE) Valuation After The Recently Approved Extraordinary Cash Dividend - Yahoo Finance,https://news.google.com/rss/articles/CBMiowFBVV95cUxNSHczNXJJdkRQWmZXdFUxY2hqcVkyT1NJVFpjWThWUWVqclVONXFRakFMckxhWWxVRU9CMHREQ3dhbFNzR21qa0NoQjF4ZkgtUGVDbk92VThmYy1QQmVwNU9nOTVQZ190ajU3Vm81U25CblVUN3A4eTZBSEUwVmRrb24tcmZDSGxnaGs1X1FRMXdjanJlWkdSWkZod200UklSRkJR?oc=5,Google News RSS,,,GENERAL_NEWS,0.57,GENERAL_NEWS,GENERAL_NEWS
Stone,2026-04-23 20:34:02,2026-05-18T03:32:05.933835,news_signal,FINANCIAL_SYSTEM_RISK,2,0.6,bc,WEAK_SIGNAL,(STNE) Movement Within Algorithmic Entry Frameworks - Stock Traders Daily,https://news.google.com/rss/articles/CBMiyAFBVV95cUxOUWw2Q2NNSElNOHhYNXJJZmYtWC1jaG11NlBQd2t1ZWprR21pQVpBcHVPakFaY1p5cnAxSGNMZW5uRE5LTDQ1dzhTSXNYcmM1emF0Z2hXazlidWRTRmZzRko0UjNCVzJDUzF3Rm5idi1GZTMtUUpScEtyd2U2TGRtWjM2UWJxZXN6R2FYdXNHZjZrVmgyQWFEbzFpZktxS0NDRWcxUDBpcEJkNGcxVW5KVUE2dDlHVVh4X1lQVFE0dF9rcW1hTU9CTg?oc=5,Google News RSS,,,WEAK_SIGNAL,0.53,WEAK_SIGNAL,WEAK_SIGNAL
Stone,2026-05-08 07:00:00,2026-05-18T03:32:05.933835,news_signal,GENERAL,1,0.2,,GENERAL_NEWS,"StoneCo (NASDAQ: STNE) CRO gains 34,089 dividend stock units - Stock Titan",https://news.google.com/rss/articles/CBMiqgFBVV95cUxNUHQ0a1ZKNXdXV1F1U1plSWtxNVE4MWdzRm1IN0NYMTFwSlBuQ0FxdXZlei1RMzVON3pydWVNN0d4WHZodHVISkFvcHJlSk5mTEY5TE9tNEg0SEVlUTJESmVUQWJxZ3VGTy1oNll6X3NPNlJ3V2dRZDhmaVR6TjhDU3oyemItTVUwejNXaERTZXktenprcFRTVkJnb1o2MlNSRHhza3I3ZkJjQQ?oc=5,Google News RSS,,,GENERAL_NEWS,0.55,GENERAL_NEWS,GENERAL_NEWS
Stone,2026-03-08 08:00:00,2026-05-18T03:32:05.933835,news_signal,GENERAL,1,0.2,,GENERAL_NEWS,"StoneCo Earnings Call: Profits Up, Risks in Focus - TipRanks",https://news.google.com/rss/articles/CBMioAFBVV95cUxNOFFhcXVoemM4a3pqa24zM0VfcGk3NjBSSjJlQkdsa1RIYWp3akh5emxpbk1haVZCNldnQWhTbVEtQ2NKbzE3VzNXUHFBM0ZfOVd6QXdabXdvUDBhaDBLcEh1MlNkanlsc0YtOFZEb19heEswd1ZYcWhNYWgwUlREaEFkR2twMG5JSHF5dEwxXzQ3Sm1naGxqSnRqUHU0RnV0?oc=5,Google News RSS,,,GENERAL_NEWS,0.58,GENERAL_NEWS,GENERAL_NEWS
Vale,2026-02-19 08:00:00,2026-05-18T03:32:05.933835,news_signal,GENERAL,1,0.2,,GENERAL_NEWS,There May Be Reason For Hope In Vale's (BVMF:VALE3) Disappointing Earnings - simplywall.st,https://news.google.com/rss/articles/CBMizgFBVV95cUxOWXAxMVBDT2d0SHdFbzhxTFdFQUF2ZnJfcEpDQzA1VVQ0dWtmdDRsaVB1b2loRHlwM1lsUGtYNWtEc0ZRYTQyYjRSYzRTeFRSZ1JGUEdnOWZ1TFppLUo2YjYzSU1TQVo0VDhWS3p2WGN4dHBKMUlZOTEyX0dNUVE2cThfbHFrVEJRR19hQXdTVzFOSzZiUzl0OUx6TTAzYWEzSXBIbjZ6OXZkYW5Ic19RX0JWSnQ5YUlzYWpDZ2hoSlpNUTlFMi1uUFBteVVaZ9IB0wFBVV95cUxNd21Fd2o0SWxrc2gybEQzd1NEdi1iVjNld1BITEJ2VDJab2huMldrUkJCaVY1T0RFMFNrOWJEa1ozVzJKdERxY0tqOXRvMkQ1T2s0RWY2Tnl5Y2lXRkNMTklEcER0Q25JTDVDQ05KSlpLNFdsR3F0WW9pdkpNMzc5ZGhINGNJRlVDQmd5cVpiNmdod05sRVlJTVFpOGF4RmFob0xDTTFTTDBNUlFxaEVvVl9ZWXo5b2R4enI3alcxTkVXd0hTUUg5X21vWnFUUjUwb0hR?oc=5,Google News RSS,,,GENERAL_NEWS,0.37,GENERAL_NEWS,GENERAL_NEWS
Vale,2020-09-18 07:00:00,2026-05-18T03:32:05.933835,news_signal,GENERAL,1,0.2,,GENERAL_NEWS,"Exclusive: -Vale's mining dams are still a risk, company must do more, Brazil prosecutor says - Reuters",https://news.google.com/rss/articles/CBMixwFBVV95cUxPUXJIcUFjaHZVazVSdUR4aTZ4NVpneXJhdnZWd2lsS1pYT1hHbmJWaHJqN0hiYk45Mk9Vcm4yUVh4UjVnaWVQaTRoR1E3Y2VRQ1JUNnM3S2xCdENMRFlpdjE0WVA0UmYtZk9Kby1JZXEtVXozMklCMGY2M2I5S05QZXBFd3FYWGc3XzJIWUg4d3FwelpJWnBFcGxQSDRFR3l4dWs5dTgtRUtBMDZTbWxvWEV5U01mUjNfaDVVNHpEWVJGN1g1Tm5N?oc=5,Google News RSS,,,GENERAL_NEWS,0.34,GENERAL_NEWS,GENERAL_NEWS
Vale,2026-03-08 08:00:00,2026-05-18T03:32:05.933835,news_signal,GENERAL,1,0.2,,GENERAL_NEWS,How The Vale (BOVESPA:VALE3) Story Is Shifting From Iron Ore To Copper Potential - Yahoo Finance,https://news.google.com/rss/articles/CBMihgFBVV95cUxObFpPa0pIZEM2UzFxc3QyTDZRRHNyaDVzdVl6SV9qdWphSlZkWlVvV0I1c0RubW92NUx0c3llampHXzVldVdiMXFhektQalZuVjZKSjQ3blhxUzJoMjNNRWROU3dNMHhHVGNFQjNPbjNOV01PbDc0aXRIdDFuckRTa2VSTWdUQQ?oc=5,Google News RSS,,,GENERAL_NEWS,0.48,GENERAL_NEWS,GENERAL_NEWS
Braskem,2026-05-14 20:13:08,2026-05-18T03:32:05.933835,news_signal,GENERAL,1,0.2,,GENERAL_NEWS,Braskem Q1 Earnings Call Highlights - MarketBeat,https://news.google.com/rss/articles/CBMizgFBVV95cUxQdEFlX3R1NEVsTjNvdXZDalhvaFZKUWZDWEZQOUZHbHdfTVFJNDBJc29uQjRmUjduTTdPSDRSanNRYUdJVDBwbE1Oek40TWxMUmZDcHZ4YWJRTVluSExsQXg2M1doQ292UEhPZHpWU0pfWTBkRENhVEx1NkMzZzkxb3dNVEl0QmlySjNINUJIYjd0dUZ3SHg3VVFQVzJRNlRXdzFPX3ltWVJ2Yi1ocEZyb3JwWW5fR0hvT3JxWWpWamw5UXRFZWZGcjFYdldZZw?oc=5,Google News RSS,,,GENERAL_NEWS,0.48,GENERAL_NEWS,GENERAL_NEWS
Braskem,2026-03-28 07:00:00,2026-05-18T03:32:05.933835,news_signal,CREDIT_LIQUIDITY,2,0.6,liquidity,WEAK_SIGNAL,Braskem Faces Liquidity Pressure as Bank Downgrades Weigh - StocksToTrade,https://news.google.com/rss/articles/CBMickFVX3lxTE5jaTMwWE13RDUzQXpqNGVsRXNtVkJiVk1UbnRiQlNnX0Y4ZmZGNXp1bFRVUnM2aURRSnF0a0VIUEVoYWZBM1R4VG11cFJRU004Vi1KMnlWTk1TSktHUDRod3JtRVB2MFpOdUxpbjROZVBfdw?oc=5,Google News RSS,,,WEAK_SIGNAL,0.61,WEAK_SIGNAL,WEAK_SIGNAL
Braskem,2025-09-08 07:00:00,2026-05-18T03:32:05.933835,news_signal,CREDIT_LIQUIDITY,4,0.7,"liquidity, capital structure",RISK_SIGNAL,Braskem Idesa retains advisors to review capital structure and liquidity - Investing.com,https://news.google.com/rss/articles/CBMixwFBVV95cUxPWFpXejM4aVlsSEYwWVZiRjFpTHgyTEl5NXJRWEl5dG45ZW1ySnc2dzhiMm1Ld0pPV2MtTEVvVEdWcVM3UnR0eEJsODV0RDV2cy1XbEMtWktmOFg4N21senFmZ3BoRnVvdG8xZlhVVUl2OEhvVUQwUnpXbUM3SmhHUHNBMmJwMFFqcjFhUGVsUzRsNmVBWXM1LUtHTlRZc0k4T2JFMWtfd3o5NkJ1UFg0UmtFUFIzSklSQldXLW5HVUJHcWFSMzdR?oc=5,Google News RSS,Braskem Idesa has retained advisors to review its capital structure and liquidity.,"This news could represent a corporate risk because it suggests that the parent company of Braskem Idesa, Braskem, is taking steps to reassess its financial structure. The fact that they are retaining advisors specifically for this purpose indicates that there may be concerns about the company's capital structure or liquidity.

As a result, there could be potential risks associated with:

1. Financial instability: If the review of the capital structure reveals significant issues, it could lead to decreased investor confidence, reduced access to capital markets, and increased borrowing costs.
2. Reduced credit ratings: If Braskem's financial situation is deemed unsound, its credit ratings may be downgraded, leading to higher interest rates and increased borrowing costs.
3. Debt distress: If the company's debt levels are found to be unsustainable, it could lead to debt distress, which can have serious consequences for the company's operations, profitability, and ultimately, its ability to repay debts.

Overall, this news suggests that Braskem is taking proactive steps to address potential financial issues, but the outcome of these efforts is uncertain, and investors or stakeholders should be cautious about the potential risks associated with the company's capital structure and liquidity.",WEAK_SIGNAL,0.58,RISK_SIGNAL,RISK_SIGNAL
Eletrobras,2025-11-06 08:00:00,2026-05-18T03:32:05.933835,news_signal,GENERAL,1,0.2,,GENERAL_NEWS,"Eletrobras Q3 2025 slides: Net income dips, dividends rise amid portfolio shift - Investing.com",https://news.google.com/rss/articles/CBMizwFBVV95cUxNRkJ4aHpmNFBEMlY2Q2Y4N3ZrTjduTllrQ0hrRFpSYlI2SVlkejdRQ0NqVGJ6ZFB5czlNdG54YzRzcVZXYXlfVUUxNG9uRk1xUzhrb2ZVUUdLbWZwNDd6V1o4MDFSenNaTEpsV05VZXpabnRSTUxaakZiRHpxREthbmh2WS1UOXh3bndnY2hFVTdGbWt1TllYOXVGZjhLVFllTnMxUDJ0dTNEQ3RYMHBuOUdLUUJRcGZrZXVZYmE0VHZSMFE2dU5nNWM5RUhaOGs?oc=5,Google News RSS,,,GENERAL_NEWS,0.49,GENERAL_NEWS,GENERAL_NEWS
Vivo,2026-05-15 11:44:10,2026-05-18T03:32:05.933835,news_signal,GENERAL,1,0.2,,GENERAL_NEWS,"Telefônica Brasil capital reduction becomes effective, payment set for July By Investing.com - Investing.com South Africa",https://news.google.com/rss/articles/CBMiyAFBVV95cUxOVzdKSGl3U013T1QtaWpXYlQ5SzlhdmViZUpHdkp0SzlIRXVObFlCRWhQUkdtOUJ4TnBjMkozU2NQa2ZXdWZpbWROUFVPNE1NZ181SXVOdWd5Z3FMZzBFUGVwdzhCOVl5cktfaDlHUXRaMjhqOXlzMkhLcWZzbnAxMUMtaFNuZ09NWF9SaWh3aUZLb1diaGNwUmp5T0c0RzBNNUd5MHV0TEJWemg0dlNEZXBVNzVlemFJTHlKdkRVMWRaMmdsR0l1Sg?oc=5,Google News RSS,,,GENERAL_NEWS,0.43,GENERAL_NEWS,GENERAL_NEWS
Vivo,2026-04-23 02:24:48,2026-05-18T03:32:05.933835,news_signal,GENERAL,1,0.2,,GENERAL_NEWS,"VIV (Telefonica Brasil S.A. American Depositary Shares) reports 6.7% Q4 2025 YoY revenue growth, shares edge 1.14% lower on slight EPS miss. - Social Buy Zones - UBND thành phố Hải Phòng",https://news.google.com/rss/articles/CBMigAJBVV95cUxOblh0M1oyOUd2YTkyRWlDLXF5WGd4OTVmenM4WElxWFZueGk2NER6SDJXNzdsT3NUS3dGNjBNRVo5eVhXOFNneUVMQ0NFY3FKSkNaYkFhVEpybXJHSHl3YUYzOUQ2V1ZIM2lZWUo3X3NOYXZWWEdWNkZ6XzFUbGZPdkV3YTQ0a3pIdVVJc212ckZsaEVUQklYZXlSQmdYNVhWeUlNS1lrbU1pcEZEeFJjQXVuSVhmTS1GQWdMUHZIemY4eXFraFFSM1JWWVo5WTUzb1h5U0pOZnZaYW81MUdLUGV2SUU4WDdWcjZLRlFSMFBmdU02VVpuYzVNOTNwclB0?oc=5,Google News RSS,,,GENERAL_NEWS,0.53,GENERAL_NEWS,GENERAL_NEWS
Vivo,2026-05-11 12:40:00,2026-05-18T03:32:05.933835,news_signal,GENERAL,1,0.2,,GENERAL_NEWS,Press Release: 1Q26 Results: Telefônica Brasil S.A. - Moomoo,https://news.google.com/rss/articles/CBMilAFBVV95cUxPT3YzR05rM1dDdWdpdDVjM2FyWUlvS083TV9aYTd5dHRITXNUeGJ0eWMwSDdFVHJrRHdVTzd4UFB0NGhRZzB4TDVaU0NPTDNVcEgzX0pKS1F3b2FEMHhpWTdsZk5WbHhzOUxJYzF3SVRUdFRMaHJHVmtOUV9oay0td05BU29nSmllcW50cDNlMmx2Qk55?oc=5,Google News RSS,,,GENERAL_NEWS,0.53,GENERAL_NEWS,GENERAL_NEWS
BRB Banco de Brasília,2026-03-10 07:00:00,2026-05-19T03:31:48.840403,news_signal,FINANCIAL_SYSTEM_RISK,4,0.75,,RISK_SIGNAL,BRB seeks credit guarantee loan while discussing capitalization - Valor International,https://news.google.com/rss/articles/CBMiygFBVV95cUxNd1BVVFFleGxhM3lQdW1nbU9Pb1JPNDVHNGVNOXd4dGxxdDhXSGRxdTRwOGZXclROX1ZXcHRvSVJSZVF3bWlrQURRZ1JoaTNMQ2R0UHdCVS1MQnNzZUpwMUZ2VXF6WGRCVjVtZVdTYzRPQ1B3SThjTXYzUVV0NnYxbks1WWcxWFdOdklfWWVBamNpZ2kxY2tBNEttMUtzU0w5QUhzOHRndFVycXlURzUzM0NtWEZ1NlQ2MG1DeHhrTGF0TzFWTE9tOTJB0gHYAUFVX3lxTE05WUVTS09XTmh2UGtKSFRzR2VhYWdmVjBzbkZsNmR6ZjQ0emgxb0hhV3M0cEx4cGVBUTJFeTVRd05tMW85RmlLNnpIUEJmamJHQmNBVUh6SnhlZUFicVo0TlprclBpRjJOcFJTN2o2cWFSVFdHamR5cXZLZU1CWU1ZR2NsTzNhUU80YlpTcno4VG1QeWZhVUhrVEtNSG83SmEteDZzSDhRM3dIczVabVg2SXhHVjRQZEg5N2ZTVG5pd0FlTGJLZGtEWkRZMnJNb1JtVUtDUWRmNg?oc=5,Google News RSS,BRB (Valor International) is seeking a credit guarantee loan to support its capitalization efforts.,"This news could represent a corporate risk for several reasons:

1. **Debt financing**: BRB is seeking a credit guarantee loan, which implies that they are relying on debt financing to support their operations or capitalization plans. High levels of debt can increase the risk of bankruptcy or default, particularly if the company's cash flow is not sufficient to meet its obligations.
2. **Lack of self-funding**: By seeking a loan with a guarantee, BRB may be indicating that they are unable to fund their own operations through internal resources, such as cash reserves or profit margins. This can be a sign of poor financial management or inadequate revenue generation.
3. **Dependence on external financing**: A credit guarantee loan implies that BRB is dependent on external financing to support its activities. If the lender were to withdraw funding or default on payments, it could have significant consequences for the company's operations and reputation.
4. **Capitalization concerns**: The fact that BRB is discussing capitalization plans suggests that they may be facing challenges in securing sufficient capital to meet their business objectives. This could indicate a lack of confidence in the company's future prospects or an inability to generate sufficient cash flow to sustain operations.
5. **Risk of increased debt obligations**: If BRB secures the loan, they will likely face increased debt obligations, including interest payments and potential penalties for non-payment. This can create a vicious cycle of debt accumulation, which can be challenging to escape.

Overall, this news suggests that BRB may be facing significant financial challenges and is relying on external financing to support its operations. This could represent a corporate risk, particularly if the company's management is unable to successfully navigate these financing arrangements or if the loan terms are unfavorable.",RISK_SIGNAL,0.57,RISK_SIGNAL,RISK_SIGNAL
BRB Banco de Brasília,2026-05-05 22:38:00,2026-05-19T03:31:48.840403,news_signal,FINANCIAL_SYSTEM_RISK,4,0.75,,RISK_SIGNAL,"BRB is racing against the clock, and privatization is already on the menu to save the bank. - NeoFeed",https://news.google.com/rss/articles/CBMisgFBVV95cUxPNThyX2lJZmd2dTlKSUZkTUI2OXI1Wi1kMENGeFF2Y1dqU2hMNkNkTFp0b3gweDVtMmxiYm4yUS03S216ZEl5UTBiRVVBVlFjQkg1NDZydU9Day05MzVpU0lSLXp6cjcxY3U2azNOa1JjaTg2N1FBa192SkxmNGlWcjZGOENqWHppanNBajB3anA5M1FBYkh3bmFWellCcHJEZ3lKUUlPT3dlci10YURYLUF3?oc=5,Google News RSS,"The BRB bank may be facing financial difficulties, with privatization considered as a potential solution.","This news article suggests that BRB (Bank of Russia) may be considering privatization in an attempt to address its financial challenges. Privatization can pose a corporate risk for several reasons:

1. **Loss of government backing**: If the Bank of Russia is privatized, it may lose the implicit guarantee of the Russian government's support and stability, which has historically helped to maintain confidence in the bank.
2. **Regulatory uncertainty**: The new private ownership may lead to changes in regulatory frameworks, which could be beneficial for some investors but detrimental for others.
3. **Private interests vs. public goals**: Private owners may prioritize their own interests over the public's needs, potentially leading to decisions that benefit shareholders at the expense of depositors or other stakeholders.
4. **Lack of transparency and accountability**: Privatization can lead to reduced transparency and accountability, as private owners may be less inclined to disclose sensitive information or comply with regulatory requirements.
5. **Systemic risks**: If a bank is privatized without sufficient safeguards in place, it could become a systemic risk if its failure impacts the entire financial system.

In this case, the news article suggests that BRB is under pressure to address its financial challenges, which may be linked to the country's broader economic conditions. The decision to privatize the bank could have significant implications for stakeholders, including depositors, investors, and the broader Russian economy.",RISK_SIGNAL,0.59,RISK_SIGNAL,RISK_SIGNAL
Nubank,2026-05-18 08:05:58,2026-05-19T03:31:48.840403,news_signal,GENERAL,1,0.2,,GENERAL_NEWS,Nu Holdings (NU) 41.9% Net Margin Tests Bearish Credit‑Risk Narrative After Q1 2026 Results - Sahm,https://news.google.com/rss/articles/CBMi1AFBVV95cUxOTEtjM3ZWbEYzc3JUaVdwX1k3aG9Qa2hpQ09sUkFpMGljX0tVUXBBTEpTNG85OU90VjBteFFMaFRRSVI5aUdLNmdHVVdvR0FfSU5sejVtb3laWGtuWHhQOURnZXlzZFZpc1hudzNkTXNmbmpHZHBjVEZ5MzhPT1h3WjBBRXVUb29Zb2o1Wk5GcEV4SzN1SWpDUU5NQmsyei1RNUR3QU1DQ1VMUUFhWjZMXzVMV1k1QWJrUy1jVEVKSVQtWVlDb2dWdnMwWVhHZzVVeHJhTg?oc=5,Google News RSS,,,GENERAL_NEWS,0.49,GENERAL_NEWS,GENERAL_NEWS
Nubank,2025-09-07 07:00:00,2026-05-19T03:31:48.840403,news_signal,GENERAL,1,0.2,,GENERAL_NEWS,Nu Holdings (NYSE:NU): Evaluating Valuation as Investors Reassess Growth and Risk - Yahoo Finance,https://news.google.com/rss/articles/CBMiggFBVV95cUxPUWFCNFB4WjNpcHVRcGY4VWNtcV9oWGlYVlNfVl9mTXVNMnNrZ1FEc21iNFdENXVVLU5MTUtnOUIyT1Y4M2xpUDBES3AwYlV1amtXd1BuRVpOMmYtRExJTF9iY0VaWXdnWHJXMFBfQ0Q5MmU1LVJfUmltZUloaGQtVFh3?oc=5,Google News RSS,,,GENERAL_NEWS,0.56,GENERAL_NEWS,GENERAL_NEWS
PagBank,2026-03-31 07:00:00,2026-05-19T03:31:48.840403,news_signal,GENERAL,1,0.2,,GENERAL_NEWS,PagSeguro (PAGS) Director Makes Significant Stock Purchase - GuruFocus,https://news.google.com/rss/articles/CBMimwFBVV95cUxOODA3TzdvRmhiejh0VXEzS3ZENjRyNGs5Tm1UU0VXVi1Bdm9uVjZISWp5SDJsem5YMzF5Qkd6S3RrT1BuMGhIeUJZcGhGTzIxWFA3dWpkWlZ0ZTNRLXkzYUp2Y0k4X3FITUQ3djktVVhHMEs1WTBHcGFjN3JkV1hVT05KVEw2YWF4eEtzcWNyaTJZVE5nTllfTmRYYw?oc=5,Google News RSS,,,GENERAL_NEWS,0.61,GENERAL_NEWS,GENERAL_NEWS
PagBank,2025-12-30 08:00:00,2026-05-19T03:31:48.840403,news_signal,GENERAL,1,0.2,,GENERAL_NEWS,PagSeguro (PAGS) Declares Special Dividend of $0.12 Per Share - GuruFocus,https://news.google.com/rss/articles/CBMivwJBVV95cUxNVDk0S3lpYTZHUS1zLTZDVEs5YnhzV3VIeEJNQkNST21TdEZrdlJGaGVqeGs2Y3pvZWg3clVLSWJsbl93Q2dYeE5QRHNvcFFCSVV3NGJkYXdUV3cyTWYzRHNZTUJRR2NGQWk3dnktYjRnRkFzc0Jfd3hLc09wRWI0SXZUaVgzNWNJWWx1TXhOOHhqOUVMT2xaWlZuRXFGVTZFUDE2V1Z5T2JnSi1ib0VlXzYyZ1hFWHhvMjJDcHJwTmxRQ3BZQ3BNMG9TQnFrUk1QYjJoLWlfTWZ5SnpybW9mOEV6SEs4bzJBbFF6aDhVR3ZYLUFtWTlzOTB1RXJ5bWpUMk4yVG1hZl9RQjhXV053cVcxYklqdUQydlQ4TU5jSk5RbTdmRWIwQU85aTAxaUc2emhHZHVKa2owN2xGMGhv?oc=5,Google News RSS,,,GENERAL_NEWS,0.58,GENERAL_NEWS,GENERAL_NEWS
Stone,2026-05-15 04:06:00,2026-05-19T03:31:48.840403,news_signal,GENERAL,1,0.2,,GENERAL_NEWS,StoneCo Q1 Earnings Call Highlights - TradingView,https://news.google.com/rss/articles/CBMinAFBVV95cUxNYjhpdGRpRmY5SmxZR1YwalNSTFZwNkxkeW9aRkUxNGlyMlJpLV92c29mSEVPX0ZjZzVaTEMwd21aTDBnaWJRZGljMFpCd1BuUjF1cnl1cFd5YlJ2endwaHBsMVFYQVBDb0NBQUFGSm9CcW80TXdPT21POS10UkRka09xMU4tUk1hc1pYT3NCbnhaTVMxRS1VQUtYVi0?oc=5,Google News RSS,,,GENERAL_NEWS,0.55,GENERAL_NEWS,GENERAL_NEWS
Stone,2025-12-22 08:00:00,2026-05-19T03:31:48.840403,news_signal,GENERAL,1,0.2,,GENERAL_NEWS,Does StoneCo’s (STNE) $26.8 Million Settlement Clarify Past Risks Or Reshape Its Capital Priorities? - webull.com,https://news.google.com/rss/articles/CBMiWEFVX3lxTE5IY2ZzUTRCVlViVDJSRWlTQzZBUl9OdlQtVW5YZENZOVdGS2tHU1lJSjhCejl3MnFJVmMyeDVfdVhvNF8xckFoeVFnU1loTVdzd2xMSU9zaTc?oc=5,Google News RSS,,,GENERAL_NEWS,0.5,GENERAL_NEWS,GENERAL_NEWS
Vale,2026-02-09 08:00:00,2026-05-19T03:31:48.840403,news_signal,GENERAL,1,0.2,,GENERAL_NEWS,Vale SA (ADR): Iron Ore Giant Tests Investor Nerves As China Jitters Collide With Dividend Hopes - AD HOC NEWS,https://news.google.com/rss/articles/CBMiwgFBVV95cUxNb01HdzROYk94ZmdBZHpVUW4xS3pkWG03b2htbW13dTFIUTIyRXBKY29NcGZUUDhXR0hZY0lfZnpWUkNUVXg3ZjVERkN4cl92dVowcGlfVERzWjRPMGhWS2VVYjFDWk5YN0FfVzFSTDBqSFpVLUdLUlVKMjk5eDB4RGFldXlSMEdzSzN3ZFQ1ZkRieWR6VmNoZ0o0Yy1RX0IyZ1dsbjU0TFMyOGkzbnNXd2VaMDhENWhsNjJHUWNyR09Ydw?oc=5,Google News RSS,,,GENERAL_NEWS,0.6,GENERAL_NEWS,GENERAL_NEWS
Vale,2026-04-30 07:31:00,2026-05-19T03:31:48.840403,news_signal,GENERAL,1,0.2,,GENERAL_NEWS,"Barclays Downgrades Vale SA(VALE.US) to Hold Rating, Raises Target Price to $17 - Moomoo",https://news.google.com/rss/articles/CBMiqAFBVV95cUxPZV9GTDNYcThGSFZxWVcydDl0WW1FYXNjbDVUYXNTUkFUY2VCaVVBVm1oUklZbElwMDNqQ0lHMEo1M1d5ZWppcF9ucnlERUtIMWFseGNwVjB5OUFVNXNxUXpPYnNCS1EtVDNQbkdBU0NEUl82MHF4N0Q5TFpTRVhqQWpzQzNTUmtDS3ZQRkRvUW9BQUtrZzRLYUEtMFpVOXU2SVpuTnpWb04?oc=5,Google News RSS,,,GENERAL_NEWS,0.54,GENERAL_NEWS,GENERAL_NEWS
Braskem,2026-03-26 07:00:00,2026-05-19T03:31:48.840403,news_signal,CREDIT_LIQUIDITY,2,0.6,liquidity,WEAK_SIGNAL,BofA cuts Braskem stock rating on liquidity concerns - Investing.com,https://news.google.com/rss/articles/CBMisgFBVV95cUxQcDRBaUVxOFU5M20yQjNUU2RhUXY5bHNVaXNWY0hXb2NrYXZkZFdMUDRQSkxJU25iQVlQMmhwVGZSRUlVY0RrQ1NaUTlXT3FyR2Zvb2NXSnRSek95VmxSeThSbVNPN0lvNWlDNmRIWkNCN29ISjFMVl80NURnX2Nud1hqdWQ2X3R1eVQzTm8zZlA5MUJZV3RVTWRTV1FKSXdDdHJHemM5eE5QZGREQmY4cERn?oc=5,Google News RSS,,,WEAK_SIGNAL,0.66,WEAK_SIGNAL,WEAK_SIGNAL
Eletrobras,2025-10-16 07:00:00,2026-05-19T03:31:48.840403,news_signal,GENERAL,1,0.2,,GENERAL_NEWS,"Âmbar, of J&F group, acquires Eletrobras’s stake in Eletronuclear - Valor International",https://news.google.com/rss/articles/CBMizAFBVV95cUxPRnR0bFlCLVR5Z05YOENtQjgxMmRLQkIzT3ZwMDNJalBXY3FEbDhqUVBLN2pzcVVsVVRIVlpkSld4S1FUMHA1U3BJZUJkZzRIcWttSGxoaTdTbmhoMnVPVzdobWx4M3NLbF9GdWxKVkxrV0g0NHhCRkRNTXZ0azJLZnlYeWFycTlUbWVPZlY3bmMweDZUcEZlS1hvd3VEckEyNTJwWkEyWm82bzNBQlVPOXcwbzB4Wlp3MDRoZ3FZRWZJWkVlbU11eE9iYWPSAdsBQVVfeXFMUHRpWV9WQmlhVzhoeWRoMzA4SzRqV21nUDlHVDFUUWF3Qnd1T0NHejVrNVdTRmd6bFlEYWJqSlZLQkxwcEROaktodU1uZUh2WGl5N2p5U1pVU2oxalJmZVlIZVVhTzFKenZJclFNcnBFZ0x3ME5NUVo1bUJkbTU2dC1teTZ3c2J4Rzl0NVBFR2w1NWRYc2VNLWtxM0pCSzExOWVlS0ZKMEJTR2V3dXhPS1pFVWxSTDlzMlptRWg2Qlhjb3BQcDg3TzVMaGpsLUpCOVJYUTNicFJURWNr?oc=5,Google News RSS,,,GENERAL_NEWS,0.46,GENERAL_NEWS,GENERAL_NEWS
Eletrobras,2025-08-20 07:00:00,2026-05-19T03:31:48.840403,news_signal,GENERAL,1,0.2,,GENERAL_NEWS,Eletrobras (EBR) Places Colíder Hydroelectric Plant Under Alert Status - Yahoo Finance,https://news.google.com/rss/articles/CBMigAFBVV95cUxQMGhkMHVRSGtyWkR0ZzFNblFDU0d5WG1jZjlncVI2WkozNkJEV1A1Sjk5eUxjRFk3Qk1NaEt4UUIzYi1LWnR5NDRreFlBSzFBLTB3NWZEcGlQWDYzNlJzd196RUlIWmVPQ1U4ejZCcW5sYjBnVmVJOTBxVmZnUFNtLQ?oc=5,Google News RSS,,,GENERAL_NEWS,0.51,GENERAL_NEWS,GENERAL_NEWS
Oi,2017-07-21 07:19:57,2026-05-19T03:31:48.840403,news_signal,GENERAL,1,0.2,,GENERAL_NEWS,OIBR3 Stock Price and Chart — BMFBOVESPA:OIBR3 - TradingView,https://news.google.com/rss/articles/CBMiY0FVX3lxTE5RVnVnbk55TkczQ3o0WGdRNENRTVRTaDA4R0ZISkprbUNHdXhWYjJFSHFJWmpEOE1tRUpFODhPcmMtTU9YZ3JLbGFyYVhOVWxwbGRiakpTcE1kRmNtZmR6R3Raaw?oc=5,Google News RSS,,,GENERAL_NEWS,0.49,GENERAL_NEWS,GENERAL_NEWS
TIM Brasil,2026-02-02 08:00:00,2026-05-19T03:31:48.840403,news_signal,GENERAL,1,0.2,,GENERAL_NEWS,TIM Brasil Moves to Buy Back 51% Stake in I Systems Fibre Unit for $170M - techi.com,https://news.google.com/rss/articles/CBMihAFBVV95cUxPSm5ZeGZVSTFsVFRwVV9sSURXbl9UMmEtaWRFMGx6NXRHRXdYRFN5V2s2MHJENHc4LWxtVlhtYkZrLTZ1TkNZUklnOW94ZDdkU1ROM3JyMEc2NmU5dnFGTVc5cVZqWVNaZHRqT0R0dlZGTG9RMWo2VmItTHdVcUNRa1A1SEM?oc=5,Google News RSS,,,GENERAL_NEWS,0.49,GENERAL_NEWS,GENERAL_NEWS
Vivo,2024-05-11 13:33:42,2026-05-19T03:31:48.840403,news_signal,GENERAL,1,0.2,,GENERAL_NEWS,Telefonica Brasil (VIV) Stock Forecast and Price Target 2026 $VIV - MarketBeat,https://news.google.com/rss/articles/CBMiYkFVX3lxTE96UUNwckRQQXJhdUlvUmFPaEFEbmRpeUVfdFZ5NTBhV1dqT0hHUmlqbkV2MjRkMFc4M0J4d2pBRXhOdGdGZTRvSVVBa1ZEMnYySFdhWDRZTVFTRWg3WFY4akNn?oc=5,Google News RSS,,,GENERAL_NEWS,0.56,GENERAL_NEWS,GENERAL_NEWS
Americanas SA,2026-01-22 08:00:00,2026-05-20T03:30:27.278739,news_signal,LEGAL_REGULATORY,5,0.9,"CEO, regulator, fraud",CRITICAL_SIGNAL,Brazil’s regulator accuses ex-CEO of masterminding Americanas fraud - Valor International,https://news.google.com/rss/articles/CBMizwFBVV95cUxPOXp4SldFMDFhRTh6OVhiSHNVMlJ3bm9hbUtOOXJKTEU4bTU0aWM5eXRTZ3NGcHJqVlZuTnRCX2x3UlNrVHVxbGNidkN2Vks3WnJoSnNHTTAzNXRsVzFvd1cwRnNVQl9YZkRoX3VaNkFJTTR3M3g4bjR3dzREQ0dSQ1lSZWsybmpqb3czdkFfZGUyT0hEX2ZoUXZPNEpWXzVnNTFMWW85dG1OWDhwdXR0Um5PYTduX0JVbHFFcFNZNkZGemtFQ19PeTdjVmdRMkXSAd4BQVVfeXFMTjh6cW1UTDBNQ2taRlJ6eGFLc3YwTUplV2E3THhhSHpkRVlPeE00c0FqQ0I2T0lWaWZDUDQyaE9QQ1pMMEN5Z3VtVTdTZ1otT1VSR0JPd1ZPTERyT2d6Y0lZVFNqTjNycGplWGxmZ0ZKdE1jc3VxNlR2S0dXV3hHMFFVTktxZGRiV2xSb1p5WHU0Tk83d2NYRXFtNW9aMjkzclMwUlZ5LVdoWTBhX0NGSW16UnVnMFBSaGFmTWVJWGszS01XMmxhZlVkNlE0SHRYSGdveVFaV250eTdSZ093?oc=5,Google News RSS,"Brazil's regulatory agency has accused the former CEO of Americanas, a major Brazilian retailer, of masterminding a massive fraud scheme.","This news could represent a corporate risk for several reasons:

1. **Regulatory scrutiny**: The involvement of the Brazilian regulator in investigating the alleged masterminding of the Americanas Group's (formerly Americanas S.A.) fraudulent activities suggests that there may be a lack of transparency or accountability within the company's leadership.
2. **Reputation damage**: If the investigation finds that the ex-CEO was indeed involved in the fraud, it could lead to significant reputational damage for the company, its directors, and executives. This could result in a loss of public trust, potentially impacting the company's brand value and ultimately affecting its financial performance.
3. **Financial consequences**: The Brazilian regulator's accusations could lead to severe financial penalties or even fines against the company and individuals involved. This would be a significant risk for Americanas Group, as it would require them to pay substantial amounts of money.
4. **Loss of regulatory compliance**: If the investigation reveals that the company was aware of or turned a blind eye to fraudulent activities, there is a risk that the regulator could strip the company of its licenses or permits, forcing it to shut down operations entirely.
5. **Potential for class-action lawsuits**: As a result of the alleged fraud, customers or investors who were affected by the scandal may file class-action lawsuits against the company and its executives. This would add significant uncertainty and potential financial liability for Americanas Group.

Overall, this news could pose a significant corporate risk to Americanas Group, as it highlights concerns about leadership accountability, regulatory compliance, reputational damage, and financial consequences.",WEAK_SIGNAL,0.33,CRITICAL_SIGNAL,CRITICAL_SIGNAL
Ambipar,2026-05-10 09:29:03,2026-05-20T03:30:27.278739,news_signal,GENERAL,1,0.2,,GENERAL_NEWS,Ambipar Participações e Empreendimentos stock (BRAMBPACNOR6): Trading near 52-week low on Bovespa - AD HOC NEWS,https://news.google.com/rss/articles/CBMiwwFBVV95cUxOLW5vM2JUOFdFVE5MZzY1bmdSNVU5Y1dUVWVsZldiV0lWZHlSaXl1TFpHTnRXOHdVOVJGSGZaeUl2amJ1eDN2czdsTHprcExDS1haRi12RjQxT2U4d2RuV3Azb3FMN2gtN3I2ZTlKVzN0d0NrQTNhY2wyWTJOSHl6eVVhRXRCWS1oV2otbG9ZZnVza3ZoUFlOZFlOU2FqMFRoYUo4RFpNcjBRVDhpWTN5bVRzWlNNdUZWSEw5QVFWVU5ITVU?oc=5,Google News RSS,,,GENERAL_NEWS,0.51,GENERAL_NEWS,GENERAL_NEWS
Banco Master,2026-01-20 08:00:00,2026-05-20T03:30:27.278739,news_signal,CREDIT_LIQUIDITY,2,0.6,liquidity,WEAK_SIGNAL,Reimbursement of Banco Master CDBs injects extra liquidity in market - Valor International,https://news.google.com/rss/articles/CBMi0AFBVV95cUxQZzJwbmpjejFWRE11VXI3TG1lWmRuX1U2aW4yb3UxN25NVU9ZQzNYUXRjMElfcW9qWkxTWjVNdTJoMDJLSVBsOXRiVFZRWDhHZldkQkRCb2RkV2hHdjFDNWJ5UkxJWWJZVUpSMlRtNkhWZXB1OEt0SmlQVlE3N3o2aFE2NjNjNlEyN3hVWXQyUHMyYk9mX2NZX1FIekJTV0pXSlBtcEttWXcxLXVXNVc0X3dqaTc5SkVGR1JNQzZzR1E5bEEyalRBUVZPRVNfeERR0gHfAUFVX3lxTE1MdXI3S1VKZDB0X1NFT1FhYXF3dHAyTWN2Nk5ZSG5QYTNPdjVYUEhrTzRqWmo5TWg3bmtzNW13eFIxTEZWZTlTWmwwdDNaUTNjMmw2cWVFVkRtdDlYRHdENmptbjF2aDkzU0NKcE1XOUQ4ZmZScWZ2cm41eXZ4YXpLUXZSVDR4elQtMmVkdDlLTThnSjVKLTJONkdNenZaUEV4WHZ5VzAtNWg3MVBEODR5TEJMeDRMNWltRkJmU1RhZVRtcGxCSXVzOFExcUNyc0Z0Y2lyaFh0TUROckVBTTA?oc=5,Google News RSS,,,WEAK_SIGNAL,0.45,WEAK_SIGNAL,WEAK_SIGNAL
Banco Master,2026-04-13 07:00:00,2026-05-20T03:30:27.278739,news_signal,GENERAL,1,0.1,,GENERAL_NEWS,Brazil Deposit Guarantor Holds Off on BRB Loan Amid Banco Master Risk - Bloomberg.com,https://news.google.com/rss/articles/CBMiqwFBVV95cUxOT2tBWFNTM0hpU0Z4eTFLUjNqUXVOLU84SHBsdk9ObWktRktYS3NSeWtSbnRiU1FSRWV6RklQNklsbnRzTWhHS1NGdDBwSTkxLXF5VmhTNHEtcHlSMTVndV9ZeERqeWRzMmtZdGFZcXpEbW9BblNHWUhRd0ctRWxLbHMxcHJDOEZjQVhULVdjaEhmblpvVnNjSTdCMmZvZVJZUF84a0h3T19OQU0?oc=5,Google News RSS,,,RISK_SIGNAL,0.65,GENERAL_NEWS,GENERAL_NEWS
Banco Master,2026-01-21 08:00:00,2026-05-20T03:30:27.278739,news_signal,FINANCIAL_SYSTEM_RISK,5,1.0,central bank,CRITICAL_SIGNAL,Brazil central bank liquidates Banco Master's Will as Mastercard suspends cards - Reuters,https://news.google.com/rss/articles/CBMixAFBVV95cUxQbi01b05tWjUyRXh3YWpMdXpvNVVjQ1BmWDlGN3BFOEl2ZEVqQ2ZBdUoxSXRHSW02eXV3c0dqMWljYmtuU2ZweWpDVXo0Zmw2V1hFTmdEUEExWU9HN2xqTEtnNG8zNDhGNnNxX0VxYmhBYjhpRm1MaWJDVlJGYkdzczdGTmRSZ1VGanpwS2l5WVNOX2t1MEUwdXBnZml6UU5FUkZ3RlpvbHZmaVpzUlhWT29pQ0FKa0dOSkI4MUxXcjlWSVRj?oc=5,Google News RSS,"Brazil's central bank has seized and frozen Banco Master's assets, following the suspension of Mastercard-branded credit cards by the bank.","This news could represent a corporate risk for several reasons:

1. **Banking crisis**: The liquidation of a major Brazilian bank, Banco Master's Will, suggests that there may be underlying banking system issues in Brazil. This could lead to a broader banking crisis, affecting not only the bank but also other financial institutions and potentially the entire economy.
2. **Mastercard brand damage**: The suspension of cards by Mastercard due to the liquidation of a partner bank could harm the reputation of the Mastercard brand. If customers perceive that Mastercard is not able to support its partners, it may lead to a loss of trust and confidence in the brand.
3. **Payment processing disruptions**: The liquidity crisis at Banco Master's Will could disrupt payment processing services, potentially affecting businesses that rely on these services. This could lead to financial losses for these businesses, particularly those with complex payment structures.
4. **Systemic risk**: The failure of a major bank and its partner card issuer like Mastercard raises concerns about systemic risk in the global financial system. Other banks and financial institutions may be at risk due to interconnectedness, leading to potential cascading failures.
5. **Regulatory scrutiny**: The news could attract regulatory attention, potentially leading to increased oversight and stricter regulations on banks and payment processors. This could result in higher compliance costs for Mastercard and other affected parties.

Overall, the liquidation of a major Brazilian bank and the suspension of cards by Mastercard indicate potential corporate risks related to banking system stability, brand reputation, payment processing disruptions, systemic risk, and regulatory scrutiny.",CRITICAL_SIGNAL,0.82,CRITICAL_SIGNAL,CRITICAL_SIGNAL
BRB Banco de Brasília,2026-04-13 07:00:00,2026-05-20T03:30:27.278739,news_signal,FINANCIAL_SYSTEM_RISK,4,0.75,,RISK_SIGNAL,Brazil Deposit Guarantor Holds Off on BRB Loan Amid Banco Master Risk - Bloomberg.com,https://news.google.com/rss/articles/CBMiqwFBVV95cUxOT2tBWFNTM0hpU0Z4eTFLUjNqUXVOLU84SHBsdk9ObWktRktYS3NSeWtSbnRiU1FSRWV6RklQNklsbnRzTWhHS1NGdDBwSTkxLXF5VmhTNHEtcHlSMTVndV9ZeERqeWRzMmtZdGFZcXpEbW9BblNHWUhRd0ctRWxLbHMxcHJDOEZjQVhULVdjaEhmblpvVnNjSTdCMmZvZVJZUF84a0h3T19OQU0?oc=5,Google News RSS,The deposit guarantor for Brazilian state-owned bank Banco Nacional do Brasil (BRB) has delayed a loan decision amid concerns over the bank's risk exposure.,"This news could represent a corporate risk for the following reasons:

1. **Credit Risk**: The Brazilian Deposit Guarantor's decision to hold off on approving the BRB loan suggests that there are concerns about Banco Master's creditworthiness. If the bank is unable to secure financing, it may struggle to meet its financial obligations, which could lead to a loss of investor confidence and a potential default.
2. **Liquidity Risk**: The holding off of the loan approval implies that there may be liquidity issues at Banco Master. If the bank is unable to access funding, it may not be able to meet its short-term cash needs, leading to a liquidity crisis that could impact its ability to pay debts and maintain business operations.
3. **Systemic Risk**: The news suggests that there are systemic risks in the Brazilian banking system. If Banco Master's loan application is rejected, it could have far-reaching implications for other banks and financial institutions in Brazil, potentially leading to a wider systemic crisis.
4. **Operational Risk**: The decision by the deposit guarantor may also indicate operational risks within Banco Master. If the bank has inadequate risk management processes or governance structures in place, its loan application may be rejected due to concerns about its ability to manage credit risk, leading to potential reputational damage and future financial difficulties.
5. **Market Risk**: The news could also have market implications, as the rejection of the BRB loan may lead to a decrease in Banco Master's stock price, potentially impacting investor confidence and portfolio performance.

Overall, the news highlights potential corporate risks associated with Banco Master, including credit, liquidity, systemic, operational, and market risks.",RISK_SIGNAL,0.65,RISK_SIGNAL,RISK_SIGNAL
BRB Banco de Brasília,2025-09-04 07:00:00,2026-05-20T03:30:27.278739,news_signal,FINANCIAL_SYSTEM_RISK,4,0.7999999999999999,"central bank, bc",RISK_SIGNAL,"Brazil’s Central Bank blocks BRB deal, Master’s fate unclear - Valor International",https://news.google.com/rss/articles/CBMiwwFBVV95cUxNY3RGc25tSFFIWmoxUVZ5VjlfRWdCOTMtLWlmRnUyUVpSekRBUGRJTHJqSDM2c0hmaVZmQ3N3aVVnbkM3bXVPQVFhamE4M3NCeEpfU0ZHM2ZVLTVURXRidDNaaV9iX0F2TUlRZ2U4VVc3ZHN2VzFrSE45S0QyRDFaV2ZBcHp3aDJ3OWNwZmE2Nlc0c1hmRU1OVjVKZ0dmby1tOWJqWE1qYlRYNllLRmY3SVNKRmc0OXBqWkMzOWFRc08taHPSAdIBQVVfeXFMTm02b1V4ODdjNEM3V21CWmNZZ3dmcFF0empkZ1ZtM0lYaWR5VzZma1NXVTJqb3RxcHQyWFRGRHN5ZlF5VkhRa29wdjZ1LUhULWp2TndTODlNQjdXRGNhQ0ljUWIyLV9hZElkRThEZ1NoUnkyMFBhdUJDVC1YWFV1N3V2cmZfcnh5YjR4N3ZBSGkzSjhJcTlCcmZsczVpWENVMjAzUEhmWUNkWEhtc3gzY2lLVWNvcjI1eFdyR0FGWUNmTEc5c0VLUWVoTTB6ME1LS3hR?oc=5,Google News RSS,Brazil's Central Bank blocked a major deal involving the Brazilian retail bank BRB.,"Error: HTTPConnectionPool(host='localhost', port=11434): Read timed out. (read timeout=60)",RISK_SIGNAL,0.47,RISK_SIGNAL,RISK_SIGNAL
Nubank,2026-01-16 08:00:00,2026-05-20T03:30:27.278739,news_signal,GENERAL,1,0.2,,GENERAL_NEWS,Nu-World Holdings (JSE:NWL) Could Be At Risk Of Shrinking As A Company - simplywall.st,https://news.google.com/rss/articles/CBMi4AFBVV95cUxNWS1oQjhEalFFdnVGeHlmMWthOHRJam9nYTd4RE1SWG1fSzVHNUNiRkpXeEJUS0hTRENPWHMydy00U3lZUEVUVHFqV09NMWNiaWZxLUZBTHBMZE50QlRwZ3g5QlI2Z1oxNVpHNy1MTlFSejdaY3hjZUxzVUJGcU9TVmRpc0xhUFVMa0hrRlNYLXdFeDZHUF90S29DVU1MbnhKSThVMmJiRk00S280SFR5SldRZ3JyNUNaN0xJalo1cmQyaW9zbkxiRU5OR2lhdlBPanNjWXNJbWRseDBTdjBmWdIB5gFBVV95cUxQa0M1Skk2T2FVc2FLREdiQzdxQzdXZ2JHQUZvaFBjcnoxTElpUWhjR192U1Q2c20zNEdKcExGN1pQYzVXdUFCaFJubWtfSEhmbzlpTTF6TWZVZWJ6aVlOb3RZbTdkMHVsbWhlR0tPUW5JbldXX1pLb29aQ0dfN2RmZEk5c1dBbE1YZ0ZYOEdhNVJkQ3laOWtsOENlZFhhNl93d0M3NXpyTV9hbkNaTGZSeFZVSmU4ZFZMaGNVTFVXWTFnSG1sRDRkM0VWTWNrNnZMdGZDRzgzajBOOTQ0V2h1ZlN0Nmxldw?oc=5,Google News RSS,,,GENERAL_NEWS,0.48,GENERAL_NEWS,GENERAL_NEWS
Nubank,2026-04-18 07:00:00,2026-05-20T03:30:27.278739,news_signal,GENERAL,1,0.2,,GENERAL_NEWS,"Nu Holdings: Scale, Efficiency, And Earnings Still Support A Buy (NYSE:NU) - Seeking Alpha",https://news.google.com/rss/articles/CBMipAFBVV95cUxPN1lTMkY0RENQdDBNMDBxa3lfSXpVck5uUjcwQ3d0XzNXczlrQ0czalBuMDdYcTBJNzEyOGc5cVBiVVU4WTZUbG1IdGFSV1h4RHdFMzhvTFFoMWFNWVdRZUpOc2pYY2NvbjFoNDJmTHduQk5ibllZaFd3M3RqVnU4NGhjUV9kaGxwckVaRktfcDBvNU1xLS11THEwTWxGb3dacXlTYw?oc=5,Google News RSS,,,GENERAL_NEWS,0.59,GENERAL_NEWS,GENERAL_NEWS
Nubank,2026-02-25 08:00:00,2026-05-20T03:30:27.278739,news_signal,GENERAL,1,0.2,,GENERAL_NEWS,Nu Holdings Ltd. Reports Fourth Quarter and Full Year 2025 Financial Results - Business Wire,https://news.google.com/rss/articles/CBMizgFBVV95cUxQUDZsOGc0ZEl0dlZpM3NETjdCNjdTV0hYOGNDbG9icldMd3lEbVNIdXN0dGZGUS1VNWhfYjhEV2VCQlhORldTWVV1THRZSzMzUWx3d2xaazM1ZDVJVFZ0TkRlV1JzMWlLM2JmVjk4eEFvcUtPWHUxcW9VQ1BoRkw0WWFEVEQ5cWVSWUVDNU0xMkUtdzkyYi1mNDA2N3NGWWk5cGhkeUpad3drUjE5OENCM0JpMDhObm9Vd1RNS0Z5ZndiVXZramFxaC1aVVN1QQ?oc=5,Google News RSS,,,GENERAL_NEWS,0.51,GENERAL_NEWS,GENERAL_NEWS
Banco Inter,2025-07-23 22:55:22,2026-05-20T03:30:27.278739,news_signal,GENERAL,1,0.2,,GENERAL_NEWS,"INTR SEC Filings - Inter & Co 10-K, 10-Q, 8-K Forms - Stock Titan",https://news.google.com/rss/articles/CBMiV0FVX3lxTFBMZWgzUERNcjNYcGhHSUg0T3BsQ25kdVFmU05VNThNT0U3eDZkU3U3U3lRRk84R0MySjNuMk51bW03NHZGaUEzai15TEJCRGhYQWl4QnV6dw?oc=5,Google News RSS,,,GENERAL_NEWS,0.63,GENERAL_NEWS,GENERAL_NEWS
Banco Inter,2026-04-29 07:00:00,2026-05-20T03:30:27.278739,news_signal,FINANCIAL_SYSTEM_RISK,4,0.7,"central bank, bc",RISK_SIGNAL,"Brazil central bank trims interest rates again, eyeing Iran conflict - 104.1 WIKY",https://news.google.com/rss/articles/CBMinAFBVV95cUxPNy1vU0daYjBWaWZSZ2xhcjgxaVRWcmlQRU4xajZiOU1FRnhBckZtMU5XVkFEYkp4Umc4emxmQm5vWjBKTVY4a2hNOWlHbHBuTlQzNHp3X3RNNzA2LUNkbmxoeFBkYWViajBsaGwtYldGeG5BRVFwYWJIYlFzSW5uUDBFckFIUHhHNl9SWHBlREVNNlhKeXZHU2lZSDY?oc=5,Google News RSS,Brazil's central bank reduced interest rates for the second time in a month amid concerns about global economic uncertainty and the Iran conflict.,"This news can represent a corporate risk for several reasons:

1. **Interest Rate Changes**: The Brazilian central bank's decision to trim interest rates may lead to a decrease in the cost of borrowing for corporations operating in Brazil or with exposure to the Brazilian market. This could make it more attractive for companies to invest, expand, or take on debt, potentially disrupting existing business strategies and cash flow projections.
2. **Economic Uncertainty**: The central bank's focus on Iran conflict suggests that there is a risk of economic instability or sanctions related to the region. If Brazil joins international efforts to isolate Iran economically, this could lead to increased costs for corporations doing business with Iranian entities or in countries with strong trade ties to Iran.
3. **Currency Fluctuations**: The Brazilian real (BRL) may weaken against major currencies, such as the US dollar, due to the interest rate cut and potential economic instability. This could make imports more expensive, reduce demand for exports, and impact companies' profit margins or cash flow.
4. **Investment Climate**: The decision by the central bank to trim interest rates and focus on the Iran conflict may indicate a shift in Brazil's investment priorities. If this leads to increased government spending or infrastructure projects, it could lead to competition for resources and potentially disrupt existing business plans.

Overall, the news highlights potential economic uncertainty, changes in interest rates, and currency fluctuations that could impact corporations operating in Brazil or with exposure to the Brazilian market.",WEAK_SIGNAL,0.43,RISK_SIGNAL,RISK_SIGNAL
Banco Inter,2024-05-28 07:00:00,2026-05-20T03:30:27.278739,news_signal,GENERAL,1,0.2,,GENERAL_NEWS,Banco Inter to Gain Full Ownership of Merchant Acquirer Granito - PYMNTS.com,https://news.google.com/rss/articles/CBMiqAFBVV95cUxNbm5CWjh5c1ROc0w3bkRqN21lZ19yWVU4dlFBRHN4WVBFNDVyMnl3T3F5cVlIU0tyUEtKWnl3MzlZTnZoVmRyMEFpSHlRWnVFUWp5aGhfb2pjTUxEZ25SVndOZGtEMEs2aUJzZlBhNE1FS3Z6cGhuUHJmUW95cXM0MG1WT2hsYXc4LU85VVVvMUwzS3pvbTQ0SFh5bUF6ajUzMEFWVVlSbTM?oc=5,Google News RSS,,,GENERAL_NEWS,0.48,GENERAL_NEWS,GENERAL_NEWS
PagBank,2026-05-13 12:24:36,2026-05-20T03:30:27.278739,news_signal,GENERAL,1,0.2,,GENERAL_NEWS,"Earnings Flash (PAGS) PagSeguro Digital Posts Q1 Total Revenue and Income 5.01B Brazilian Reais, Vs. FactSet Est of 4.96B Brazilian Reais - Moomoo",https://news.google.com/rss/articles/CBMi2AFBVV95cUxQUURLTWFmbUtpNkl4eTh1TVFrSVJmQk4ydmMtaDE4X2RqR1hXcjY5Q3NPRVVlQ210b1F1cmk5MlJkaHhLT2g4RTJiNWVOS2lzM0xTRlo2bWF6NWFZd0JNd0U0ZWctTmN4aDZWUlFOZEVvWnM2aFNRRDlwQlo0SDVsS0lWVU00a1lUd3BfOWRxTjh6Y3o5dWY3bTN1aURFRVlTQnNpMUx0UUJuLThsQjhoYnQ1UEtlcG9MVVRFdW5LUFhNMGtfdTBldmVTN0xmNE44Slo3VGpna3Q?oc=5,Google News RSS,,,GENERAL_NEWS,0.55,GENERAL_NEWS,GENERAL_NEWS
PagBank,2026-01-15 08:00:00,2026-05-20T03:30:27.278739,news_signal,GENERAL,1,0.2,,GENERAL_NEWS,PagSeguro Digital Ltd. (PAGS): A Bull Case Theory - Yahoo Finance,https://news.google.com/rss/articles/CBMigwFBVV95cUxPS0wtT0dpOWMwRWdlSGo1V3J3VmlIRnY3NHAyeXlNOVViS0dGdnpEbW5CV2lxLVVIVmY3WkYzQUI0aWJhaGFlQ0s1NDhmOHdvdnRwUE10dTJuM184c2VzN1o5RnVoTkZJaXdMLWI5a2NRbnl1VUxSZXhsZDJFcHBtZnoycw?oc=5,Google News RSS,,,GENERAL_NEWS,0.66,GENERAL_NEWS,GENERAL_NEWS
Stone,2026-05-05 07:00:00,2026-05-20T03:30:27.278739,news_signal,GENERAL,1,0.2,,GENERAL_NEWS,StoneCo’s ESOP Shelf Offering And New Directors Might Change The Case For Investing In STNE - Sahm,https://news.google.com/rss/articles/CBMi2gFBVV95cUxPTXAxUTlKLVUyLTNnVzBZZHc3R1VkdzUwUmZMZURqOTUxM1BpMFQ0OEwzUXJlZUNKT0cwVG1OY1pCeDFNNmdVMG5MU3hvRGdTWl9pbGtPZTVZbXBGSUlzZUJub0NDd1JLbmpPaHJlcDh2RHpnMXZYSklFcTNlUlU0c094eHJpdlhzTlc1T1A5WmRWMEZUbDBuUUdKMTFadE5KNHoxTG95bjVVNUJWWEFFTTRiaXhjNHRsS1lUVlROTF9SVjZvVEdFQU5DOWdqM1pJdmZYRUxMV2V0UQ?oc=5,Google News RSS,,,GENERAL_NEWS,0.57,GENERAL_NEWS,GENERAL_NEWS
Stone,2026-03-09 07:00:00,2026-05-20T03:30:27.278739,news_signal,GENERAL,1,0.2,,GENERAL_NEWS,"StoneCo Earnings Call: Profits Up, Risks in Focus - The Globe and Mail",https://news.google.com/rss/articles/CBMiywFBVV95cUxPQlZJZi1YTXNpbVBLQ3dMUEpUcGI5eUNUR3RkTHZaeW9RRWdQWnhRbzhNcGJfZ29GczVOc2ZCdEtJanhaVFEzb29qaEl6c1plNUlRRDNJYldlU1VfN2NOeVNjNURGRnI5aG5iTW42aGJJSHd6UnlqVE9ETDJiUUY5M2EwbWlUaHpJNEkzR3RPSWxFNk9wWDlWN3B0b25LVXJQTFNTbGw4TTZaMHlUc3BlVC1xelRkbV9YWkhNSnNxdjBPR2g2SnNsWXgxaw?oc=5,Google News RSS,,,GENERAL_NEWS,0.62,GENERAL_NEWS,GENERAL_NEWS
Petrobras,2026-05-11 23:01:48,2026-05-20T03:30:27.278739,news_signal,GENERAL,1,0.2,,GENERAL_NEWS,"Petrobras: lucro líquido cai 7,2% para R$ 32,6 bilhões no 1º trimestre - O Globo",https://news.google.com/rss/articles/CBMi1wFBVV95cUxObUxTQXlFeVlENFdSY3QwVkhfa0RiVXVlWWxMWkxuQk55TGtJMXk5TFRYVUxILWNDZlM0RWtRaFljTXVlYVpsUjFMaVpkVnludWQySjU3bTY3MTdoRGF2cW5tV1lRRWdZdktqdmZad2hEdk1waDlrak5Ta3dFRGlIUGtTQXJqbUNaalVhQ28zMTlXZDBWUEdjcDFmOGM1dk5QeVlTajJza2w1WDFMQTFiUUdYZTlyUldmdGpyQ2Fia0xaMk5YQkFwWng3QVZsbXNzSXNZUzg2d9IB5gFBVV95cUxPeXUtZ2lwdzltY0dLWHZzaDh3TnBpNzVuMlktdFh3OVJ6MHFQancwNG5GQXR2ZUdQWDRHODdXZW1EeXJaRWJtTEp6eG9lWFpnZWk1bUZxUXpYMUNmT3N6VF91Q0VnU0ZjR0ZacjRnT1VhYWdMY3ZBSGdMRHlxc2hRQ056ZDRET1J5WlBwOXRiYzNZOUkzb1hMZWlwalR2RGtyN0hRZFZ2N3czeGlmMHdQN3B5bVdybk5rNDJxY29JVDROZmh2Q28tc0JnbmlWUDNxN3B5Y2hLUDNBYXMzVGFlR21sU0swUQ?oc=5,Google News RSS,,,GENERAL_NEWS,0.46,GENERAL_NEWS,GENERAL_NEWS
Petrobras,2026-05-11 23:18:10,2026-05-20T03:30:27.278739,news_signal,FINANCIAL_SYSTEM_RISK,2,0.5,bc,WEAK_SIGNAL,"Petrobras tem lucro de R$ 32,6 bi no primeiro trimestre, queda de 7,2% - Valor Econômico",https://news.google.com/rss/articles/CBMiygFBVV95cUxNT0lyMEh4VWxLVmNCSktYWGFmSl9kT0VxRm9uXzdUb0MwdFdNTXpfMlpJeHp0cVZsZWc2WEwzZGxzaTVaY0RfQkNGVnRuTk1KSU12ZjdURDhaeXZXWU9yWC1LTUdna0k3c0VLbzhRYzZLdzhhczJZNFhpY0xVOFVNNXVxeGl3YjIzRGZFNVBtUEZ4N2JDOG5MV09VV0hqa3lIam4tbGpUQTBCNVN3VFJ2RWg0YXc2MVBBY0Q1a01Ub3RhUDRRMEtiendn0gHYAUFVX3lxTE9hbHdST2JfaVJWZVF1VWJWZXVfTENXcUVnd2xTNHJMZWZtVHV3VGJ0QVZHV1hXbXl5Q1ZwNUlDaUZMVURaRUdieURQZ2tHTTFnaExZN0p2enZwWVFZdUtTMnRlMk5SSU9Jd0w5Qll0WFNUWlhCRVA5Ulg5dXBZTk1fTDZzQktRcU5RMEtLaGNmdGR2eGdKUFVPSk5BMWZkU1A0WFdpTGRjUGxRYTJIOE1La0hPYnM2MmluLURrN1JFM3ktSW1OSTZzeDRkc2E5OGxFN1Iya3RIOA?oc=5,Google News RSS,,,RISK_SIGNAL,0.4,WEAK_SIGNAL,WEAK_SIGNAL
Petrobras,2025-07-08 11:07:49,2026-05-20T03:30:27.278739,news_signal,GENERAL,1,0.2,,GENERAL_NEWS,ETFs que Investem em Ações de Petroleo Brasileiro SA Sponsored ADR - TradingView,https://news.google.com/rss/articles/CBMiXkFVX3lxTE5hWkZqeGFLaUlQd0F2dGl0TGVUN1ZMUU80SlBodTY0bTF1Nnc2a0txTDV1UDNLYUFZdHlMcll0RWo4cE5KZE5UZWdBWEN4QjdnZUU1YXUyX3g5VEY1d3c?oc=5,Google News RSS,,,GENERAL_NEWS,0.47,GENERAL_NEWS,GENERAL_NEWS
Vale,2026-04-29 07:00:00,2026-05-20T03:30:27.278739,news_signal,GENERAL,1,0.2,,GENERAL_NEWS,Earnings Call Summary | Vale SA(VALE.US) Q1 2026 Earnings Conference - Moomoo,https://news.google.com/rss/articles/CBMiqgFBVV95cUxPMmIxQVRUN0c0OGNOWDExaTBVdXJhRkxNLVg0QTNMSVNfSUFnXy1mR291d2pOZkV2SzNNTmtmVDQ0N0RGOTJMazNEa2NaZnpzdHdIR3VsRlFoQWt4UWtlTDM2SUI1NkNSMEx3RW0yR3VkQW5zb3JQNXNDTUR2akNUR2tKcVZuTWZPX29YUFlDeXdiN0l3RFYwMHk4M1MwNVRzYlR3bDZsdTl4UQ?oc=5,Google News RSS,,,GENERAL_NEWS,0.63,GENERAL_NEWS,GENERAL_NEWS
Vale,2026-02-28 08:00:00,2026-05-20T03:30:27.278739,news_signal,GENERAL,1,0.2,,GENERAL_NEWS,Vale S.A. (VALE): A Bull Case Theory - Yahoo Finance,https://news.google.com/rss/articles/CBMifEFVX3lxTFBiZXlCbTBRZmZ0NVFmZWpZSUtSUVUxVzN6NGVyTUx3SU1VODItbHJsX1pEYS1KOFlPeFN1MWZFWlZIYWZFTC1kVjZoZGlRcGttTEppcDFVVnRlQnRuQjB3ZWNLV0pYenpKOXc1NzNJR2hYT25SMGVQZlNxM2w?oc=5,Google News RSS,,,GENERAL_NEWS,0.61,GENERAL_NEWS,GENERAL_NEWS
Braskem,2026-04-30 07:00:00,2026-05-20T03:30:27.278739,news_signal,GENERAL,1,0.2,,GENERAL_NEWS,Braskem Publishes Remote Voting Breakdown Ahead of April 29 Shareholder Meeting - The Globe and Mail,https://news.google.com/rss/articles/CBMi9gFBVV95cUxONENnWWNfakZzemVBNE1zNVZ5elhxYWlGbFpBdWdjN2EwbUtBRzd2TG1pcGtwYUdLVTRRWVVVcjg1MzM3ejhDR0x6ME5OM1JYYTdYR0tBNGY0Qk11MnZuZHdCUnF0TmpNeGdTemtFSlFNWG5iM1l5WjBkdWt2cHJLZ1EtLTY3UXBVbGJLczNvM2pvVDdnOGl6UkE4OHVnWlJFZHNPX0hsUG52MU1LeHhFMmt0ZEs0UE1OSzladVhZQ2UwMzE0OXloRk1HRWZPTzFqU1JCRGdqeHMtR0E3aXJ0MG11S0xLYm1vTmtGMXdoTjN5b2FTOVE?oc=5,Google News RSS,,,GENERAL_NEWS,0.47,GENERAL_NEWS,GENERAL_NEWS
Braskem,2025-07-31 07:00:00,2026-05-20T03:30:27.278739,news_signal,GENERAL,1,0.1,,GENERAL_NEWS,Braskem: 3 Key Reasons To Remain Bearish (NYSE:BAK) - Seeking Alpha,https://news.google.com/rss/articles/CBMihwFBVV95cUxNclJHUEZuZG1wbzEzN1d5S01ucUNDbXZlSHVlSlBac05aTDNSZzlpclA1aEM0ekFNZ0NpTzZBbXVLbkJPX3pJcklvTVVrVnBkNTFGSDNuaDhHS1FPeklpaGRlbFVoNFFhTTdlRzQySHNOSDhyV3I0UDVrYmhoUlVQY29FUjJSSFU?oc=5,Google News RSS,,,WEAK_SIGNAL,0.44,GENERAL_NEWS,GENERAL_NEWS
Eletrobras,2025-10-10 07:00:00,2026-05-20T03:30:27.278739,news_signal,GENERAL,1,0.2,,GENERAL_NEWS,Eletrobras sells thermal power plants and now has only renewable power plants - Canal Solar,https://news.google.com/rss/articles/CBMihAFBVV95cUxOam54M3l4MEo3LXM1aXlwLVJIV3hzUG5rS2E0eThzdnM0QW1HYzFzNWNvRFhNRW1Zc0diWWZFcFBnZEtyUFBLd2E5cW5IcTNVMnZRc2lPTU5GT3dJXzdkZUc0eTlZRU44bWthWUE2Ym5pdEpremtHOVNmVmRLNkhKQTM0YnE?oc=5,Google News RSS,,,GENERAL_NEWS,0.51,GENERAL_NEWS,GENERAL_NEWS
Eletrobras,2024-10-22 07:00:00,2026-05-20T03:30:27.278739,news_signal,GENERAL,1,0.2,,GENERAL_NEWS,Ocean Winds links with Brazil's Eletrobras for offshore wind development - Recharge News,https://news.google.com/rss/articles/CBMiuAFBVV95cUxNU3ljbFhpbjdiZTBlNmxtOHpRaGpTNF83ejcwVWtaSHhRWUVmUkdnODlWQWNzNDJ2U0ZxWkJvc19BU2VyRlpMajhic2Vtc3ZOeGlaVC1HRXNEbW9jS3psbEFJZHAzOVRvQ1UyQU9hMEtzZ2FiWGNDUzBLdWdhbVZDZXFMSDB4WWNQcVlfeDZSZHU5NFROQ0F5WmlfSDUtdGFrVFFLUlJ5ZHRpRERhUDZzVmxDbUwtWnFB?oc=5,Google News RSS,,,GENERAL_NEWS,0.51,GENERAL_NEWS,GENERAL_NEWS
Eletrobras,2025-03-31 07:00:00,2026-05-20T03:30:27.278739,news_signal,GENERAL,1,0.2,,GENERAL_NEWS,Eletrobras Announces Merger with Subsidiary Eletropar - Investing.com,https://news.google.com/rss/articles/CBMirgFBVV95cUxNNndybDFYaXFKb3EteHVSaUw4UEFlSGRZcENMS1pnR2FLQVdyZW5sNzJWMzJiOUJsaFF3Z1RiYjByenpBaHU1NDhCSnNtOTR2ZHV2M0NoMDRxZzh1MUo2N3BzMXRyeElRMXJoeGo5cUEteUFDdGN4UGhJdm1jdTNlU2FJZHZjQTdEQzJndG9qYnJaYjhxODNWTzlLRnE0WVphVUdvTE1lYlFxYkpncHc?oc=5,Google News RSS,,,GENERAL_NEWS,0.51,GENERAL_NEWS,GENERAL_NEWS
Eletrobras,2025-02-28 08:00:00,2026-05-20T03:30:27.278739,news_signal,FINANCIAL_SYSTEM_RISK,2,0.6,bc,WEAK_SIGNAL,"Brazil, Eletrobras reach deal over voting power, nuclear plant - Reuters",https://news.google.com/rss/articles/CBMivwFBVV95cUxPS2ZBOEk2N3pyaVpFU3BjVHUyX3JBSUxqeVduOUpEYXZRZVVLSUhUQzVZNmVRLW5kbERwcTdFdkFmZFlaRTNTODZSYXR3dnowenJqNl8xUWI0Nm9MdWNSY2NBcnRJSGlIalRFbFBXYjIzOGZvWERrZ2dfbUltR0Q0MEFUR3Rkbm1GdEotT2RHZTJWbUh0WUNFMzNmeHNFb1hkbWRuRkpMbU12Yk1oeDhGTmpkWnR3bkRCWldoLWlOQQ?oc=5,Google News RSS,,,WEAK_SIGNAL,0.36,WEAK_SIGNAL,WEAK_SIGNAL
TIM Brasil,2026-03-02 08:00:00,2026-05-20T03:30:27.278739,news_signal,GENERAL,1,0.2,,GENERAL_NEWS,Nokia Partners with TIM Brasil to Cover 42% of the Country with 5G Using NVIDIA's AI - Idéal Investisseur,https://news.google.com/rss/articles/CBMi1wFBVV95cUxPZk1EUU9aalRySlBmbEgzNU45bDFsWUFGZXhTNnFRejJzVGZWS0d5dWYyNFV4aTdRT29PYVRrdVhtRGZLR21DZ0gxMlVaclpSXy0yTGlTTERJaUtiN1otOEY0Y1JwblNrRk1hX2JiZ2haektpMmlFTGpRQ21lQl9fVzNJNFpyNU9MZ1dXb2hrNUxGRnMtT3ZuU1o5R3phLUxvZ0RMX2dRTTR2N2x5LTNBZC1aSHdEbVpmaDZBVW1tLUg1MXZMS3R0amRVSmFoSlA4aHJWcUF5dw?oc=5,Google News RSS,,,GENERAL_NEWS,0.5,GENERAL_NEWS,GENERAL_NEWS
Vivo,2026-05-11 11:55:02,2026-05-20T03:30:27.278739,news_signal,GENERAL,1,0.2,,GENERAL_NEWS,"Telefonica Brasil ADR earnings missed by $0.12, revenue topped estimates - Investing.com South Africa",https://news.google.com/rss/articles/CBMitwFBVV95cUxObE1BTVMybjllb1dVQTBYSkZ2eWh5VnFpelZfVnlRak5uako5d2kyZFFMLUx0YVZXZ1BDMnZybTRMYkhZQTRib1BVY3M0VDE1VUhqZVpDNDNUV25oeldlcTc1cGUySzQyOEd1dzhxelRGTzE4R1ZSdzhDNWVJWXdwSFA0WGNHUEpGaVpRUEU2OFRmdFlTR2VXc1AyM3pSbjF2SWhfQk9hdlZPcXBJR1JmcWNweTloYzQ?oc=5,Google News RSS,,,GENERAL_NEWS,0.56,GENERAL_NEWS,GENERAL_NEWS
Vivo,2026-04-22 16:04:42,2026-05-20T03:30:27.278739,news_signal,GENERAL,1,0.2,,GENERAL_NEWS,"VIV (Telefonica Brasil S.A. American Depositary Shares) reports 6.7% Q4 2025 YoY revenue growth, shares edge 1.14% lower on slight EPS miss. - Social Buy Zones - Cổng thông tin điện tử tỉnh Lào Cai",https://news.google.com/rss/articles/CBMigwJBVV95cUxQNUVMbE5NbTdLYlhQSFFlVlQzeEY1U3hBYklEVmJDQXk0eUdjNmJPd1pqeGZEU0k3UEs4Z1ZZaDBicDl1SU1OZFlEWXQ3Y25ZT3FnNkp3MmdraDJjODJCTGFqd0NrLW1uQWlPMFJSMlJwLTlOd1lNYTVQTG13TEVBV2ZVNGFSNjNSdDU1Rnc2MGFOSFhuUUJuajFOM2F2cEVYYVdtdl9WQUtFNnVOTmtlZktUajdyZEdpcXZGVUhSVl8tS1Z0S0VOLVVhOUtRcmU4RU1TdnBSUDlJV3hFSWdwSHdpOVcwZFZ3QzM2NzZlanJwdXRaMjNhTi1fYk5jTXB1d1ZN?oc=5,Google News RSS,,,GENERAL_NEWS,0.51,GENERAL_NEWS,GENERAL_NEWS
Americanas SA,2026-05-15 13:35:22,2026-05-21T03:36:37.319705,news_signal,FINANCIAL_SYSTEM_RISK,2,0.5,judicial recovery,WEAK_SIGNAL,Americanas S.A. stock (BRAMERACNOR6): retailer advances in judicial recovery process - AD HOC NEWS,https://news.google.com/rss/articles/CBMivwFBVV95cUxPcWFWRk9kY3I5M284c3lIWUgxM3VmRGFwcUprVmhWYXNWdG9ScGxZTkE5NVlldkZ6MnVsXzB0WkdOdm8xYlpzVk9oOVJCd29NSVd2N1UxUGZ2X2tBYmRjM043dGw3N2p2OFpDbDBzOEo0UFFPZ1ZDWlI4RUl5bGpONmhfVF9kZnJqZzFYM0U3d25lTXh3MTdoWU4yd1dlcHc5dmcyWUxXU1lOSXpGYmRIWUxGejNlOXF1SXdlTTRtYw?oc=5,Google News RSS,,,GENERAL_NEWS,0.49,WEAK_SIGNAL,WEAK_SIGNAL
Americanas SA,2026-05-10 09:53:19,2026-05-21T03:36:37.319705,news_signal,FINANCIAL_SYSTEM_RISK,2,0.6,bc,WEAK_SIGNAL,Americanas S.A. stock (BRAMERACNOR6): Brazilian retailer trades near recent lows amid volatile price - AD HOC NEWS,https://news.google.com/rss/articles/CBMiwAFBVV95cUxQbl9naTdNUWdJYm5IOXVvNlE4bXYyUTlIOXB6dFU2MHdvV2FTTFFwWHJpX1g4QlFEdGZPVktuNjVhU3o0YnB4cW9UbzZuRUlKWEk4MzlJQWswMTNwUFBFbkt4aldmZTUyNlVBcUJORnlmdUJaQmU5ZFpPNkhFR3pPajVJOG5qTlhTMGZxT2JyTmlDcUhHcUlxeUU2UkZhSW9QWHM0TUpnbGw3TDk5NjAyMW5MRlhHNklHaW9td3Raam8?oc=5,Google News RSS,,,WEAK_SIGNAL,0.41,WEAK_SIGNAL,WEAK_SIGNAL
Americanas SA,2026-04-28 07:00:00,2026-05-21T03:36:37.319705,news_signal,GENERAL,1,0.2,,GENERAL_NEWS,Americanas S.A. stock (BRAMERACNOR6): Is the e-commerce recovery path now the key test for investors - AD HOC NEWS,https://news.google.com/rss/articles/CBMixwFBVV95cUxQbnY1VGlubjllRE9wdy1abkJZUzhydkVhX1JyQ21NcDQyWkRjcmVuRDNZcjRlZ0tWUko2YS1MVmJ3eE83X0RmUE1ZV2pWNDA1S0tkZ3hJV2lJRVlVWmlhTXJ1WV9iWDFmMUdSV0t4N3RtV3VhM2lpNGpaQnpWTk90OUtZbnZFY001QWhiSFF0OFF4NXJTRnViT1Z6XzZuX2duUmRFZTF2UVcxUk1xSUxvWjBkV1lJS1pRWkhwdFBpbms0WFZUVm5B?oc=5,Google News RSS,,,GENERAL_NEWS,0.53,GENERAL_NEWS,GENERAL_NEWS
Americanas SA,2025-01-10 08:00:00,2026-05-21T03:36:37.319705,news_signal,GENERAL,1,0.2,,GENERAL_NEWS,Americanas case still has a long way to go - Valor International,https://news.google.com/rss/articles/CBMirwFBVV95cUxQdC0wU0w3YlpLMUVxZUtuTGdsQldIYjVmdl9URUhSNXRjTkVKTlRzX0taSkZQY1VPbkprN3BOSE1NTjJaNjNFQjlJRWV4OElRZ09nOVZkb29fQnlfQ3lKc1Y4RXRCZG5PSms4WmZLSnZDRHBtZ3lYYWRwZXM3MHc3Z1ZMNVZyUDRVU0llcnp2WXlQZDVwTEpRQ1M3Y2RKY050cDJleXZkcEtfd2FNeTh30gG-AUFVX3lxTFBja0ZpS3RxLVVIZEFpOC1BMkNXOGNQdlhJeGRmT0Y5SW5nMlpES2stTXU3SjJJdlFwdDJwS0l2TkV3OUFHSlRJbV9aSlp2OTFWb0RqeUxUaTJQR3VHZzV2cWt1RXUtTlRSbWwyOVhMSXhOYkZGa3BPSzlwU2NDVjJIa3d4Xy0ydWpxRmhKWEloeHJTeUtGXzhZSlVIX1JaR3VUX3ZUalNvdVdEVjhQU29JZkczcUZodjVDZTYzVGc?oc=5,Google News RSS,,,GENERAL_NEWS,0.38,GENERAL_NEWS,GENERAL_NEWS
Americanas SA,2023-01-18 08:00:00,2026-05-21T03:36:37.319705,news_signal,GENERAL,1,0.2,,GENERAL_NEWS,"Americanas case start battle among Brazil’s wealthiest men, but may harm the poorest people - Brasil de Fato",https://news.google.com/rss/articles/CBMizwFBVV95cUxQRnlUWU9EUkU5V0p3Y1BjamxMLUZOckdQQlZSdktzaG1VaXQyTDNxelZfNnBEekJ5QmFLR1BXeU9RYVJjYzNVLUl5d3QyZjdEbjhRSGU5c01mS1RkRjBrNWFzejdpc3h2b1NEYmZMVU9NNDhlRERWaVB6YjNzRzJRb3pkM2V0RmV1REx1ZjdfT25vQ1pFZWw2dVdrb19UOVUzbTdDcWlLb3FxZmkzeUthekwydVVXbTF0dmRxVUNselVpcEdjclJhazdYYlFCblk?oc=5,Google News RSS,,,GENERAL_NEWS,0.47,GENERAL_NEWS,GENERAL_NEWS
Americanas SA,2023-01-13 08:00:00,2026-05-21T03:36:37.319705,news_signal,FINANCIAL_SYSTEM_RISK,2,0.6,bc,WEAK_SIGNAL,"Americanas’ $4 Billion Meltdown Hits 3G Billionaires Lemann, Telles, Sicupira - Bloomberg Línea",https://news.google.com/rss/articles/CBMiswFBVV95cUxOejJxeVBXMEwwa3p1OTRSRno4RlBlTHZYX2RldmhNcW9idFZyZlItRDN4bnhrZFZTMmNVRVVmajVjclR5ODl5SF90MjcwRGd5ZDd5OHl0WjllTUdFVjA3VGh2ZC1rZkthOGJqZU9lNGV4U1JOU3dia01wVU5HM0VWU3dOM216aW5mVHRWaU9GTWtEcGN6RXZwU3J2T0tWVWtKeHJYQUp2R1VLRXV1OEtGQXVsY9IBxwFBVV95cUxOaGZvRUtyT2NMbENndFI1SzRSRTFNLUZlVHhIRDJIdDZPM1BIdi0weTQzakIwTUJuckREU3pNZHU4WTlxLWFLUUo5MlBmUG9EdUZLbEVBclpjZTh3YnZUVHloYXdGMkdWQ2NDWERsTDlTYUlnQThBOUQwbHI3T01hT2xIY3hsMU1jV1ZCM2xLRXdfa1ZaSFJjMThyREhaVXMyZ0czS0xuLTBxeW40ZjRVelFSQXZrVU03T0xvOXc0Mk9qX2hyUU9n?oc=5,Google News RSS,,,WEAK_SIGNAL,0.53,WEAK_SIGNAL,WEAK_SIGNAL
Ambipar,2025-10-20 07:00:00,2026-05-21T03:36:37.319705,news_signal,CREDIT_LIQUIDITY,2,0.6,bankruptcy,WEAK_SIGNAL,Brazil's Ambipar files for bankruptcy amid growing credit market unease - Reuters,https://news.google.com/rss/articles/CBMiogFBVV95cUxNT1ZPZXNkRHJtdUMwTWNMQW5aemNjRzFTSTJzejhRRnowV1U0Qmg2T3dUMVBUaUpNSEhiUWoxRmY0M213amVZVmpDODdja2U2NE1vSGxLb1RfYWhvQ1I0Vy1ORjZCQ2g5NV9fZ0c5RXNIelJvT3JyakxlNkFQVk5ObUV4M0xqXzV1VWg5anZYaTRqa1M0YklUc2JEc3lxMWpneEE?oc=5,Google News RSS,,,WEAK_SIGNAL,0.52,WEAK_SIGNAL,WEAK_SIGNAL
Ambipar,2025-10-03 07:00:00,2026-05-21T03:36:37.319705,news_signal,GENERAL,1,0.2,,GENERAL_NEWS,Brazil’s Ambipar shares extend decline amid legal and credit concerns - TradingView,https://news.google.com/rss/articles/CBMixAFBVV95cUxOWnNmRnRiQUJPS1F3MVNZRWI5cUQ5eWIzUHM4X1JsbUl2cExZRHN1c1JBZGhZMlJLQ2ZFaVRNbmkxQ3NuR0hBYnRlR3RPODhRdUJNaGxISXN3WmJFdU95Q3FySzRjbTJqSWYwUE9SeDEzc3h6UmdURTVKY2Q4ekpNc0dQTld4NWhiNEZjVTJRbzVMb2dDSkU0aXVJSFlNUTRSOHN1Q1N4NlZaZWE3RTlCRDVUNnZUYjFUYUNyR3NOb1BUZHJG?oc=5,Google News RSS,,,GENERAL_NEWS,0.45,GENERAL_NEWS,GENERAL_NEWS
Ambipar,2025-10-22 07:00:00,2026-05-21T03:36:37.319705,news_signal,GENERAL,1,0.2,,GENERAL_NEWS,Tense weeks preceded Ambipar’s collapse - Valor International,https://news.google.com/rss/articles/CBMiqgFBVV95cUxQNU5RY0ROYVE3WUJSc29MRjRCOFpBUENMWWRaSGJUREFtUEdKczJtbU1UNXNxMlEtWTJLOFU3WVE0NjJYam9OUG8xYkRHMUNGNjdQUDZCNmU3UTBJZkVvUFJhZFlWZEpDdjdlUFRfbXhVeFkxMjhTSi1tOFItUk5xY3FPM1cxTlF2SG9iUWRHWXJTVXFqTWxlcGgzYmVJd3R0dzlqWlV6M3U4d9IBuAFBVV95cUxOWERUR1ppRTJjbjNvWTNEM3JCUkU3Q05DUmVUV2I5Tk53WkRRdVowOWJDTHFUbFk2cVAtQXVLQWMxYTNUamxPeEJHNkliaXFmb21iWUx2RHZfM0VyejhyVk1haHRCYjVYcE1GR1ZNb1FjZVhuRGt3dTdnOWxHdW9YeXRrVnJSQ1BqYUIwdVJXQTUwbXZ1dWNISElsSW9zazdMVDRlZDRGSlYwZ1JmQmt6T3Joc0hIOXU5?oc=5,Google News RSS,,,GENERAL_NEWS,0.43,GENERAL_NEWS,GENERAL_NEWS
Ambipar,2025-12-26 08:00:00,2026-05-21T03:36:37.319705,news_signal,GENERAL,1,0.2,,GENERAL_NEWS,CNOOC and Ambipar sign agreement to accelerate oil and gas innovation in Brazil - Global Times,https://news.google.com/rss/articles/CBMiYkFVX3lxTE8yU1RaOUd2QTFDejdjSERLYy00U0tEbzk2YjlXZnAtX2h0Wi1GX3FERkw2Y3JBb29IN3NCNUZjOXdqRmNFNC1faEFzSEEydUxYLUU2ZjNiRXZ6Q0R6enBjTGFB?oc=5,Google News RSS,,,GENERAL_NEWS,0.5,GENERAL_NEWS,GENERAL_NEWS
Ambipar,2025-12-26 08:00:00,2026-05-21T03:36:37.319705,news_signal,CREDIT_LIQUIDITY,4,0.7999999999999999,"creditor, creditors",RISK_SIGNAL,Ambipar's recovery plan calls for more investments in the company - but they forgot to consult with creditors - NeoFeed,https://news.google.com/rss/articles/CBMizwFBVV95cUxNS003R3daRVVZc0hJSmptbUxjV3c1Wll6TThGSXVCcVc1VHVsenVJRzYwWWI5MUFtZGt6SDRwTFhEZmVfU05rdVFoT01CY3kwX1I0R1dKZjVwUFI5c2lvMjhlMGJYUVFXWjNOSlduSGlOVk5TQlN3cG02cGx4cDdIUWVXRjVJV2hJMC16b3BLLVVSdTFwYzFHUzdvNXNmdWNnMmpfR0JBNFhLeEhlaU0yQ1NDV2ZBM0N6NEJJOVlEY1EtSFB3S3N4TWlCS2ZMNzQ?oc=5,Google News RSS,"Ambipar's recovery plan proposes increased investment, but ignores consultation with creditors.","This news represents a corporate risk because it suggests that Ambipar's recovery plan, which is likely intended to help the company overcome its financial difficulties, may be flawed or unsustainable due to several key issues:

1. **Lack of creditor consultation**: By not consulting with their creditors, Ambipar has potentially ignored the interests and concerns of their lenders, who may have significant stakes in the company's recovery plan. This could lead to a power imbalance, where creditors are left without a seat at the table or a meaningful say in how the company is restructured.
2. **Insufficient investment**: If the recovery plan calls for more investments, but Ambipar has not consulted with its creditors about the terms of these investments, it's likely that creditors will not be on board with the plan. This could lead to reduced investor confidence, decreased funding, and ultimately, a higher risk of the company failing.
3. **Potential creditor pushback**: Creditors may view Ambipar's recovery plan as unfair or inadequate, leading them to refuse to participate in the plan or even take legal action against the company. This could result in a loss of trust among investors, further destabilizing the company's financial situation.

Overall, this news highlights a critical oversight that could have significant consequences for Ambipar's financial health and stability.",RISK_SIGNAL,0.59,RISK_SIGNAL,RISK_SIGNAL
Ambipar,2025-10-21 07:00:00,2026-05-21T03:36:37.319705,news_signal,CREDIT_LIQUIDITY,2,0.6,bankruptcy,WEAK_SIGNAL,Ambipar Sinks After Filing For Bankruptcy On Two Continents - Finimize,https://news.google.com/rss/articles/CBMikgFBVV95cUxNdnFnSmE4dzQ5RERwT29aY01HNWJXOEdneGhpUk5wNVNWQnp1cEZIQ2JBR2ZqYktncWMtMGRTaUhhcnZCcl9WRHJodWVCQ2I4TEs5TmRzOEpWR3lrbzRJT2lzT1c4SWdQRVp4X09zakdlMzlzZW1vMFpoRk03T3hLUjVwRHlVN3JGTEhBWEY2eVVIZw?oc=5,Google News RSS,,,WEAK_SIGNAL,0.38,WEAK_SIGNAL,WEAK_SIGNAL
Ambipar,2026-04-28 07:00:00,2026-05-21T03:36:37.319705,news_signal,GENERAL,1,0.2,,GENERAL_NEWS,Ambipar Participações e Empreendimentos stock (BRAMBPACNOR6): Why environmental services strength - AD HOC NEWS,https://news.google.com/rss/articles/CBMivgFBVV95cUxON2VJZ3JWSHpFLUJMVXR1RDZJb3M1TnkzYXphX0ZaRW1kR1Z1V0tabWx6bFRWMlNGVG9NWnZnWFc3cmxQb2tsaTFGaG9uMGllLWl4Q3U5aXFoMUFWakswQXNCV3VzZkllYWg1NjBrdjRtMTNVUjRzYVlpck1ZLXg4UndKT0p6SnBmOUhrcnVwTTJOYjN1ckxTVGU4ekxLc01TcnlDUDRwMENOY1o3S21fRFFPTVJxdmJhanRRVDNn?oc=5,Google News RSS,,,GENERAL_NEWS,0.55,GENERAL_NEWS,GENERAL_NEWS
Ambipar,2025-12-18 08:00:00,2026-05-21T03:36:37.319705,news_signal,CREDIT_LIQUIDITY,4,0.7999999999999999,"creditor, creditors",RISK_SIGNAL,Ambipar creditors warn of conflict between U.S. and Brazil court cases - Valor International,https://news.google.com/rss/articles/CBMi0gFBVV95cUxQdVRqTEEzNGNxLXEtSEVIT2NBX0ZKNmVpVTlwSjhQM2NwQ1A0SXFQVkw2a0JubGhyZl8wNi1ZcjI0bzRrNXdHSWJGdWpyczNnRnlIRHhzVmdnVFdoRGtWTUN0Q2tBaTRVQ2xyTlFWa0Z3Q0FPQnhZdEZVSUp6Q2VKdHZQalM0c1BTZ1dLcVlYUEZaNWFsVGNqNE1rbVI5ZXptQ1o0ei14aHlTUUNBeVJJRk1iX1AwTjN0ZlBQeWVuVEJHT1hkenB2N3drNm5VMDZJeVHSAeABQVVfeXFMT2VNamNZRVhybFMxRlZpdHVIdGtGaUIzeVRQbnZVWUNQSWhFUEdkS0xZRnlRUllnbXB2NXV5Y2VyMWI0Q1dlZGllYy1vR040dXgzSHVCX0QtaWNlNGJpYUphc1oyVUVkSTYxQ3JHQkRTXzhTRUp3Y1RTT1d0VkZvM2theVhIemdDbklkX3o0YnVrNDNFa0dlb0hvLVU2QTlUWFJXRTRZdXVxTjRNZkNrM2t5RlB0MGpqUDA5dDRBRlI5YkxoVWw5cEJSbndibmxjZTcxUzY3SlJwdnZ1WThfTXk?oc=5,Google News RSS,Ambipar creditors are warning of potential conflict between court cases in the US and Brazil regarding the company's financial issues.,"This news could represent a corporate risk for several reasons:

1. **Cross-border litigation**: The fact that there are multiple court cases involving Ambipar creditors, one in the US and another in Brazil, suggests that the company may be facing complex and potentially conflicting legal challenges. This can increase the risk of costly and time-consuming disputes, which could impact the company's finances and reputation.
2. **Litigation costs**: Cross-border litigation often involves higher costs due to differences in legal systems, language, and jurisdictional requirements. The added complexity of navigating both US and Brazilian laws could lead to increased legal fees, which could be a significant burden for the company.
3. **Reputation risk**: Disputes between creditors can damage a company's reputation, particularly if it is perceived as unfair or biased towards one party over another. This could impact the company's relationships with stakeholders, customers, and investors, ultimately affecting its bottom line.
4. **Financial implications**: The outcome of these court cases could have significant financial implications for Ambipar, including potential losses, debt restructuring, or even bankruptcy. If the company is unable to resolve these disputes efficiently, it may struggle to maintain liquidity or access capital in the future.
5. **Regulatory risks**: Depending on the nature of the disputes, there may be regulatory considerations at play, such as compliance with local laws and regulations. Failure to comply could result in additional fines, penalties, or even suspension of operations.

Overall, this news highlights the potential for Ambipar to face significant corporate risks associated with cross-border litigation, including increased costs, reputational damage, financial implications, and regulatory concerns.",RISK_SIGNAL,0.42,RISK_SIGNAL,RISK_SIGNAL
Ambipar,2025-10-17 07:00:00,2026-05-21T03:36:37.319705,news_signal,CREDIT_LIQUIDITY,4,0.7,"debt, investigation",RISK_SIGNAL,"Ambipar in Ruins: How the Company Symbolizing ""Green Capitalism"" Sank Into Debt, Investigations, and Billions in Losses - CPG Click Petróleo e Gás",https://news.google.com/rss/articles/CBMi8wFBVV95cUxQdjgtRE9RQ3MyWmZhbVVHQ3dJNEZjanVoa3Y5YllhZ3dTMm5MZ3JaSVBfanpBdGxkdUZ6Q1NyVExxUTdySElnWWxSTVRrSDlMYjhDeXBfY1lROWFveEhLTmlkZjhrakVwVDJGZmNLTml5OHIxVm1TV3RVNEJieXVnQTRTT1NIeVUtT0JUODJIeEJHeEVHaXZTZ3JXQ053Y3pMMTdpR2s2VzVuS1VLeTFZcGJuT21KUS1zQVNOYW5OTlVfcHBHcWdQYUlhX1BvbnBrSEtaQVB5aTRjQUxrN3NNRl9DQWJ4UlhZTHJtZkhEaGVOQTA?oc=5,Google News RSS,"Ambipar, a company touted as a symbol of ""green capitalism,"" has faced financial struggles, investigations, and significant losses.","Error: HTTPConnectionPool(host='localhost', port=11434): Read timed out. (read timeout=60)",WEAK_SIGNAL,0.31,RISK_SIGNAL,RISK_SIGNAL
Ambipar,2026-05-08 07:00:00,2026-05-21T03:36:37.319705,news_signal,GENERAL,1,0.2,,GENERAL_NEWS,Ambipar Participações e Empreendimentos stock (BRAMBPACNOR6): Environmental services firm trades n - AD HOC NEWS,https://news.google.com/rss/articles/CBMiuAFBVV95cUxQY29pU19mU0JhNHVsNWl4RDFSOVNTWTdnTERZcDY5MS1SOWxGOVZOYUtSN0dPWi0ybnZoQUVWQmlqM18yb2c1NV9rTUdKNDVNdW9qLWtzMDMtUnRGSVlKVWpVR2ljaEh1RlF0ZjVFM2Y3enNtenFiRld4ZjBleW1EeFo0WUFpMG1WNjhOYmVaTnR1NDRQRVJjdXdmX2VLVDJHN2hxYUJKbXJJcG9Zb1Nrb0I1QnNxOFZQ?oc=5,Google News RSS,,,GENERAL_NEWS,0.54,GENERAL_NEWS,GENERAL_NEWS
Banco Master,2026-04-09 07:00:00,2026-05-21T03:36:37.319705,news_signal,GENERAL,1,0.2,,GENERAL_NEWS,Brazil Banks Weigh Shifts to Insurance Fund After Banco Master - Bloomberg,https://news.google.com/rss/articles/CBMiswFBVV95cUxNUHliWUpGVWdsaGVEYVR4dlQ5cDk4b1A5Q3FjbVoyM3RNQlJxNWktVVc2UUxPcktldExPVzBDNklJYXZKNHhvVjlLT2FwM2dYLTNDUkRaOHc2bkc5eHdGSVl2Y0dCX0E4OUtBUFRCTmJqZHItTXBhZUZsemFtVVZYQ2ZzbkhrNGcyMkY4Uk9iVHJLTHdhdjRVdjIwQlBKdlN6ZU9za24xcmVRcm53NWk2NXZuYw?oc=5,Google News RSS,,,GENERAL_NEWS,0.36,GENERAL_NEWS,GENERAL_NEWS
Banco Master,2026-04-05 21:41:41,2026-05-21T03:36:37.319705,news_signal,LEGAL_REGULATORY,2,0.6,regulator,WEAK_SIGNAL,"Ioannis Alexopoulos, Duncan Grieve, Pietro Grassi and Nikara Rangesh examine the Banco Master fallout in Thomson Reuters Regulatory Intelligence - Signature Litigation",https://news.google.com/rss/articles/CBMihgJBVV95cUxQaHNCM3lrUzlxOS1Bb3pNd0g2NUVKTTlDRmU3SlRwV0ozZ3V2YUZNd0tOOXk3ZVU3cVVVc3VTRVItbnZZTy0zMGczc3JqVXNON1RjeW8xTUNMWUh2SHJ2eldVSzNjOHNhYkYzNjE2cFYxOWhhWUc3Q0RIczRrUEhFMnYwbUwwckFHbFZPNjQ5TDBUa3hjSzdvMjJQNTk5cG90eVdRM3VGc3JpUEI2ZGhaMndEU1p0VWRtMnM1V00xR0VLQWtJeWNaOGhyZVN4dlg5dFp2Nm9pY2R3bWRyQ09aWWV1czBtMDEtTHdVNlktWGxhXzRUZV9FckZvSW4taVZrQm40NHlB?oc=5,Google News RSS,,,WEAK_SIGNAL,0.5,WEAK_SIGNAL,WEAK_SIGNAL
Banco Master,2026-03-05 08:00:00,2026-05-21T03:36:37.319705,news_signal,FINANCIAL_SYSTEM_RISK,5,1.0,"probe, central bank",CRITICAL_SIGNAL,Brazil rocked by probe of central bankers aiding failed Banco Master - Reuters,https://news.google.com/rss/articles/CBMitwFBVV95cUxQeDVub0N0cFFFbmVLbEZWZmd5TUhBRjRKNmJXRDdLcFdEb2F0MXlHT2FzN2czc25EZVc5dGdHSTZZd2JzTmZmX251OHBYMmRxNUZDc0ttcVlhWTVyUDNMS0RVUU5LMHdRa0NfcFc5WnVyODcxTmx5cUVEcEVoelVvRnpTQzVQS2FuWVdfQkswUDBBU3FCNDhCcDYtVWlIWHlpMVUtSjlhQWpOWDBBR0puQ0RIREVaTDQ?oc=5,Google News RSS,Brazil's central bankers are under investigation for allegedly facilitating the collapse of failed bank Banco Master.,"Error: HTTPConnectionPool(host='localhost', port=11434): Read timed out. (read timeout=60)",CRITICAL_SIGNAL,0.78,CRITICAL_SIGNAL,CRITICAL_SIGNAL
Banco Master,2026-01-14 08:00:00,2026-05-21T03:36:37.319705,news_signal,LEGAL_REGULATORY,2,0.6,probe,WEAK_SIGNAL,"Brazil police serve warrants on businessmen in Banco Master probe, sources say - Yahoo Finance",https://news.google.com/rss/articles/CBMihwFBVV95cUxOVjFuRXdOQkRwWHBtWEhtVXhRaUVfOHF2eWg1bG8yTml3dnlrVnkzN3JDSjJ4bUExT1l0Qm1aYjQ2Mk1ZamRtMURjWF9qT2M4a1lLZXk5bEwycTd1TFRrUUJxMjJGWUdLbWFwdmtZQjdocUNHV1VNcmVFcHFMOUlWQnZOUk42ems?oc=5,Google News RSS,,,WEAK_SIGNAL,0.48,WEAK_SIGNAL,WEAK_SIGNAL
Banco Master,2026-01-21 08:00:00,2026-05-21T03:36:37.319705,news_signal,FINANCIAL_SYSTEM_RISK,5,1.0,"fraud, probe",CRITICAL_SIGNAL,The Banco Master case: The $2 billion fraud probe that is shaking Brazil - EL PAÍS English,https://news.google.com/rss/articles/CBMixgFBVV95cUxPeWpsUWVaZVFCenlmZjNPcU92aWxvQkVIS1NQRS02SzIyY3lnQnVHd2tpS2t1N0JQZ2VGZnJlY0lsVTdBaEFsRnJWWVhmUy1NUENkbWhMekt1cWp5alpxRzF4RUtjbkNsbkZRdzNTcGxSREJBTGQ5WHh1M0QwbHQtblNaTzRTcm15U0ZkaUgxVkxaYkNGUVZzbmNHSVBVSXBVWGN2YUpROVFHdEl3N1RZWVQxZlNOMmJWTW5jY1dhd1M1dWlqLUHSAdoBQVVfeXFMTmlRMVJzdHhYRDg1aTE1dWJVcUFWcVpycm80Z3BBQkJRZXFZQ0tGTGlyR3NzbFoyMms1SjN3ZzdqcHJuWU9tdVJETXdxRllINkpyUm80WG9RZjhhazRWVHJzUEtuQngzSzFycXRHa2RoTThoUVlKbDVqRzdkNUpWRkF6RGhXcW1TS3Jxdk1pRXhhZUUxQ09uRzRIanFOaVFjZG5nandRamtEb0lDdDlJRFRnakNta1RqSmVjVUg3dHdMay1PdGJxZmt5LV93aVVMM3RrQm5UVTNIeWc?oc=5,Google News RSS,"A massive $2 billion fraud probe, known as the Banco Master case, is currently underway in Brazil.","This news article could represent a corporate risk for several reasons:

1. **Regulatory scrutiny**: The article mentions a $2 billion fraud probe, which suggests that the Brazilian authorities are investigating the bank's financial dealings. This level of regulatory attention can lead to increased scrutiny, fines, and reputational damage, all of which can impact the bank's bottom line.

2. **Reputation damage**: A large-scale fraud investigation like this one can tarnish a bank's reputation, making it harder for them to attract customers, investors, and talent in the future.

3. **Financial penalties**: If found guilty, Banco Master could face significant financial penalties, including fines, restitution, or even dissolution of the bank. These costs could be substantial and would likely have a negative impact on the bank's profitability.

4. **Impact on lending business**: A fraud probe can also raise questions about the bank's lending practices, which could lead to reduced lending volumes or stricter lending standards. This could negatively affect the bank's revenue and growth prospects.

5. **Investor confidence**: The news of a large-scale fraud investigation may impact investor confidence in Banco Master, leading to decreased stock prices, higher borrowing costs, or even a loss of investment.

6. **Systemic risk**: In Brazil, banks play a critical role in the country's financial system. A major bank like Banco Master is at the center of this investigation, which could have systemic implications for the entire financial sector, affecting the stability and confidence in the Brazilian economy.

Overall, the news article highlights the potential risks associated with corporate malfeasance, regulatory scrutiny, and reputational damage, all of which can impact a company's bottom line, growth prospects, and overall success.",CRITICAL_SIGNAL,0.71,CRITICAL_SIGNAL,CRITICAL_SIGNAL
Banco Master,2026-02-11 08:00:00,2026-05-21T03:36:37.319705,news_signal,GENERAL,1,0.2,,GENERAL_NEWS,Another collapse mirrors Banco Master’s playbook - Valor International,https://news.google.com/rss/articles/CBMitAFBVV95cUxQTEhXQlZMVTNkNHhwdlhyWm00WGNld0F6WFZmRW5LTDRaRzMxSTJzZllvSHVwdHk1TS1LZUswV2h5Zzk4T3EyV0FwV0E0aURHcW1VUmhuMFRBSWVMQVhYM3VWREVmRFo2aXBkOUZWZTl6R1FzbmpCYkJSVTFvakxCNExqWm5UQzVuREh0RnowZFJxV0ZTQU9JZnlJZDJYVDhFcHpLUV9zMllJNEpiNURJa3B6elTSAcMBQVVfeXFMTmxlcVFLeG05MDZ0WUMyUW81b3p2UzhZQ29vZlBudmdOcVAxaGZOYTVyTWNqYUJCUFVDMEZzUE1ENWlLUXpsYVpHdFJEeEpqR3hoU0s5THFmcnAyM29tQldBTXZoU25vdkZ4TU5PdjdxS3E5cjBTTERDZUNwbDhSUE15V3RmMGxEbE5xYnBUdmx3U2Q0MzZuSmZiYlBpNk5BU0hoMUxyeUlhZWN6eXlxd1J4UmJkZVVYQkZsT1VGMlRmd0lz?oc=5,Google News RSS,,,GENERAL_NEWS,0.34,GENERAL_NEWS,GENERAL_NEWS
Banco Master,2026-02-09 08:00:00,2026-05-21T03:36:37.319705,news_signal,REPUTATIONAL,4,0.7999999999999999,"scandal, bc",RISK_SIGNAL,Banco Master: The Scandal Shaking Up the Lula Sphere Ahead of Brazil Elections - ColombiaOne.com,https://news.google.com/rss/articles/CBMiigFBVV95cUxNR2NETklteEU1NEVmUjdUM0lRcmpxYXUteVAwelhGTWVxSF93NHdEaWVoaWhabDMxNGRJOWtpY3JBdWZwMU1BclB0S0FGUkZzVngweFVrZndMZHVBbmt0U1lLODY5dXJvbVBqT3dFYlhlLW5raDd4UEw3WDRpQ3U5ZWxuYUhnSUJoNGc?oc=5,Google News RSS,"A scandal involving Banco Master is causing a stir in Brazil ahead of the country's upcoming elections, potentially affecting President Luiz Inácio Lula da Silva's campaign.","This news article appears to suggest that Banco Master, a Brazilian bank, is embroiled in a scandal related to President Luiz Inácio Lula da Silva's (Lula) financial dealings. Given this context, here are some reasons why this news could represent a corporate risk:

1. **Reputational Damage**: A scandal surrounding a high-profile politician like Lula could reflect poorly on Banco Master, damaging its reputation and potentially deterring customers, investors, or business partners.
2. **Election Interference**: If the scandal involves allegations of corruption or impropriety related to campaign financing or influence peddling, it could raise concerns about the bank's independence and impartiality, particularly in a country where politics is closely tied to finance.
3. **Regulatory Scrutiny**: Brazilian regulators may launch an investigation into Banco Master's role in the scandal, which could lead to increased scrutiny, fines, or even sanctions. This could impact the bank's ability to operate normally and maintain its licensing status.
4. **Loss of Confidence**: Investors, customers, and other stakeholders may lose confidence in Banco Master due to the perceived link to corruption or impropriety, leading to a decline in share prices, deposits, or loan applications.
5. **Global Reputation Impact**: As a major financial institution, Banco Master's actions (or lack thereof) may be viewed as representative of the broader Brazilian banking sector, potentially harming its global reputation and relationships with international clients and partners.

Overall, this news could represent a corporate risk for Banco Master due to its potential impact on the bank's reputation, regulatory compliance, and stakeholder confidence.",RISK_SIGNAL,0.56,RISK_SIGNAL,RISK_SIGNAL
Banco Master,2026-01-21 08:00:00,2026-05-21T03:36:37.319705,news_signal,FINANCIAL_SYSTEM_RISK,5,1.0,"central bank, liquidation",CRITICAL_SIGNAL,Brazil’s Central Bank orders liquidation of Will Financeira after Banco Master collapse - TradingView,https://news.google.com/rss/articles/CBMi3AFBVV95cUxOYTFzS1ZvUjFDQkliN0JkbTVnQXRKTEZjTGc2dWh1bGg5RVgwUml5dG9GLXdrRzdpR2NLclpyNVhnSUlwRFNibFEtQndjTkpOY3NjSFNaWGFTY0tKX3hZazhzTmJab2I3cTN5REFhRDBHakhwNmV1TkcyZnB2akYyd2tDaEpQYWFhVUNQcVB1ZU55aEd6SEtyelB0dGVwN0FEU1o5SlNPd3otQTBpTXJlTjN1dUZkc2V6cGxuWFJNQ2NZZkdUS2lFVk1IRDZIOGIxa1pFWTN1RkhEWWg3?oc=5,Google News RSS,"Brazil's Central Bank ordered the liquidation of Will Financeira due to its close ties with Banco Master, which collapsed recently.","This news could represent a corporate risk for several reasons:

1. **Systemic risk**: The collapse of Banco Master, which was a major bank in Brazil, has triggered the liquidation of another financial institution, Will Financeira. This can lead to a ripple effect throughout the entire financial system, potentially causing widespread instability and panic among investors.
2. **Lack of confidence**: The liquidation of Will Financeira may erode trust in the Brazilian banking system, making it more challenging for other banks to attract deposits, loans, and investments.
3. **Regulatory intervention**: The Central Bank's decision to liquidate Will Financeira suggests that regulatory oversight was inadequate or ineffective in preventing the collapse of Banco Master. This could lead to concerns about the effectiveness of Brazil's banking regulator and the ability of regulators to prevent future crises.
4. **Systemic vulnerabilities**: The news highlights potential systemic vulnerabilities in the Brazilian financial system, including weaknesses in risk management, capital adequacy, and oversight.
5. **Potential contagion effect**: The collapse of Banco Master and the subsequent liquidation of Will Financeira may have a contagious effect on other financial institutions, leading to further instability and potentially triggering additional crises.

Overall, this news could represent a corporate risk for investors, lenders, and other stakeholders in Brazil's banking sector due to concerns about systemic stability, regulatory effectiveness, and potential contagion effects.",CRITICAL_SIGNAL,0.86,CRITICAL_SIGNAL,CRITICAL_SIGNAL
Banco Master,2026-02-18 08:00:00,2026-05-21T03:36:37.319705,news_signal,CREDIT_LIQUIDITY,4,0.7999999999999999,"debt, regulator",RISK_SIGNAL,Brazil Regulator Liquidates Bank With Ties to Banco Master - Bloomberg,https://news.google.com/rss/articles/CBMisgFBVV95cUxONkFGQS1vc2xlMEVjd0lZbi1fZG5nQXdpREd1RnlvblFrQkotZW9EaFRaTVBQcjZ4STR3dUtZalNfNmNnc0NPbWZUbnFqZWlIRFljUDNTeWt6NjRpb0gySUpMcGtXMGtJUEhNUzBvLVhBMzRla25RRG0wYmdyU3RJdndEbTMwWEZUWTFIamYwUkRtY3pUcnhrMmVDVGtuaUxEN045RFJ4S1A4X1JaU0RIYW1B?oc=5,Google News RSS,"A Brazilian regulator has liquidated a bank with ties to the country's largest bank, Banco Santander's affiliate, Banco Master.","This news could represent a corporate risk for several reasons:

1. **Banking system instability**: The liquidation of a bank with ties to Banco Master, which is a well-established institution in Brazil, suggests that the banking system may be facing difficulties or vulnerabilities. This could lead to a loss of confidence in the entire financial sector, potentially triggering a broader economic crisis.
2. **Systemic risk**: As a result of its connections to Banco Master, other banks and financial institutions in Brazil might also face challenges or even collapse due to the ripple effect of instability in the banking system. This would increase the overall systemic risk for the economy.
3. **Global contagion risks**: The Brazilian banking crisis could spread to other countries with similar economic conditions, potentially causing a global downturn in financial markets and economies.
4. **Loss of investor confidence**: The failure of Banco Master's affiliate bank could lead to a loss of investor confidence in Brazil's financial sector, making it more challenging for companies to access capital through the bond market or at favorable interest rates.
5. **Economic growth slowdown**: A crisis in the Brazilian banking system could slow down economic growth in the region, as investors become risk-averse and reduce their investments in emerging markets.

Overall, this news highlights the importance of the interconnectedness of financial institutions and the potential for systemic risks to spread beyond individual banks.",RISK_SIGNAL,0.55,RISK_SIGNAL,RISK_SIGNAL
Banco Master,2026-01-27 08:00:00,2026-05-21T03:36:37.319705,news_signal,GENERAL,1,0.2,,GENERAL_NEWS,Business empire linked to Banco Master unravels - Valor International,https://news.google.com/rss/articles/CBMitgFBVV95cUxOeVpZdWlpSFhvTVNxSjYwNjJ3Tmt3eDFFX0ItSHY3QzRkUG91V2xLUUZfTFFZWmJWbmN2MDdIeExBeEVxVFZ2OU9SVDhMVFVLOFR2V0t5QUJvSDJqMk5LV2FzS3BQZ2NjSlhaNFM2WnFpUk42b0FBU3BxcjR3UG1qR2lmdUxfeHNjMWtydGtoQzU2d3ZEb0pOX3dDU0tFWkwxVTBxSS1qUGlrR0RDVEhfZURpb0ZFQdIBxAFBVV95cUxPeTZMU3N4czBBVzBMT3h3QW40OUt5VE5qeXBnQXBtTExFU0lMXzNsaFJrX3ZrS1lPZGQ0T1oxcHpOenlwTzdCMFRLVV83R0o4ZlUtYUNjQ2dOY1Fzek1KWVZsVFU5Z3d2QmpGdXpIOFlDUDkxbzMyWUJZVmlqcHFPWFprbnpWbDRqWGJHR2QtOTN3elRZZEV0S0JjR1dPOE8zamFaejVHaWdvd2ZlLTRoeExraFBmOVhBV05YdGJLSU92dzU1?oc=5,Google News RSS,,,GENERAL_NEWS,0.35,GENERAL_NEWS,GENERAL_NEWS
Banco Master,2026-01-06 08:00:00,2026-05-21T03:36:37.319705,news_signal,FINANCIAL_SYSTEM_RISK,5,1.0,"audit, probe, liquidation",CRITICAL_SIGNAL,Brazil Audit Court Orders Probe Into Liquidation of Banco Master - Mint,https://news.google.com/rss/articles/CBMiwgFBVV95cUxQa1JBUk1oOE1nRVAtWFAxVzl6NDVzNzdRNmhaMm8zYWhPQl92R3VLTm1nc21iYmNxcExZY0NwVkFkYVhNX0tSeXM4M0ZteG5iY1BPRzk3TWhUYlhXZkJkaWdHdHVLWFZqQ08wQ2hHb1pJd2lfZjZUNXpvMFlEelJPekF3V0RRMzBuNEEtTk03T0tWekRQWW5FRm9GdlltalA0cXZfaVFwazhvWm1rT3laa1pfSEtFc3JEVXFUSC1Qdk5SZ9IBxwFBVV95cUxNQVlvMjEtemNWdnZtUU5kSHRJb2hBMEEyVzBVa1JrdmhRMnIyWDJQWXJtbXgzTUZMWGtXNmZLdGlGRjRsdlRWT1dhNVZmX0pSc25WYW43QTAzWVJQeS1MY0RVNkVOY29mR1ZaREpLTUVaZ0tIOWZ6RDJCR1hBdmxHMHZhOWxPUW90R2RfckgtTG1xanQ4NU0waDllLUZTajd4eHc3ZGxZVGozZFJpcFFPTkxhaXZmRWdDa01Kcjl3NmxtdWhyLTR3?oc=5,Google News RSS,The Brazilian Audit Court has ordered a probe into the liquidation of Banco Master.,"Error: HTTPConnectionPool(host='localhost', port=11434): Read timed out. (read timeout=60)",CRITICAL_SIGNAL,0.58,CRITICAL_SIGNAL,CRITICAL_SIGNAL
Banco Master,2026-04-03 07:00:00,2026-05-21T03:36:37.319705,news_signal,REPUTATIONAL,2,0.5,crisis,WEAK_SIGNAL,Brazil’s Banking System Hit By Multibillion Fallout From Banco Master Crisis - The420.in,https://news.google.com/rss/articles/CBMiekFVX3lxTE16RFAtNnFkQU82WnQtUkxCcmxPZUl4OFlvc0NjMXBob0tiT2N4LTNXZVZqZTJTTms4MVNnX0FYZUJpZ2ZsSDhoY2xkc21Zd2YtNzhxNFJtMGt0YXBnZjZpRHo3d2F1LWV6QmFobDdER0xqNjlTX2pFYWt3?oc=5,Google News RSS,,,GENERAL_NEWS,0.29,WEAK_SIGNAL,WEAK_SIGNAL
BRB Banco de Brasília,2026-04-29 17:30:41,2026-05-21T03:36:37.319705,news_signal,FINANCIAL_SYSTEM_RISK,4,0.75,,RISK_SIGNAL,Federal District governor seeks Treasury approval to assist BRB - Valor International,https://news.google.com/rss/articles/CBMiywFBVV95cUxNZEJSQzRoLW40aVB5QTFucm95Sk9NWExjQmEyRGt2N09lUWNjR3NBMFRMcVZKdXpqeV9Mc2VCT0xXMGRTRzdpX2YzVDVDVGQ2VzZ3cFZzcXkxT2tiY2dDbFB5a2pWNlhSNWQtMUlaLXpud29vZVlWRDRFZTItRWRtTFdrelVVUjRWV0VWVWVqSzNlOEtmaHlmZ0kzd2ZRaEVBR2xRSlBDeUttUmpPXy1pUjZFbzlVLXdBaTBPdE1VWGUtNlNaSWRqZ05jd9IB2gFBVV95cUxQNkJwWjdmN1hFMWpBbF9MNFVveENLUWJrT1h3S1VoMVRiRGt4TVhuQlN3VHFzWmZfcGs0cVVfSUZNNVJXUm5aVkhjdEM0N0ppVFU4TDRFZGN2V2xJejE2UEJkYU5tWTRzOXFLa08tNzJKNjZZRW8ybzY3WTk1YVVLWm51VkRLNzFhM3BQQk5MTVZzQ2dLYlB2dFhaT05wVWZxRjd4WFJpQ25pc3hrUjcwczFkUE9VTGZJUUpNeTh3TDVJRDJnNktFTEZIRmhTZ0RiekJ1bmRTRHJjZw?oc=5,Google News RSS,"The governor of the Federal District is seeking approval from the Treasury department to provide assistance to BRB, a Brazilian company.","This news could represent a corporate risk for the Brazilian government and its state-owned entities, specifically the Bank for the Development of Brazil (BRB) or any other entity involved in the deal.

The potential risks associated with this news are:

1. **Credit Risk**: If the federal district governor's request for Treasury approval to assist BRB is approved, it may indicate that the government is taking on additional debt or financial risk to support the bank. This could lead to increased credit risk for the government and potentially impact its credit rating.
2. **Regulatory Risk**: The Brazilian government's involvement in a financial institution like BRB raises regulatory risks. If the government is not careful, it may be seen as intervening too heavily in the market, which could lead to reputational damage, loss of investor confidence, or even stricter regulations being imposed on the bank.
3. **Political Risk**: The request for Treasury approval may be seen as an attempt by the governor's administration to gain political capital by supporting a strategic asset like BRB. If this is perceived as a partisan move, it could create tension between different branches of government and impact the stability of the financial system.
4. **Operational Risk**: Assisting BRB with financing or other forms of support may expose the Treasury to operational risks, such as managing complex financial instruments, dealing with potential losses, or navigating changing market conditions.

Overall, this news suggests that the Brazilian government is taking on additional risk to support a strategic asset, which could have implications for its creditworthiness, regulatory environment, and overall economic stability.",RISK_SIGNAL,0.64,RISK_SIGNAL,RISK_SIGNAL
BRB Banco de Brasília,2026-05-18 01:53:24,2026-05-21T03:36:37.319705,news_signal,FINANCIAL_SYSTEM_RISK,4,0.75,fgc,RISK_SIGNAL,BRB Banco de Brasília stock (BRBSLIACNOR5): DF governor signals FGC rescue loan is on track - AD HOC NEWS,https://news.google.com/rss/articles/CBMiwAFBVV95cUxPNmNWcUNGb01xSVEtSlc3ZVJ2eDRhdkduT3BZNlR4STJIMzhGVE1EbFFZMjQ4ZTNrX1ItWlM3b3ZqUDJOR200bVhTdUVsZkhVeEZmeUtITTQwX0xJQ2FERlhNNjVJUmJDY3huNUZ1b1A2Tlpid0VicXF2Rm9SVDN4dk1WbXhYdFNWeW5GZnJpYy1QbzVZSVpMalZwNGlrNnIwSEM1NkUyMDFBTVVzWlE4aUtzR1dFUmlnWXA5QlNyS1E?oc=5,Google News RSS,The governor of the Federal District in Brazil signaled that a rescue loan for the troubled FGC company is progressing.,"Error: HTTPConnectionPool(host='localhost', port=11434): Read timed out. (read timeout=60)",RISK_SIGNAL,0.49,RISK_SIGNAL,RISK_SIGNAL
BRB Banco de Brasília,2026-03-10 07:00:00,2026-05-21T03:36:37.319705,news_signal,FINANCIAL_SYSTEM_RISK,4,0.75,,RISK_SIGNAL,Brazil lender BRB to seek $637 million loan from credit guarantee fund - Reuters,https://news.google.com/rss/articles/CBMitAFBVV95cUxPWnJwT0lKRmszdXVXZ3hiS0NRSDN3a1FQY3hreC1IWHdOZVNQV21RdTZsVFNIRWs2MkJCVjdkX3RpZHh3ZWFfRklNSHVvd2d1dTNZRWt2UVlVZzhndUs1aW8zd3Npam8yQjJqdmw4cHFQRVdKMTVVM2p5NmlQbGFwVG9tODB5LVpVc0RUN000QVk5ZDFYc19OZzlyckFHWGdhSTJUa0VSTDRadlNrczJSb0FGQ0M?oc=5,Google News RSS,Brazilian bank BRB is seeking a $637 million loan from a credit guarantee fund.,"This news could represent a corporate risk for the Brazilian lender, BRB, in several ways:

1. **Debt burden**: The lender will be taking on an additional debt of $637 million through a loan from the credit guarantee fund. If the loan is not repaid or if interest rates increase, it could put a significant strain on the lender's finances and potentially lead to financial difficulties.
2. **Risk of default**: If BRB defaults on the loan, it could damage its reputation and credibility in the market, leading to a loss of confidence among investors and customers. This could result in a decline in the lender's stock price or even lead to a liquidity crisis.
3. **Credit guarantee fund risk**: The credit guarantee fund is essentially providing insurance against default by BRB. If the lender fails to repay the loan, the fund will bear the risk of losses, which could be costly for the fund and its investors.
4. **Interest rate risk**: The interest rates on the loan may increase over time, which would increase the cost of borrowing for BRB and further strain its finances.
5. **Regulatory risk**: If the loan is not properly managed or if there are regulatory issues related to the lender's business operations, it could lead to reputational damage and potential fines or penalties.

Overall, taking on an additional debt of $637 million without a clear plan for repayment or risk management increases the likelihood of financial difficulties or reputational damage for BRB.",RISK_SIGNAL,0.63,RISK_SIGNAL,RISK_SIGNAL
BRB Banco de Brasília,2026-04-22 07:00:00,2026-05-21T03:36:37.319705,news_signal,FINANCIAL_SYSTEM_RISK,4,0.75,fgc,RISK_SIGNAL,Brazil's BRB raises $604 million in FGC‑backed bond sale - TradingView,https://news.google.com/rss/articles/CBMiwwFBVV95cUxQRFhJX0RNTTZmWVNhc0JmM3hBMl9nU2FCdUh2eEpyRlNxLTMyY2VVSk9vLTRZMUk3clJPaXRSeXRjN2RjSm5BNl9oQ01LTU4yNldwR1JGQkRtN1lxQy16VDZkaVdVNy1tajY5OGxlek5BejlCb0x2UU1IZE9DVjZqUnNFNDRCU2RuTTUydVJoa2gzdFVkZ2cxVEE2eXV1RFYyTExGWEZhOEQ4cndGQVhwMHRJSUtfSTRRZDA4SzNvZ010eWc?oc=5,Google News RSS,Brazil's BRB raised $604 million through a bond sale backed by private equity firm FGC.,"This news could represent a corporate risk for Brazilian bank BRB (Banco Bradesco) due to several reasons:

1. **High reliance on FGC backing**: The fact that BRB raised $604 million through a bond sale backed by the Brazilian Development Bank (FGC, or Banco Nacional de Desenvolvimento Econômico e Social) suggests that the bank's creditworthiness is heavily reliant on government support. If the government fails to honor its obligations to the FGC, it could negatively impact BRB's ability to pay back investors.

2. **Market volatility and risk of investor flight**: A large bond sale can lead to increased market volatility, particularly if investors become concerned about the creditworthiness of the borrower (BRB) or the underlying collateral (FGC backing). If investors lose confidence in BRB, they may withdraw their funds, leading to a liquidity crisis.

3. **Potential for rating downgrade**: The fact that FGC is providing backing for the bond sale could lead to concerns among rating agencies about BRB's creditworthiness. A potential rating downgrade would increase the cost of borrowing and debt servicing for BRB, potentially leading to increased corporate risk.

4. **Dependence on government policies and economic conditions**: As a bank heavily reliant on FGC backing, BRB's fortunes are closely tied to government policies and economic conditions in Brazil. Changes in these areas could negatively impact BRB's creditworthiness and the bank's ability to service its debt.

Overall, while the bond sale may provide short-term benefits for BRB, it also increases the corporate risk due to its reliance on FGC backing, potential market volatility, and dependence on government policies and economic conditions.",RISK_SIGNAL,0.64,RISK_SIGNAL,RISK_SIGNAL
BRB Banco de Brasília,2026-04-16 07:00:00,2026-05-21T03:36:37.319705,news_signal,FINANCIAL_SYSTEM_RISK,4,0.75,liquidation,RISK_SIGNAL,Perfect storm at BRB: increases the risk of bank liquidation (previously unthinkable) - NeoFeed,https://news.google.com/rss/articles/CBMiswFBVV95cUxNRWwwaW1ZUDY4dlpPb3g4VW85dENCVmlDSEFmbFg4ZjVNMlZLQ2Q4b2VpR3NDWlBpYUwtWjBSa0hRNmtFX0hkQlZaNmM1ZzN2bXJ5OURSMlJ2VC03U0xNWkh3by1rN2FWN2ZGX3Q5b2ptMzFjdEVqRElxanJXY18yZTF4N3FRMlJOeHFxQzJrUDRIWGZxd3k4eVYwMDFKdXY1TFZ0SlF5cnNCdkphaUROd3lHSQ?oc=5,Google News RSS,"A ""perfect storm"" of factors has increased the risk of a bank liquidation, previously considered unthinkable.","This news article suggests that there is an increased risk of bank liquidation due to a ""perfect storm"" of factors. A perfect storm in this context likely refers to a combination of severe and unforeseen events or circumstances that have created a highly volatile situation.

In the context of BRB (Bank of Ireland), which is one of Ireland's largest banks, this could represent a corporate risk for several reasons:

1. **Financial instability**: If the bank experiences financial difficulties, it may not be able to meet its obligations, including depositors' claims, leading to a potential liquidation.
2. **Loss of investor confidence**: A bank facing liquidity issues or other problems may lead investors to lose confidence in the institution, causing a decline in share prices and potentially exacerbating the situation.
3. **Systemic risk**: The failure of one major financial institution can have far-reaching consequences for the entire financial system, including potential contagion effects on other banks and institutions.
4. **Regulatory scrutiny**: A bank facing liquidation may require immediate intervention by regulatory authorities, which could lead to costly and time-consuming procedures, potentially disrupting the bank's operations.
5. **Reputation damage**: Liquidation of a major bank can have severe consequences for the economy, leading to a loss of trust in the financial system as a whole.

In summary, the article suggests that BRB is facing an unprecedented crisis situation due to the ""perfect storm"" of factors, which could lead to a high-risk scenario for corporate stakeholders, including depositors, investors, and regulatory authorities.",RISK_SIGNAL,0.56,RISK_SIGNAL,RISK_SIGNAL
BRB Banco de Brasília,2026-02-23 08:00:00,2026-05-21T03:36:37.319705,news_signal,FINANCIAL_SYSTEM_RISK,4,0.75,,RISK_SIGNAL,BRB busca repor caixa após fiasco do Master - Bloomberg,https://news.google.com/rss/articles/CBMimgFBVV95cUxPc212M0k1UEhSb3ZaZERaMGE4Zm45b3B4OVFqSDV3UGZWU3dFVk9GSkF5ZkxIR1ktT0dRRWQzbVloNlMyTkVURkM2aUxLOThacEtZSTJDVG9nUUtfOTZoa3RZZjlKUDRyYnhib0Z3ZzBJcHlRMHZmS2dwYjZHZlhoZHpqY255cVRzdWYwTENOUHhlWnEwU1pEUjhR?oc=5,Google News RSS,"BRB, uma empresa brasileira de tecnologia, busca repondo um caixa rejeitado após o falho de um plano para lançar um token, conhecido como 'Master'.","Based on the provided headline, it appears that the Brazilian bank BRB is facing a potential financial risk due to a recent cash flow issue. The article likely mentions that the bank is struggling to replenish its coffers after a failed attempt at raising funds through the sale of assets (Master) related to the country's public debt restructuring efforts.

Here are some possible reasons why this news could represent a corporate risk for BRB:

1. **Cash flow management**: A failure to repopulate its cash reserves could lead to liquidity issues, making it challenging for the bank to meet its short-term obligations, such as paying employees, suppliers, and customers.
2. **Credit rating impact**: If the bank is unable to resolve its cash flow problems, it may face a downgrade in its credit rating, which could increase borrowing costs and reduce access to new financing options.
3. **Operational disruptions**: Insufficient funds might lead to delays or cancellations of banking operations, impacting customers' trust and confidence in the institution.
4. **Regulatory scrutiny**: Banks with significant cash flow issues may attract regulatory attention, leading to increased compliance costs, potential fines, or even license revocation.
5. **Systemic risk**: In a worst-case scenario, BRB's financial struggles could contribute to a broader systemic crisis, affecting not only the bank but also the overall stability of the Brazilian banking system.

These risks highlight the importance of effective cash flow management, prudent financial planning, and strong relationships with investors, regulators, and customers in mitigating potential corporate risks.",RISK_SIGNAL,0.68,RISK_SIGNAL,RISK_SIGNAL
BRB Banco de Brasília,2026-05-13 09:00:43,2026-05-21T03:36:37.319705,news_signal,FINANCIAL_SYSTEM_RISK,4,0.75,bc,RISK_SIGNAL,Governo do DF tenta viabilizar até o dia 25 garantias em empréstimo para socorrer o BRB após transações com o Master - O Globo,https://news.google.com/rss/articles/CBMihgJBVV95cUxNMVlJX29rZkJjZFRvLXZ1VGpPNUFzMlRCU0VUQ0g5cW44MzNFTkNQVzVaMDM1c01DYmYyUDJqZGkyLVhNaFVCNkZVU1lCcDdSdVNGY1BPSHR6VVM4YkRJdnotU1NVWFdaQzVUMnpuc3BwQjB6MHZqTGtFUlNqU3pQU19raDNuSzBKdmQzc1VYbjZPbUxLN1YySjIwWGhORVg2Y3NwS25sRUwySUJiVHFDUm80LWFqUzg1dWVxWkVGSDBwZGNCdHZVTThjb0ctVm0yUC1qSUZSM0NnZk1rRUpXUVRIR2VkYVhoSnBIOTJQcXdaRjlHUk1BSFpTeTJxeEZTUmVBZDd30gGUAkFVX3lxTE1DVS16N2VRb3FrUVVFOXBDaGlqR3BCQk5FVGRhSHdyU3NYVkZNb1ZYRURTbldwX3Q5TUpRNEN2QUQ0elJLNnA4MnVaSjFrUWtPVTlsNHVqV1ExdGhwTEF4QTVtc2R5X3Q0dlVtTjJLLUpJQ2ZfYzlBazJtZ0gyTnNzUUdZbUFVTG5vekpJNVQ4Yks3Q2lHRThBZGs0UHRfRDNSUUNCQk1SQURQWWY1aEN2YlRKQTQtMmRnVHY3QWd6aVNjNXBnNHB3WFJPTk1SU3UzVTdCdXNLUlFmeUxaMjBiUWxfek0xWjBLVGJxWmx2TDl2djB0OVpjT244QmV0Q004RnBIOHJabDVTWmZlN2dHVGd2ZA?oc=5,Google News RSS,"O governo do Distrito Federal está trabalhando para garantir empréstimos até o dia 25 devido às transações com a Master, visando socorrer o Banco Regional de Brás.","Error: HTTPConnectionPool(host='localhost', port=11434): Read timed out. (read timeout=60)",RISK_SIGNAL,0.66,RISK_SIGNAL,RISK_SIGNAL
BRB Banco de Brasília,2026-02-09 08:00:00,2026-05-21T03:36:37.319705,news_signal,FINANCIAL_SYSTEM_RISK,4,0.75,,RISK_SIGNAL,"If BRB's plan fails, the Federal District government's contribution could reach R$ 6 billion. - NeoFeed",https://news.google.com/rss/articles/CBMivwFBVV95cUxOVFUtdkhqNWxmR1M5LTJoNVdpd0FtOE43RXlBSzR4emd1ZkVpa1F6UktVc3lURXA0NndqdHZOOGlKUVFmM29kQ1dKcmNiM1V0U2pXa2RkanVwR2NkZkRmY2RrOWItODkzNjhTcHdzQ3U0Wk5kT251UWhxWDZoUFBWSHBPVTR3X0tlRnlicTNQeC1lakRFdmpWVFVVajJkMEEzTGMxc0lyY3hLSTJyOWpXZjdRWHFQVy1NMVoxWjAzRQ?oc=5,Google News RSS,A planned project by BRB could result in a significant contribution of up to R$ 6 billion from the Federal District government if it fails.,"This news could represent a corporate risk for BRB (the company behind the project) because it highlights the potential financial exposure to the government if their plan fails.

Here are some reasons why this is a corporate risk:

1. **Financial liability**: If the Federal District government's contribution reaches R$ 6 billion, BRB will be liable for the full amount. This could put a significant strain on the company's finances and potentially lead to bankruptcy or financial distress.
2. **Unforeseen costs**: The article mentions that the government's contribution is contingent upon the project's success. If the project fails, BRB may need to absorb the entire cost of the government's investment, which could be unforeseen and unexpected.
3. **Reputation damage**: If BRB fails to deliver on their promises and the government's contribution is not successful, it could damage the company's reputation and credibility in the eyes of investors, stakeholders, and customers.
4. **Impact on business operations**: A large failure could also impact BRB's ability to operate effectively, potentially leading to reduced revenue, cash flow problems, or even business closure.

Overall, this news highlights the potential for significant financial risk and reputational damage if BRB's plan fails.",RISK_SIGNAL,0.65,RISK_SIGNAL,RISK_SIGNAL
BRB Banco de Brasília,2026-05-15 17:43:29,2026-05-21T03:36:37.319705,news_signal,FINANCIAL_SYSTEM_RISK,4,0.75,,RISK_SIGNAL,Caso Master: ex-presidente do BRB deve entregar anexos de delação em junho e apontar caminho do dinheiro no Brasil e no exterior - O Globo,https://news.google.com/rss/articles/CBMilAJBVV95cUxNTnhOMWRFOVJuUXhlNGhpN3FSb09HQ0NIVVZDV2lWYzRLcS0ybUsyMzVmMVlMUWZmZGdENzQ1SDhFM0Zodk94ZkFOdXVEUGxTUTdpR2NRRW1VbmZKYjFjSzhLckJLbTBWUE5KN1JlYjk4UFh2cTVXeldIeWJzMkRqMDItcXhCNWRIT1J5Mnd5eU5PUV9KZlBrMV9qYTljaGo1Tkd5NUZsSmhuQXdFQzhlZy1ITWV4R2FIWWhWSFNxbmVOMXpTckJndkx6QXBBRVBTa2VJWDZGckVNcF9QZEdHcW45Mm5INktWeEZQYVZmV2dEVXBrOHh2U1h3Ql84Y1Y5cFFNUXpRMXRNMjJqY2t6QVIyQjPSAaMCQVVfeXFMT2ZzQlVtZXBhVnF2Uk5BOXc4SzlhT3pYUVBKMDZPZ0ZvVzgxRXotd2dzU09JWk9VZFlGOXZyVDl3TjRkeEVQZHA0NFR2MmxwWDNKaDRwNVVoZldMWnZMTGhsX3d4dkJYbHd5SnJNcnJQYi1UYW5uZTNZMFNnQk1nSDFfOE5rOF9PRDcwUTRvcTJtX19sQWd0aDJ0QXplbmJPcl9FNGs5YUhsMmZJT3BrQzl2VVVIeVVFZDBySmdVUG9MY1M4dTBlaUZpa2pCRnR5UkN1NjhxY0k3ZE4zQjhleDRHU3FCQjF0OWRVNkRlblhrZHF2RWNBYnhoZksydXpkWldROTVmanAxOFhHR2Y4LUw4aVdBSHEyRVZxUEZfdDdiMWFZ?oc=5,Google News RSS,"Um ex-presidente do BRB está sob investigação pelo caso Master, onde deve entregar anexos de delação até junho.","Este artigo poderia representar um risco para uma empresa se a pessoa referida, ex-presidente do BRB (um dos maiores grupos financeiros do Brasil), estiver ligada à mesma. Aqui estão algumas razões pelas quais isso poderia ser considerado:

1. **Lavagem de dinheiro**: A possibilidade de que o ex-presidente do BRB esteja envolvido em uma operação de lavagem de dinheiro é um risco significativo para a empresa. Se os anexos de delação incluirem informações sobre a movimentação financeira da empresa, isso poderia indicar que a empresa está ou foi envolvida em atividades ilegais.

2. **Perda de reputação**: A notícia de que o ex-presidente do BRB estará entregando anexos de delação pode prejudicar a reputação da empresa. Isso poderia afetar negativamente as relações com os clientes, investidores e parceiros de negócios.

3. **Consequências legais**: Se a empresa for encontrada envolvida em atividades ilegais, isso poderia resultar em consequências legais graves, incluindo multas, fianças e até mesmo processos judiciais.

4. **Impacto na imagem da empresa**: A associação entre a empresa e o ex-presidente do BRB poderia prejudicar a imagem da empresa. Isso poderia afetar negativamente as relações com os clientes e parceiros de negócios, além de potencialmente afetar a credibilidade e a confiança.

5. **Risco de investigação**: A notícia de que o ex-presidente do BRB estará entregando anexos de delação pode indicar que a empresa está sob investigação por parte das autoridades. Isso poderia resultar em uma série de consequências negativas, incluindo multas e processos judiciais.

Em resumo, a notícia poderia representar um risco significativo para a empresa se o ex-presidente do BRB estiver ligado à mesma, especialmente se as operações envolvidas forem consideradas ilegais ou questionáveis.",RISK_SIGNAL,0.6,RISK_SIGNAL,RISK_SIGNAL
BRB Banco de Brasília,2025-11-19 08:00:00,2026-05-21T03:36:37.319705,news_signal,FINANCIAL_SYSTEM_RISK,4,0.75,fraud,RISK_SIGNAL,Brazil judge flags BRB role in Banco Master fraud; losses may top $1.9 bln - Reuters,https://news.google.com/rss/articles/CBMiswFBVV95cUxNUFlBUVZTRG1PY191dDMwei03SmtBQndnYkZNd3VpWGtwbmllYml5MHlTOHlSOGdBSlFUQkFieEc1eW1JM1ZJU1FiYVdFQklIcWVOdEpfT3dGN3o3bkZjQzJnbFV5dFdIcTFEaXdoTnhXVTFMcFJ4RFNJZFZUN3VVZGF4UDNRSHN4TGVPa0VNejBWVW4wY2xRR0R3a0dKbFFKX0g1UzZST2VqcmdLNkd1VnhUaw?oc=5,Google News RSS,"A Brazilian judge is investigating the role of BB Bancário (BRB) in a Banco Master bank fraud, which could result in losses exceeding $1.9 billion.","Error: HTTPConnectionPool(host='localhost', port=11434): Read timed out. (read timeout=60)",RISK_SIGNAL,0.57,RISK_SIGNAL,RISK_SIGNAL
BRB Banco de Brasília,2026-01-11 08:00:00,2026-05-21T03:36:37.319705,news_signal,FINANCIAL_SYSTEM_RISK,4,0.75,,RISK_SIGNAL,BRB tenta se reestruturar após parceria desastrada com Master - Valor Econômico,https://news.google.com/rss/articles/CBMiuwFBVV95cUxQNnBZVmtGUXVBLW5DY09mUXRfVnBKUXY0dUZqRVRHU0Flbm9ySTRMN3BoTFlfMmE1cGlFX2IxS3JCTnVXel96ckFDZkxiZDk4dVhhX1l5cXZCUF9VT1NnMzFndHJvT1FJWmQ3d0hOS3JSWE9PQ3R6U3M3TVNmcTNQZ3hZeU1EYVBWQktzazF5bHI2MG5VNmNWV1BoZDdFcEVZY1VMV3RHVlBGdi1FckpkTEZaVDlPOXdSdXRN0gHKAUFVX3lxTE9aZWxINmk2YXlqSW5nOGpidWxmQzlydlFsSWFhRzg1U1hQdDBQZWVzUDR4cjNEdE5ESm5LMGk4WWM4bjhEWVd4dFJkb3J1c0puZDAzTXZybEhjMmtySGtHeWdGY18wb0s0d0tGVzRyN0RPSDI1UjFtMkl6ZVQ2ZWstSWNUeUV0REt2MV83eXlZNTZrc0VMUC1CSUxEZHdHR3N4T3BzZVhFZGdIRDlFX1R5TERQVDltWDZ0OGhpdzBIbzU2cTNmSElhN3c?oc=5,Google News RSS,"Brazilian newspaper BRB is reorganizing itself after a disastrous partnership with Master, according to reports.","This news suggests that the Brazilian retailer BRB may be at risk due to a failed partnership with Master (Valor Econômico).

In this context, a corporate risk is being posed by several factors:

1. **Partnership failure**: The collapse of a strategic partnership can lead to significant financial and reputational losses for BRB.
2. **Loss of control or influence**: If the partnership was a key component of BRB's business strategy, its failure may leave the company without a vital partner or supplier, leading to operational disruptions.
3. **Financial implications**: The partnership's failure could result in financial penalties, reduced revenue, or increased costs for BRB.
4. **Reputation and brand damage**: A failed partnership can harm BRB's reputation and erode customer trust, potentially affecting its market position and sales.
5. **Operational challenges**: Restructuring after a partnership failure may require significant investments of time, resources, and capital, which could divert attention from other business priorities.

Overall, the news highlights potential risks to BRB's financial stability, operational efficiency, and reputation due to the collapse of a key partnership.",RISK_SIGNAL,0.66,RISK_SIGNAL,RISK_SIGNAL
BRB Banco de Brasília,2026-03-17 07:00:00,2026-05-21T03:36:37.319705,news_signal,FINANCIAL_SYSTEM_RISK,4,0.75,,RISK_SIGNAL,Brasília government appeals suspension of BRB bailout - Valor International,https://news.google.com/rss/articles/CBMivAFBVV95cUxOSjE5VXg5SjJQZmlWanlkX0hHdUNEMFlud0R5UHY5dW1Zazc2RkpDRmhRNnlQZ1gxbUV0R002ZFJCcWhYYzVrTFhZa01RQTg5Q2s0LWI4T0d4NHc5YlczY0ZjR2I0U2xjSDFobHpURi1UUUpWRDBJeHptTlB5Q3BueGEyX2J4UlF2aGtxOG1MMXBWOHEwWWJMeGRwWDB6U002ZFllLVJVcTZXeXJzeVFqU0lTRFRuTk9vTngtRdIBywFBVV95cUxNUkRhNUxXRURfclVCUE9JenJVRi1lLU8yYzNjQnBLWUJBVnpESVppSm8zeVZFWWpvNGhJZFEzMGFQbkFWa09nVW9Zb0pyZVZlRHNaUWtVYTVXRGtMSkVualFHcmF5b1JYU3ZfRHVILUJkUVlBQTFmYmkwU2YyMXBMQnpWMGlFRlNpNWFSNU5SbWFXd3RzS1dJSkNQclpFSHZ5WEMxZEVKMi1nazNJUmRUTWk5bDZTVy05SlBQRDF5QWtDcmdrVGc1N1NMYw?oc=5,Google News RSS,The Brasília government has appealed the suspension of a €500 million bailout for the Brazilian Railway Company (BRB).,"This news could represent a corporate risk for several reasons:

1. **Reversal of a previously agreed-upon payment**: If the Brazilian government is appealing the suspension of the BRB (Banco do Brasil) bailout, it implies that there was a previous agreement in place regarding the payment terms. A reversal of this agreement could lead to financial difficulties for BRB or its investors.
2. **Potential credit rating downgrade**: The suspension of the bailout may have already affected BRB's credit rating, and an appeal by the government could further exacerbate any negative impact on its rating. This would make it more expensive for BRB to access capital in the future.
3. **Financial instability**: If the Brazilian government is appealing the suspension, it may indicate that there are concerns about the country's financial stability or the viability of certain investments. This could lead to a broader credit crisis, affecting not just BRB but other companies and investors as well.
4. **Regulatory risks**: The appeal by the government may also involve regulatory challenges, which could impact BRB's ability to operate or make decisions about its future strategy. Regulatory uncertainty can be a significant risk for any company.

Overall, this news suggests that there are potential risks associated with BRB's financial situation and its relationship with the Brazilian government, which could have broader implications for investors and other stakeholders.",RISK_SIGNAL,0.63,RISK_SIGNAL,RISK_SIGNAL
Nubank,2026-05-17 04:43:24,2026-05-21T03:36:37.319705,news_signal,GENERAL,1,0.2,,GENERAL_NEWS,Nu Holdings (NU) 41.9% Net Margin Tests Bearish Credit‑Risk Narrative After Q1 2026 Results - simplywall.st,https://news.google.com/rss/articles/CBMiwAFBVV95cUxQR2l6c0dWRXNpR1Ftc25GTkd3ck1TS3RIdWJGc2pCNE00dzRTTk50d2hIVzA2N2hpY0tjaEdjbmlpMGxwZFlDZ3liTXFoaW9tLVBNd3RPcWZHbzFmVFBHSnVQb0g1a0lwcmVQNDJMSkJJeTFqMUROZ19JZks2QWNPdWRYMVdOWkZVOHRCWmVmUFlkd0JUQUxud1p6TlR4TEZ3bEpqOTh3c3FxUGw2azlLUUo3WllXRDM3SU8tdF9lZ2rSAcYBQVVfeXFMTlZxWUtYYS1SVGUyN19Jdjd1VlJhcjB1NFBmZFJFY28yWmo5ckd5VFNCdG5kR1NUSl9ySkliTnM5TkJuQzJKVmNjRVNfckQ4cldNTHJnczhUcmRsRTFyb0VWOVF3UnhJN2lyU2NCY1NTWWZVb1NHanp0WjVZN0JMWHd2TUU1bk9MUU1OQkU2TlBDVUJsbUR5VllSUExJUEpsamd4SVVCSFRYSDU0NmRVOHIxWE1HMnpGLXYyb2U4N0lIUlVqSXBB?oc=5,Google News RSS,,,GENERAL_NEWS,0.47,GENERAL_NEWS,GENERAL_NEWS
Nubank,2026-05-05 07:00:00,2026-05-21T03:36:37.319705,news_signal,FINANCIAL_SYSTEM_RISK,2,0.6,bc,WEAK_SIGNAL,Nu Holdings Weighs U.S. Bank Charter Against Mexico Credit Risk - Yahoo Finance,https://news.google.com/rss/articles/CBMilAFBVV95cUxNTWgxdlV3anVjN190bGxXck91cTZ1VEY1bHV2QTRqQzl0REJYbzBCdHRKaGdkdUxTTmR5TVBhTzFRRElVLXRwRUJlbkh0MndJRW92M2lxUmc1ekV6U3h6bE9SMlpHbUxyS0JTRGNmdzNsNldLRHgwSmJKbU56UjY3R0tkUzhHQURUTEhKdkl4blczS1FX?oc=5,Google News RSS,,,WEAK_SIGNAL,0.56,WEAK_SIGNAL,WEAK_SIGNAL
Nubank,2026-05-14 20:18:01,2026-05-21T03:36:37.319705,news_signal,GENERAL,1,0.2,,GENERAL_NEWS,Understanding the Setup: (NU) and Scalable Risk - Stock Traders Daily,https://news.google.com/rss/articles/CBMiwwFBVV95cUxQOUdmTzZ4U3JXTnVkS0lJRlVtU1J3Yl9SZ250QjlvUnFWQXdOb3B0cDFYS1BOTjVVZDM0YlZpTDRMTU01eEljUTE5aXkwWl9KVkg1ekxOZG12UUh1V1FCMEFjblhhOVI1TjBJNTAxNUlONklqd0ktcWdBaFo2bUx0SnFvQzY1al96R2dyRm9Cc2ljdUZRLTNTR2lCaEhIZ1NoMkhFYlpNZ3ItTmZfblNLb3daenRBSjczZ1BpYzRsOHVoSTQ?oc=5,Google News RSS,,,GENERAL_NEWS,0.59,GENERAL_NEWS,GENERAL_NEWS
Nubank,2026-05-14 22:56:00,2026-05-21T03:36:37.319705,news_signal,GENERAL,1,0.2,,GENERAL_NEWS,"Nubank's AI-Fueled Growth Hits $5B Revenue, But Risks Mount - BriefGlance",https://news.google.com/rss/articles/CBMikwFBVV95cUxNaFNTRDBoU1AxTHFFRTYxOHBIazZIQkpkc2lLSzRMeHFBS0VvQ2pjY0wtZDZlWDFFQ0hQZHB4dGdnZXBwVzNUV2dERjRPWU1PNE1zTmtRTV9DTFIwMFo5STdJQllzTFN4MllVcnpHQ3dHSWhocFBzbW82QWdRWnJlS0N0YlBmZm9pRmcxU01RaHp5ek0?oc=5,Google News RSS,,,GENERAL_NEWS,0.44,GENERAL_NEWS,GENERAL_NEWS
Nubank,2026-05-15 08:48:07,2026-05-21T03:36:37.319705,news_signal,GENERAL,1,0.2,,GENERAL_NEWS,Nu Holdings Q1 Earnings: Nubank’s $5 Billion Quarter Has a Catch — Credit Risk - TechStock²,https://news.google.com/rss/articles/CBMimgFBVV95cUxQMDZVUXdMLTdMNTJFX1k0WEhOTE1fRUFwX3Z4VHY3MFowcnp2TUt6Z0VBTXlKeVY5TjJCcW5BaDZEVUFFMF9zb1VpQjhEVXN4S0k2OTJSd0pIbVFZMFRlaFlXNkdjX0lDU2padkNDSW9yYUp4NFZib0p1LW9ROGJ2Q2wtQi0tZjQ1STN5OTV1VTdHZ1RhS0g4MlVn?oc=5,Google News RSS,,,GENERAL_NEWS,0.42,GENERAL_NEWS,GENERAL_NEWS
Nubank,2026-05-01 07:00:00,2026-05-21T03:36:37.319705,news_signal,GENERAL,1,0.2,,GENERAL_NEWS,1 Unstoppable Fintech Stock Is Up 196% in 3 Years: Here's the Single Biggest Risk With Investing in It Right Now. - The Motley Fool,https://news.google.com/rss/articles/CBMikAFBVV95cUxNSjVkUWQ1VEJkWG9uRGtjWmhEQVlUeENTbnRJekFpNFQ1Q0lDc0wyUkV3WGZCYy0xaUgtcVdaR09rODJ6WUZ1MTJRSVNEUlJ4NUpEdU1rSnl1NHZxbm1tb0RGMjVlNzN2MEZHX09seHM0N04zMktmN3lRQjVRTmU0TEZWSk1lWExvNlN3ajB1SjM?oc=5,Google News RSS,,,GENERAL_NEWS,0.51,GENERAL_NEWS,GENERAL_NEWS
Nubank,2026-02-26 08:00:00,2026-05-21T03:36:37.319705,news_signal,GENERAL,1,0.2,,GENERAL_NEWS,Nu Holdings (NU) slides as investors digest Q4 results and focus on credit-risk and margin signals - Quiver Quantitative,https://news.google.com/rss/articles/CBMi0AFBVV95cUxPNmx5X0x0R1NHSmdXRlNYRE9qWlM4dDVfbjEyeU1ERU81V3QtbU1LTjlsS2hJS2pBel9tTk9jb1FlMDM5eDB2U1lReHVOMDF4Z216OHJPLVQwZkUzY1RVd2JwbjFlY3lPUFljVW96VnBSeFE0SGtqQ1l6Qm50Q0ROcWg4Q1FkNU9ReDVEb1ctVkRkblZldmhsZmFLemZGaHBkV2VlRm1qbm9rWnFNOVJzZnlkd1pNRnNZcHFYeHFHUGFlTVlKRFMtUkVoN3ZUcGJS?oc=5,Google News RSS,,,GENERAL_NEWS,0.52,GENERAL_NEWS,GENERAL_NEWS
Nubank,2026-03-30 07:00:00,2026-05-21T03:36:37.319705,news_signal,GENERAL,1,0.2,,GENERAL_NEWS,NU Medicine study reveals early menopause linked to significantly higher heart disease risk - Evanston RoundTable,https://news.google.com/rss/articles/CBMizwFBVV95cUxPb29KLXZRV1Z2cm9zMEhlc3MzWXptTFV5YnVDWXFQMjJkMFZOSkxGbVY3Z0FCWkFMek41TmtlRTFKaVJRMFdhVjBmZzhueU95aDFTRUxyYWJsakFnRDV6Z1V3R05VRG1yRUo0YnN2Z1RKaUZTYTY4UVhiV2h3U2hEYjVXeFcxTldzejV1bkZibHotSG94VWZWS0h3eHhHZ0JzZ2lETVlfR3hqbF9FMmNrZThPSmx4T0FrTzdUbi1Qa1VXdjlZNldSV2E0MzFOS2c?oc=5,Google News RSS,,,GENERAL_NEWS,0.49,GENERAL_NEWS,GENERAL_NEWS
Nubank,2026-02-04 08:00:00,2026-05-21T03:36:37.319705,news_signal,GENERAL,1,0.2,,GENERAL_NEWS,Nu Holdings: Why I Remain Constructive Heading Into 2026 (NYSE:NU) - Seeking Alpha,https://news.google.com/rss/articles/CBMinAFBVV95cUxPaDhGS1I3WnFHRGdVdWZfVEhlMGdKR0dqMUtYN1Z2QWZ0VFpjWmlxWE4yZWlsd2NJUFdYbGdSelY4My1FeG9GTTJubHFocnJWcDRuMVl2TGF2V0VGZE9iNW53RHBGSjJORTRaeS1CTG16SE55SkVpU2s2aThFNHZ6OGVpMWVhSWh3RVhnSDUwc1k0NHNhWWIzbmJnQzQ?oc=5,Google News RSS,,,GENERAL_NEWS,0.55,GENERAL_NEWS,GENERAL_NEWS
Nubank,2025-12-04 08:00:00,2026-05-21T03:36:37.319705,news_signal,GENERAL,1,0.2,,GENERAL_NEWS,Morgan Stanley weighs risk transfer to cut AI data centre exposure; Nubank seeks Brazilian banking licence - TheBanker.com,https://news.google.com/rss/articles/CBMiekFVX3lxTE5DVHpmUHRhR3JYSG9yQmxzSWtGWWVlZjhrZTAtWUduVENTVmRObW50dzREQmhGYVZKbk8xZFU1NHU4X0d3OGJ1UTJqOGRuTHpoeFlUSXNlbjQtYjI1cWdjNUI0QWpPRXpvU0VTcml4SnZ4NGpuNWh3YV9n?oc=5,Google News RSS,,,GENERAL_NEWS,0.46,GENERAL_NEWS,GENERAL_NEWS
Nubank,2025-11-17 08:00:00,2026-05-21T03:36:37.319705,news_signal,GENERAL,1,0.2,,GENERAL_NEWS,Is Nu Holdings' (NU) AI-First Strategy and Record Earnings Reshaping Its Growth and Risk Outlook? - Yahoo Finance,https://news.google.com/rss/articles/CBMieEFVX3lxTE5WS1RubWprSnJOdkpkVDgydDlZYU9vMVB6eUptc1JyY0NDMlh2ekhIZUFqMHNEWE1nbUlRdVMxc2d6T2ZZZVFRM0Y3YzhnTmxjOWVCZ3J5SG9nYWx2NTV5WURWRGhrZXJoRGpob09ndlo2SklxQy0teg?oc=5,Google News RSS,,,GENERAL_NEWS,0.57,GENERAL_NEWS,GENERAL_NEWS
Nubank,2025-11-14 00:12:06,2026-05-21T03:36:37.319705,news_signal,GENERAL,1,0.2,,GENERAL_NEWS,Nu Holdings Ltd. Reports Third Quarter 2025 Financial Results - Nubank,https://news.google.com/rss/articles/CBMiqAFBVV95cUxQNnk0NWtLWkZnZzJZbnM4ZXdKbHhBU1hldmRwOGlvYXJkdkwwT3ZIaXBXRGRSZjZTYXFkX0VJTkE3OG9faFlCQjVOcXZjTDVLRzN4Q1JtQzRIR2FUOGFEa0Y4WEloS0RiTndDek5tbUJoNkFuRGlxWUNBREplUncwZ012bVVnNlB4WjVIUXo0dE8weXE0a1JYWEdWdF9QR3lLQUg4X0JwdUk?oc=5,Google News RSS,,,GENERAL_NEWS,0.44,GENERAL_NEWS,GENERAL_NEWS
Nubank,2026-04-22 07:00:00,2026-05-21T03:36:37.319705,news_signal,GENERAL,1,0.2,,GENERAL_NEWS,Precision Trading with Nu Holdings Ltd. Class A (NU) Risk Zones - Stock Traders Daily,https://news.google.com/rss/articles/CBMi2AFBVV95cUxNQlVjRkVkRG1VMGlSR1VUY2gxMGx5UEdRWVhnbTZlSkt4MlMzWXdCWGhNeHJnQXZzVVZwR01OSkRoRG8xRDRRVWxqMU5HSDF3XzkzUUlzbjJMdTltY2JZOTgwR2RyMllMZDVURERwNUxTQkRCczhKWFNxUlFpWFo0REhJMlhER3JGSFlTYlB6SHRJdHo1dlVuYjJEa2JoeUVVX0xtdm9JTjdqVllHQ3JiTXpwS2tycUF1OEVtTFFWQUJEQlJNc0ZSSWdOWUxjOFFhTW9UdjA2a1k?oc=5,Google News RSS,,,GENERAL_NEWS,0.61,GENERAL_NEWS,GENERAL_NEWS
Nubank,2026-01-17 08:00:00,2026-05-21T03:36:37.319705,news_signal,GENERAL,1,0.2,,GENERAL_NEWS,"Nu Skin Enterprises, Inc.'s (NYSE:NUS) Share Price Could Signal Some Risk - simplywall.st",https://news.google.com/rss/articles/CBMi0gFBVV95cUxPNVpNcWUxWVE4b3U2V0x4Q3dlS0g3cDFHLVVVVXJfaFU2bU9WcDVaWlpPVU9WRFNFUEZaX0FnaHI2cWJLZ1RQMDYwNGtXX0hsc3BKS3Y3WlY0TlJjX05fa0pqY09abFU2QTloWVg3V3YzbjVvQTRvek53bUZDaGRLWUV6OWNpQVY4d25zek8tenJ0TGhFY0RfT3hRVWQtdnI1d1VEX2NIZERIMEFKMllseTIxcV8xcXdOUlFZNUVQUTJkQV9KMWU5cW1mdTFQWWpERlHSAdcBQVVfeXFMUEo3S0xtQnBiMzlzNUo0Q2tDeTU4dTExVDRfLXE3RWhzWlFjQ21xeUUteEFwZ1ZHcG5iSHNzejhMZXVPcWx4TWM2T3k1MUxBQnJqUlByNUwwZURBSF9id0pOSTljQ1VHOGh4T0NGQ0JWazRxR1ZoUG85ZkYwUm1lU1RSU0hkWjZhZ3JXUzJ3eHVYaGtOQ1ZUSi1fSFZXNGxQUWVmZ2FVZzFMd3hWSzY1S3hEYnpqa3RSVHhSd3hMSW90UjE2TnRuSGdRc05CVEdoT3NhbTNZaUk?oc=5,Google News RSS,,,GENERAL_NEWS,0.48,GENERAL_NEWS,GENERAL_NEWS
Nubank,2025-08-21 07:00:00,2026-05-21T03:36:37.319705,news_signal,GENERAL,1,0.2,,GENERAL_NEWS,Are energy drinks like Alani Nu Witch's Brew linked to stroke-like symptoms? What we know - Snopes.com,https://news.google.com/rss/articles/CBMiggFBVV95cUxPZ0tSU2IwakJYM1hJNHk3UGRkVWNXR0hkQmlJSXNQTWhtT0x2V3dtbU5Xc0xRNWU0MThQeVR4WTFVQ1UxOVIxbENOVUFYaFE1QWhyWHZaVGFPOE81UThUZ2JFTTRaZE83aXMyUmpsX0hnc2pEQ0hMNG5KS3NVX09LMy1n?oc=5,Google News RSS,,,GENERAL_NEWS,0.5,GENERAL_NEWS,GENERAL_NEWS
Banco Inter,2026-04-08 07:00:00,2026-05-21T03:36:37.319705,news_signal,GENERAL,1,0.2,,GENERAL_NEWS,Inter&Co (INTR) boosts Banco Inter capital with R$300M Tier I notes - Stock Titan,https://news.google.com/rss/articles/CBMirAFBVV95cUxNUGtKRzU0MkwwWWswQ0s5UHpKaVZMaFAyZTlNOG1saU12bTFZU2dfU2lyN0NVajJlMUk0LU9wYTBKUm1UbUp1eVRsUERqSU83blhtb1ByLXVDMnhNUTNmZENKNkN4UjVHRVRQQ2xIamtQY1dJbTR2cUpKR1BaSUVfbGpfUVktczhUanRod3JRemtjRmM1MUpLYXhFS0plY21RcFBzTnFrOGVQbF9K?oc=5,Google News RSS,,,GENERAL_NEWS,0.55,GENERAL_NEWS,GENERAL_NEWS
Banco Inter,2025-11-01 07:00:00,2026-05-21T03:36:37.319705,news_signal,GENERAL,1,0.2,,GENERAL_NEWS,"Banco Inter, Chainlink Power Real-Time CBDC Trade Settlement Between Brazil and Hong Kong - CoinDesk",https://news.google.com/rss/articles/CBMizgFBVV95cUxOVFQ3ZWoteTVNRmhaQU0tcDNaMm1uYVBHSHVvS3ZIWWhuVGcxQVlfVTltd1FFSUxkLUg1UUFkdk5ESWpwMmxveFN3dWhWQXdVM1VTRnVjeTRFal9nZEZrbkNBdFZ6dTJ6cnBKSUh0Y29kczZrZU5QWFZYaFNHOS1CUjVGSnpyd1ZyMkJqUWp0UWJsU1FNUllzVnV5M0dtTlk4bVJkQWtqdXhnRGJ6OW9uME5fY0UwYmhNbWFLODdPZ2Fsbm94TUdDS1N5YlNIdw?oc=5,Google News RSS,,,GENERAL_NEWS,0.42,GENERAL_NEWS,GENERAL_NEWS
Banco Inter,2025-11-04 08:00:00,2026-05-21T03:36:37.319705,news_signal,FINANCIAL_SYSTEM_RISK,2,0.6,bc,WEAK_SIGNAL,Banco Inter & Chainlink Pioneer First Cross-Chain Trade Settlement Between Brazil’s BCB and Hong Kong’s HKMA - Disruption Banking,https://news.google.com/rss/articles/CBMi5AFBVV95cUxNQmZrVGZYRFRpNTBhdXlvY3Y5eVhUR01lWGZ1aEFRRVowOFVOM0xjOE82cVNqcUxWOVN3bFcyZFBlODYybXQ0cnBVWlZDRkN2UGhUdDVJNDBua0dTXzBiZy1CRHN5Ynd6VDVReXFfR3FQendIS3FMUEM0eGlVaDA4TXI2VklncTV1QlY1NDlhUzNtRGx4T1NNX1RFTThKX1pja0pwTURZeUh6TTByRll6NnZST0c4Z2RMb1dPM1RwN0ZrS25BWUx6SHMtU1hGTGo1ZWhoN25remtlb3ZVYlZKQzhrX2Q?oc=5,Google News RSS,,,WEAK_SIGNAL,0.52,WEAK_SIGNAL,WEAK_SIGNAL
Banco Inter,2026-01-23 08:00:00,2026-05-21T03:36:37.319705,news_signal,GENERAL,1,0.2,,GENERAL_NEWS,Banco Inter gets Fed approval for US digital branch - American Banker,https://news.google.com/rss/articles/CBMikgFBVV95cUxQNHhTS3o1X0RuUkhYNWdoNDFuemdqSzlOQkdDNTA5MHhnb2xHb1lNSXFzNVZDWGlKcVZWbUxJREhReE5GWmstdkNkUG5OUXpxS3VNanh5dTJyQnQ3WGVBUUJKZTRqcWM3NGtuTi02YkVZdWQzakRGRDJEZ1RqVm9hVWtpbHN4STJJRy05Q01Mb2Y1dw?oc=5,Google News RSS,,,GENERAL_NEWS,0.46,GENERAL_NEWS,GENERAL_NEWS
Banco Inter,2026-01-20 08:39:58,2026-05-21T03:36:37.319705,news_signal,GENERAL,1,0.2,,GENERAL_NEWS,Brazil's Banco Inter secures approval for US banking branch - FinTech Futures,https://news.google.com/rss/articles/CBMiogFBVV95cUxNRXFteEFidkhqVmhid0k1Ym1oQnM1WDlfNWgwMjR5QmRIdVRFLW9mb0c3S0FURWNLTEZFbTZSQWtDZnRlZEt3d2lBM0xob25GU0c3UjlodTBjeWpqMU42VWw1RUVTcWtFTXFGSjFkWDE2Nm04VnB1U1JqeUFGS1d4enFmVEYxTTU0YVNpRXgyZzI5UFhpYWVPOENFZ1FwMzE0X1E?oc=5,Google News RSS,,,GENERAL_NEWS,0.47,GENERAL_NEWS,GENERAL_NEWS
Banco Inter,2020-10-23 07:00:00,2026-05-21T03:36:37.319705,news_signal,GENERAL,1,0.2,,GENERAL_NEWS,Brazil: Could Banco Inter’s super app break banking? - Euromoney,https://news.google.com/rss/articles/CBMitAFBVV95cUxNTXlRSU9jYmdpcDdlZUJCeDFVdjZzcDc5ZTdhdl8tQTJNcEtSLWJOWTk0bTJHUnZ2c3VDX1NmOGY5NXhZN0VfaVBNNlVnV09ETFUtY25vU2FHa2hFXzJEUDQxRUZ6UThyR2F5clJCSV9HUUJ5MG1TMVk0clN3SHJzNE1DNWtOUmc2ajJNQ0k3elNkSzFRM0xjR3lwYzZ3MFhnVFRwWklRWFdDa01rSmFBWVRJd2E?oc=5,Google News RSS,,,GENERAL_NEWS,0.41,GENERAL_NEWS,GENERAL_NEWS
PagBank,2026-05-19 11:27:56,2026-05-21T03:36:37.319705,news_signal,GENERAL,1,0.2,,GENERAL_NEWS,A Look At PagSeguro Digital (PAGS) Valuation After Q1 Earnings Growth And Ongoing Capital Returns - simplywall.st,https://news.google.com/rss/articles/CBMi4gFBVV95cUxQVkdLb1UyVkVSeFk4WTh1bHNtNDFHRHAxR043S0JBSXhhNU5pT0N5ZTNJQzVpdmsxQlZBX2Z6TG12X1dFcVN3aE44eGVEMTA5SkdVakJkTEJRVHcxMEZ4cEtKY3VUc1FMNU9WM1RXWmctWmZhNFQ1T2hLTzhfVWhzOXdtVC05blI3UGxYcmdHckZIUXpWdEJSajBIZXdsNU9vdGU5YnZoS25kQzBqVWJRZERRaE0yVHVsM3EtVE5jZTh2dE5LaHN1dVRxbkJKaGd0MkI1cUh4R2hIZlV3WG5uQ2Fn0gHnAUFVX3lxTE0yaUFOX2ludHhDRDhBd2J0RnAxeWZETi1mOU85Y3JCNDJLQ09fQldqd01EWVBKLUZidmtNMVpWcWlHaWd3X2wwVGdta3FaS1Zxbk1nQjNkOThTVTV6SUc4SDZzQkNZR0l1LUx6QlhQcWxpRzdCNGFRSTF2a1UzRXZONjFrSlY5ZXpSNU9EY2kzcDRTQ1AwNUk0ZGYxQWRVSXVzSm1mbVozV01QcHNSMmJJMnJhd01uT3FuYk05SC1jM0ZqZncxMXZLZkdkS0NwUVYzZHB0bGZlMlRuSVlVdndxQXpqNTJOZw?oc=5,Google News RSS,,,GENERAL_NEWS,0.6,GENERAL_NEWS,GENERAL_NEWS
PagBank,2026-05-12 20:39:10,2026-05-21T03:36:37.319705,news_signal,GENERAL,1,0.2,,GENERAL_NEWS,PagSeguro (NYSE: PAGS) Q1 2026 profit hits R$545.5M on R$5.0B revenue - Stock Titan,https://news.google.com/rss/articles/CBMiugFBVV95cUxPXzEwUDh6MjFsOWVteEZndWhjSnpZSG9SdEthYmVSdHJGU3RRNExzUDJUeXZHOFI3MUxnZmhsZWxrMVRxNGxhanlORmVpcy1NVm1abDBpcDgzdWxXblJQOUhHMUxna3lVMDQ2Z18tM2dQNVFON0ZjQW80T0t4UjVZVF8xcF9TTnBtNGp3UkpYMGlaR0Q4X3ZMby1SOFgzdEhkaS0zOW9lb1EyMTZuZEFoaExsOHFJeUhWb0E?oc=5,Google News RSS,,,GENERAL_NEWS,0.56,GENERAL_NEWS,GENERAL_NEWS
PagBank,2026-05-09 07:00:00,2026-05-21T03:36:37.319705,news_signal,GENERAL,1,0.2,,GENERAL_NEWS,Does Softer EPS Estimates Amid Expected Growth Change The Bull Case For PagSeguro Digital (PAGS)? - Sahm,https://news.google.com/rss/articles/CBMi3wFBVV95cUxNNEJ6V1pWbTRZdk5Ma0tkZ0hZUGVVczVrVnB6dTE3TWxQV0NsOHBvNU5TUlZXczR3Sm50NWc2amR1M3FhQm1oRVRZSjRSbVZDa0o2TDNFSkxfUVdkYV9FOVVhaENFT1RFZVU5bFZMcVZyTnpFMlBvWFN5NTZvQUNZaVZBUEJsLVAybG94SkFJZXdDMzhvdTV0VzAzMlVWN3NEZ2FiWkR1TUdhSU9GRjRiMHRob0lxenkxNlZCZ3VjVHN6dlZmWnpJZWMwc3hwZjNBNGZmRi03UldmeC1qbFc4?oc=5,Google News RSS,,,GENERAL_NEWS,0.63,GENERAL_NEWS,GENERAL_NEWS
PagBank,2026-04-29 23:54:02,2026-05-21T03:36:37.319705,news_signal,GENERAL,1,0.2,,GENERAL_NEWS,How (PAGS) Movements Inform Risk Allocation Models - Stock Traders Daily,https://news.google.com/rss/articles/CBMixwFBVV95cUxNZjlQZEhEOThwOW03S3BYTDlsX05Jcy1MRGNWWWR5WVhjcUZ2ZjRXYmhRNFJZZE9SUzJadjVIVjhvNGl4bldOYllkRmlXdGpWZmgxRzNUTC1aemFBZnFWZkFzeS01UEV3cVJsaVp1ZVBXY2pfTEpZWVRERlpzc0xoLUE3eGZYUS1lV1pPdDVxT3RfLTJGWjhYQ2hSbkg2R1B4TlBtOFRqZ2dOc3ROQXJBaEV6ckRZZjZwTF9Pd0IxcGRTWmw5NkpF?oc=5,Google News RSS,,,GENERAL_NEWS,0.55,GENERAL_NEWS,GENERAL_NEWS
PagBank,2026-05-13 14:34:00,2026-05-21T03:36:37.319705,news_signal,GENERAL,1,0.2,,GENERAL_NEWS,"Goldman Sachs Maintains PagSeguro Digital(PAGS.US) With Hold Rating, Maintains Target Price $11 - Moomoo",https://news.google.com/rss/articles/CBMiuAFBVV95cUxOZFB4ZTJpaHFXMGJyNGN1M0ZzZzdGS2x3R2dMZWZvdm5kU0RGY0JUZXBxaHpqano4TW5RZ3ROR2lOcldvSC1nOW43Y3Vfci1UMUZlc21TZHNteERsZnlTaTVCYkVzaXlYOWxfZHdUVFRNSHA2Unl1c1lpN1NXM3N3UXhMMEVlOXpwM2I2TFNTc0RaenV2YnpKVFJQUnozYllNNWdNN25vX1Z3WG8yejhVSFJuaGJ1c01x?oc=5,Google News RSS,,,GENERAL_NEWS,0.55,GENERAL_NEWS,GENERAL_NEWS
PagBank,2026-03-24 05:48:09,2026-05-21T03:36:37.319705,news_signal,GENERAL,1,0.2,,GENERAL_NEWS,PagSeguro’s Brazil Fintech Play Is Shifting From Payments To Credit - Finimize,https://news.google.com/rss/articles/CBMiXEFVX3lxTFBGenRtZTVCcUJWb2xXdzZ4M2E3N0hzdWtPV0xVdThINnBLTVJJUU1od3hmZWRsNjJnS3BRN3FlWEVYczhYWmw3SEpzQ2JNVVZZSVd1UjlVbTliTENY?oc=5,Google News RSS,,,GENERAL_NEWS,0.5,GENERAL_NEWS,GENERAL_NEWS
PagBank,2025-10-24 07:00:00,2026-05-21T03:36:37.319705,news_signal,GENERAL,1,0.2,,GENERAL_NEWS,PagSeguro: Hidden Gem In Brazil’s Booming Fintech Market With Double-Digit EPS Growth - Seeking Alpha,https://news.google.com/rss/articles/CBMi4gFBVV95cUxPVnN5WGFLVEYxb2dWdmt6YzAwamVCa3d5c2xZQk43WmxFbkVzRm1KUUNfemhQdm1MWFZnUkhQc1cxZ1B2Ty1sTG9JQUF0UU1sWWFvZzBUTXQxWHpNeTl3U19BSEdUYjlQaURNVTFKV1J3dFVlSHdLZXg4TE9tRVZKQUpqYXR4UmR3Y0dYNEl5RWxEaFhRRmFOemtweU9QMEJuXzFnRFhQM2pfZ2UyczRjRDNseURhcWI5U1NNaFJsVkw1dWNQX1h3RlRvWkg0TDlWLU1rZHdFTTQwQmJJRmlXRlp3?oc=5,Google News RSS,,,GENERAL_NEWS,0.54,GENERAL_NEWS,GENERAL_NEWS
PagBank,2026-05-12 20:05:42,2026-05-21T03:36:37.319705,news_signal,GENERAL,1,0.2,,GENERAL_NEWS,PagSeguro (NYSE: PAGS) grows credit book 36% and lifts EPS in Q1 2026 - Stock Titan,https://news.google.com/rss/articles/CBMiugFBVV95cUxQNHN6M052blJCNEpyMTNDRXpqc2J1Uk1mNl9mOTdGQjFLdVpGQUs1Y1Q4MEFfemFyLV93bGtDd1pnb2d2M1oxWnJ5eFFxdUVlZVZpQ29NVHBkVmlaN0d0WEgwX2kyQ0doZXJVcFZZMkJWeHFaampsYU9VZmlvVThyNGtONmM1VVpqYk85MUtzQjlQODBUcnV1X3lmMzVzMW5xS3IwcHVObVdLd3NnVEhXUGJIcTRaM1lqUkE?oc=5,Google News RSS,,,GENERAL_NEWS,0.59,GENERAL_NEWS,GENERAL_NEWS
PagBank,2026-05-16 23:37:04,2026-05-21T03:36:37.319705,news_signal,GENERAL,1,0.2,,GENERAL_NEWS,PagSeguro Digital (PAGS) Is Down 12.2% After Q1 Miss But Reaffirmed 2026 Guidance And Buybacks - simplywall.st,https://news.google.com/rss/articles/CBMi4gFBVV95cUxOdHItVGNpRlAwUGRNWkI2RXNMYklITGRoV2lsUG1ISF9fUlA4ZXpKS2NpT183RTlXTlByWXNHd2R5TkFXTnFTZENkeHljdkdGYXRyaGEyTEVJV2kwS1UzeFRCbHpzY3NtQnBLeFo2UlA0OU43c0d3UGF6SV80ZHVxMHUtVlFuTnMweVlleFRHOURoZGVGRGVXSF9tVXl1UnlvMVBsRWRjVnBsV0JOZExsT3pObldob2RZNEVMRkNxMERLbTdWck5BVGVDSGFWWklwSVZmZWhMSnNDME9MWDF3YnZn0gHnAUFVX3lxTFBVX1Rqb0EweXFvVTNxajVNaU80OWhWaWJjRm9oRnA0NEpadDhncVpPeHZQS2FTa3I3ODJEaWtCdXNia0RsUE9ITmFCLTZfZXBYc2piclNhVTZXU3NpdkpHVm1zeFZ5NVpvS0VjRHNmczJ5SXNvazFBS3dTaDVUbDVFMDJNeWRNalVmbEw3MXJKSVVaQ2dsX19qMjdPVDJTbVdnaWVFS0Nhd2RfMVFRREZFRF9ueUZURzhMeDBLR1p5WVo5R3lyYlV1V0F5aHM2dWlRZUZRbUZnSWNiRlVHTzE2bEVjbWwzQQ?oc=5,Google News RSS,,,GENERAL_NEWS,0.54,GENERAL_NEWS,GENERAL_NEWS
PagBank,2026-04-21 07:00:00,2026-05-21T03:36:37.319705,news_signal,GENERAL,1,0.2,,GENERAL_NEWS,PagSeguro (NYSE: PAGS) entity tied to director sells 200K shares - Stock Titan,https://news.google.com/rss/articles/CBMitwFBVV95cUxOTHNKNlBTTFlCcFctcnB6X3Q0TVlXSWgzUV9JbXdQSlRYNGFINk4zRjVzREdBWXdPWlJuODFLLXNUUmhfbXJvVkxfcV9QVzUySjg2dGJlSUd3T2hZbWtwOHdEbUFzTTNzdExCaHVQbjdFOUttSVMtS2JXbVJqaGFWVW9HOVhlS3dwT1pwRzN3T3pZLVVSeFBNb01zWFNfMlBNTHB2RENhcjNmdlRVODI2ZVlTTk1HNVU?oc=5,Google News RSS,,,GENERAL_NEWS,0.59,GENERAL_NEWS,GENERAL_NEWS
Stone,2026-05-20 07:20:01,2026-05-21T03:36:37.319705,news_signal,GENERAL,1,0.2,,GENERAL_NEWS,StoneCo Balances Growth Ambition With Rising Credit Risk - TipRanks,https://news.google.com/rss/articles/CBMirAFBVV95cUxOaGlSTklnWk5ITVZMUzJ1N2ltX1ludVo3VGFzZ25iUmJjWmlWUTVwLVRYQThRdVhRTTVfOExfUC1RN0hJVEZmZW04SU8tckpOMlFTOEFSTUZzVW1hSFRXazFtZF95UWNPODE1VTUzWHFvMW5ZVGY1OHpnTEpneHl4LUVrYTZzNllMZ25MWTdYXzdFallKajBuX2VhdzJmREZVaVVXcmthdzRlNEt6?oc=5,Google News RSS,,,GENERAL_NEWS,0.51,GENERAL_NEWS,GENERAL_NEWS
Stone,2026-05-20 12:38:17,2026-05-21T03:36:37.319705,news_signal,GENERAL,1,0.2,,GENERAL_NEWS,StoneCo (STNE): Credit Revenue Up 186% Year Over Year and an Extraordinary Dividend on Top - Insider Monkey,https://news.google.com/rss/articles/CBMiygFBVV95cUxPTUhiOUdIdUFfMURWdWtIbG93Qk9UYmlyN3lGdS1ULWZkbFRkMWhoeDRucU5DRkdUbHh0N25ydmREQUpUUzRkUzBSaXduaXNodzZmbHdCeWJwM0pmMmpYZkRBWGJSMzFLSHA3U0U4WVhfQU5QeVZkUFRRM2NwUV9FU1I2SFVWYmhHMzlRc2lDdzI0WWp5MnlIUmd2cEZITFk0NFA1VXdEM1pyQzFpcWpwcTBkRjlfemRvb3h3bTFWZ0pnYmhIVVpwTGl30gHSAUFVX3lxTFBaYVVYczVNTi1ialZHalQ4akhSejg3TTlFQk54dUhLR3o2T3NQRm5ScllrWDNTcGUxc280bTZwVnp2RjcwUU9CaE5yME9BXzQ0cWVOUTlOd01NSWN2X001RjJZazJoWUpDMjQxcVRMRE5ZcHBncjM5TmNQajgwM3dDNVR1LUdHbWliN2lsOWRONWpudnZscFNqZVhWZzcxd0U3UnFmczNId2FRaVlqQkFrek5WU1I1bjNObFIwMXJyMVZJQTVWQVFVeFRnWnJtaV9YUQ?oc=5,Google News RSS,,,GENERAL_NEWS,0.5,GENERAL_NEWS,GENERAL_NEWS
Stone,2026-05-19 04:47:01,2026-05-21T03:36:37.319705,news_signal,GENERAL,1,0.2,,GENERAL_NEWS,A Look At StoneCo (STNE) Valuation After Q1 2026 Results And Extraordinary Dividend - simplywall.st,https://news.google.com/rss/articles/CBMi1wFBVV95cUxObXQwWS1NZFhrbjBtZGdFWnlqREFKS09oem5Na1dIUWtBYmJjbGFTZlI3TnNIN3NWVUFzSzg4Rk9mdWFCS0FLVnNuWXNFc1ExZmF6SmI2NXREU01pLS1EMmdnLXJ6b2xnX2hrdEE3V2cycjhYMlM0NWt0U2lJaGdSQzYzMFdrLW0wNW1OMTFFMlU4ZmdXTEE2TW4yYU1pVE9sLUg0V190clAxb0R0YTV1M1ZHNGV0cGZfYVhQZG9UbzJNRWptdkdTMUxpeTNVSzUwTGVGNXNWY9IB3AFBVV95cUxQT0tmdjF4N0xYaGdXUUtrTmlVVmp0ajQ2NnJnVjNFaXRjdzEtQUl5SHVnVlZNRS1vbVVFd2ZpRVFfU0w2SGpka2RqeUdkUjk0WmxXWGE5T0tlVUczSDlrMVRWRmN6eEhEY0czZmlyWnR2b1VMVFRsejhYT1ptZlpHTG0wMXlTQllOYTU4bHVIZ1lKMHl3UzF4dmhCRVp1cGk5elRYNEtYYW1HeUt5VFhRaGxKSzU1VFFaTXNRZmFKWFpMX1p2Rzc2dkhwNkg4Qml5QjVrUmpNdXhadWpE?oc=5,Google News RSS,,,GENERAL_NEWS,0.54,GENERAL_NEWS,GENERAL_NEWS
Stone,2026-05-15 15:23:35,2026-05-21T03:36:37.319705,news_signal,GENERAL,1,0.2,,GENERAL_NEWS,StoneCo cut to neutral at Citi with a 90-day downside catalyst watch - MSN,https://news.google.com/rss/articles/CBMivAFBVV95cUxNQ1QtQjhkcVRaZmxsbHlBRHc5c19qVHpEb1I3elBmNE9KRW9WYUlJaW5PQU9pZmlrM3RRNVV5RkYtUlFiNnZZSlVvM2xuWV9SSkZSUDM4Rm0wd3hEMVMwUmxwcVRGbm56MERQTU5FMklXOWdHWVlFSktvRE1TMmNmYUlCcFhNR0FWU09XTnhnWWF5ZUFxNThCU3VTenFLWmZnMy1MSEZEaFFVZ2F6Y0p1X1R6UW1SQ3p1SlY5cA?oc=5,Google News RSS,,,GENERAL_NEWS,0.52,GENERAL_NEWS,GENERAL_NEWS
Stone,2026-05-14 20:44:40,2026-05-21T03:36:37.319705,news_signal,GENERAL,1,0.2,,GENERAL_NEWS,"STNE: Revenue and EPS rose year-over-year, but credit risk and provisions increased; Linx sale drove dividend - TradingView",https://news.google.com/rss/articles/CBMimAJBVV95cUxOYXotTHpzcWhYbDZVRDVlVTVrTVVoVUEyTVNjU05wWnZRZ1lTc2NaNWEwX0NBdC1UamY0bUZUUmx3YW5IeGNaRE5TRFR2RU1zSFhFR1pzUk5qbW5XcENVRkQxbTN2LXdJeFNxbXVmaVJUVVVxT0ZrV0Y1azZIZDJVSkFiVmpPYXMxeWRhTXhfd0FINzhjR01URTNYdGxxdDVOVVo5dzA3VlBvUFRDczkyLU56TTZHQXJUcms2WlR4Sk9GeHJxQV91TWRRR2ZWRkNHdDMwSHhEeFhzLWlsZkc1aVJBd3lhemNLMFJXNUtPLUpZOGdxTS1ucnNJLTNhVE8tZDMtZVNmOFRqazg4alhlYkdjUmRmY3E2?oc=5,Google News RSS,,,GENERAL_NEWS,0.47,GENERAL_NEWS,GENERAL_NEWS
Stone,2026-05-17 05:27:28,2026-05-21T03:36:37.319705,news_signal,GENERAL,1,0.2,,GENERAL_NEWS,StoneCo (STNE) Is Down 10.8% After Q1 2026 Earnings And One-Time Dividend - Has The Bull Case Changed? - simplywall.st,https://news.google.com/rss/articles/CBMi1wFBVV95cUxQYk9CdkQyV0QzTnN5SUQtTUhqOEc2dHBvcldVX3N4SXNMb0QtS293TkI2eXhMYWJZUlNHcVg5eGdkMXozcnZxbTdtZjRLSVo2Y1pvajhjVVoxODJpbG9pTThuM2lZbHdhM0JMeXFnYlpxdTNjT1ZyaXNHa3k4YlZDVHlkXzMxV1FNWHFiNzlnVURtbjl1QnpzSmRGNnJHd2hERVhmMVBLeEtaaGQ1VHpHMGhGaExoajRlbzdBaENEelZOWEIwbkZMcEhBRXRWSmNTTXFPQkRQSdIB3AFBVV95cUxNWUYwS0JGLURJaTFDRFRuc2FIZU5ZOTNrY19MSkZQNjQ3ejFXVDlib3Z2WFdCNU5ldUd4TDFHVW1CTzRDR295TGd1MklnU1RhaFM2WVZ0Rkl5eWRlZ1QzY2pkVWJybHdzbWZWUGxUc1AxYnlzMnhOcW50cHVGZUZ6M3h5LTlLTlVkaWtfMFU5Ulo2V1VMbkNVQ1RRM05pS0xvSHNzNmJMX2M1NmplT1E0dENBakFrRWZhaFNEeW0wVjRtWk5mQXd5Q0RVUWFqelpNejlxcDVPQkYyUmxV?oc=5,Google News RSS,,,GENERAL_NEWS,0.52,GENERAL_NEWS,GENERAL_NEWS
Stone,2026-05-08 13:56:08,2026-05-21T03:36:37.319705,news_signal,GENERAL,1,0.2,,GENERAL_NEWS,StoneCo (STNE) CRO amends Form 3 share holdings after count error - Stock Titan,https://news.google.com/rss/articles/CBMiywFBVV95cUxNenBIS3ZCaGNvUEFUVTBrSzFLRXgyc0l0NFNyX3JiY1dVbi14SEFXRWNzeHplY3hNTFBacWNfbHhVMXZGNW12RGsxbkNjQ2FEa1lfM3pvX1pwZnFlTTRCN2hhbDZPUm5RazNHTVc4UlQ2UWNraG9yOWYxYUVvaS1TaWxndGgwakhDVzBFdnhtSU1ndGtRYml4N2VuSGN4bFMzMGhTbUJNOFBzamhxN3pHMHNBVmVDaUxWUVZtQmlISFoxNnZvc3YzVndIRQ?oc=5,Google News RSS,,,GENERAL_NEWS,0.55,GENERAL_NEWS,GENERAL_NEWS
Stone,2026-03-03 08:00:00,2026-05-21T03:36:37.319705,news_signal,GENERAL,1,0.2,,GENERAL_NEWS,StoneCo Balances Buybacks Banking Expansion And AI To Shape Outlook - Yahoo Finance,https://news.google.com/rss/articles/CBMikwFBVV95cUxPaWNaOFpJRTI1Q2FDdEtMNnFKSnhoM0Z5enNmSi1EUjg0bVpaVUt1UzNUVHhNU3E5dEluUEZjdWY3WU8wTEFPS2NCVzJjamJSVDNsbU8wc1owUFNEWWtrOHNhT1dxWkdtYUxvM1gxa3BqWThYYVpfUXYxRGc5VEpDbGJCM21wYXBRdVZveHRDSURjZjA?oc=5,Google News RSS,,,GENERAL_NEWS,0.54,GENERAL_NEWS,GENERAL_NEWS
Stone,2026-04-14 07:00:00,2026-05-21T03:36:37.319705,news_signal,GENERAL,1,0.2,,GENERAL_NEWS,StoneCo: The Bull Case Just Got Less Predictable (Rating Downgrade) - Seeking Alpha,https://news.google.com/rss/articles/CBMiqAFBVV95cUxQQlUycjRwaDl4SUFGSFpXeWtXdGhsaGlNMEEtdFcyN2pUMEs1akR3TDB3dUp2Y2xKUGNLckJqQkVFOXFxRE5RbWhYdWhnNUlNSE5jRlNpQ21ISDNtc1RxSTMzQWZNaWNaWkhCWkdmOWZheDItQkFXa3k1bzJnTHc5QktCczljc3dJYmwtTlZ6T0k1VG04UkpxOWJ2THBjTHlJaDBZWVZMWkc?oc=5,Google News RSS,,,GENERAL_NEWS,0.55,GENERAL_NEWS,GENERAL_NEWS
Stone,2026-04-13 07:00:00,2026-05-21T03:36:37.319705,news_signal,GENERAL,1,0.2,,GENERAL_NEWS,"Fintech to Power MercadoLibre, StoneCo Growth: Moody’s - Mexico Business News",https://news.google.com/rss/articles/CBMikwFBVV95cUxNU0tSbDdSZWNZaTA1c2lVU2dxUnIzSmFMZ18wbGhUOW1aOGNWY0dyMFdWUGxUQzdzVE1KcVZDWTZmU2xSaFA2d2M5bTkxRlBGVDdHUkplVURWT0dSZTZDWnpBYWZFZG1pRVM3S2RyeWJmRzlMSy1VWk9tQ2JKeDVCN3FmcW9xX0x4TjJVdEhBZy1oRVU?oc=5,Google News RSS,,,GENERAL_NEWS,0.53,GENERAL_NEWS,GENERAL_NEWS
Stone,2026-02-25 07:37:31,2026-05-21T03:36:37.319705,news_signal,GENERAL,1,0.2,,GENERAL_NEWS,Why Did a Major Fund Dump StoneCo (STNE) Despite Its Recent Rally? - Kavout,https://news.google.com/rss/articles/CBMinwFBVV95cUxNNU1RcGp6dHRkQTdUd2ZyR3BXMWdMOUp0cklkQllNVUVDWURGZkZwNVg2MWF0bS03Zm05aVRJQXNJSnhDMHhITUoxSmswVjJucGFicDZlQXV3c2ctTXBObHc0MDdSU2RvSmd0REFNRHNUWGpLU2tTZGtCRWp5X2VvemNBeUxER0d6Tkx6ejZobVV1eS1tSGRYY0NhdjZQSDg?oc=5,Google News RSS,,,GENERAL_NEWS,0.49,GENERAL_NEWS,GENERAL_NEWS
Stone,2026-05-16 20:58:23,2026-05-21T03:36:37.319705,news_signal,GENERAL,1,0.2,,GENERAL_NEWS,StoneCo Ltd stock (KYG855241032): Brazil fintech growth stays in focus - AD HOC NEWS,https://news.google.com/rss/articles/CBMixAFBVV95cUxOVkhmdUNMWWRfdUMybEtCR29Rc2dGQy14X2R5ZTVRR015RXAzODlRQV9sWWFiY0RVMG1PQ1RPcmhfT19PQl9RZ3dXaWhKNEF3alpkV3cyQmp0SGM1U3RIYm5qdVdKeU9wNWdpbDc0bkx4R3pNbG1JRllCdjh2Yi1IMTF4Umc1Z2JNSFl1Y2IyeDYxYU9wb3RyT0tYWV9DNFVCcFRYbWk2c1V5a0pDQ1FOeHVVYTllSGVxNzl5Zkxra0Ixa1U1?oc=5,Google News RSS,,,GENERAL_NEWS,0.59,GENERAL_NEWS,GENERAL_NEWS
Stone,2026-04-24 07:00:00,2026-05-21T03:36:37.319705,news_signal,GENERAL,1,0.2,,GENERAL_NEWS,StoneCo Files 2025 Form 20-F Annual Report With U.S. SEC - The Globe and Mail,https://news.google.com/rss/articles/CBMi1gFBVV95cUxPdFJLcU1TMGU2dHFxSzFIdm1zYmtUV3hkNElReFhrb01KM1BzN2dERXBud2RkMWZGVEwtMWxxRnBMNExDZWZoY0hlTnNJeHJkWE5HbUIxUlNYcWdvZF94elp3UGREcW5seklBSmNhQThxWDhJQlZlTkxaRW9XOTJNQjU5eXowOGp1SGl0aXA0TnRFYXNNMXZEZGZUaDBLdGtlNzhZTEFlUWluRFVzV3Z2SDB1cWpXLV9kOS1UV2tQZElBbGRaWk56SUctLVY3M2hyaEdzMU9B?oc=5,Google News RSS,,,GENERAL_NEWS,0.57,GENERAL_NEWS,GENERAL_NEWS
Stone,2026-04-12 07:00:00,2026-05-21T03:36:37.319705,news_signal,GENERAL,1,0.2,,GENERAL_NEWS,How (STNE) Movements Inform Risk Allocation Models - Stock Traders Daily,https://news.google.com/rss/articles/CBMixwFBVV95cUxOd1pWcVdVaDA5REhINEFWNWV0SzlwcXZyTWVXYlVXV3dHWklVd01qTTRSRG9EdjN0Nkx5VnFuWWtnN3FaNzNHd3FRR1gtd1FIeEUzbENhZC00eXZvV1kxQnhRMHhZUmtzUlc3VWRoTEdnR0FNNjFUUy1DbTAtZFlockhYaDB5dlVHV3Q2TkxUVW1KcE1nVlpLQVhMeGdNZ0xiaG52allNWTQwUVZQZTlldjdSeG9YTlFPQmFTU3hXUGZwOElsaGtr?oc=5,Google News RSS,,,GENERAL_NEWS,0.54,GENERAL_NEWS,GENERAL_NEWS
Stone,2026-01-21 08:00:00,2026-05-21T03:36:37.319705,news_signal,GENERAL,1,0.2,,GENERAL_NEWS,"StoneCo Enters 2026 Cheap, With Credit Set To Drive The Next Leg Of Earnings (NASDAQ:STNE) - Seeking Alpha",https://news.google.com/rss/articles/CBMiugFBVV95cUxPanpWM1FVRkNoR0ZVSVVXQTM1czlTdHZya2w0TXFkY1VHam9XdVlLYXROeVNuckdUQzFzYlphbXJCV1AzdHNpV0VDT0QzR3Z2QWJubkIwa2I2SFlJUG9wRXZINUkzaHZxV2d1aURuWnVOWjNubXRIUkptTFplTENpQWk0YWxldGY1b2dncHdJTmdkTW1jNVlZdHNCTVF6Mzh4S3J0Y1FPR3g3TmlzS09uYzVvN0RyUVh1U2c?oc=5,Google News RSS,,,GENERAL_NEWS,0.55,GENERAL_NEWS,GENERAL_NEWS
XP Inc,2013-02-26 08:00:00,2026-05-21T03:36:37.319705,news_signal,GENERAL,1,0.2,,GENERAL_NEWS,General Atlantic Completes Investment in XP Investimentos - General Atlantic,https://news.google.com/rss/articles/CBMiowFBVV95cUxNTWV3cGNUV2N6MERCc2l2Y0tMS3g0VkZYUGt0bUE3SkNNR09WcWdUSjRnSDJodkhaVDBBOHFWdzBiWHJnSnZfaEhGMTdVREtzNUJVbzNpNWJPc0tBS1psQUVVNFo3WlFRcEhJR3N2U1JoYjl2MkJfUlMzbXcxc0FzZjZ6SXdTZ0lmQjFxU3ltMXJ4T3dfZG1tem9EX1ZoLWV1ZnBJ?oc=5,Google News RSS,,,GENERAL_NEWS,0.51,GENERAL_NEWS,GENERAL_NEWS
XP Inc,2026-04-29 07:00:00,2026-05-21T03:36:37.319705,news_signal,GENERAL,1,0.2,,GENERAL_NEWS,"XP Inc.: Growth Is Improving, But Retail Flows Are Still Missing (NASDAQ:XP) - Seeking Alpha",https://news.google.com/rss/articles/CBMinwFBVV95cUxNb2E1S2o5by1nMzRxYlk5dHUtLVZSUXIzVWdrUGJ2R3VaNS0tc29lNlVoUlhrSUp0bXoxN2E2Uk15VTFIN01ENlZtZWRFQU9mZUpRbmoxRC00R3NLY01NUUZ0dTNiRFhjMHNnaEtVX3dnWHNrNkFBdEVid2gzM2lBSExXUHVjZWhIZUZBYS1HWUozd3Fua3hEU3dXYS1mNFE?oc=5,Google News RSS,,,GENERAL_NEWS,0.56,GENERAL_NEWS,GENERAL_NEWS
XP Inc,2026-05-18 20:24:11,2026-05-21T03:36:37.319705,news_signal,FINANCIAL_SYSTEM_RISK,2,0.5,bc,WEAK_SIGNAL,[6-K] XP Inc. Current Report (Foreign Issuer) | XP SEC Filing - Form 6-K - Stock Titan,https://news.google.com/rss/articles/CBMiogFBVV95cUxQcEFjQVBWMTJUOVRpMlNTZXBRa0pCak1fdENGZmV3U3dxSE5ENi0wa3Vsa25YelhMUjVxcW85QVdhRDlzOUhRZi01MW5TekZoV0psX3lQMVppcHozdTNDZTRXS05lQ3FiNDQ3dWhXY21WOU9YbFpFSU5WWEk4RmpzNHgyZmNRbTlkYU5zRFgzV3NQNjZCSHVfSlBCUzh3aWJpV0E?oc=5,Google News RSS,,,GENERAL_NEWS,0.53,WEAK_SIGNAL,WEAK_SIGNAL
XP Inc,2026-03-27 07:00:00,2026-05-21T03:36:37.319705,news_signal,GENERAL,1,0.2,,GENERAL_NEWS,Itau BBA Raises PT on XP Inc. (XP) - Insider Monkey,https://news.google.com/rss/articles/CBMigAFBVV95cUxNNk04Z2ZZbDlocTJmWDFHeWl4SldqWXhnY1hMUVI5MzBuQ0lpV3ViaGs1ZWFpcmd1NkFaWktTQ3VyNXMxdkIyNWItTFBidG9iMUVOQXlMT0RxbWM5LVVwazBubkpKYTZGeE9UYW11d09JTnVzMGxLTXpaem5JNmYyWdIBiAFBVV95cUxNb0t1T0s4TTI1Vi01X252WkVZc0dFLTJYOTBJc3V3RHFOaGhvM3g2aE5RSnRJVXFZdlQ5QjZ3LUhucEdRYnlCUG1RdkFvWHp6ejdtbEtMamQzcmpkRjFVeERoeVVlVFVJaS0xY0dSbEpoLUFOdHFpelM1SDUwdkxfS0tZaktMVHB6?oc=5,Google News RSS,,,GENERAL_NEWS,0.53,GENERAL_NEWS,GENERAL_NEWS
XP Inc,2012-12-05 08:00:00,2026-05-21T03:36:37.319705,news_signal,GENERAL,1,0.2,,GENERAL_NEWS,Actis concludes partial exit from XP Investimentos - act.is,https://news.google.com/rss/articles/CBMiiAFBVV95cUxNTUtsTXRCSWwtUkhnRWZXNF8ycGZrODJrWGdyY1Fia2NzUWFqdVhmNVF6Z1MzRUlCUVhmekVoS014cUZQTkxKcWpEckVKTzJzWUZMX3Vrb2tkZVN4NWRSaXVDLUhPcEx4bmFRSktGS0RRTG9vSFR2SXJDR2ZXMUhXVjJrMHJwd0h0?oc=5,Google News RSS,,,GENERAL_NEWS,0.47,GENERAL_NEWS,GENERAL_NEWS
Petrobras,2026-05-20 03:11:28,2026-05-21T03:36:37.319705,news_signal,ACCOUNTING,4,0.7,"audit, dívida",RISK_SIGNAL,"Auditoria do TCU vê 'desalinhamento' entre dividendos, dívida e investimentos da Petrobras em 2024 - O Globo",https://news.google.com/rss/articles/CBMi6gFBVV95cUxNT29SLTNLdmZlZVZQMldLRE9KRGhWS3JOSE52RnlVRmpEYTdIWUFUUDRSYkloalRtR3E1WmxRWERIVzZLZU9tWTdlSjhjZWhSOHVfc0owdUQzNW44X2VfY3hSMFBJLWhLUUtPclplRHhydkk0OF8tZzFpWFNvbFlNWnk3QmZweDVISXM4TUVIZW9nZjhURDNZLWVXbUJYbXdpdTd3UzFpQy1QelVYSXJZTlMyNmktSlVndmw1c3YyQ3FXV0c1UXBLRGZhNVJzZGJza3NMT1o1VFNQeDhBWDhnTDNwYkQ4WW1NY0HSAfgBQVVfeXFMTmpMOTM2VUtQU2tXcHYwY3FYaDB6cTc3NUJWSlFiSG9kd2REOVRRaHZMN2gteVJZR2NzbE42dWR5SXBqWkdwZEMzYzVXOGV0MU9Yd2kwUk8xZWN3ZzlncEd0WkhQSTFwSGE3b19NaDFEVW9hbnlTYVNGUTFaSTk1M2RJS1BZVXRpbU1rLXhoLVh1bDZabFN0eHlBQnhoRUtfTzAwOHFHUl85VzJWV1c1XzVwNDJHWmtCcE15M3lZYlcxUTFvSjN4S3hWMThycWpJcUlhcFdvbU12eWhwSWE2eF9vTmJjbVhpTHNwTWZxcFlOcDNCdHg1eTA?oc=5,Google News RSS,"O Tribunal de Contas Único (TCU) identificou um ""desalinhamento"" entre os dividendos, a dívida e os investimentos da Petróleos Brasileiros (Petrobras) no ano de 2024.","Error: HTTPConnectionPool(host='localhost', port=11434): Read timed out. (read timeout=60)",WEAK_SIGNAL,0.37,RISK_SIGNAL,RISK_SIGNAL
Petrobras,2025-09-03 07:00:00,2026-05-21T03:36:37.319705,news_signal,CREDIT_LIQUIDITY,2,0.6,dívida,WEAK_SIGNAL,Petrobras quebra hiato e se junta à enxurrada global de dívida - Bloomberg,https://news.google.com/rss/articles/CBMiswFBVV95cUxOdkF0eDMzcnlfeHlzTV9zT0U1c1dISnFEdmI0SGdQamdENE1MR3NXRHZnRGRfVjgzbVMxWkVxNWVKWkZOREJfSjdvaXRrcHZfVU9YVzk1WXdaWHJhc0tSOWJjeEpBWmFJMGJUNjN2WmxURWdLRFdYak1yU0tVWHFEelRrdkducm91T2RBZVpZOG9qczNCcG9qUGpsblh1VUVZSlZpNmExN0xuSFhQTXh1cnJWaw?oc=5,Google News RSS,,,WEAK_SIGNAL,0.5,WEAK_SIGNAL,WEAK_SIGNAL
Petrobras,2026-02-20 08:00:00,2026-05-21T03:36:37.319705,news_signal,CREDIT_LIQUIDITY,4,0.7,"debt, default",RISK_SIGNAL,"Lula Puts Petrobras Money on the Table to Help Venezuela and Forge New Alliance with Trump and the U.S., Despite Billion-Dollar Debt, Risk of Default, and Internal Criticism Over Abandoning the Equatorial Margin. - CPG Click Petróleo e Gás",https://news.google.com/rss/articles/CBMi0wFBVV95cUxPVUhOSHBXdC1UYkViNnpLRjQ5dldwb3NkS0FtbHNvUEJhTkxDUzloM3V5Q2xYMTZCaklWZVBDMzlRU3A3MWNiVjlIcWNuZXpIWnZzNUJTQ0NBZkdaTUoxdm04bHprNDQ2QWVvYnNSR1FMaXpYTFgxZm0xQnpQUlZGVWcyOFdielB5QkhpZDN5ZnZvY09mdExLMFZBMUxjUHNJaHFoZ3VhZmxZbElPUEdkZjExVm9jZ0did215TVREenNlV08zZHZsTkF1d0huTldGRzBj?oc=5,Google News RSS,Brazil's President Lula is considering using Petrobras' money to help Venezuela and forge a new alliance with Trump and the US despite financial risks.,"Error: HTTPConnectionPool(host='localhost', port=11434): Read timed out. (read timeout=60)",WEAK_SIGNAL,0.31,RISK_SIGNAL,RISK_SIGNAL
Petrobras,2026-03-19 07:00:00,2026-05-21T03:36:37.319705,news_signal,GENERAL,1,0.2,,GENERAL_NEWS,Mercado alerta para risco ao abastecimento de combustíveis após Petrobras cancelar leilões - TradingView,https://news.google.com/rss/articles/CBMieEFVX3lxTE9NR3ZmN3R2eWEtWmhrLXhGRWVpaklsTDBwcnd5bXRyMm1VSmxFdFdhUTZnWlpmQW9HbkxEekMzem5KaHVCcG5HWEJGQ0hodlcxeUdBdW8zVGw3Ynh6SlVxc3VJc0x6VXlyTzVxOXlBZGk2TjJxWkhEMQ?oc=5,Google News RSS,,,GENERAL_NEWS,0.45,GENERAL_NEWS,GENERAL_NEWS
Petrobras,2025-09-24 07:00:00,2026-05-21T03:36:37.319705,news_signal,GENERAL,1,0.2,,GENERAL_NEWS,Ibama aprova Avaliação Pré-Operacional (APO) realizada pela Petrobras no Amapá - Agência Petrobras de Notícias,https://news.google.com/rss/articles/CBMiywFBVV95cUxPQ3lfU0FBMjZBaDVRcy1FcFlzczBnY2VTM0lNLUFwY0lwT0lsMmhSd3ZjaDN5WGs2bjFtT1lMU3VMZnF5TkVMejlpOXA2MlFSbFdtZHg2dUdjUmxDSUNFSmhOd0Z6d2VadFN3WU8ybXVWSlgyVTFOblQyTWF2QUJoQmhrN2dlUWFOd1VDOFBFdEVEYlpCeGkzRk01dnNRUGJmeC10SmdJQjluTDBXVDV5U3NPbXlHUDN3MTJxa3MzZXp1X2Y5YWszUUhQOA?oc=5,Google News RSS,,,GENERAL_NEWS,0.46,GENERAL_NEWS,GENERAL_NEWS
Petrobras,2015-03-20 07:00:00,2026-05-21T03:36:37.319705,news_signal,REPUTATIONAL,2,0.6,scandal,WEAK_SIGNAL,Brazil elite profit from $3bn Petrobras scandal as laid-off workers pay the price - The Guardian,https://news.google.com/rss/articles/CBMimAFBVV95cUxNYXFXUEtTUHh5WjhuX01XdDVoeFN4VEpOTkpmanNPNzN2LWJIWUROWVVhcGNYdG83QVRsSW92V0xNZUFwNlE0bHVWZXNXU1l1dF9lLXZqRzNQa1MwNFV6aEdFQm1kck4tdXl2NUt4Wmw0WWNLamdCMlF4TlVORlg4NUFSTXU1aXIyZFJTSFRlV09QeWJaSHVidQ?oc=5,Google News RSS,,,WEAK_SIGNAL,0.49,WEAK_SIGNAL,WEAK_SIGNAL
Petrobras,2025-12-20 08:00:00,2026-05-21T03:36:37.319705,news_signal,GENERAL,1,0.2,,GENERAL_NEWS,P-68 paralisa após incêndio: vidas e meio ambiente em risco por culpa da intransigência da Petrobras e do governo - Esquerda Diário,https://news.google.com/rss/articles/CBMizgFBVV95cUxOQ1dnblZXSWtXa1pmLVlPQkltNUFSWmZnclo4bklKdU04SmhBZnFocnZOc1FFVkVsTW9zTGpIZWc0Q1RiVTRIRHRYVlJpTmIyQ1A3V1pjMkx2STdaZ0VSTTFZWTJBMVFKQk9POWR6ZjdlNkhaYXhoSjU1S2ZtQ3hCWXA2c2Z3Qmtqam1MdWdNNE9NNUFPVUJwYks5ZjlIOXJkZGZUbXhTMFB4TlN1WHVlbVhXQ3BicmRKbS1GRFQ1SG9KZWE4bm5zMlEwYXplQdIB1gFBVV95cUxNUEVnbDZ0NFhvN0ZteHM1QzhNX1dvQ0ducUJna0R2MW96RjhLTDU2TjI1eWxyXy0yTzhKbFVPd1hxS2FNNk9mRWR5MXc4X2hCZ3FhQV9wUXYxVHNBWEhUcW1ycnRja3FYdGNWNzhpQnQyTmJxaDZUZjhkRC03WXVxQkE0aXhEUl90M0QtRVpUbmxHaG5taG5Oc2V6NG51N0NYbkl2dXJqUDRtRy01U2pkTXFpVWFKYWtMZ3d0RGd4UHN1WFdPVUhCQkM3bm1PN1F1WFlHdEh3?oc=5,Google News RSS,,,GENERAL_NEWS,0.44,GENERAL_NEWS,GENERAL_NEWS
Petrobras,2025-04-07 07:00:00,2026-05-21T03:36:37.319705,news_signal,LEGAL_REGULATORY,2,0.6,fraud,WEAK_SIGNAL,CGU multa empresa em mais de 500 milhões de reais por fraude em contrato com a Petrobras - www.gov.br,https://news.google.com/rss/articles/CBMi2wFBVV95cUxPTzhZVnJ0SG11TkpZWFZIZElJYVdKMUd0bWlSU09HYzFsbEsxd3JFemVWTHg1UC1GQzJIZ2lBS0NDS29COUJ4azc5VjUyQVBSR0IxMm1IamQyQXEzYWJjQUtBVm1nRzdCaTdXUi10ZzN5cHVDQmIxZ1NWVXd6ZGpOXzNsd1dMUkU0cFVTLXZqWEJObUh3Z3dxSEpvbF9oemQwUXFSVmUtWmc3MmpURVFpdHh6cFRTaTZDcTFJWXNOdm9EeDdQaUFyU0hlYWltTExCU0FISG1YY2s4WGc?oc=5,Google News RSS,,,WEAK_SIGNAL,0.49,WEAK_SIGNAL,WEAK_SIGNAL
Petrobras,2025-01-30 08:00:00,2026-05-21T03:36:37.319705,news_signal,GENERAL,1,0.2,,GENERAL_NEWS,"Brazil May Face Fuel Shortages, and This Could Trigger Petrobras to Adjust Prices, Analysts Say - CPG Click Petróleo e Gás",https://news.google.com/rss/articles/CBMi-AFBVV95cUxNemJpd2d5Ri01WDNpSkt5MlhmYmh2S3ZPMENMQkdkUUdyTjBqSk1QZHFHeW9mRUUtZVlfbTFlTnJXamltNG1rdXJmdFZuVE1MQlJhaG9kbjN2TGt2YW5nQWVtN3RrZHlmTzY1SHBTbWJmbVdiMURjMnczQUkzX1ZkZWtBYzViOEFGeFlmemdDZzhxUmFWWlVzZFQ1WE1qNnFoYUxzU3ZsNzZPZ051cDJ0Nkd3cTVuaTc4YUdHVVZJdDhWYjljRFBwLUdOWjlqeVQzU0FFNDgyS3NOTzY0Y1FpcEVMRjB6dUo1MHUzVFhUOV83bHViUUJ3aQ?oc=5,Google News RSS,,,GENERAL_NEWS,0.3,GENERAL_NEWS,GENERAL_NEWS
Vale,2026-01-15 08:00:00,2026-05-21T03:36:37.319705,news_signal,GENERAL,1,0.2,,GENERAL_NEWS,Vale S.A. (VALE): A Bull Case Theory - Yahoo Finance,https://news.google.com/rss/articles/CBMifEFVX3lxTE9mZzVqUDFBdC1TR0dFV0hiSGFWaXVJOXI5T1R3Zi02NUQ1a3lUS3RtX05DbXdxX1ktY2dEVzBxTVd0cy1nTW5nbklDRncxdW1CcklNWFBmLWo3QmtIXzFRYXllRHJpTFBmeEQ3elpYOHFIa2xkT3dTTXRRSU8?oc=5,Google News RSS,,,GENERAL_NEWS,0.61,GENERAL_NEWS,GENERAL_NEWS
Vale,2026-04-24 07:00:00,2026-05-21T03:36:37.319705,news_signal,GENERAL,1,0.2,,GENERAL_NEWS,Precision Trading with Vale S.a. American Depositary Shares Each Representing One (VALE) Risk Zones - Stock Traders Daily,https://news.google.com/rss/articles/CBMiigJBVV95cUxOby12VUtjOS10d0JRZzVyZjEtMDlvSTBUTjNNY0RVaHBMT0xqak5TQTRxdUdnR21MMzZnT0thUDBfZjZlY0lRZ3FKMXhNRm55NlFHYndFb2hRNTJfX0JCT1BVSk1yaFFOX1JIcFEtRllubUZ3ZUJTajRoQmJac2ItYklMc0pTc0s3NDJSM2N0M2dtMlhSTXc3b0dSLVc3Um9wLW1kZVJwUjloaXhpMjBRRTRUUmZtV2R4bVZuMmZIRXBHeVhwamV1YWFFRC11Um9JUXRZSGhtQ3Z4MHVtc3N3ZUxCRXZJS205SkNOa29TNC1HVFRRb1JRR0hEdkFWYmFQYVFFYm9ya2lzUQ?oc=5,Google News RSS,,,GENERAL_NEWS,0.56,GENERAL_NEWS,GENERAL_NEWS
Vale,2026-05-14 20:31:24,2026-05-21T03:36:37.319705,news_signal,GENERAL,1,0.2,,GENERAL_NEWS,Vale SA | 6-K: Report of foreign private issuer [Rules 13a-16 and 15d-16] - Moomoo,https://news.google.com/rss/articles/CBMimwFBVV95cUxOT0ZPbWI0R3lONmwwZmJldkdGYnVjVkdYeXJYNWFtejUyNHdJTkUxZXRraFpvUkRXUWFkc1l0YlNLUFJyemlJUHZvT2FxYmpIN1FtenVYc3VBT1VrVkIxVU80WkMxV1FVVXIwSkNaN2REckl4MnZaM0h5WENySmVCNDh1SXV2Sm1fZGc2LVRmOVRwZ0kwdjY5RGJCVQ?oc=5,Google News RSS,,,GENERAL_NEWS,0.66,GENERAL_NEWS,GENERAL_NEWS
Vale,2026-05-12 00:13:11,2026-05-21T03:36:37.319705,news_signal,GENERAL,1,0.2,,GENERAL_NEWS,Vale S.A. Earnings Call Highlights Base Metals Surge - TipRanks,https://news.google.com/rss/articles/CBMipgFBVV95cUxQUWp1OXpvWGUtalV0dXB2UWJSSl9iYzZmdUpENlpoa19hM2ZKUko5dTBaQXFCc3RleVZ6Z0wwbVdBVzY2QlVKajI2QW5iRmV2b2FlOXhlNTVpVG93ZExfb3A0TXBkY1plb2ZNM1BNX2NfRVJvRHZVMmtvYzV1UU9aQ1NDYnRnOE1TUGFyS3JPNWVLekhKVzY0cmdWQnVPRElWSEFHX1dn?oc=5,Google News RSS,,,GENERAL_NEWS,0.54,GENERAL_NEWS,GENERAL_NEWS
Vale,2025-11-08 08:00:00,2026-05-21T03:36:37.319705,news_signal,CREDIT_LIQUIDITY,4,0.7999999999999999,"debt, bc",RISK_SIGNAL,Vale (BVMF:VALE3) Takes On Some Risk With Its Use Of Debt - simplywall.st,https://news.google.com/rss/articles/CBMiyAFBVV95cUxQQ2ludUNXV1VhU0kwVTZhSXN2Z3paSTc5XzUwTWM3R0lJTjVPbzQwejlvMXlYVzhHRlB5a1VPaXJpd01WbzJWSTAzMG9TRHRBZ25SRXB1WGs1dkpFcTZibnFDSGY5amwzVVBySTg0YXlEVmRaOWxxQ2ZoeDk3SzBwbFZUWEJNX0Y0YllpWkdPMkVHMHpUYjlRY25uUmduN1dhTEUwUE5yNmdhcHlvV0ttLUV2anBZQTdFdnF6SGVITVJXZ1RFZjBxatIBzgFBVV95cUxNNmRLOGM3d1dFSzA2X1J5ajBybXdkVkJQc1JwOXhTcDVXWWlKd19meUtqQkR6R3VvLVU4QUVyaWdMa0xETUZXbUhQT0kzemk1TnZ0RUVacjFsQmtpUmIzbTZ5REEwZFlGSnprcDl6dnhJTUV1VVE3c19ycVlMUXVTX2hjZ0szRm9KaUljVmF4cGx3WUk1d0tUbzZyTkFWS0tvOGZwU0p1VHBCUkE0OWN6UkR0MmVQRnVwVmZSTVM0dTV6eTlWQW5LTTA4WjJMQQ?oc=5,Google News RSS,"Vale, a Brazilian mining company, is taking on some financial risk by using high levels of debt.","This news article suggests that Vale, a Brazilian mining company, may be taking on excessive debt in its financial dealings. This can represent a corporate risk for several reasons:

1. **Increased financial leverage**: When a company uses more debt to finance its operations, it increases its financial leverage. This means that if the company is unable to meet its debt obligations, it may struggle to service its debts and potentially face bankruptcy.
2. **Reduced flexibility**: High levels of debt can limit a company's ability to respond to changes in the market or industry, making it more vulnerable to disruption.
3. **Increased risk of default**: If Vale is unable to meet its debt payments, it may default on its loans, which could lead to a loss of investor confidence, reduced access to credit markets, and increased borrowing costs.
4. **Increased risk of asset sale**: To service its debt, Vale may be forced to sell off some of its assets at distressed prices, which could devalue the company's assets and reduce its long-term value.
5. **Reduced ability to invest in growth initiatives**: High levels of debt can make it more difficult for a company to invest in growth initiatives, such as expanding its operations or developing new products, which could limit its future growth potential.

Overall, taking on excessive debt can increase the risk of financial distress and reduced long-term value for Vale, making this news article a corporate risk.",RISK_SIGNAL,0.51,RISK_SIGNAL,RISK_SIGNAL
Vale,2026-02-18 08:00:00,2026-05-21T03:36:37.319705,news_signal,GENERAL,1,0.2,,GENERAL_NEWS,Vale S.A. Earnings Call Highlights Strong Rebound - The Globe and Mail,https://news.google.com/rss/articles/CBMiywFBVV95cUxQVGRzdkJ3T21ZRFVVVEF3bTM5Rm5KUEpDRThENFlSdk4zcEZvZlRLcndibGxJVC1Pd1FjNF9sSTVreFM0R0dtNTlaRk9xOUFwMjBheWhnemFtVi14Y2Rwb1FGa2k4cHRDT1EwYWFIbmNoSW5LWS1ZTU5sZjU1YTVFYkllbUg3ZmVUZlo2enpNMm82TkczWXpfVXMyZF9pb3ZTS2V1X3N1akZoWk5NYm84TVJEMG00VkdOc2N3aERVdmFabWxMUWJZM2E5TQ?oc=5,Google News RSS,,,GENERAL_NEWS,0.59,GENERAL_NEWS,GENERAL_NEWS
Vale,2026-05-01 07:00:00,2026-05-21T03:36:37.319705,news_signal,GENERAL,1,0.2,,GENERAL_NEWS,Research Alert: CFRA Maintains Hold Recommendation On Vale S.a. - Moomoo,https://news.google.com/rss/articles/CBMipAFBVV95cUxPdjQ0Z203cGpKd1pOTnZieU54TDJ0bkVfaXdjNnR0ZFVWajhRY2k4aGMwNnR0OEVlVDFjcVZWWUJhbWNVa1RkRlNHNU4zT0d1TkFpamc1VVM0cFk3THFsVGlqNDduSFZVenNwOUs4cXhlaWNqb3ByRWZPTEQ2Y0pWM3RKOHdvWXZOcUNPWEV6cWp3UGhMd3VMVHZjSGljd2tTbzl6NQ?oc=5,Google News RSS,,,GENERAL_NEWS,0.49,GENERAL_NEWS,GENERAL_NEWS
Vale,2025-12-07 08:00:00,2026-05-21T03:36:37.319705,news_signal,FINANCIAL_SYSTEM_RISK,2,0.6,bc,WEAK_SIGNAL,Four Days Left Until Vale S.A. (BVMF:VALE3) Trades Ex-Dividend - simplywall.st,https://news.google.com/rss/articles/CBMizAFBVV95cUxPb0wzZHZOTDlVcnBkbUNvUDIwZnZTUzhDMUt1R09aQlM4T1ZKdWxNWlpOV1QtX25kVnJZSnNxVDN6Q0tJNUwtTkV4UnlmNnpRQTVFbVdxQ2JndG1Ib1pxZ1poOUhFUjNRcC00ZS12R1FpT0lfRWZVODRoUWpFY21yNGRzR2RYelYyNHUtbGlGNlUzRk9EVE5zRVpEZW5pZlZhTnNHeFE2bFdUWlltZFdQcGVsVHVKeXNYOFNzcjNKeW1BclhQSUFjYUoyQzPSAdIBQVVfeXFMT29rdHR3SExOSWI3TzBkQ2RXeXBVY3BBRUxIXzZmTGg2TDRqTkJSVDFKM3VtUmIwaGNybWxveEQ2S0VfZUp5ZUdjQmZVcmdfNEREVGRzamZ4N3loaEg5ZW9Vd280MTZ6UGc3NC05ZzF2OVdLd3RQeGFuLWJJcXE5d282VmROM3ZLU2t3emM4MllPM2NSYTlMX3J5bXZBZHFudzhBbWdWNGp4bGdBQlBQZDlhaXdLVzBzeUxSLWVzQ3NYUmZEcXEyWGpvaXZrSGV2bzdB?oc=5,Google News RSS,,,WEAK_SIGNAL,0.55,WEAK_SIGNAL,WEAK_SIGNAL
Vale,2026-02-06 08:00:00,2026-05-21T03:36:37.319705,news_signal,GENERAL,1,0.2,,GENERAL_NEWS,Vale SA (ADR): Dividend Giant Under Pressure as Iron Ore Sentiment Sours - AD HOC NEWS,https://news.google.com/rss/articles/CBMixwFBVV95cUxPNnNUZDczU2ZEbGFueEc3TW1jcVRJM21QanNQNlg3cnkyTHBkclNwUV9wS2hQWEluX3dUdWtDMERiSjRGN1VzajlIOVJmT2RaWmFhS0h0a29qTFJuTzIzVUkwTk1SbThoSm5fZ0kxdlpoX01lWWdjcmFFdVhNLUpZUGxfaVlibV9XcHBOVWxhaWVMZmFfVXdYYlBOZE9EcXM3dEY4Ny1TdjhrazRtSC00aHFtMU8tbnpfNmRYX1hTekFmbjJoLTZr?oc=5,Google News RSS,,,GENERAL_NEWS,0.61,GENERAL_NEWS,GENERAL_NEWS
Vale,2026-04-20 14:45:24,2026-05-21T03:36:37.319705,news_signal,FINANCIAL_SYSTEM_RISK,2,0.6,bc,WEAK_SIGNAL,VALE S.A. (VALE) Stock: Why Short Sellers Target It (+0.37%) 2026-04-20 - Buy Opportunities - Xã Thanh Hà,https://news.google.com/rss/articles/CBMiqwFBVV95cUxNeWk0VDhSUXh3eDFUX0tGdVN1d09oc095NEszSE4yV0xVUHNBcUN2NnBiQ0V5X1BqLWFHZFFNUXo2dGtYWFU3YzVxLXl2czdaNjRNUkNRMGpNcXFPX3BwVWVPNWxnbmxrY3RpLU12NGJYRllkQTV5dkFjZFlJYVJpYmdOTlVhX0FIaWJPUDBoUHZTbmVaN1JBZnpELUhCcUV2TDlFMkQ3cXdVcVE?oc=5,Google News RSS,,,WEAK_SIGNAL,0.51,WEAK_SIGNAL,WEAK_SIGNAL
Vale,2026-01-27 08:00:00,2026-05-21T03:36:37.319705,news_signal,GENERAL,1,0.2,,GENERAL_NEWS,Vale Mining Flood Environmental Damage and Recovery Efforts - Discovery Alert,https://news.google.com/rss/articles/CBMilAFBVV95cUxQcFAwY3ZOckd1TFBNRHkzZDlVNldycnVaaHc4M2ZyYlVMMEpORXJsQVBMTHMzcEhuSXdRaDVGX0duNU1vSTFJSHBrZ0UxNEJJTGtJV3ZISWI3cHlXeWVlUVByb1BISEROVjcyZDRxa19aOXBJd2EyWGJwcjVQLUJwU21ITmc1dmRQbHQxQmFqVU5UREN2?oc=5,Google News RSS,,,GENERAL_NEWS,0.51,GENERAL_NEWS,GENERAL_NEWS
Vale,2026-04-30 07:00:00,2026-05-21T03:36:37.319705,news_signal,GENERAL,1,0.2,,GENERAL_NEWS,"Jefferies Maintains Vale SA(VALE.US) With Buy Rating, Raises Target Price to $21 - Moomoo",https://news.google.com/rss/articles/CBMiqgFBVV95cUxNbkhaWVM5VkUzdnNrVkVFM0RsNFo1TVR1aEE5MVNhdFhFMENST3d4LVcyaHk2RTd6YzJWV2xQa2daS0ZyczQybXZMTGk3NFJhdl9ENGtyRTB5a0tydDJkWE5iZkZIZGsyVHg4X2xydnZhVkVaZ2pyUV9udFM5cE56emhVcnJhUmpLR0ctc2dNSUVGSVBGVFdUVXhhaTQwdnZEZHViRTNnVFpJUQ?oc=5,Google News RSS,,,GENERAL_NEWS,0.57,GENERAL_NEWS,GENERAL_NEWS
Vale,2025-03-01 08:00:00,2026-05-21T03:36:37.319705,news_signal,LEGAL_REGULATORY,4,0.7,"lawsuit, bc",RISK_SIGNAL,Lawsuits Accuse Big Banks of Promoting Vale’s Environmental Damage in Brazil - Milberg,https://news.google.com/rss/articles/CBMiowFBVV95cUxQWkdqOWwxWURyMm9pN2VXd2FFa0xOUElLQ0p2X2xpN1kzdkZZSU11WVhJcTgwVDdNZFB6RUV6VlpKQlE1S1JBcXhHS2NkUnpGeUZNX2lYYXN3NXpsdjBwVHo1Z0E0YzN5b0k4NWxTcVQ3aWtaQmFZb1NlN1hRaU5nTVE2eVFFNlYxbzhaeUE1cXMwVmN3dFNWemd4cXJTejVzdzZz?oc=5,Google News RSS,Several big banks are facing lawsuits alleging they promoted and profited from environmental damage caused by Vale's activities in Brazil.,"This news could represent a corporate risk for several reasons:

1. **Reputational damage**: If the lawsuits are successful, it could harm the reputation of the big banks involved, leading to a loss of customer trust and confidence in their financial services.
2. **Financial penalties**: The banks could face significant financial penalties or settlements if they are found liable for promoting Vale's environmental damage in Brazil. This could lead to a substantial increase in their regulatory costs and potentially affect their profitability.
3. **Regulatory scrutiny**: The involvement of big banks in the lawsuit suggests that there may be allegations of corporate negligence, wrongdoing, or failure to comply with regulations. If the banks are found guilty, they may face increased regulatory oversight, which could lead to additional compliance costs and restrictions on their operations.
4. **Brand value impact**: A high-profile scandal can negatively impact a company's brand value, leading to decreased market share and reduced competitiveness in the long term.
5. **Environmental and social governance (ESG) risks**: The environmental damage caused by Vale has significant ESG implications for the big banks involved. This could lead to increased scrutiny of their ESG policies and practices, potentially affecting their ability to attract investors, customers, and talent.

Overall, the lawsuits against the big banks raise concerns about their business conduct, regulatory compliance, and long-term sustainability, which could have a negative impact on their financial performance and reputation.",WEAK_SIGNAL,0.37,RISK_SIGNAL,RISK_SIGNAL
Vale,2025-04-24 22:48:57,2026-05-21T03:36:37.319705,news_signal,GENERAL,1,0.2,,GENERAL_NEWS,"Vale S A Stock Price, News & Analysis - Stock Titan",https://news.google.com/rss/articles/CBMiU0FVX3lxTE1qOE5xQ2lYTDRGYWFES3I1SFVEMHVQSXNGT25GZ01fLWVyb2tuZEh2dmMzaWVIQUtqV29PLWRSbWYzbGYzNVFmUkpPZEJfYjNsa0Zv?oc=5,Google News RSS,,,GENERAL_NEWS,0.55,GENERAL_NEWS,GENERAL_NEWS
Vale,2025-11-26 08:00:00,2026-05-21T03:36:37.319705,news_signal,GENERAL,1,0.2,,GENERAL_NEWS,Vale S.A. (BVMF:VALE3) is largely controlled by institutional shareholders who own 50% of the company - simplywall.st,https://news.google.com/rss/articles/CBMizgFBVV95cUxNNjJ6YkhBbUgxdGtQSlVHNUJMUWxhdnN0OENyekQ0dHRZQkxkMXF3X1hsaThLQm1QVHYxMlhPQXV3azZaTzRkMHFRdFhnT2ZiQW5zM09uTWpWSG93dDRESjQ2Y2tQcmVVanVSSXRSRjNkZnVKNFdqMGZORk0zM2RyZEx4ZWI1VVdIanAwSUh6NnlMb1BqZVJNSUNYQi1HcHhIRDh2RUswUG1fWGZGUmVSWWVYU1VtLVJta2dwRUwtMmZkaGk5bFRNQzZzNk5MUdIB0wFBVV95cUxPVUdBU1ZuTEZaRUxUX3Z1X3BkNHZTbnlWNmM5V2lVZ3VBRjVFNlUyRXRxVmNhSmhzR3RrUngyanVBZ1ZVdnVxZnR0Uk83bHBTUlc3d201M3c1dkN6bTVJWlEyNUY1ZHpfM0lPem9LTXdMUVNQdjN6elhLMDBzeTBtZE9tLUZnX09jVFJ3c0xBY203OHRWcFJFZEtrcHpNMFVfQXMtb0c1UnRvVjM3OEVKSk9CNXBUU1VUcXAtbHQyT0JCbjc5MzVCVHVOSGU5TTllOHhz?oc=5,Google News RSS,,,GENERAL_NEWS,0.37,GENERAL_NEWS,GENERAL_NEWS
Braskem,2026-05-14 10:09:57,2026-05-21T03:36:37.319705,news_signal,CREDIT_LIQUIDITY,2,0.6,debt,WEAK_SIGNAL,Braskem (NYSE: BAK) profit contrasts with heavy debt and going concern doubts - Stock Titan,https://news.google.com/rss/articles/CBMiqAFBVV95cUxNZFpwT1RvcE1qLWVya0NFR0dXaU1FWFd4cGxfam5MQmVzbXRMeVFMVmtHblJ2R3lBYTBTdXRLY1NSWnNGZ0NLLU56OERpSDRRVlF5N21vTjVtQ2lLQ1N5QnVaT0VtX2RfZXJTdVNWTHlEUTd1MTFaSS1XU3NtMThITWg1MU4tZFhRYnp1NXZTSkNrRnRXREtrV05LYlJqZ3lvclpSdkw0aU0?oc=5,Google News RSS,,,WEAK_SIGNAL,0.45,WEAK_SIGNAL,WEAK_SIGNAL
Braskem,2026-05-14 20:14:53,2026-05-21T03:36:37.319705,news_signal,GENERAL,1,0.2,,GENERAL_NEWS,Braskem Q1 Earnings Call Highlights - MarketBeat,https://news.google.com/rss/articles/CBMikwFBVV95cUxOTXFScVlkUXJITVE1U0VpMzRtMlpoUnQtM3F0eC1nd2RxQTRDczFWai1EVXR5bmVFdG1ZcU9ZVHFSeDlzYnRLNlFRdzYyVVhlWWQ1M1ROX1NpWXlaNk0wWUlJMVRQeGV3R2RTTjdxQTROQ3I5RkZmUnZ0bExmWF9MeEI3dExXVFRZbDZkNkh1c0dicDA?oc=5,Google News RSS,,,GENERAL_NEWS,0.48,GENERAL_NEWS,GENERAL_NEWS
Braskem,2026-05-14 15:46:35,2026-05-21T03:36:37.319705,news_signal,FINANCIAL_SYSTEM_RISK,2,0.6,bc,WEAK_SIGNAL,Earnings call transcript: Braskem Q1 2026 beats EPS forecasts significantly - Investing.com,https://news.google.com/rss/articles/CBMiygFBVV95cUxQTzVhQzRJeGdBQVF1Tl81TTlSZkZLN1FOMjVSN3Rob1JEa0RJQnBVajdFanBKWFdIRnZSZzBCRk9PR0l4SmtsMGFLZU9TSm9qcm52aUtlNUdPNWxXaEFhR2F0QkVCRDByMm8zTXMyeUtFYVc2bjgxZFVCN2ViRDV6VWZNMDREYWFlUUc3TTRHZkY5dEhiRDd0SHFGVnJpUllmRXdpSHhfejNHSWFNcTE0S2FlTGFPWktqRUlkQklyMzQwMG5PeWwwSG13?oc=5,Google News RSS,,,WEAK_SIGNAL,0.39,WEAK_SIGNAL,WEAK_SIGNAL
Braskem,2026-05-07 07:00:00,2026-05-21T03:36:37.319705,news_signal,FINANCIAL_SYSTEM_RISK,2,0.6,bc,WEAK_SIGNAL,Braskem Details New 30-Year Joint Control Pact Between Petrobras and Shine FIP - The Globe and Mail,https://news.google.com/rss/articles/CBMi9AFBVV95cUxOYmtyOGU1MHhtMVFFc1VIZXEybng3Z3VWY3NzU05uZnlyZ0EyREpJNDBHcnFKcTJPd013cUFNVzN0N1RZQ2I1M2FaUWsxak9rSU5qYWpVZjcyQW1oVzdLYW5fcnIycnJmX1BOQ1pKY2cwWVZiMUgyZ1lrbmlFaWhuT0U1X09scC1aM3A5VjFLd2ZhQkhzOHh3Tmp4Z3FwZU5SVmo3YkFOWmpjYTFHd24zcXVpek9IUDFiOWd3UFFiRGNSQnI0djhWS1JvNS03dGE3c3VDc2FlLW44WXllTEdZd0F4eGIxMFpDbC1lQWVrZGQ2RDhO?oc=5,Google News RSS,,,WEAK_SIGNAL,0.55,WEAK_SIGNAL,WEAK_SIGNAL
Braskem,2025-12-30 08:00:00,2026-05-21T03:36:37.319705,news_signal,FINANCIAL_SYSTEM_RISK,2,0.6,bc,WEAK_SIGNAL,Braskem: 3 Key Reasons To No Longer Be So Bearish (For 2026) (Rating Upgrade) (NYSE:BAK) - Seeking Alpha,https://news.google.com/rss/articles/CBMiuwFBVV95cUxNcmJjenB2MlhVc0lwTEtFdndfTEQ1OThBclNReUR1NGQ5bWdsaTVEVWtGU1JkcnNyVzdMbFJkRlRBVFpCc1JvNWFZUkx5eHlkcHI4RDFaR2tJcVNTd28tU2NlWDRqcnZ6WTR1V1BhWFNQNzFFRmxnU1RlekRjTDFfemZtUHo5Y01fNklWUUo0Uk03cFVHdndOeFVsRjFmQWM5LTBSQzBROHZleUdfWFc0aFlnNmItSUplMUJZ?oc=5,Google News RSS,,,WEAK_SIGNAL,0.57,WEAK_SIGNAL,WEAK_SIGNAL
Braskem,2026-05-11 07:00:00,2026-05-21T03:36:37.319705,news_signal,GENERAL,1,0.2,,GENERAL_NEWS,"Braskem Celebrates Naming of Beautiful Future and Blooming Future, Next‑Generation Tankers for Cleaner Global Trade - Via Ritzau",https://news.google.com/rss/articles/CBMilgJBVV95cUxOZXk0eDl5NWJqVHkxaTlzUVY5YnAzTUxNQ3dsRUV1UlRIdHhycjlESGlDdWlfRTBybDNpaVpLV1FnNU1XUHloNDZCMm14Z3N2alJiNFF2bFlkVl9IZnprUEpHVUdiazlyY0FTV0xLcF81cDAwN0xIZGJOVUVTV0pxQTZZNnBUS2VzdnN5ckpJS190ZXk0QUFWT2hXMl83OWZPb3ZXXzE5NzVBTjNIZkpMcllrYlJwNG03SDk2ZE53aVBOSm1OT29nX3lCTDNaM3lkNGhTS2FMOWFIRS14dWxVUlRfM2I3aHhCUDZWOHVESEVBbUJpdC1WVm9veE9nN1JqUTRlaldNN0wzQ3B6c1dSMG5FMFlYQQ?oc=5,Google News RSS,,,GENERAL_NEWS,0.4,GENERAL_NEWS,GENERAL_NEWS
Braskem,2026-03-26 07:00:00,2026-05-21T03:36:37.319705,news_signal,CREDIT_LIQUIDITY,2,0.6,liquidity,WEAK_SIGNAL,BofA downgrades Braskem stock rating on liquidity concerns - Investing.com,https://news.google.com/rss/articles/CBMiugFBVV95cUxNbkxkUEREVDlqMkI4WXhHbHVxSHEtV0VFY1E1LUVpbk1rX0JNUk5lX1dELXlYTVBxV1dhOFdqd1c1OXZqcjBvWlZOWk9oWWJXb0p0NE41ZGxQUVV0RkxBaUdCYmc3LXoxUnRXVkxBWTFKSVZiZEJyU0w2SVQxNnpTczhkWFRwU0ZNSzFjQmtZaHU3TU5iRFNxNUh6c01rOUtQVHhkcnpUd1prOHduUkJQLThWS0JoN3REc0E?oc=5,Google News RSS,,,WEAK_SIGNAL,0.67,WEAK_SIGNAL,WEAK_SIGNAL
Braskem,2026-04-08 07:00:00,2026-05-21T03:36:37.319705,news_signal,CREDIT_LIQUIDITY,2,0.6,debt,WEAK_SIGNAL,Braskem (BAK) outlines Braskem Idesa missed interest and debt talks - Stock Titan,https://news.google.com/rss/articles/CBMiqAFBVV95cUxQMGJOSC1JMm1aaHd6MVJrZ0pDN3VlNFZ3ZTlHMXJFc1VzS3ZJNUZ4a0V4bW12MFdUdTlhMl9nRGROdVZNMll1OF9QTHQ5dEM1ajlxSWZ3TzNwV2JBeW9aSEN1N1g1WjZMc3VyZnhUbjVkVjBlX0dsZzcyVldJMTN3T00tRzlseEZ4MVdUbEswRHowOEdiLVdyd3pOdmlpeEdUWWpsYmZxWDM?oc=5,Google News RSS,,,WEAK_SIGNAL,0.59,WEAK_SIGNAL,WEAK_SIGNAL
Braskem,2023-12-09 08:00:00,2026-05-21T03:36:37.319705,news_signal,GENERAL,1,0.2,,GENERAL_NEWS,Braskem’s Brazil Mine at Risk of Collapse as Sinking Accelerates - Bloomberg,https://news.google.com/rss/articles/CBMitgFBVV95cUxNVjAzZXA4aXFLQVB3N18zcl9mdUZnNmkzaHJmaW91NjdEOXBMWmJwV0RrX2tOM1ZQVktWam5iR0lNQUlCMlk0SW10MkFrN2pRd0lOSkkzYm4xR0c4aFp0TjA4bHJvaWFnSjIySVgxNEp2Qkp0ellHWEkwczdkZjZIcTB6WE1jTHJrZUxQNW4xblQyVk4tcUtEYmtHaDJtYklibjVIQURUZDl2aE9NMWhXU05MeUpFQQ?oc=5,Google News RSS,,,GENERAL_NEWS,0.35,GENERAL_NEWS,GENERAL_NEWS
Braskem,2025-05-07 07:00:00,2026-05-21T03:36:37.319705,news_signal,FINANCIAL_SYSTEM_RISK,2,0.6,bc,WEAK_SIGNAL,"Braskem Idesa bypasses tariff risk, brings U.S. ethane to Mexico - Valor International",https://news.google.com/rss/articles/CBMiyAFBVV95cUxPNE1VRkpheGtFbE14d1lCWGw2Rjc0Um1xWXVsejFwR0hpOVFqV0tESFFxR0lFZEg1TjBIQk1QYXZaSkVfSVhHa2tFX2RtaHotdGJlYXhzSzFaOXhJOFhZQ3NrY0NQbDgxYUE0UHJLTmNEVXl4Unc1MEQ3eDBnN2pnVnhXc2ExLUJSWTVwRlg3UVllTmVIT3czTS11dWpDQW1UOWRmQngzTUNybExQbnpNS3ZZNWZJaHFPbTd0bXFTeDRONUtyeGxtRNIB1wFBVV95cUxNYVZsb2ZuM25MQzdVWGNMMWVIZmZPODl0dTcxTlhhUEgtbUFFM3dMYkx2bFk4M0Jqc19BYlZMRURvOEtlLVIxcXhnOHJtc2toSXI5YTR2LUR3V3FmOS11ZXNiUlZQRi1reEdSYzJBcWszcG02R2wwdFp3SFNiSnNpbUs4M0FlaGFhSy1hTU5BcVkzYVJmZ210dWtzU1g4d2c1OURDZXlwd1M4S2J3RXhqdGdCaWp1YjJ0VE5SbnY3a1FieEFMWFN1c3hnX0M5RUJZTTg3NVd3QQ?oc=5,Google News RSS,,,WEAK_SIGNAL,0.59,WEAK_SIGNAL,WEAK_SIGNAL
Braskem,2023-11-30 08:00:00,2026-05-21T03:36:37.319705,news_signal,GENERAL,1,0.2,,GENERAL_NEWS,Brazil's Braskem sued over sinking ground from Alagoas mines - Reuters,https://news.google.com/rss/articles/CBMirwFBVV95cUxNWnc2dUpzQWhRcS1jNVVpaTF4cnBLeEhxaVlGS0FPbVc2bmFCSWZOSC0tTHJ4d3hTMlpyblF4OVVEWkwxLVF6N0NKYW9mLXdmaXI4ZVIwdmVjbnZRcWRUV1ZFQW8tci1KTnJRbU9yM1Jnbm1DMmljdVo2aFpZWHQ0eUhocjdvcDU2S2YxRGpqcEFrckd0bXdWcm9nbGpzWDVoV2xSVlhZY0JzUmVKY3BV?oc=5,Google News RSS,,,GENERAL_NEWS,0.41,GENERAL_NEWS,GENERAL_NEWS
Braskem,2017-06-22 07:00:00,2026-05-21T03:36:37.319705,news_signal,GENERAL,1,0.2,,GENERAL_NEWS,"Braskem Approves Construction of Delta, the Largest Polypropylene Production Line in the Americas in La Porte, Texas - braskem.com.br",https://news.google.com/rss/articles/CBMi7gFBVV95cUxQT3VBek04aVNnbWxYcFkxc1FLcE9XS1cxTTJmV2x6M3REQ203ZzQ2bG4yQnZIZU5qWHNyVkJXVDJ2SzYwdDRGLWx6dnR6emFLUXBvNlptM3Q3ZjVNUzZ1dktoV1VVdWtfeTI0aEZDX1d3Q0ZkRUxqek9FR2VDUjVaWENhZTJrd1h6Z2xVcnZCTWZYZ2IwN0pvNDN5dHBBNGRnRU5acVExNkF6WUZxeHNoWjRTaC1VY1dYdFJHLVV6RlNHaUVSNXdEeEJWbFJuS2h3T0oyU3BaM2NzZmFmU0FSd0FkZEdmQjRtZVVsX0xn?oc=5,Google News RSS,,,GENERAL_NEWS,0.45,GENERAL_NEWS,GENERAL_NEWS
Eletrobras,2026-05-20 16:55:35,2026-05-21T03:36:37.319705,news_signal,GENERAL,1,0.2,,GENERAL_NEWS,Eletrobras stock (BRELETACNPB7): Brazil utility ties dividend focus to US investor interest - AD HOC NEWS,https://news.google.com/rss/articles/CBMiyAFBVV95cUxOLTV2UWpvenMta0kwQjhkQ2QwYW1STGFfNE0xNFFrWDJDQkhRZkluVDN0aTBXd195MVJNQnM2akZMX2dsVUFRNXZ2YVRDSUZzUFBoVXo5ZkVtbFhOUFk2LWVCc2ZZWU9fbWREdTh1ajhuZk45ZzVHSG5iMTR1emdrQ1Y2NEppem1iV1V4blY2OU02VUVLaEFGakVpQXhSY0VBeTZjWGE0Zi0wYzYyODVpNEtTY3ExaDRqaHFKazNFS0x6dEhqUUpCOA?oc=5,Google News RSS,,,GENERAL_NEWS,0.52,GENERAL_NEWS,GENERAL_NEWS
Eletrobras,2026-04-01 07:00:00,2026-05-21T03:36:37.319705,news_signal,GENERAL,1,0.2,,GENERAL_NEWS,Eletrobras (AXIA) moves to delist NYSE ADRs and migrate to Novo Mercado - Stock Titan,https://news.google.com/rss/articles/CBMiwAFBVV95cUxQU2lLRzloZzl6ci1qU1VKMEpfd2pfZm5zNXc4VzVhTUhsM05STDR5TDZYY1lFSDBPRDdSWWtFUlZuRXJoRHBPcW00UG02cVhNb29BQmFrLXptWTJ2eEZHS1BPbU9nQkxBWHVzN0lZZWhJRmtkMV96ajFDWVpjdnd6eThyMmxIX1hXWHFsaTJQMGQwOGNtVFNwbW04MzA5NWRURjB5bWh1MEd5U1h2TGtDQmFnOXM1c1lxc19BWUdKNGg?oc=5,Google News RSS,,,GENERAL_NEWS,0.55,GENERAL_NEWS,GENERAL_NEWS
Eletrobras,2026-03-08 08:00:00,2026-05-21T03:36:37.319705,news_signal,GENERAL,1,0.2,,GENERAL_NEWS,Eletrobras Earnings Call Signals Turnaround and Growth - TipRanks,https://news.google.com/rss/articles/CBMiqgFBVV95cUxPTEN0ZWM1VGxaN19MTGJfbHpSMnBlYzZ6aFUyRGphejNHWDVXQXN5MkNQTjBNbzdHOTlmRWotZXBIUE5MNE9rMHd6am1xQ1M0Sk0zaWtWOExYWlJKWXBWa0JETFFIUlRLR29QTUJ6a3dyMEV4WWtCczRMMnVmc0dWY3E5b0M3X1ZKMHBwYm1yN0lpRDNxN2tBUTFrcGEzRWhkZ3hRak1lalJFZw?oc=5,Google News RSS,,,GENERAL_NEWS,0.57,GENERAL_NEWS,GENERAL_NEWS
Eletrobras,2026-05-18 13:03:20,2026-05-21T03:36:37.319705,news_signal,GENERAL,1,0.2,,GENERAL_NEWS,Eletropar (Eletrobras) stock (BRLIPRACNOR7): focus on governance overhaul and grid assets - AD HOC NEWS,https://news.google.com/rss/articles/CBMixgFBVV95cUxNS2IzWnpIdWZId1ZINVNPZGxkQ2VHczF1V2RnNi1tRjhXLVBwekVtRjN0NG9kRVI2NGl0LUJvWkVnMVVKZjQ1WjdORzdIVzZFZndCNWZXR1lCZ0ZtNjNwZFJwNFRNYzlwM01mVE51anhPSnl5QlF2SjVqdXVnQlR3cklMa2ROQmZTY2t3VS1xaG82NnVvRVVfc0M2aVRBZWhlZlRWYmJEQnUyczUxaFZBSElKUk9EUFRhaGV5d0gzOXhKU2pkbXc?oc=5,Google News RSS,,,GENERAL_NEWS,0.55,GENERAL_NEWS,GENERAL_NEWS
Eletrobras,2025-08-18 07:00:00,2026-05-21T03:36:37.319705,news_signal,GENERAL,1,0.2,,GENERAL_NEWS,Eletrobras Selects C3 AI to Scale Enterprise AI Across Operations - C3 AI,https://news.google.com/rss/articles/CBMiqgFBVV95cUxQMEpoNEVUdmU4cWVhdDQwTnpQZFBSWUc1UFVjTWQ0WktEVkFWTkZfeDFZblctN3IxVEQ5RGQ4UldPNWhLU2N5TXFsaXgtdG9SeWFMYkpWT1h3NWZkbXhxRXNFWk9GVnR4b3RsSExldHVXWDZ2bE84MFFXaTNHbnJpX3FhMUpQSHFfeTVmWnJDNFd2RzFINzduaEF2cmdtT1dlLWItUUN3anVBZw?oc=5,Google News RSS,,,GENERAL_NEWS,0.44,GENERAL_NEWS,GENERAL_NEWS
Eletrobras,2025-10-16 07:00:00,2026-05-21T03:36:37.319705,news_signal,FINANCIAL_SYSTEM_RISK,2,0.6,bc,WEAK_SIGNAL,Eletrobras Dumps Nuclear Baggage -- Batista Brothers Snatch It Up in $98M Power Play - Yahoo Finance,https://news.google.com/rss/articles/CBMijwFBVV95cUxOdFFXRC1aXzJ0aTA3R1ZsTldBcEV4VU1sbGgwMkdtQlBNNjRqSldScVRmd1NXQ0d0T3Y5a2h5QW1sdlhFTjFDRkJnblNTNktXZ2NGSThKZG1jQkNfX1lOeHdfNmdaSlA1MEV5LUZmZXFRMGFzY3hIczNfNUZZdUFnRmFsQUNtQW04MnJJZFFQNA?oc=5,Google News RSS,,,WEAK_SIGNAL,0.4,WEAK_SIGNAL,WEAK_SIGNAL
Eletrobras,2025-03-27 07:00:00,2026-05-21T03:36:37.319705,news_signal,GENERAL,1,0.2,,GENERAL_NEWS,Eletrobras settles voting rights dispute with Brazilian government - Investing.com,https://news.google.com/rss/articles/CBMixwFBVV95cUxNLWcxUFJmOGtCQjl3VzNxbGlkSlNxYzYxWWFrTEp3QjBMMm5SZWF2SDFCbjcxZ05wMzBRUTk1UWRUM3lEaGx4X0xBUGk1X0loZm1vSjk3VTFpMzlIamJubFBWNE1XRDZldzdlcUpTWHlYUWN6Z2tQVWtIX3BKeTNhWGNlWlc3Q2VubnRQU3pYS21rOHBoWHVNZGJ2T2tCTUszLTJqUjRhbWl6LXVpSlhrUGJjYTJzSnBkQTIzM190dG4wWTdmREFz?oc=5,Google News RSS,,,GENERAL_NEWS,0.49,GENERAL_NEWS,GENERAL_NEWS
Eletrobras,2024-06-10 07:00:00,2026-05-21T03:36:37.319705,news_signal,FINANCIAL_SYSTEM_RISK,2,0.6,bc,WEAK_SIGNAL,Brazil's Eletrobras signs $878 million deal to sell gas-fired plants - Reuters,https://news.google.com/rss/articles/CBMitgFBVV95cUxOSG9CRUpxd3Y1ZzUyYWp5TmNVQlpOOXBTX05zUFVIeW5HOUlqZWFBamx6YVpCQUY1OGtjQjdicFVPZDdBc2NENFhpUUlVQTNqc3MybEJVSUYyQm9yMzZvT2d1N3lzbHNPOUFpWnpkVnh0N2NYS3FTLTdqbW14UEp4eVd2U0h4SEowUTloQzlqMzk3azZfZi12RC1pVUJEaVc5NXRRR2dfbF9jdVkwSzRGY2NYMW85QQ?oc=5,Google News RSS,,,WEAK_SIGNAL,0.35,WEAK_SIGNAL,WEAK_SIGNAL
Eletrobras,2020-12-01 17:07:44,2026-05-21T03:36:37.319705,news_signal,GENERAL,1,0.2,,GENERAL_NEWS,Centrais Elétricas Brasileiras S.a. - Eletrobras Stock Price Forecast. Should You Buy EBR? - StockInvest.us,https://news.google.com/rss/articles/CBMiR0FVX3lxTE1ybnJaeDRQZGdCcWNoeXc5R09aVWtiTW1lN2hrSDFpRTJnR2t5NUFUYTVSSzVodS05TWJBNl92d1BHb3V3WHpF?oc=5,Google News RSS,,,GENERAL_NEWS,0.51,GENERAL_NEWS,GENERAL_NEWS
Oi,2026-05-20 04:53:08,2026-05-21T03:36:37.319705,news_signal,CREDIT_LIQUIDITY,4,0.7,"debt, restructuring",RISK_SIGNAL,Oi S.A. stock (BROIBRACNOR1): restructuring progress and delisting shift focus to debt and strategy - AD HOC NEWS,https://news.google.com/rss/articles/CBMixgFBVV95cUxPWExRclliOURKWmx1d3l0NzRfZXV2eWdVUGl6MHlyU3R3OUhPVFF1WnJwSWpmZnBNMVJucTdWMDdmdWxfQ0VQT2F1TmZ2RkNROXJJbHdoQUpnZk9kSXFvb3E1czExWGN1dUVYbkVwekF4QXV2RHJPMUhuNGptalpIMWtkdmt4VXBIYng2bzhUVlNkOUd0SHg1TW1yblJyMHN2VWF6NDRKT29hNDZaS19QUXZoc3hYTnVFY3Z1blh5Y3B4M01uSFE?oc=5,Google News RSS,Oi S.A.'s restructuring efforts are shifting focus from delisting to addressing its debt and overall strategy.,"Error: HTTPConnectionPool(host='localhost', port=11434): Read timed out. (read timeout=60)",WEAK_SIGNAL,0.46,RISK_SIGNAL,RISK_SIGNAL
Oi,2025-09-06 07:00:00,2026-05-21T03:36:37.319705,news_signal,GENERAL,1,0.2,,GENERAL_NEWS,Oi SA (OIBZQ) Q2 2025 Earnings Call Highlights: Strategic Shifts and Financial Challenges - Yahoo! Finance Canada,https://news.google.com/rss/articles/CBMid0FVX3lxTE9HZjh5NnZlNHVUYUcwU1MzX01HcHhKZ3pNcjVJOUxpSjM4VEppUkFJM0JiQXVFX01TbFRyUUlGUkllTzRWbmFJN0s4UVYyeXVyLTFMeGNWWnhfSHpMVGhwczk0ODA0bmx0aDh3MnB0SW5VbFMzS0NZ?oc=5,Google News RSS,,,GENERAL_NEWS,0.54,GENERAL_NEWS,GENERAL_NEWS
Oi,2026-05-15 17:45:02,2026-05-21T03:36:37.319705,news_signal,FINANCIAL_SYSTEM_RISK,2,0.6,bc,WEAK_SIGNAL,Oi S.A. stock (BROIBRACNOR1): Shares rise on latest market update - AD HOC NEWS,https://news.google.com/rss/articles/CBMivAFBVV95cUxNM2JVQmdrVWwtQUpvSHNyWnEyTXZLd2ZjV3NIeElZYU95TVpXTGktd1o5aUJVeTF4VlBfNEZ3dnFtd2t5VmlmSHN0aXhxQlBQRHROVnpnTVZNVVRVY21uQy1RNC1aZ2dPbWlIb3AtV3h4TmlIMnlmZFQtMFV1eDdHREpBcHFJN3diWnh4RDU2MWM4aGtDUXcyV19zaHgwVm82cXJLRjBrTEg1WHNac0xTcW5zeTVpdWUtSWZnaw?oc=5,Google News RSS,,,WEAK_SIGNAL,0.41,WEAK_SIGNAL,WEAK_SIGNAL
Oi,2025-09-05 07:00:00,2026-05-21T03:36:37.319705,news_signal,GENERAL,1,0.2,,GENERAL_NEWS,Earnings call transcript: Oi S.A. focuses on innovation in Q2 2025 - Investing.com,https://news.google.com/rss/articles/CBMiuwFBVV95cUxON2FraTg4NkhrZDRDRl9vU1lKMGxUYkI3T1BseDVYeFBycXU2WDBHcHg2SWpCM0tqWmRrOW92RkNfdGo5dlZ5YkxDa0RISml2bTZPZWNfc0tjQzZkaUZ0X3R1OU1ZUXNMT01uaDJlUzdKMG5ZZHVBaFQwVG01azhLd2sxMXZHaXpQcWlCMkd3dEc5ak5jajc4dkdzVmFpSVF5em00cWxGR0hjemZTaE1XVk1rdUR0Q19YV0Rr?oc=5,Google News RSS,,,GENERAL_NEWS,0.48,GENERAL_NEWS,GENERAL_NEWS
Oi,2026-05-10 07:00:00,2026-05-21T03:36:37.319705,news_signal,CREDIT_LIQUIDITY,2,0.6,restructuring,WEAK_SIGNAL,Oi S.A. stock (BROIBRACNOR1): Brazilian telco sees recent share price gain amid restructuring focus - AD HOC NEWS,https://news.google.com/rss/articles/CBMiyAFBVV95cUxQLWhBNlhlVjF1V2lkQVFBMmVNVGxvbmo1MVpTdjVZQXJ5RThVZ0tPeTdzTkEtUU5yTWpzQ2VyMmFuNFYwSUpVVk92WjlwcUJiOWVFR19ORFpxdU10VTJqVEhRZlozS3V4UEpTc3Z3ZVJEYzQ1TUtoVEVzaDhXSjhzbTZ1dWZWNHVlNDk5eHBuTENVZHAtaU56aEEwSFVHYmExSWVzckhtRHB6T0xweUNERXZmOGJXUFdaUEVMQTFUbzVkQmhtbnlCdA?oc=5,Google News RSS,,,WEAK_SIGNAL,0.52,WEAK_SIGNAL,WEAK_SIGNAL
TIM Brasil,2026-05-13 08:14:00,2026-05-21T03:36:37.319705,news_signal,GENERAL,1,0.2,,GENERAL_NEWS,"TIM Brasil Q1 2026 slides: revenue rises 6.5%, new partnerships fuel growth By Investing.com - Investing.com South Africa",https://news.google.com/rss/articles/CBMixgFBVV95cUxPNkNJZkNRcTFXRlF4VnhRWFBTRXRQb1RUNV9NdEtJZnFKZFpIMFRNdUpSQ3BmcWJyUnVOQUZGbnB4MkZ5aTJhd2xxTktyalJXcTdxR0NaaHNZQndFd2xVR1RsR0VpZXFDWDlvRTBtSXB6UW5NSUs5WWRXLWV1SnVlNVFaTmFubFBUbmxqWWNycVB2c25GNDhfYl9Yb2cxMVNuRXE1b1JaNE9icERyaTVXaFQ4RzEyYW1xNEs2R1Y5N3ZSQ1owOXc?oc=5,Google News RSS,,,GENERAL_NEWS,0.49,GENERAL_NEWS,GENERAL_NEWS
TIM Brasil,2026-03-02 08:00:00,2026-05-21T03:36:37.319705,news_signal,GENERAL,1,0.2,,GENERAL_NEWS,Nokia expands 5G partnership with TIM Brasil using NVIDIA tech - Investing.com India,https://news.google.com/rss/articles/CBMiugFBVV95cUxPaWxKQmtMYnVlUG9wTDQta0lzajk3b3ZfNWFuTDRKVHdlR1lhellZM0F0RzVPZjhYMnVJTnN0UTRrWmpSdjZ1Zk9rTHVJdWZZZHlTVlczejJ6Y2lHdnVFMjdNclFGU1RGd1cybk9CU0JQLWlSc2xFUUhMdUZGTzBTMmlxWXV3NzhmVURwZGNmaVVJTmhzYnVma3VIRzVLbDBqbnJWYmhTQW83VkgtVElfZDVzWi01M2FTQUE?oc=5,Google News RSS,,,GENERAL_NEWS,0.44,GENERAL_NEWS,GENERAL_NEWS
TIM Brasil,2023-02-15 08:00:00,2026-05-21T03:36:37.319705,news_signal,GOVERNANCE,2,0.6,CFO,WEAK_SIGNAL,TIM Brasil appoints new CFO - Telecompaper,https://news.google.com/rss/articles/CBMiekFVX3lxTFBVVWQyeDdEckloemlWNnZSVjlVeEtyaVMtNGQ0b1E0bFMzTngtN1hhenVSWGxYdzBmQ041TWVfcE52T19PSDNhempRZWZwQWswQkJIYkk5TVNMbEd0M0NuVExOdUpWdWcwU21ILWtmTGt3WFJoZEpzeGN3?oc=5,Google News RSS,,,WEAK_SIGNAL,0.44,WEAK_SIGNAL,WEAK_SIGNAL
Vivo,2026-05-18 05:32:00,2026-05-21T03:36:37.319705,news_signal,GENERAL,1,0.2,,GENERAL_NEWS,"Goldman Sachs Initiates Telefonica Brasil(VIV.US) With Sell Rating, Announces Target Price $13.9 - Moomoo",https://news.google.com/rss/articles/CBMitwFBVV95cUxQcG5fd2lvX0VRelFDSTZNdHFKYTV6NnlfZi1WY3JnYndnS2UzZmRDaWJwMTJEX3ZScHdPVTM0ME9XUEcwUXFvb1p4SWJWQnZ4YzIwa1lES2d0aWJOQk5URzROM3JuNFd3SGZqcE1WVjM5Z2N6MHo3b2d4aEZJSjhMVU9WMDlaSXRfeGtaam5lS2s3cmRXUVJfaU1lb2NvTnpHYy1iaE9DUk0wVDhxMGxpaWt4WHZSMDQ?oc=5,Google News RSS,,,GENERAL_NEWS,0.56,GENERAL_NEWS,GENERAL_NEWS
Vivo,2026-05-20 14:15:21,2026-05-21T03:36:37.319705,news_signal,FINANCIAL_SYSTEM_RISK,2,0.5,bc,WEAK_SIGNAL,Telefônica Brasil S.A. stock (BRVIVTACNOR0): analyst downgrades and valuation in focus - AD HOC NEWS,https://news.google.com/rss/articles/CBMivwFBVV95cUxNWFRNd21vT1VfUmxzQUFQbDZ0anpaaUhtSkZZNlRBNW5CcFhURGRVRjNWUmd2R0JhWklzVVFxY1FMYUQzRjVUVDlyQnBDVkZQY05pbHM4bTh0Wk90Unh1bXFHYzFJSm9oRzJLTmRUdjhlMUJyZWdtYi1Kdzk1bUZCNEQxVjNzS3Y2S1dQN0cyTFcyOV9FOUdNd2FkUXN6OHNLNTJyUUhYSEdHQloySV9CX3BCc19yOVpwZFBHUEpBbw?oc=5,Google News RSS,,,GENERAL_NEWS,0.48,WEAK_SIGNAL,WEAK_SIGNAL
Vivo,2026-05-15 11:37:54,2026-05-21T03:36:37.319705,news_signal,GENERAL,1,0.2,,GENERAL_NEWS,"Telefônica Brasil capital reduction becomes effective, payment set for July By Investing.com - Investing.com Nigeria",https://news.google.com/rss/articles/CBMiyAFBVV95cUxOaWpVdl83dkVyQklPbHZGYUF5NXZpNnVWQ21zanFFRFF1blNZR195MjdOYldJcTBhaVpZQjByb2g1MWdDcWU1bWlSU3d5YjdmUUFHR1V4MUVwU3NRanV2YzNnLXZySjI2YXNjOWRqcFY4c0NDRWF6R1dhc1hvOWRoUjFtaFk0VzZPZmdUOGcwWm9DOXRuRzVOQkNXRkdzTGFrUTRPcWFURmI1N19rT20temhuZk9DRDR2RUY0VTdvN2g4V2VKRTVQTA?oc=5,Google News RSS,,,GENERAL_NEWS,0.41,GENERAL_NEWS,GENERAL_NEWS
Vivo,2026-05-05 09:44:02,2026-05-21T03:36:37.319705,news_signal,GENERAL,1,0.2,,GENERAL_NEWS,How Telefonica Brasil S.a. American Depositary Shares (each Representing One) (VIV) Affects Rotational Strategy Timing - Stock Traders Daily,https://news.google.com/rss/articles/CBMinwJBVV95cUxQTTVxOVFNOXZnZlh0RmFEX2FoUThTZzlrWFJQQjg5eHhmeG01bk1ZYm5SVE9CNTFIVnJwbUxFNDZLR09RODh6cTg1akozQXIyV1Z3aDhsOVZRZ3ljTkxLRG1OMnhQamg5T1JVSl9wZXVTQ0dTbkwzM3dYcVNMbzdIZ2hBdlRPa0FRSU5raUJXVEdpMUJWUXJHdXlGTjE1YkpsSGVmSkpsd05NNHk0QU5ab1BPR3I0VEgyRHlMXzJvZU1hdzJpSlAwQUoxdzVZNE10Nm9zVGVXV05mdzBFSVNoNGthaC1meFlRUUxLMVBlcEdSUms0a2Y3LUFpV29jUnZ3dDZzeTRxejl0MlJfd2NWbWtrbGVkTzVkV0k2TXI3bw?oc=5,Google News RSS,,,GENERAL_NEWS,0.53,GENERAL_NEWS,GENERAL_NEWS
Vivo,2026-05-13 03:33:05,2026-05-21T03:36:37.319705,news_signal,GENERAL,1,0.2,,GENERAL_NEWS,Telefonica Brasil SA (VIV) Shares Fall 5.3% -- GF Value Says Sti - GuruFocus,https://news.google.com/rss/articles/CBMivgFBVV95cUxNRHVFR1lqdHN2bThtdlRHaFNaWHdkcjkwNm5nblZUaEV6RTFMcjR0aExzZ05Rb2xQZS14NUZid0pQdi1ESWlLbThwMFJuOGpzQVJPMDlLcWk0ZWQtS3ZFeTNPMmZzN3VaN1lDNHliWUMxVFNZeTdDaTluYm1ERGdvd0FCazRUcUxwWHl4UVNWaGZKYlRZSjV6X3UtVk1CeUc1eUhOLVdGOG5OcmNNcmFTY1pXZnFsSzB3UzladUln?oc=5,Google News RSS,,,GENERAL_NEWS,0.58,GENERAL_NEWS,GENERAL_NEWS
Vivo,2026-03-24 07:00:00,2026-05-21T03:36:37.319705,news_signal,GENERAL,1,0.2,,GENERAL_NEWS,"The Zacks Analyst Blog Highlights Shell, Chevron, Allstate, Telefonica Brasil and OMV - Yahoo Finance",https://news.google.com/rss/articles/CBMiogFBVV95cUxPYk1udnN1ZUxsZnpDUzhnUGl4eEo5blJ4YzhCbTVtOTBBbmNyeEN5TFJQR0pwVVVDRzRnRlF3Wm1HeTNKXzZ2TVJzbUd1MkJzUkExRjRiZEhTTV9nZWpkZTVwU0tsSmVwV0l0eEdWMHRFUzVkekM4cE9iaDRHRXhyNEVTRXgybzdLYjRsUXo1OXR1bTRrTXNEeFdkLUxIcjY1LUE?oc=5,Google News RSS,,,GENERAL_NEWS,0.56,GENERAL_NEWS,GENERAL_NEWS
Vivo,2026-02-24 08:00:00,2026-05-21T03:36:37.319705,news_signal,FINANCIAL_SYSTEM_RISK,2,0.6,bc,WEAK_SIGNAL,Telefônica Brasil Q4: The Cash Machine Is Working Again (NYSE:VIV) - Seeking Alpha,https://news.google.com/rss/articles/CBMimwFBVV95cUxQMldpTWoxVE9NaE9iNHgzaUVsNVVSUUVmZlFYZG1yUEw5YnNtdlNLczVPNzY5WERLR094WUx5eUtsaUdXaXdjR3hRQlZweE5LdWxZZFBqaGtaTHAyZnNGcW8zYnRBckxlemNVeEp2cnVSVkxUSDdCcjh6QlRXMEdSVmtpTFRvWm9QblVURTBGanE4bHdrYjROVXVIMA?oc=5,Google News RSS,,,WEAK_SIGNAL,0.53,WEAK_SIGNAL,WEAK_SIGNAL
Vivo,2026-05-12 14:39:01,2026-05-21T03:36:37.319705,news_signal,GENERAL,1,0.2,,GENERAL_NEWS,"Telefonica Brasil Q1 Earnings, Net Operating Revenue Rise - Moomoo",https://news.google.com/rss/articles/CBMinwFBVV95cUxOMFl4dUxUdDVIRmZRMFlyTjNGVTkwV21sT2pFV24wZEpCMlNsWm1hUUh3MHVBWEotUXVnNV9GandRcFJPNXJMUTlDdERuRHNyMWRIb1BtVkdTS1ZSWk12VHNSb1ZZSHktcnBoSzBoRm9ZYm1jMDVfSzNUWmVQMjg2TExFbjJPQWpKcTBQQ0Z4TlFoa0pfakhFVElKZURfbG8?oc=5,Google News RSS,,,GENERAL_NEWS,0.57,GENERAL_NEWS,GENERAL_NEWS
Vivo,2026-02-08 08:00:00,2026-05-21T03:36:37.319705,news_signal,GENERAL,1,0.2,,GENERAL_NEWS,The Price Is Right For Telefônica Brasil S.A. (BVMF:VIVT3) - simplywall.st,https://news.google.com/rss/articles/CBMi1AFBVV95cUxQeTVrT1VvVHhHUUJSeU5hRWY2M19rNzhodFg3bVgxcE9KZTlvcHBsbm9kQmY2bjBiWFNzMDhTb2o2bVBIbGs0THUwRkhWRGo1Y1hqUS1KUG00WVpnOFdRTkFhc3JucVpBNU12Tk1UWnpuaE9BNDhrOXRrSmJ1TVhJZFUzSkp5RkRVVktSLTlQSUx3andlTlJHVEFZbXJacHBUZnVYNWotTlplNC16Rjg0OVZmdm1JNUZVanp3d0E4WGhCNThzVldrOC1VZmxmR2VaOXpGQdIB2gFBVV95cUxOLUVZMlBwNFNmbEQxWWxhMVlIaTNmXzMwZ29XM3ExcENWc0ctVTVST3l5U2NBaGhnNWtDUndWNHU0UXRDMl9oV0JPcEp3d21OX3dicGREM1NmekRnbW91cG1LNmlpSDR5UWhwUVhTSU5TZ09sRC1lN0R5SXdRQmRxaUpJdXVkX3BnYkJ0RlByOE5UV0hiTFUxZG1hN0VmOUNqb3p6UWJZV09iUDIwckJNWWNnY2NpTWc1V3Zob0VZMVVrVlNxQmF2eUgtT0lPODhPSjU2bU9jVkV2Zw?oc=5,Google News RSS,,,GENERAL_NEWS,0.38,GENERAL_NEWS,GENERAL_NEWS
Vivo,2026-05-15 20:48:39,2026-05-21T03:36:37.319705,news_signal,GENERAL,1,0.2,,GENERAL_NEWS,Telefônica Brasil stock (BRVIVTACNOR0): Capital reduction becomes effective - AD HOC NEWS,https://news.google.com/rss/articles/CBMivgFBVV95cUxNNjBBUFM3R2hBbmhCdTJUOEYzZHRDdFRkZUdXMlRYVUJYRzJNSmNhVTI4NjJjNUF6NXFMZ0RnNElNQ19RQkxYQlJXbDRUR3RHT21PRkZHZ1I5MGxScTVHMHhVdnVYYWZrdGp4VVhxZ182ZVFzUmxxYUNmdnFmSHFRYjhuZlpHaTJJWk01aFVyRGMzWFY0anpfRUVXM3dYMEs5b2x5MTdESUt6Wkl4bDczYmhQU1hodDZxazVNWVNn?oc=5,Google News RSS,,,GENERAL_NEWS,0.56,GENERAL_NEWS,GENERAL_NEWS
Vivo,2026-05-11 12:42:00,2026-05-21T03:36:37.319705,news_signal,GENERAL,1,0.2,,GENERAL_NEWS,Telefonica Brasil 1Q Rev BRL15.5B >VIV - Moomoo,https://news.google.com/rss/articles/CBMitAFBVV95cUxQS1F1ZktLYUExbGtTN3dTeEw5MFE4ZEhqb2J1VXZXTHlCZ0RsdXE1eDFheElPNWtSZzlqc2ExclA2WVFaV0VnM3dtWWJxdG8teV9BalBRV3VIQ2lPUnk4bVpyUkQ5MktPRjJXMm5QelEzemZoZ0pSTDV2U0NBRzdhYWczVzJqamZQd1VnVE1KMG9nbE11N1lMSjZJQzVwdzZ3OWpTREhpUnU0TGRmeXlhSFZnb2E?oc=5,Google News RSS,,,GENERAL_NEWS,0.64,GENERAL_NEWS,GENERAL_NEWS
Vivo,2026-05-10 06:21:05,2026-05-21T03:36:37.319705,news_signal,GENERAL,1,0.2,,GENERAL_NEWS,Telefônica Brasil S.A. stock (BRVIVTACNOR0): Q1 2026 earnings and dividend move in focus for US inv - AD HOC NEWS,https://news.google.com/rss/articles/CBMivAFBVV95cUxOSlNZSzFYYWV5bnJFM2drQjJBS0xfaEtrRnNDd296RDY0TDZBdnZycFpHTVdGZ1NBalc2NXF4TnV1ZVdNWjRSZ3IyZkdJa1FaT0VHd3JfWmVyYXZLc2xRYl90WkpHeW1nWDlVdExDZURuR0k5d0k2LXdpcTRxSkFpd0R5WDQ5ZGxPcVpiMjljX0pxLVlzZXhENGp3cW5rWkNINzh0dWFuR0hMemVoVjVCZFJfR1ZjUmQ3UlA3NQ?oc=5,Google News RSS,,,GENERAL_NEWS,0.61,GENERAL_NEWS,GENERAL_NEWS
Vivo,2026-05-11 12:40:00,2026-05-21T03:36:37.319705,news_signal,FINANCIAL_SYSTEM_RISK,2,0.5,bc,WEAK_SIGNAL,Press Release: 1Q26 Results: Telefônica Brasil S.A. - Moomoo,https://news.google.com/rss/articles/CBMiwwFBVV95cUxQbEs2eDRGalJVRHM3WjRhUVYxdmExMzV1cFdzNk5TYk5LXzZhUEVvSWJQSklNTk1YRkxOUTlmQmEycTBCMkVPX2YwN3F1bjBZTkNDVGlqSklKR2JmOGhKUjh3aENSS0xlUDBZUlpXVWwxZHFOZXM5c1dFTG9MNndkSjFKUVlGaUJkMUpqTkJSbEU3R1IzaEd1NjM5Qzh1d3h6NWxEajRURnlXN29reHN4Ri1HUUxXVTYxNV9xdHItZ2Rzb0k?oc=5,Google News RSS,,,GENERAL_NEWS,0.44,WEAK_SIGNAL,WEAK_SIGNAL
Vivo,2026-05-12 01:43:28,2026-05-21T03:36:37.319705,news_signal,GENERAL,1,0.2,,GENERAL_NEWS,Telefonica Brasil SA (VIV) Shares Fall 5.5% -- What GF Score of 85 Tells Investors - GuruFocus,https://news.google.com/rss/articles/CBMixAFBVV95cUxPRDh6MHVkOVNETTlva2tZbmpCcklRZERaeDBRWFJRM00tYVVzU2NRRWR4TnQ2Y0gxUnBSMnVkM3FjUnFISEg2MkZYaFEybzNuS2h0V0FvU0M3RnBUVG5HbXhaZklySFJBeGJXQkk5N3VydkF0eDExZjJSeTBBZHFFX0c4aTRBemhKRUllVXNOX3N6cjc1OTh5Q2FiNjFBWUM0bGFFNHZMWmFBMm9pRlFGQWk2T3dYQ3NwYWlvX2R3TllKQmtX?oc=5,Google News RSS,,,GENERAL_NEWS,0.58,GENERAL_NEWS,GENERAL_NEWS
Raia Drogasil,2026-05-20 10:52:57,2026-05-21T03:36:37.319705,news_signal,GENERAL,1,0.2,,GENERAL_NEWS,Raia Drogasil S.A. stock (BRRADLACNOR0): Brazilian pharmacy chain updates investors after recent ear - AD HOC NEWS,https://news.google.com/rss/articles/CBMixwFBVV95cUxQMU1KNTZkb25lX1h6c0ViUmVYTG53VWhqbjVYX3Q3dE1hYnJYVHVJTko3WmRPajVXdk03ZDhOaXBORjZnRk04Q0taVDZ0VUxLc2JMd0d3bG1CUUY1NHRyMWZzb28yWXVnVXQ1UDJLVjYyX1NBZGRWR3BuMGc3bHZTcEhvaG9OZnVXd042STcxX3BlVmpIWVVNRzZwS3FJVFJmN0xEQk9IUnROZ2xab2t1Qk9SdWdXVGxBRTM4bmlIWVB3cGo1R0tR?oc=5,Google News RSS,,,GENERAL_NEWS,0.53,GENERAL_NEWS,GENERAL_NEWS
Raia Drogasil,2025-11-26 08:00:00,2026-05-21T03:36:37.319705,news_signal,FINANCIAL_SYSTEM_RISK,2,0.6,bc,WEAK_SIGNAL,Is Raia Drogasil (BVMF:RADL3) A Risky Investment? - simplywall.st,https://news.google.com/rss/articles/CBMi1AFBVV95cUxObU84R3JSVGctaG9hNG0zb2NHalZuZ2JrbHZ6dDAxU19BcFBzaWI0TllNRkgyRXRVS2I1SmVLM3R0VVdfLTdwcHJnNGNpeGlSaXctcVBZVV91MnlTd21fVFhkMlVDc3hnNkczcUtyREhzNm1FczgxUG92VldVSW1RQzMxMmV6dWlLM2tnWHJVN1hFSmRvTWdlR0J4clBsYmF0UUo3SFB1eHROSG4teUprSl9zWVVSRkNMeHV0Y1YxSVFOM0kyb2hhUHM5Y0NDQ0Nxd3lMMNIB2gFBVV95cUxNZjEyekVhU3Z5SkFXbzczTmtGMkFuSmF5eHpwemdNWDhLQWx3SWRVclFFS1Rua1RPRkJ3RFdFWHAyZTEzWnhHejFtaUxMNVJNZGQxZ3VhQk9HTEJxUnBTMnJTVEtlSGtLb0R5THpfUkNDV3pwa3hfZXhQLXZSZ3RBSzBGYUx1MEdyQjIzaGhoVTE0aXk0V3JpcXNPVWQwaFlxUk4xSWlJVHZzU1luamU3b0VjVjl5djlxVVMtN3ZrRGYwYnliTUpjdnhVUjQ5YTBnZXI3WVRXTmp6UQ?oc=5,Google News RSS,,,WEAK_SIGNAL,0.46,WEAK_SIGNAL,WEAK_SIGNAL
Raia Drogasil,2025-11-05 08:00:00,2026-05-21T03:36:37.319705,news_signal,GENERAL,1,0.2,,GENERAL_NEWS,Raia Drogasil Q3 2025 slides: Digital sales surge 62% as market share expands - Investing.com,https://news.google.com/rss/articles/CBMizAFBVV95cUxQSzhheGgxdTdwS010Qld0RWd6RERJRUlKTERCODFJWFRHbDdtdC1mdmtHNFRYZ01oLTJQMHBUSl9SeFpHYUFRY3I4MEp6OWsyT3dZVU43bUREYzFpQlVOT1czdlNzRllPdkpCajZDcjdGNi1FZFJHenJQWWI2ci1MaUNyeFJtTXBKNVJrMkh1M0tCTWhBYUg2NkxfWjJjNXhkOGdGa3pBVkhCNEY4WXhMMW9yQ01raEVDSEV3c2RBajFGMlhROVp2MWtQb18?oc=5,Google News RSS,,,GENERAL_NEWS,0.48,GENERAL_NEWS,GENERAL_NEWS
Raia Drogasil,2026-05-10 14:15:00,2026-05-21T03:36:37.319705,news_signal,GENERAL,1,0.2,,GENERAL_NEWS,Raia Drogasil S.A. stock (BRRADLACNOR0): Brazilian pharmacy chain posts strong quarterly earnings be - AD HOC NEWS,https://news.google.com/rss/articles/CBMixAFBVV95cUxNcHdXRU43ejNKM3F0OFdjYnBaUTIzdkZpNm9saDNOZmN6ZUw3VzNMREtoNVlRZlhxRmVRcElCUVNRTENDY1Vhd2hVa1Zzc1FWS1FOV2lJUUhMZDhjVmFJSkxtYUhMZTdnYk9qRFU3TWQ5TWVfbHF3VXFsU0FsVmt3ZXVJZlZYcXJEOFA2enRlaEo2SzdPWUtIWFdFRDlqcGl4QlhQRHNzWWxWV2cxZ01SMHB1OEdCVm1xY2dWLW9BN0ljczdt?oc=5,Google News RSS,,,GENERAL_NEWS,0.54,GENERAL_NEWS,GENERAL_NEWS
